Market,Commodity,Classification,Grade,Sex,Wholesale,Retail,Supply Volume,County,Date
Nkubu,Dry Onions,-,-,-,90.00/Kg,120.00/Kg,1440.0,Meru,2026-05-05
Nkubu,Carrots,-,-,-,28.57/Kg,50.00/Kg,1750.0,Meru,2026-05-05
Nkubu,Cabbages,-,-,-,4.00/Kg,30.00/Kg,8000.0,Meru,2026-05-05
Nkubu,Pigeon peas,-,-,-,88.89/Kg,120.00/Kg,630.0,Meru,2026-05-05
Nkubu,Lentils,-,-,-,200.00/Kg,250.00/Kg,750.0,Meru,2026-05-05
Nkubu,Green Grams,Hybrid/ polished,-,-,144.44/Kg,150.00/Kg,900.0,Meru,2026-05-05
Nkubu,Dry Peas,-,-,-,144.44/Kg,170.00/Kg,720.0,Meru,2026-05-05
Nkubu,Dolichos lablab (Njahi),-,-,-,144.44/Kg,150.00/Kg,900.0,Meru,2026-05-05
Nkubu,Cowpeas,-,-,-,100.00/Kg,120.00/Kg,630.0,Meru,2026-05-05
Nkubu,Beans Rosecoco,-,-,-,111.11/Kg,130.00/Kg,720.0,Meru,2026-05-05
Nkubu,Beans Red Haricot (Wairimu),-,-,-,111.11/Kg,120.00/Kg,630.0,Meru,2026-05-05
Nkubu,Beans (Yellow-Green),-,-,-,133.33/Kg,150.00/Kg,630.0,Meru,2026-05-05
Nkubu,Beans (Mwitemania),-,-,-,111.11/Kg,120.00/Kg,720.0,Meru,2026-05-05
Nkubu,Beans (Mwezi Moja),-,-,-,111.11/Kg,120.00/Kg,630.0,Meru,2026-05-05
Voi Wholesale,Black nightshade (Managu/ Osuga),-,-,-,60.00/Kg,-,750.0,Taita-Taveta,2026-05-05
Voi Wholesale,Amaranthus (Terere),-,-,-,60.00/Kg,-,600.0,Taita-Taveta,2026-05-05
Voi Wholesale,Oranges,-,-,-,80.00/Kg,-,400.0,Taita-Taveta,2026-05-05
Voi Wholesale,Avocado,Local,-,-,30.00/Kg,-,1500.0,Taita-Taveta,2026-05-05
Voi Wholesale,Tomatoes,-,-,-,73.33/Kg,-,2250.0,Taita-Taveta,2026-05-05
Voi Wholesale,Tomatoes,-,-,-,73.33/Kg,-,4500.0,Taita-Taveta,2026-05-05
Voi Wholesale,Spinach,-,-,-,60.00/Kg,-,800.0,Taita-Taveta,2026-05-05
Voi Wholesale,Kales/Sukuma Wiki,-,-,-,30.00/Kg,-,1200.0,Taita-Taveta,2026-05-05
Voi Wholesale,Green Maize,-,-,-,60.00/Kg,-,200.0,Taita-Taveta,2026-05-05
Voi Wholesale,Fresh Peas,Shelled Peas,-,-,90.00/Kg,-,50.0,Taita-Taveta,2026-05-05
Voi Wholesale,Fresh Peas,On pods,-,-,50.00/Kg,-,1200.0,Taita-Taveta,2026-05-05
Voi Wholesale,Dry Onions,-,-,-,7.69/Kg,-,3000.0,Taita-Taveta,2026-05-05
Voi Wholesale,Carrots,-,-,-,50.00/Kg,-,700.0,Taita-Taveta,2026-05-05
Voi Wholesale,Cabbages,-,-,-,15.00/Kg,-,400.0,Taita-Taveta,2026-05-05
Voi Wholesale,Cabbages,-,-,-,12.50/Kg,-,6000.0,Taita-Taveta,2026-05-05
Voi Wholesale,Banana (Cooking),-,-,-,36.67/Kg,-,1800.0,Taita-Taveta,2026-05-05
Voi Wholesale,Banana (Cooking),-,-,-,32.50/Kg,-,2400.0,Taita-Taveta,2026-05-05
Voi Wholesale,White Irish Potatoes,-,-,-,52.17/Kg,-,8100.0,Taita-Taveta,2026-05-05
Voi Wholesale,Arrow Root,-,-,-,100.00/Kg,-,3500.0,Taita-Taveta,2026-05-05
Voi Wholesale,Cassava Fresh,-,-,-,50.00/Kg,-,500.0,Taita-Taveta,2026-05-05
Voi Wholesale,Sweet potatoes,-,-,-,52.63/Kg,-,2500.0,Taita-Taveta,2026-05-05
Voi Wholesale,Arrow Root,-,-,-,100.00/Kg,-,3500.0,Taita-Taveta,2026-05-05
Ngurubani Market,Pumpkin Leaves,-,-,-,20.00/Kg,30.00/Kg,250.0,Kirinyaga,2026-05-04
Ngurubani Market,Black nightshade (Managu/ Osuga),-,-,-,35.00/Kg,50.00/Kg,520.0,Kirinyaga,2026-05-04
Ngurubani Market,Cowpea leaves (Kunde),-,-,-,35.00/Kg,50.00/Kg,145.0,Kirinyaga,2026-05-04
Ngurubani Market,Amaranthus (Terere),-,-,-,30.00/Kg,40.00/Kg,320.0,Kirinyaga,2026-05-04
Ngurubani Market,Tomatoes,-,-,-,75.00/Kg,85.00/Kg,950.0,Kirinyaga,2026-05-04
Ngurubani Market,Spring Onions,-,-,-,40.00/Kg,60.00/Kg,180.0,Kirinyaga,2026-05-04
Ngurubani Market,Spinach,-,-,-,35.00/Kg,50.00/Kg,325.0,Kirinyaga,2026-05-04
Ngurubani Market,Pumpkin,-,-,-,30.00/Kg,40.00/Kg,2580.0,Kirinyaga,2026-05-04
Ngurubani Market,Green Maize,-,-,-,40.00/Kg,50.00/Kg,2350.0,Kirinyaga,2026-05-04
Ngurubani Market,Kales/Sukuma Wiki,-,-,-,30.00/Kg,45.00/Kg,1250.0,Kirinyaga,2026-05-04
Ngurubani Market,Fresh Peas,On pods,-,-,150.00/Kg,170.00/Kg,345.0,Kirinyaga,2026-05-04
Ngurubani Market,French beans,-,-,-,70.00/Kg,100.00/Kg,320.0,Kirinyaga,2026-05-04
Ngurubani Market,Egg plant (Brinjals),-,-,-,50.00/Kg,80.00/Kg,40.0,Kirinyaga,2026-05-04
Ngurubani Market,Cucumber,-,-,-,60.00/Kg,80.00/Kg,120.0,Kirinyaga,2026-05-04
Ngurubani Market,Dry Onions,-,-,-,90.00/Kg,130.00/Kg,4800.0,Kirinyaga,2026-05-04
Ngurubani Market,Courgette,-,-,-,80.00/Kg,120.00/Kg,135.0,Kirinyaga,2026-05-04
Ngurubani Market,Coriander (Dhania),-,-,-,60.00/Kg,80.00/Kg,132.0,Kirinyaga,2026-05-04
Ngurubani Market,Chillies,-,-,-,50.00/Kg,70.00/Kg,412.0,Kirinyaga,2026-05-04
Ngurubani Market,Carrots,-,-,-,40.00/Kg,60.00/Kg,3250.0,Kirinyaga,2026-05-04
Ngurubani Market,Capsicums,-,-,-,30.00/Kg,50.00/Kg,125.0,Kirinyaga,2026-05-04
Ngurubani Market,Cabbages,-,-,-,22.00/Kg,27.00/Kg,19500.0,Kirinyaga,2026-05-04
Ngurubani Market,Butternuts,-,-,-,32.00/Kg,42.00/Kg,2800.0,Kirinyaga,2026-05-04
Ngurubani Market,Banana (Cooking),-,-,-,30.00/Kg,40.00/Kg,1520.0,Kirinyaga,2026-05-04
Ngurubani Market,Rice,Pishori,-,-,150.00/Kg,170.00/Kg,135000.0,Kirinyaga,2026-05-04
Ngurubani Market,Red Sorghum,-,-,-,86.67/Kg,100.00/Kg,1450.0,Kirinyaga,2026-05-04
Ngurubani Market,Dry Maize,White Maize,-,-,51.67/Kg,60.00/Kg,6580.0,Kirinyaga,2026-05-04
Ngurubani Market,Water Melon,-,-,-,20.00/Kg,25.00/Kg,25800.0,Kirinyaga,2026-05-04
Ngurubani Market,Tree tomato,-,-,-,70.00/Kg,100.00/Kg,213.0,Kirinyaga,2026-05-04
Ngurubani Market,Thorn melon,-,-,-,80.00/Kg,120.00/Kg,325.0,Kirinyaga,2026-05-04
Ngurubani Market,Pineapples,-,-,-,50.00/Kg,70.00/Kg,1250.0,Kirinyaga,2026-05-04
Ngurubani Market,Pawpaw,-,-,-,35.00/Kg,50.00/Kg,250.0,Kirinyaga,2026-05-04
Ngurubani Market,Passion Fruits,-,-,-,160.00/Kg,220.00/Kg,350.0,Kirinyaga,2026-05-04
Ngurubani Market,Lemons,-,-,-,40.00/Kg,60.00/Kg,150.0,Kirinyaga,2026-05-04
Ngurubani Market,Avocado,Local,-,-,50.00/Kg,70.00/Kg,852.0,Kirinyaga,2026-05-04
Ngurubani Market,Pork,-,-,-,650.00/Kg,750.00/Kg,355.0,Kirinyaga,2026-05-04
Ngurubani Market,Meat Beef,-,-,-,650.00/Kg,750.00/Kg,1350.0,Kirinyaga,2026-05-04
Ngurubani Market,Eggs,Exotic/Grade,-,-,420.00/Tray(30),480.00/Tray(30),2250.0,Kirinyaga,2026-05-04
Ngurubani Market,Sweet potatoes,-,-,-,80.00/Kg,100.00/Kg,415.0,Kirinyaga,2026-05-04
Ngurubani Market,White Irish Potatoes,-,-,-,45.00/Kg,50.00/Kg,21500.0,Kirinyaga,2026-05-04
Ngurubani Market,Arrow Root,-,-,-,100.00/Kg,150.00/Kg,1200.0,Kirinyaga,2026-05-04
Ngurubani Market,Pigeon peas,-,-,-,72.22/Kg,90.00/Kg,1580.0,Kirinyaga,2026-05-04
Ngurubani Market,Lentils,-,-,-,188.89/Kg,220.00/Kg,1580.0,Kirinyaga,2026-05-04
Ngurubani Market,Mixed Beans,-,-,-,83.33/Kg,105.00/Kg,520.0,Kirinyaga,2026-05-04
Ngurubani Market,Dolichos lablab (Njahi),-,-,-,86.67/Kg,100.00/Kg,1350.0,Kirinyaga,2026-05-04
Ngurubani Market,Cowpeas,-,-,-,94.44/Kg,150.00/Kg,1580.0,Kirinyaga,2026-05-04
Ngurubani Market,Beans Rosecoco (Nyayo),-,-,-,105.56/Kg,150.00/Kg,3850.0,Kirinyaga,2026-05-04
Ngurubani Market,Beans Red Haricot (Wairimu),-,-,-,97.78/Kg,130.00/Kg,3500.0,Kirinyaga,2026-05-04
Ngurubani Market,Beans (Mwitemania),-,-,-,97.78/Kg,120.00/Kg,2250.0,Kirinyaga,2026-05-04
Ngurubani Market,Beans (Mwezi Moja),-,-,-,94.44/Kg,140.00/Kg,950.0,Kirinyaga,2026-05-04
Ngurubani Market,Beans (Yellow-Green),-,-,-,122.22/Kg,175.00/Kg,2580.0,Kirinyaga,2026-05-04
Ngurubani Market,Fertilizer,NPK,-,-,94.00/Kg,110.00/Kg,188000.0,Kirinyaga,2026-05-04
Ngurubani Market,Fertilizer,DAP,-,-,136.00/Kg,140.00/Kg,135000.0,Kirinyaga,2026-05-04
Ngurubani Market,Fertilizer,CAN,-,-,67.00/Kg,80.00/Kg,68000.0,Kirinyaga,2026-05-04
Chebunyo,Eggs,Indigenous /Kenyeji,-,-,540.00/Tray(30),600.00/Tray(30),10000.0,Bomet,2026-05-04
Chebunyo,Sheep,Dorper,Grade 3,Female,7500.00/Head,-,600.0,Bomet,2026-05-04
Chebunyo,Sheep,Dorper,Grade 3,Male,12000.00/Head,-,600.0,Bomet,2026-05-04
Chebunyo,Goat,Dairy Goats,Grade 3,Male,10000.00/Head,-,600.0,Bomet,2026-05-04
Chebunyo,Goat,Dairy Goats,Grade 3,Male,7500.00/Head,-,500.0,Bomet,2026-05-04
Chebunyo,Chicken,Improved Kienyeji,-,Female,900.00/Head,-,2000.0,Bomet,2026-05-04
Chebunyo,Chicken,Improved Kienyeji,-,Male,1000.00/Head,-,2000.0,Bomet,2026-05-04
Chebunyo,Oranges,-,-,-,61.82/Kg,100.00/Kg,7000.0,Bomet,2026-05-04
Chebunyo,Water Melon,-,-,-,80.00/Kg,120.00/Kg,4000.0,Bomet,2026-05-04
Chebunyo,Dry Maize,White Maize,-,-,50.00/Kg,65.00/Kg,18000.0,Bomet,2026-05-04
Chebunyo,Tomatoes,-,-,-,75.00/Kg,100.00/Kg,16000.0,Bomet,2026-05-04
Chebunyo,Dry Onions,-,-,-,65.00/Kg,90.00/Kg,2400.0,Bomet,2026-05-04
Chebunyo,Cabbages,-,-,-,10.00/Kg,20.00/Kg,15000.0,Bomet,2026-05-04
Butere Livestock Market,Chicken,Improved Kienyeji,-,Female,400.00/Head,-,5.0,Kakamega,2026-05-04
Butere Livestock Market,Chicken,Improved Kienyeji,-,Male,400.00/Head,-,6.0,Kakamega,2026-05-04
Butere Livestock Market,Chicken,Improved Kienyeji,-,Female,800.00/Head,-,11.0,Kakamega,2026-05-04
Butere Livestock Market,Chicken,Improved Kienyeji,-,Male,1100.00/Head,-,9.0,Kakamega,2026-05-04
Butere Livestock Market,Chicken,Improved Kienyeji,-,Female,1000.00/Head,-,13.0,Kakamega,2026-05-04
Butere Livestock Market,Chicken,Improved Kienyeji,-,Male,1400.00/Head,-,7.0,Kakamega,2026-05-04
Butere Livestock Market,Chicken,Indigenous,-,Female,350.00/Head,-,7.0,Kakamega,2026-05-04
Butere Livestock Market,Chicken,Indigenous,-,Female,350.00/Head,-,5.0,Kakamega,2026-05-04
Butere Livestock Market,Chicken,Indigenous,-,Female,750.00/Head,-,15.0,Kakamega,2026-05-04
Butere Livestock Market,Chicken,Indigenous,-,Male,1000.00/Head,-,12.0,Kakamega,2026-05-04
Butere Livestock Market,Chicken,Indigenous,-,Female,900.00/Head,-,25.0,Kakamega,2026-05-04
Butere Livestock Market,Chicken,Indigenous,-,Male,1300.00/Head,-,18.0,Kakamega,2026-05-04
Butere Livestock Market,Tomatoes,-,-,-,121.43/Kg,145.45/Kg,3500.0,Kakamega,2026-05-04
Butere Livestock Market,Banana (Cooking),-,-,-,30.00/Kg,52.63/Kg,120.0,Kakamega,2026-05-04
Butere Livestock Market,Dry Maize,White Maize,-,-,44.44/Kg,52.17/Kg,8370.0,Kakamega,2026-05-04
Butere Livestock Market,Cabbages,-,-,-,30.43/Kg,34.78/Kg,2216.0,Kakamega,2026-05-04
Butere Livestock Market,White Irish Potatoes,-,-,-,57.14/Kg,62.50/Kg,8750.0,Kakamega,2026-05-04
Butere Livestock Market,Sheep,Red Maasai,Grade 1,Female,4000.00/Head,-,3.0,Kakamega,2026-05-04
Vanga,Tuna,Fresh,-,-,200.00/Kg,250.00/Kg,75.0,Kwale,2026-05-04
Butere Livestock Market,Sheep,Red Maasai,Grade 1,Male,3800.00/Head,-,6.0,Kakamega,2026-05-04
Vanga,Jacks/Trevallies(Kolekole),Fresh,-,-,350.00/ Kg,400.00/ Kg,350.0,Kwale,2026-05-04
Vanga,Goatfishes,Fresh,-,-,250.00/Kg,270.00/Kg,25.0,Kwale,2026-05-04
Vanga,Barracuda(Kasumba),Fresh,-,-,220.00/Kg,250.00/Kg,580.0,Kwale,2026-05-04
Butere Livestock Market,Sheep,Red Maasai,Grade 2,Female,4800.00/Head,-,3.0,Kakamega,2026-05-04
Butere Livestock Market,Sheep,Red Maasai,Grade 2,Male,4500.00/Head,-,4.0,Kakamega,2026-05-04
Butere Livestock Market,Sheep,Red Maasai,Grade 1,Female,5500.00/Head,-,3.0,Kakamega,2026-05-04
Butere Livestock Market,Sheep,Red Maasai,Grade 1,Male,5000.00/Head,-,2.0,Kakamega,2026-05-04
Butere Livestock Market,Sheep,Red Maasai,Grade 3,Female,5000.00/Head,-,4.0,Kakamega,2026-05-04
Butere Livestock Market,Sheep,Red Maasai,Grade 3,Male,5500.00/Head,-,2.0,Kakamega,2026-05-04
Butere Livestock Market,Sheep,Red Maasai,Grade 2,Female,5800.00/Head,-,9.0,Kakamega,2026-05-04
Kutus,Carrots,-,-,-,60.00/Kg,80.00/Kg,3500.0,Kirinyaga,2026-05-04
Butere Livestock Market,Sheep,Red Maasai,Grade 2,Male,6000.00/Head,-,8.0,Kakamega,2026-05-04
Butere Livestock Market,Sheep,Red Maasai,Grade 1,Female,6500.00/Head,-,5.0,Kakamega,2026-05-04
Butere Livestock Market,Sheep,Red Maasai,Grade 1,Male,7000.00/Head,-,3.0,Kakamega,2026-05-04
Butere Livestock Market,Sheep,Red Maasai,Grade 3,Female,6500.00/Head,-,6.0,Kakamega,2026-05-04
Butere Livestock Market,Sheep,Red Maasai,Grade 3,Male,6800.00/Head,-,4.0,Kakamega,2026-05-04
Butere Livestock Market,Sheep,Red Maasai,Grade 2,Female,7500.00/Head,-,7.0,Kakamega,2026-05-04
Butere Livestock Market,Sheep,Red Maasai,Grade 2,Male,7200.00/Head,-,5.0,Kakamega,2026-05-04
Butere Livestock Market,Sheep,Red Maasai,Grade 2,Male,7200.00/Head,-,5.0,Kakamega,2026-05-04
Butere Livestock Market,Sheep,Red Maasai,Grade 1,Female,8500.00/Head,-,3.0,Kakamega,2026-05-04
Butere Livestock Market,Sheep,Red Maasai,Grade 1,Male,8000.00/Head,-,5.0,Kakamega,2026-05-04
Butere Livestock Market,Goat,Mixed,Grade 3,Female,4500.00/Head,-,6.0,Kakamega,2026-05-04
Butere Livestock Market,Goat,Mixed,Grade 3,Male,4000.00/Head,-,3.0,Kakamega,2026-05-04
Butere Livestock Market,Goat,Mixed,Grade 2,Female,5000.00/Head,-,2.0,Kakamega,2026-05-04
Butere Livestock Market,Goat,Mixed,Grade 2,Male,4500.00/Head,-,6.0,Kakamega,2026-05-04
Kutus,Arrow Root,-,-,-,70.00/Kg,100.00/Kg,,Kirinyaga,2026-05-04
Kutus,White Irish Potatoes,-,-,-,55.00/Kg,65.00/Kg,,Kirinyaga,2026-05-04
Butere Livestock Market,Goat,Mixed,Grade 1,Female,5500.00/Head,-,6.0,Kakamega,2026-05-04
Butere Livestock Market,Goat,Mixed,Grade 1,Male,5000.00/Head,-,4.0,Kakamega,2026-05-04
Butere Livestock Market,Cattle,Mixed,Grade 3,Female,5500.00/Head,-,3.0,Kakamega,2026-05-04
Kutus,Apples,-,-,-,300.00/Kg,350.00/Kg,,Kirinyaga,2026-05-04
Butere Livestock Market,Goat,Mixed,Grade 3,Male,5000.00/Head,-,5.0,Kakamega,2026-05-04
Kutus,Avocado,Local,-,-,25.00/Kg,35.00/Kg,,Kirinyaga,2026-05-04
Butere Livestock Market,Goat,Mixed,Grade 2,Female,6000.00/Head,-,8.0,Kakamega,2026-05-04
Kutus,Banana (Ripening),-,-,-,15.00/Kg,20.00/Kg,12000.0,Kirinyaga,2026-05-04
Kutus,Oranges,-,-,-,40.00/Kg,90.00/Kg,,Kirinyaga,2026-05-04
Butere Livestock Market,Goat,Mixed,Grade 2,Male,5700.00/Head,-,7.0,Kakamega,2026-05-04
Kutus,Passion Fruits,-,-,-,160.00/Kg,200.00/Kg,,Kirinyaga,2026-05-04
Butere Livestock Market,Goat,Mixed,Grade 1,Female,6500.00/Head,-,4.0,Kakamega,2026-05-04
Kutus,Tree tomato,-,-,-,80.00/Kg,120.00/Kg,250.0,Kirinyaga,2026-05-04
Kutus,Water Melon,-,-,-,25.00/Kg,30.00/Kg,,Kirinyaga,2026-05-04
Butere Livestock Market,Goat,Mixed,Grade 1,Male,6000.00/Head,-,5.0,Kakamega,2026-05-04
Butere Livestock Market,Goat,Mixed,Grade 3,Female,6500.00/Head,-,7.0,Kakamega,2026-05-04
Kutus,Banana (Cooking),-,-,-,15.00/Kg,20.00/Kg,12000.0,Kirinyaga,2026-05-04
Butere Livestock Market,Goat,Mixed,Grade 3,Male,6800.00/Head,-,5.0,Kakamega,2026-05-04
Kutus,Banana (Plantain),-,-,-,70.00/Kg,100.00/Kg,2500.0,Kirinyaga,2026-05-04
Butere Livestock Market,Goat,Mixed,Grade 2,Female,7000.00/Head,-,3.0,Kakamega,2026-05-04
Kutus,Butternuts,-,-,-,30.00/Kg,50.00/Kg,800.0,Kirinyaga,2026-05-04
Butere Livestock Market,Goat,Mixed,Grade 2,Male,7500.00/Head,-,4.0,Kakamega,2026-05-04
Kutus,Cabbages,-,-,-,20.00/Kg,30.00/Kg,,Kirinyaga,2026-05-04
Butere Livestock Market,Goat,Mixed,Grade 1,Female,7500.00/Head,-,6.0,Kakamega,2026-05-04
Kutus,Capsicums,-,-,-,60.00/Kg,80.00/Kg,450.0,Kirinyaga,2026-05-04
Kutus,Carrots,-,-,-,35.00/Kg,50.00/Kg,3500.0,Kirinyaga,2026-05-04
Butere Livestock Market,Goat,Mixed,Grade 1,Male,8000.00/Head,-,5.0,Kakamega,2026-05-04
Butere Livestock Market,Cattle,Mixed,Grade 3,Female,25000.00/Head,-,4.0,Kakamega,2026-05-04
Kutus,Chillies,-,-,-,120.00/Kg,150.00/Kg,80.0,Kirinyaga,2026-05-04
Kutus,Coriander (Dhania),-,-,-,70.00/Kg,130.00/Kg,120.0,Kirinyaga,2026-05-04
Butere Livestock Market,Cattle,Mixed,Grade 3,Male,23000.00/Head,-,3.0,Kakamega,2026-05-04
Butere Livestock Market,Cattle,Mixed,Grade 2,Female,28000.00/Head,-,2.0,Kakamega,2026-05-04
Butere Livestock Market,Cattle,Mixed,Grade 2,Male,25000.00/Head,-,3.0,Kakamega,2026-05-04
Butere Livestock Market,Cattle,Mixed,Grade 1,Female,30000.00/Head,-,4.0,Kakamega,2026-05-04
Butere Livestock Market,Cattle,Mixed,Grade 1,Male,28000.00/Head,-,3.0,Kakamega,2026-05-04
Butere Livestock Market,Cattle,Mixed,Grade 3,Female,35000.00/Head,-,2.0,Kakamega,2026-05-04
Butere Livestock Market,Cattle,Mixed,Grade 3,Male,33000.00/Head,-,6.0,Kakamega,2026-05-04
Butere Livestock Market,Cattle,Mixed,Grade 2,Male,38000.00/Head,-,4.0,Kakamega,2026-05-04
Butere Livestock Market,Cattle,Mixed,Grade 2,Female,40000.00/Head,-,1.0,Kakamega,2026-05-04
Kutus,Courgette,-,-,-,100.00/Kg,120.00/Kg,350.0,Kirinyaga,2026-05-04
Butere Livestock Market,Cattle,Mixed,Grade 1,Female,45000.00/Head,-,3.0,Kakamega,2026-05-04
Butere Livestock Market,Cattle,Mixed,Grade 1,Male,41000.00/Head,-,2.0,Kakamega,2026-05-04
Butere Livestock Market,Cattle,Mixed,Grade 3,Female,38000.00/Head,-,5.0,Kakamega,2026-05-04
Kutus,Cucumber,-,-,-,80.00/Kg,100.00/Kg,1.0,Kirinyaga,2026-05-04
Butere Livestock Market,Cattle,Mixed,Grade 3,Male,42000.00/Head,-,3.0,Kakamega,2026-05-04
Kutus,Dry Onions,-,-,-,120.00/Kg,140.00/Kg,6500.0,Kirinyaga,2026-05-04
Butere Livestock Market,Cattle,Mixed,Grade 2,Female,55000.00/Head,-,2.0,Kakamega,2026-05-04
Kutus,Egg plant (Brinjals),-,-,-,40.00/Kg,50.00/Kg,450.0,Kirinyaga,2026-05-04
Kutus,French beans,-,-,-,60.00/Kg,80.00/Kg,150.0,Kirinyaga,2026-05-04
Kutus,Fresh Peas,On pods,-,-,120.00/Kg,140.00/Kg,2000.0,Kirinyaga,2026-05-04
Butere Livestock Market,Cattle,Mixed,Grade 2,Male,58000.00/Head,-,1.0,Kakamega,2026-05-04
Butere Livestock Market,Cattle,Mixed,Grade 1,Female,66000.00/Head,-,1.0,Kakamega,2026-05-04
Kutus,Garlic,-,-,-,300.00/Kg,400.00/Kg,350.0,Kirinyaga,2026-05-04
Kutus,Ginger,-,-,-,150.00/Kg,200.00/Kg,200.0,Kirinyaga,2026-05-04
Kutus,Green Maize,-,-,-,40.00/Kg,50.00/Kg,1200.0,Kirinyaga,2026-05-04
Butere Livestock Market,Cattle,Mixed,Grade 1,Male,73000.00/Head,-,3.0,Kakamega,2026-05-04
Kutus,Kales/Sukuma Wiki,-,-,-,10.00/Kg,20.00/Kg,1050.0,Kirinyaga,2026-05-04
Butere Livestock Market,Cattle,Zebu,Grade 3,Female,21000.00/Head,-,6.0,Kakamega,2026-05-04
Kutus,Pumpkin,-,-,-,30.00/Kg,50.00/Kg,1250.0,Kirinyaga,2026-05-04
Butere Livestock Market,Cattle,Zebu,Grade 3,Male,17500.00/Head,-,4.0,Kakamega,2026-05-04
Kutus,Spinach,-,-,-,20.00/Kg,30.00/Kg,800.0,Kirinyaga,2026-05-04
Kutus,Spring Onions,-,-,-,90.00/Kg,120.00/Kg,650.0,Kirinyaga,2026-05-04
Butere Livestock Market,Cattle,Zebu,Grade 2,Female,24000.00/Head,-,5.0,Kakamega,2026-05-04
Kutus,Tomatoes,-,-,-,71.43/Kg,85.71/Kg,4500.0,Kirinyaga,2026-05-04
Butere Livestock Market,Cattle,Zebu,Grade 2,Male,22000.00/Head,-,7.0,Kakamega,2026-05-04
Butere Livestock Market,Cattle,Zebu,Grade 1,Female,27000.00/Head,-,2.0,Kakamega,2026-05-04
Butere Livestock Market,Cattle,Zebu,Grade 1,Male,25000.00/Head,-,3.0,Kakamega,2026-05-04
Butere Livestock Market,Cattle,Zebu,Grade 3,Female,30000.00/Head,-,10.0,Kakamega,2026-05-04
Butere Livestock Market,Cattle,Zebu,Grade 3,Male,32000.00/Head,-,8.0,Kakamega,2026-05-04
Butere Livestock Market,Cattle,Zebu,Grade 2,Female,35000.00/Head,-,7.0,Kakamega,2026-05-04
Butere Livestock Market,Cattle,Zebu,Grade 2,Male,38000.00/Head,-,5.0,Kakamega,2026-05-04
Butere Livestock Market,Cattle,Zebu,Grade 1,Female,45000.00/Head,-,3.0,Kakamega,2026-05-04
Butere Livestock Market,Cattle,Zebu,Grade 1,Male,45000.00/Head,-,4.0,Kakamega,2026-05-04
Butere Livestock Market,Cattle,Zebu,Grade 1,Female,31000.00/Head,-,5.0,Kakamega,2026-05-04
Butere Livestock Market,Cattle,Zebu,Grade 3,Female,38000.00/Head,-,6.0,Kakamega,2026-05-04
Butere Livestock Market,Cattle,Zebu,Grade 3,Male,48000.00/Head,-,5.0,Kakamega,2026-05-04
Butere Livestock Market,Cattle,Zebu,Grade 2,Female,43000.00/Head,-,2.0,Kakamega,2026-05-04
Butere Livestock Market,Cattle,Zebu,Grade 2,Male,64000.00/Head,-,1.0,Kakamega,2026-05-04
Butere Livestock Market,Cattle,Zebu,Grade 1,Female,53000.00/Head,-,1.0,Kakamega,2026-05-04
Butere Livestock Market,Cattle,Zebu,Grade 1,Male,70000.00/Head,-,2.0,Kakamega,2026-05-04
Kagio,Green Maize,-,-,-,30.00/Kg,50.00/Kg,3500.0,Kirinyaga,2026-05-04
Kagio,Fresh Peas,On pods,-,-,70.00/Kg,90.00/Kg,700.0,Kirinyaga,2026-05-04
Kagio,French beans,-,-,-,70.00/Kg,100.00/Kg,400.0,Kirinyaga,2026-05-04
Kagio,Egg plant (Brinjals),-,-,-,40.00/Kg,60.00/Kg,200.0,Kirinyaga,2026-05-04
Kagio,Dry Onions,-,-,-,90.00/Kg,120.00/Kg,3000.0,Kirinyaga,2026-05-04
Kagio,Cucumber,-,-,-,30.00/Kg,50.00/Kg,700.0,Kirinyaga,2026-05-04
Kagio,Courgette,-,-,-,50.00/Kg,70.00/Kg,1300.0,Kirinyaga,2026-05-04
Kagio,Coriander (Dhania),-,-,-,20.00/Kg,30.00/Kg,200.0,Kirinyaga,2026-05-04
Kagio,Chillies,-,-,-,40.00/Kg,60.00/Kg,300.0,Kirinyaga,2026-05-04
Kagio,Cauliflower,-,-,-,120.00/Kg,160.00/Kg,100.0,Kirinyaga,2026-05-04
Kagio,Carrots,-,-,-,45.00/Kg,60.00/Kg,2800.0,Kirinyaga,2026-05-04
Kagio,Capsicums,-,-,-,40.00/Kg,60.00/Kg,1200.0,Kirinyaga,2026-05-04
Kagio,Capsicums,-,-,-,180.00/Kg,250.00/Kg,100.0,Kirinyaga,2026-05-04
Kagio,Cabbages,-,-,-,15.00/Kg,20.00/Kg,28000.0,Kirinyaga,2026-05-04
Kagio,Cabbages,-,-,-,15.00/Kg,20.00/Kg,28000.0,Kirinyaga,2026-05-04
Kagio,Butternuts,-,-,-,40.00/Kg,60.00/Kg,2000.0,Kirinyaga,2026-05-04
Kagio,Broccoli,-,-,-,8.00/Kg,120.00/Kg,200.0,Kirinyaga,2026-05-04
Kagio,Banana (Plantain),-,-,-,60.00/Kg,90.00/Kg,400.0,Kirinyaga,2026-05-04
Kagio,Banana (Cooking),-,-,-,30.00/Kg,50.00/Kg,35000.0,Kirinyaga,2026-05-04
Kagio,Pumpkin Leaves,-,-,-,20.00/Kg,30.00/Kg,200.0,Kirinyaga,2026-05-04
Kagio,Cowpea leaves (Kunde),-,-,-,20.00/Kg,30.00/Kg,200.0,Kirinyaga,2026-05-04
Kagio,Black nightshade (Managu/ Osuga),-,-,-,20.00/Kg,30.00/Kg,200.0,Kirinyaga,2026-05-04
Kagio,Amaranthus (Terere),-,-,-,15.00/Kg,25.00/Kg,300.0,Kirinyaga,2026-05-04
Kawangware,Rice,Pishori,-,-,160.00/Kg,180.00/Kg,,Nairobi,2026-05-04
Kawangware,Pearl Rush Millet,-,-,-,122.22/Kg,120.00/Kg,,Nairobi,2026-05-04
Kawangware,Finger Millet,-,-,-,54.00/Kg,90.00/Kg,,Nairobi,2026-05-04
Kawangware,Dry Maize,White Maize,-,-,55.00/Kg,65.00/Kg,,Nairobi,2026-05-04
Kawangware,Lentils,-,-,-,220.00/Kg,250.00/Kg,,Nairobi,2026-05-04
Kawangware,Pigeon peas,-,-,-,100.00/Kg,115.00/Kg,,Nairobi,2026-05-04
Kawangware,Green Grams,Makueni,-,-,155.00/Kg,170.00/Kg,,Nairobi,2026-05-04
Kawangware,Beans Red Haricot (Wairimu),-,-,-,100.00/Kg,110.00/Kg,,Nairobi,2026-05-04
Kawangware,Dolichos lablab (Njahi),-,-,-,75.00/Kg,85.00/Kg,,Nairobi,2026-05-04
Kawangware,Cowpeas,-,-,-,90.00/Kg,120.00/Kg,,Nairobi,2026-05-04
Kawangware,Beans Rosecoco (Nyayo),-,-,-,110.00/Kg,125.00/Kg,,Nairobi,2026-05-04
Kawangware,Beans Rosecoco,-,-,-,115.00/Kg,125.00/Kg,,Nairobi,2026-05-04
Kawangware,Beans (Yellow-Green),-,-,-,110.00/Kg,125.00/Kg,,Nairobi,2026-05-04
Kawangware,Beans (Mwitemania),-,-,-,90.00/Kg,100.00/Kg,,Nairobi,2026-05-04
Kibuye,Cotton,-,-,-,-,72.00/Kg,,Kisumu,2026-05-03
Kibuye,Maize Bran,-,-,-,-,43.00/Kg,,Kisumu,2026-05-03
Kibuye,Sunflower Cake,-,-,-,-,44.00/Kg,,Kisumu,2026-05-03
Kibuye,Wheat Bran,-,-,-,-,33.00/Kg,,Kisumu,2026-05-03
Kibuye,Cow Milk(At collection point),-,-,-,-,70.00/Lt,,Kisumu,2026-05-03
Kibuye,Cow Milk(Processd),-,-,-,-,120.00/Lt,,Kisumu,2026-05-03
Kibuye,Eggs,Indigenous /Kenyeji,-,-,-,750.00/Tray(30),,Kisumu,2026-05-03
Kibuye,Eggs,Exotic/Grade,-,-,-,480.00/Tray(30),,Kisumu,2026-05-03
Kibuye,Honey,Processed,-,-,-,1000.00/Kg,,Kisumu,2026-05-03
Kibuye,Meat Beef,-,-,-,-,800.00/Kg,,Kisumu,2026-05-03
Kibuye,Chicken,Layers,-,Female,650.00/Head,-,,Kisumu,2026-05-03
Kibuye,Chicken,Indigenous,-,Male,2000.00/Head,-,,Kisumu,2026-05-03
Kibuye,Chicken,Improved Kienyeji,-,Male,1500.00/Head,-,,Kisumu,2026-05-03
Kibuye,Chicken,Broiler,-,Male,450.00/Head,-,,Kisumu,2026-05-03
Kibuye,Duck,Black Swedish,Grade 1,Male,-,-,,Kisumu,2026-05-03
Kibuye,Haplochromis,Fresh,-,-,-,120.00/Kg,,Kisumu,2026-05-03
Kibuye,Nile Perch,Fresh,-,-,-,400.00/Kg,,Kisumu,2026-05-03
Kibuye,Omena,Dried,-,-,-,500.00/Kg,,Kisumu,2026-05-03
Kibuye,Protopterus,Fresh,-,-,-,160.00/Kg,,Kisumu,2026-05-03
Kibuye,Tilapia,Fresh,-,-,-,400.00/Kg,,Kisumu,2026-05-03
Kibuye,Nile Perch Skins,-,-,-,-,80.00/Kg,,Kisumu,2026-05-03
Kibuye,Fish Scales,-,-,-,-,40.00/Kg,,Kisumu,2026-05-03
Kibuye,Fish Oil,-,-,-,-,160.00/Kg,,Kisumu,2026-05-03
Kibuye,Fish Maws,-,-,-,-,4000.00/Kg,,Kisumu,2026-05-03
Kibuye,Arrow Root,-,-,-,-,120.00/Kg,,Kisumu,2026-05-03
Kibuye,Cassava Chips (dry),-,-,-,-,90.00/Kg,,Kisumu,2026-05-03
Kibuye,Cassava Fresh,-,-,-,-,150.00/Kg,,Kisumu,2026-05-03
Kibuye,Sweet potatoes,-,-,-,22.50/Kg,120.00/Kg,,Kisumu,2026-05-03
Kibuye,White Irish Potatoes,-,-,-,110.00/Kg,100.00/Kg,,Kisumu,2026-05-03
Kibuye,Avocado,Hass,-,-,-,250.00/Kg,,Kisumu,2026-05-03
Kibuye,Apples,-,-,-,-,200.00/Kg,,Kisumu,2026-05-03
Kibuye,Limes,-,-,-,-,200.00/Kg,,Kisumu,2026-05-03
Kibuye,Mangoes,Local,-,-,-,100.00/Kg,,Kisumu,2026-05-03
Kibuye,Mangoes,Improved,-,-,-,150.00/Kg,,Kisumu,2026-05-03
Kibuye,Oranges,-,-,-,-,180.00/Kg,,Kisumu,2026-05-03
Kibuye,Passion Fruits,-,-,-,-,200.00/Kg,,Kisumu,2026-05-03
Kibuye,Pawpaw,-,-,-,-,70.00/Kg,,Kisumu,2026-05-03
Kibuye,Pineapples,-,-,-,-,107.14/Kg,,Kisumu,2026-05-03
Kibuye,Tangerine (Sandara),-,-,-,-,120.00/Kg,,Kisumu,2026-05-03
Kibuye,Thorn melon,-,-,-,-,120.00/Kg,,Kisumu,2026-05-03
Kibuye,Tree tomato,-,-,-,-,120.00/Kg,,Kisumu,2026-05-03
Kibuye,Water Melon,-,-,-,-,142.86/Kg,,Kisumu,2026-05-03
Kibuye,Wheat Flour,Ajab fortigied Home Baking flour,-,-,-,90.00/Kg,,Kisumu,2026-05-03
Kibuye,Wheat,-,-,-,-,75.00/Kg,,Kisumu,2026-05-03
Kibuye,Rice,Pishori,-,-,-,175.00/Kg,,Kisumu,2026-05-03
Kibuye,Rice,IRR,-,-,-,100.00/Kg,,Kisumu,2026-05-03
Kibuye,Red Sorghum,-,-,-,-,90.00/Kg,,Kisumu,2026-05-03
Kibuye,Paddy Rice,Pishori,-,-,-,60.00/Kg,,Kisumu,2026-05-03
Kibuye,Paddy Rice,IRR,-,-,-,35.00/Kg,,Kisumu,2026-05-03
Kibuye,Maize Flour,Dola,-,-,-,70.00/Kg,,Kisumu,2026-05-03
Kibuye,Finger Millet,-,-,-,-,200.00/Kg,,Kisumu,2026-05-03
Kibuye,Dry Maize,Yellow Maize,-,-,-,65.00/Kg,,Kisumu,2026-05-03
Kibuye,Dry Maize,White Maize,-,-,62.22/Kg,70.00/Kg,,Kisumu,2026-05-03
Kibuye,Indigenous Crotolaria (Mito/Miro),-,-,-,-,70.00/Kg,,Kisumu,2026-05-03
Kibuye,Jute Plant (Murenda),-,-,-,-,70.00/Kg,,Kisumu,2026-05-03
Kibuye,Nderema- Vine Spinach,-,-,-,-,200.00/Kg,,Kisumu,2026-05-03
Kibuye,Pumpkin Leaves,-,-,-,-,200.00/Kg,,Kisumu,2026-05-03
Kibuye,Spider flower (Saga),-,-,-,-,150.00/Kg,,Kisumu,2026-05-03
Kibuye,Ethiopian Kales -Kanzira,-,-,-,-,70.00/Kg,,Kisumu,2026-05-03
Kibuye,Cowpea leaves (Kunde),-,-,-,-,100.00/Kg,,Kisumu,2026-05-03
Kibuye,Black nightshade (Managu/ Osuga),-,-,-,-,150.00/Kg,,Kisumu,2026-05-03
Kibuye,Amaranthus (Terere),-,-,-,-,70.00/Kg,,Kisumu,2026-05-03
Kibuye,Coriander (Dhania),-,-,-,-,100.00/Kg,,Kisumu,2026-05-03
Kibuye,Chillies,-,-,-,-,200.00/Kg,,Kisumu,2026-05-03
Kibuye,Carrots,-,-,-,-,80.00/Kg,,Kisumu,2026-05-03
Kibuye,Capsicums,-,-,-,-,120.00/Kg,,Kisumu,2026-05-03
Kibuye,Cabbages,-,-,-,-,50.00/Kg,,Kisumu,2026-05-03
Kibuye,Butternuts,-,-,-,-,70.00/Kg,,Kisumu,2026-05-03
Kibuye,Banana (Cooking),-,-,-,27.42/Kg,-,,Kisumu,2026-05-03
Kibuye,Dry Onions,-,-,-,-,120.00/Kg,,Kisumu,2026-05-03
Kibuye,Garlic,-,-,-,-,400.00/Kg,,Kisumu,2026-05-03
Kibuye,Ginger,-,-,-,-,150.00/Kg,,Kisumu,2026-05-03
Kibuye,Green Maize,-,-,-,-,90.00/Kg,,Kisumu,2026-05-03
Kibuye,Kales/Sukuma Wiki,-,-,-,-,30.00/Kg,,Kisumu,2026-05-03
Kibuye,Lettuce,-,-,-,-,120.00/Kg,,Kisumu,2026-05-03
Kibuye,Pumpkin,-,-,-,-,321.43/Kg,,Kisumu,2026-05-03
Kibuye,Spinach,-,-,-,-,40.00/Kg,,Kisumu,2026-05-03
Kibuye,Spring Onions,-,-,-,-,70.00/Kg,,Kisumu,2026-05-03
Kibuye,Tomatoes,-,-,-,214.29/Kg,150.00/Kg,,Kisumu,2026-05-03
Kibuye,Beans (Canadian wonder),-,-,-,-,150.00/Kg,,Kisumu,2026-05-03
Kibuye,Beans (Mwezi Moja),-,-,-,-,175.00/Kg,,Kisumu,2026-05-03
Kibuye,Beans (Mwitemania),-,-,-,-,200.00/Kg,,Kisumu,2026-05-03
Kibuye,Beans (Yellow-Green),-,-,-,-,250.00/Kg,,Kisumu,2026-05-03
Kibuye,Beans Red Haricot (Wairimu),-,-,-,-,200.00/Kg,,Kisumu,2026-05-03
Kibuye,Beans Rosecoco,-,-,-,-,200.00/Kg,,Kisumu,2026-05-03
Kibuye,Beans Rosecoco (Nyayo),-,-,-,-,200.00/Kg,,Kisumu,2026-05-03
Kibuye,Cowpeas,-,-,-,-,150.00/Kg,,Kisumu,2026-05-03
Kibuye,Dolichos lablab (Njahi),-,-,-,-,200.00/Kg,,Kisumu,2026-05-03
Kibuye,Green Grams,Makueni,-,-,-,175.00/Kg,,Kisumu,2026-05-03
Kibuye,Green Grams,Local-Special,-,-,-,135.00/Kg,,Kisumu,2026-05-03
Kibuye,Green Grams,Hybrid/ polished,-,-,-,225.00/Kg,,Kisumu,2026-05-03
Kibuye,Ground Nuts,Small Red,-,-,280.00/Kg,350.00/Kg,,Kisumu,2026-05-03
Kibuye,Ground Nuts,Large Brown,-,-,-,270.00/Kg,,Kisumu,2026-05-03
Kibuye,Mixed Beans,-,-,-,-,150.00/Kg,,Kisumu,2026-05-03
Kibuye,Njugu Mawe,-,-,-,-,100.00/Kg,,Kisumu,2026-05-03
Kibuye,Sunflower Seeds,-,-,-,-,45.00/Kg,,Kisumu,2026-05-03
Kibuye,Sunflower Oil,-,-,-,-,450.00/Lt,,Kisumu,2026-05-03
Kibuye,Fertilizer,Urea,-,-,50.00/Kg,-,28000.0,Kisumu,2026-05-03
Kibuye,Fertilizer,NPK,-,-,50.00/Kg,-,28000.0,Kisumu,2026-05-03
Kibuye,Fertilizer,CAN,-,-,50.00/Kg,-,28000.0,Kisumu,2026-05-03
Khayega,Arrow Root,-,-,-,150.00/Kg,150.00/Kg,300.0,Kakamega,2026-05-03
Khayega,Sweet potatoes,-,-,-,60.00/Kg,60.00/Kg,600.0,Kakamega,2026-05-03
Khayega,White Irish Potatoes,-,-,-,57.33/Kg,61.33/Kg,4000.0,Kakamega,2026-05-03
Khayega,Water Melon,-,-,-,66.67/Kg,83.33/Kg,3000.0,Kakamega,2026-05-03
Khayega,Red Sorghum,-,-,-,100.00/Kg,125.00/Kg,315.0,Kakamega,2026-05-03
Khayega,Finger Millet,-,-,-,125.00/Kg,125.00/Kg,900.0,Kakamega,2026-05-03
Khayega,Dry Maize,White Maize,-,-,53.33/Kg,55.56/Kg,11700.0,Kakamega,2026-05-03
Khayega,Spider flower (Saga),-,-,-,60.00/Kg,60.00/Kg,400.0,Kakamega,2026-05-03
Khayega,Ethiopian Kales -Kanzira,-,-,-,31.82/Kg,36.36/Kg,300.0,Kakamega,2026-05-03
Khayega,Cowpea leaves (Kunde),-,-,-,30.00/Kg,35.00/Kg,300.0,Kakamega,2026-05-03
Khayega,Black nightshade (Managu/ Osuga),-,-,-,53.85/Kg,57.69/Kg,700.0,Kakamega,2026-05-03
Khayega,Spinach,-,-,-,40.00/Kg,45.00/Kg,400.0,Kakamega,2026-05-03
Khayega,Tomatoes,-,-,-,90.00/Kg,9.09/Kg,1500.0,Kakamega,2026-05-03
Khayega,Kales/Sukuma Wiki,-,-,-,30.00/Kg,35.00/Kg,400.0,Kakamega,2026-05-03
Khayega,Dry Onions,-,-,-,120.00/Kg,150.00/Kg,1000.0,Kakamega,2026-05-03
Khayega,Cabbages,-,-,-,40.00/Kg,43.33/Kg,3000.0,Kakamega,2026-05-03
Khayega,Mixed Beans,-,-,-,108.70/Kg,121.74/Kg,1170.0,Kakamega,2026-05-03
Khayega,Ground Nuts,Small Red,-,-,241.67/Kg,250.00/Kg,1300.0,Kakamega,2026-05-03
Khayega,Green Grams,Local-Special,-,-,130.43/Kg,130.43/Kg,900.0,Kakamega,2026-05-03
Khayega,Cowpeas,-,-,-,173.91/Kg,195.65/Kg,390.0,Kakamega,2026-05-03
Khayega,Beans Rosecoco (Nyayo),-,-,-,130.43/Kg,130.43/Kg,1100.0,Kakamega,2026-05-03
Khayega,Beans Rosecoco,-,-,-,130.43/Kg,130.43/Kg,1200.0,Kakamega,2026-05-03
Mghange,Dry Maize,White Maize,-,-,-,60.00/Kg,5000.0,Taita-Taveta,2026-05-03
Khayega,Beans (Yellow-Green),-,-,-,139.13/Kg,152.17/Kg,990.0,Kakamega,2026-05-03
Khayega,Fertilizer,DAP,-,-,124.00/Kg,128.00/Kg,2500.0,Kakamega,2026-05-03
Khayega,Fertilizer,CAN,-,-,92.00/Kg,96.00/Kg,5000.0,Kakamega,2026-05-03
Mghange,Okra (Lady's fingers or Gumbo),-,-,-,-,120.00/Kg,100.0,Taita-Taveta,2026-05-03
Mghange,Oranges,-,-,-,-,50.00/Kg,100.0,Taita-Taveta,2026-05-03
Mghange,Pigeon peas,-,-,-,-,180.00/Kg,500.0,Taita-Taveta,2026-05-03
Mghange,Green Grams,Local-Special,-,-,-,200.00/Kg,,Taita-Taveta,2026-05-03
Mghange,Beans Rosecoco,-,-,-,-,180.00/Kg,2000.0,Taita-Taveta,2026-05-03
Mghange,Beans (Yellow-Green),-,-,-,-,180.00/Kg,1500.0,Taita-Taveta,2026-05-03
Mghange,Beans (Mwitemania),-,-,-,-,180.00/Kg,1500.0,Taita-Taveta,2026-05-03
Mghange,Mangoes,Local,-,-,-,60.00/Kg,500.0,Taita-Taveta,2026-05-03
Mghange,White Irish Potatoes,-,-,-,-,80.00/Kg,1500.0,Taita-Taveta,2026-05-03
Mghange,Cassava Fresh,-,-,-,-,70.00/Kg,200.0,Taita-Taveta,2026-05-03
Mghange,Arrow Root,-,-,-,-,720.00/Kg,500.0,Taita-Taveta,2026-05-03
Mghange,Black nightshade (Managu/ Osuga),-,-,-,-,60.00/Kg,200.0,Taita-Taveta,2026-05-03
Mghange,Spinach,-,-,-,-,50.00/Kg,200.0,Taita-Taveta,2026-05-03
Mghange,Banana (Plantain),-,-,-,-,60.00/Kg,1000.0,Taita-Taveta,2026-05-03
Mghange,Banana (Cooking),-,-,-,-,60.00/Kg,600.0,Taita-Taveta,2026-05-03
Mghange,Carrots,-,-,-,-,70.00/Kg,200.0,Taita-Taveta,2026-05-03
Mghange,Capsicums,-,-,-,-,170.00/Kg,200.0,Taita-Taveta,2026-05-03
Mghange,Cabbages,-,-,-,-,60.00/Kg,1000.0,Taita-Taveta,2026-05-03
Mghange,Tomatoes,-,-,-,-,100.00/Kg,2500.0,Taita-Taveta,2026-05-03
Mghange,Dry Onions,-,-,-,-,130.00/Kg,2000.0,Taita-Taveta,2026-05-03
Mumias,Tilapia,Dried,-,-,-,403.23/Kg,,Kakamega,2026-05-03
Mumias,Omena,Dried,-,-,-,521.74/Kg,,Kakamega,2026-05-03
Mumias,Nile Perch,Smoked,-,-,-,312.50/Kg,,Kakamega,2026-05-03
Mumias,White Irish Potatoes,-,-,-,-,90.00/Kg,,Kakamega,2026-05-03
Mumias,Sweet potatoes,-,-,-,-,32.26/Kg,,Kakamega,2026-05-03
Mumias,Red Irish potato,-,-,-,-,80.00/Kg,,Kakamega,2026-05-03
Mumias,Cassava Fresh,-,-,-,-,55.56/Kg,,Kakamega,2026-05-03
Mumias,Cassava Chips (dry),-,-,-,-,62.50/Kg,,Kakamega,2026-05-03
Mumias,Arrow Root,-,-,-,-,71.43/Kg,,Kakamega,2026-05-03
Mumias,Water Melon,-,-,-,-,66.67/Kg,,Kakamega,2026-05-03
Mumias,Thorn melon,-,-,-,-,111.11/Kg,,Kakamega,2026-05-03
Mumias,Pineapples,-,-,-,-,111.11/Kg,,Kakamega,2026-05-03
Mumias,Pawpaw,-,-,-,-,125.00/Kg,,Kakamega,2026-05-03
Mumias,Oranges,-,-,-,-,78.95/Kg,,Kakamega,2026-05-03
Mumias,Mangoes,Improved,-,-,-,0.03/Kg,,Kakamega,2026-05-03
Mumias,Lemons,-,-,-,-,86.96/Kg,,Kakamega,2026-05-03
Mumias,Grapes,Black-Dark,-,-,-,740.00/Kg,,Kakamega,2026-05-03
Mumias,Banana (Ripening),-,-,-,-,153.85/Kg,,Kakamega,2026-05-03
Mumias,Avocado,Local,-,-,-,44.12/Kg,,Kakamega,2026-05-03
Mumias,Apples,-,-,-,-,285.71/Kg,,Kakamega,2026-05-03
Mumias,White Sorghum,-,-,-,-,63.64/kg,,Kakamega,2026-05-03
Mumias,Wheat Flour,Soko All Purpose HBF,-,-,-,82.50/Kg,,Kakamega,2026-05-03
Mumias,Wheat Flour,Pembe All Purpose HBF,-,-,-,87.50/Kg,,Kakamega,2026-05-03
Mumias,Wheat Flour,Ndovu all purpose HBF,-,-,-,82.50/Kg,,Kakamega,2026-05-03
Mumias,Wheat Flour,Exe Mandazi Fortified Wheat Flour,-,-,-,95.00/Kg,,Kakamega,2026-05-03
Mumias,Wheat Flour,Exe Chapati fortified wheat flour,-,-,-,90.00/Kg,,Kakamega,2026-05-03
Mumias,Wheat Flour,Exe All purpose fortified wheat flour,-,-,-,92.50/Kg,,Kakamega,2026-05-03
Mumias,Wheat Flour,Ajab fortigied Home Baking flour,-,-,-,85.00/Kg,,Kakamega,2026-05-03
Mumias,Rice,Pishori,-,-,-,190.00/Kg,,Kakamega,2026-05-03
Mumias,Rice,IRR,-,-,-,170.00/Kg,,Kakamega,2026-05-03
Mumias,Red Sorghum,-,-,-,-,76.19/Kg,,Kakamega,2026-05-03
Mumias,Maize Flour,Soko,-,-,-,82.50/Kg,,Kakamega,2026-05-03
Mumias,Maize Flour,Posho Mill,-,-,-,68.18/Kg,,Kakamega,2026-05-03
Mumias,Maize Flour,Posho Mill,-,-,-,68.18/Kg,,Kakamega,2026-05-03
Mumias,Maize Flour,Pembe,-,-,-,77.50/Kg,,Kakamega,2026-05-03
Mumias,Maize Flour,Jogoo wimbi,-,-,-,145.00/Kg,,Kakamega,2026-05-03
Mumias,Maize Flour,Jogoo,-,-,-,82.50/Kg,,Kakamega,2026-05-03
Mumias,Maize Flour,Hostess,-,-,-,95.00/Kg,,Kakamega,2026-05-03
Mumias,Maize Flour,Amaize,-,-,-,105.00/Kg,,Kakamega,2026-05-03
Mumias,Finger Millet,-,-,-,-,166.67/Kg,,Kakamega,2026-05-03
Mumias,Dry Maize,White Maize,-,-,-,59.09/Kg,,Kakamega,2026-05-03
Mumias,Spider flower (Saga),-,-,-,-,83.33/Kg,,Kakamega,2026-05-03
Mumias,Pumpkin Leaves,-,-,-,-,119.05/Kg,,Kakamega,2026-05-03
Mumias,Jute Plant (Murenda),-,-,-,-,83.33/Kg,,Kakamega,2026-05-03
Mumias,Indigenous Crotolaria (Mito/Miro),-,-,-,-,62.50/Kg,,Kakamega,2026-05-03
Mumias,Ethiopian Kales -Kanzira,-,-,-,-,107.14/Kg,,Kakamega,2026-05-03
Mumias,Cowpea leaves (Kunde),-,-,-,-,55.56/Kg,,Kakamega,2026-05-03
Mumias,Black nightshade (Managu/ Osuga),-,-,-,-,125.00/Kg,,Kakamega,2026-05-03
Mumias,Amaranthus (Terere),-,-,-,-,106.95/Kg,,Kakamega,2026-05-03
Mumias,Tomatoes,-,-,-,-,121.95/Kg,,Kakamega,2026-05-03
Mumias,Spring Onions,-,-,-,-,151.52/Kg,,Kakamega,2026-05-03
Mumias,Spinach,-,-,-,-,57.69/Kg,,Kakamega,2026-05-03
Mumias,Pumpkin,-,-,-,-,62.50/Kg,,Kakamega,2026-05-03
Mumias,Kales/Sukuma Wiki,-,-,-,-,62.50/Kg,,Kakamega,2026-05-03
Mumias,Ginger,-,-,-,-,214.29/Kg,,Kakamega,2026-05-03
Mumias,Garlic,-,-,-,-,483.87/Kg,,Kakamega,2026-05-03
Mumias,Fresh Peas,On pods,-,-,-,111.11/Kg,,Kakamega,2026-05-03
Mumias,Dry Onions,-,-,-,-,138.89/Kg,,Kakamega,2026-05-03
Mumias,Cucumber,-,-,-,-,93.75/Kg,,Kakamega,2026-05-03
Mumias,Coriander (Dhania),-,-,-,-,188.68/Kg,,Kakamega,2026-05-03
Mumias,Chillies,-,-,-,-,125.00/Kg,,Kakamega,2026-05-03
Mumias,Carrots,-,-,-,-,119.05/Kg,,Kakamega,2026-05-03
Mumias,Capsicums,-,-,-,-,142.86/Kg,,Kakamega,2026-05-03
Mumias,Cabbages,-,-,-,-,20.83/Kg,,Kakamega,2026-05-03
Mumias,Butternuts,-,-,-,-,250.00/Kg,,Kakamega,2026-05-03
Mumias,Banana (Plantain),-,-,-,-,55.56/Kg,,Kakamega,2026-05-03
Mumias,Banana (Cooking),-,-,-,-,28.57/Kg,,Kakamega,2026-05-03
Mumias,Njugu Mawe,-,-,-,-,545.45/Kg,,Kakamega,2026-05-03
Mumias,Mixed Beans,-,-,-,-,113.64/Kg,,Kakamega,2026-05-03
Mumias,Lentils,-,-,-,-,480.00/Kg,,Kakamega,2026-05-03
Mumias,Ground Nuts,Small Red,-,-,-,285.71/Kg,,Kakamega,2026-05-03
Mumias,Green Grams,Local-Special,-,-,-,150.00/Kg,,Kakamega,2026-05-03
Mumias,Green Grams,Hybrid/ polished,-,-,-,190.00/Kg,,Kakamega,2026-05-03
Mumias,Dry Peas,-,-,-,-,300.00/Kg,,Kakamega,2026-05-03
Mumias,Dolichos lablab (Njahi),-,-,-,-,280.00/Kg,,Kakamega,2026-05-03
Mumias,Cowpeas,-,-,-,-,152.17/Kg,,Kakamega,2026-05-03
Mumias,Beans Rosecoco,-,-,-,-,173.91/Kg,,Kakamega,2026-05-03
Mumias,Beans Red Haricot (Wairimu),-,-,-,-,125.00/Kg,,Kakamega,2026-05-03
Mumias,Beans (Yellow-Green),-,-,-,-,173.91/Kg,,Kakamega,2026-05-03
Mumias,Beans (Mwitemania),-,-,-,-,159.09/Kg,,Kakamega,2026-05-03
Mumias,Beans (Mwezi Moja),-,-,-,-,300.00/Kg,,Kakamega,2026-05-03
Mumias,Beans (Canadian wonder),-,-,-,-,173.91/Kg,,Kakamega,2026-05-03
Mumias,Fertilizer,Urea,-,-,-,108.00/Kg,,Kakamega,2026-05-03
Mumias,Fertilizer,NPK,-,-,-,114.00/Kg,,Kakamega,2026-05-03
Mumias,Fertilizer,DAP,-,-,-,118.00/Kg,,Kakamega,2026-05-03
Mumias,Fertilizer,CAN,-,-,-,94.00/Kg,,Kakamega,2026-05-03
Mukuyu Market,Cabbages,-,-,-,-,60.00/Kg,,Muranga,2026-05-02
Mukuyu Market,Carrots,-,-,-,-,60.00/Kg,,Muranga,2026-05-02
Mukuyu Market,Dry Onions,-,-,-,-,120.00/Kg,,Muranga,2026-05-02
Mukuyu Market,Spinach,-,-,-,-,50.00/Kg,,Muranga,2026-05-02
Mukuyu Market,Tomatoes,-,-,-,-,90.00/Kg,,Muranga,2026-05-02
Mukuyu Market,Sweet potatoes,-,-,-,-,100.00/Kg,,Muranga,2026-05-02
Mukuyu Market,Arrow Root,-,-,-,-,100.00/Kg,,Muranga,2026-05-02
Makutano Kirinyaga,Sunflower Seeds,-,-,-,60.00/Kg,80.00/Kg,300.0,Kirinyaga,2026-05-02
Makutano Kirinyaga,Lemons,-,-,-,30.00/Kg,50.00/Kg,,Kirinyaga,2026-05-02
Makutano Kirinyaga,Thorn melon,-,-,-,40.00/Kg,60.00/Kg,,Kirinyaga,2026-05-02
Makutano Kirinyaga,Water Melon,-,-,-,15.00/Kg,25.00/Kg,,Kirinyaga,2026-05-02
Makutano Kirinyaga,Paddy Rice,Pishori,-,-,80.00/Kg,85.00/Kg,,Kirinyaga,2026-05-02
Makutano Kirinyaga,Dry Maize,Yellow Maize,-,-,40.00/Kg,45.00/Kg,,Kirinyaga,2026-05-02
Makutano Kirinyaga,Pumpkin Leaves,-,-,-,40.00/Kg,50.00/Kg,,Kirinyaga,2026-05-02
Makutano Kirinyaga,Jute Plant (Murenda),-,-,-,20.00/Kg,30.00/Kg,750.0,Kirinyaga,2026-05-02
Makutano Kirinyaga,Cowpea leaves (Kunde),-,-,-,15.00/Kg,25.00/Kg,850.0,Kirinyaga,2026-05-02
Makutano Kirinyaga,Black nightshade (Managu/ Osuga),-,-,-,35.00/Kg,50.00/Kg,1900.0,Kirinyaga,2026-05-02
Makutano Kirinyaga,Amaranthus (Terere),-,-,-,40.00/Kg,50.00/Kg,950.0,Kirinyaga,2026-05-02
Makutano Kirinyaga,Banana (Cooking),-,-,-,55.00/Kg,70.00/Kg,1800.0,Kirinyaga,2026-05-02
Makutano Kirinyaga,Capsicums,-,-,-,35.00/Kg,50.00/Kg,1800.0,Kirinyaga,2026-05-02
Makutano Kirinyaga,Carrots,-,-,-,55.00/Kg,70.00/Kg,2800.0,Kirinyaga,2026-05-02
Makutano Kirinyaga,Dry Onions,-,-,-,120.00/Kg,140.00/Kg,3600.0,Kirinyaga,2026-05-02
Makutano Kirinyaga,Fresh Peas,On pods,-,-,120.00/Kg,140.00/Kg,3500.0,Kirinyaga,2026-05-02
Makutano Kirinyaga,Garlic,-,-,-,300.00/Kg,350.00/Kg,280.0,Kirinyaga,2026-05-02
Makutano Kirinyaga,Ginger,-,-,-,120.00/Kg,150.00/Kg,680.0,Kirinyaga,2026-05-02
Makutano Kirinyaga,Kales/Sukuma Wiki,-,-,-,30.00/Kg,40.00/Kg,2000.0,Kirinyaga,2026-05-02
Makutano Kirinyaga,Spinach,-,-,-,40.00/Kg,50.00/Kg,2400.0,Kirinyaga,2026-05-02
Makutano Kirinyaga,Spring Onions,-,-,-,60.00/Kg,80.00/Kg,2800.0,Kirinyaga,2026-05-02
Makutano Kirinyaga,Tomatoes,-,-,-,106.67/Kg,116.67/Kg,4800.0,Kirinyaga,2026-05-02
Makutano Kirinyaga,Finger Millet,-,-,-,170.00/Kg,200.00/Kg,1900.0,Kirinyaga,2026-05-02
Makutano Kirinyaga,Dry Maize,White Maize,-,-,38.00/Kg,45.00/Kg,3500.0,Kirinyaga,2026-05-02
Makutano Kirinyaga,Pigeon peas,-,-,-,100.00/Kg,115.00/Kg,1800.0,Kirinyaga,2026-05-02
Makutano Kirinyaga,Mixed Beans,-,-,-,100.00/Kg,120.00/Kg,3200.0,Kirinyaga,2026-05-02
Makutano Kirinyaga,Green Grams,Hybrid/ polished,-,-,120.00/Kg,150.00/Kg,1200.0,Kirinyaga,2026-05-02
Makutano Kirinyaga,Dry Peas,-,-,-,95.00/Kg,120.00/Kg,2400.0,Kirinyaga,2026-05-02
Makutano Kirinyaga,Dolichos lablab (Njahi),-,-,-,80.00/Kg,110.00/Kg,1700.0,Kirinyaga,2026-05-02
Makutano Kirinyaga,Cowpeas,-,-,-,80.00/Kg,120.00/Kg,1800.0,Kirinyaga,2026-05-02
Makutano Kirinyaga,Beans Rosecoco (Nyayo),-,-,-,80.00/Kg,110.00/Kg,1500.0,Kirinyaga,2026-05-02
Makutano Kirinyaga,Beans Red Haricot (Wairimu),-,-,-,80.00/Kg,100.00/Kg,2800.0,Kirinyaga,2026-05-02
Makutano Kirinyaga,Beans (Yellow-Green),-,-,-,120.00/Kg,150.00/Kg,3200.0,Kirinyaga,2026-05-02
Sabatia,Chicken,Improved Kienyeji,-,Female,300.00/Head,-,6.0,Kakamega,2026-05-02
Sabatia,Chicken,Improved Kienyeji,-,Male,300.00/Head,-,4.0,Kakamega,2026-05-02
Sabatia,Chicken,Improved Kienyeji,-,Female,850.00/Head,-,12.0,Kakamega,2026-05-02
Sabatia,Chicken,Improved Kienyeji,-,Male,1100.00/Head,-,8.0,Kakamega,2026-05-02
Sabatia,Chicken,Improved Kienyeji,-,Female,1000.00/Head,-,11.0,Kakamega,2026-05-02
Sabatia,Chicken,Improved Kienyeji,-,Male,1400.00/Head,-,5.0,Kakamega,2026-05-02
Sabatia,Chicken,Indigenous,-,Female,300.00/Head,-,12.0,Kakamega,2026-05-02
Sabatia,Chicken,Indigenous,-,Male,300.00/Head,-,10.0,Kakamega,2026-05-02
Sabatia,Chicken,Indigenous,-,Female,750.00/Head,-,31.0,Kakamega,2026-05-02
Sabatia,Chicken,Indigenous,-,Male,1000.00/Head,-,25.0,Kakamega,2026-05-02
Sabatia,Chicken,Indigenous,-,Female,900.00/Head,-,30.0,Kakamega,2026-05-02
Sabatia,Chicken,Indigenous,-,Male,1300.00/Head,-,21.0,Kakamega,2026-05-02
Sabatia,Tilapia,Fresh,-,-,200.00/Kg,600.00/Kg,550.0,Kakamega,2026-05-02
Sabatia,Dry Onions,-,-,-,100.00/Kg,125.00/Kg,2000.0,Kakamega,2026-05-02
Sabatia,Tomatoes,-,-,-,85.71/Kg,125.00/Kg,3500.0,Kakamega,2026-05-02
Sabatia,Avocado,Local,-,-,20.00/Kg,50.00/Kg,500.0,Kakamega,2026-05-02
Sabatia,Kales/Sukuma Wiki,-,-,-,37.50/Kg,58.33/Kg,1200.0,Kakamega,2026-05-02
Sabatia,White Irish Potatoes,-,-,-,64.29/Kg,62.50/Kg,14400.0,Kakamega,2026-05-02
Sabatia,Sweet potatoes,-,-,-,40.00/Kg,62.50/Kg,500.0,Kakamega,2026-05-02
Sabatia,Cabbages,-,-,-,23.81/Kg,28.57/Kg,5300.0,Kakamega,2026-05-02
Kakamega Town,Tilapia,Fresh,-,-,450.00/Kg,600.00/Kg,10000.0,Kakamega,2026-05-02
Kakamega Town,Tilapia,Fresh,-,-,450.00/Kg,600.00/Kg,10000.0,Kakamega,2026-05-02
Kakamega Town,Sweet potatoes,-,-,-,80.00/Kg,100.00/Kg,1000.0,Kakamega,2026-05-02
Kakamega Town,White Irish Potatoes,-,-,-,50.00/Kg,70.00/Kg,4000.0,Kakamega,2026-05-02
Sabatia,Water Melon,-,-,-,34.78/Kg,43.48/Kg,400.0,Kakamega,2026-05-02
Sabatia,Oranges,-,-,-,30.00/Kg,45.45/Kg,1000.0,Kakamega,2026-05-02
Kakamega Town,Water Melon,-,-,-,50.00/Kg,64.29/Kg,6000.0,Kakamega,2026-05-02
Kakamega Town,Pineapples,-,-,-,100.00/Kg,180.00/Kg,5000.0,Kakamega,2026-05-02
Sabatia,Mangoes,Improved,-,-,25.00/Kg,45.45/Kg,2000.0,Kakamega,2026-05-02
Kakamega Town,Avocado,Local,-,-,80.00/Kg,120.00/Kg,3000.0,Kakamega,2026-05-02
Kakamega Town,Dry Maize,White Maize,-,-,42.22/Kg,60.00/Kg,20000.0,Kakamega,2026-05-02
Sabatia,Beans Red Haricot (Wairimu),-,-,-,133.33/Kg,134.62/Kg,360.0,Kakamega,2026-05-02
Kakamega Town,Black nightshade (Managu/ Osuga),-,-,-,80.00/Kg,120.00/Kg,2000.0,Kakamega,2026-05-02
Sabatia,Mixed Beans,-,-,-,111.11/Kg,107.69/Kg,630.0,Kakamega,2026-05-02
Sabatia,Cowpeas,-,-,-,111.11/Kg,115.38/Kg,360.0,Kakamega,2026-05-02
Sabatia,Green Grams,Local-Special,-,-,124.44/Kg,115.38/Kg,810.0,Kakamega,2026-05-02
Kakamega Town,Kales/Sukuma Wiki,-,-,-,50.00/Kg,80.00/Kg,2000.0,Kakamega,2026-05-02
Sabatia,Ground Nuts,Small Red,-,-,257.78/Kg,285.71/Kg,540.0,Kakamega,2026-05-02
Kakamega Town,Tomatoes,-,-,-,150.00/Kg,200.00/Kg,4000.0,Kakamega,2026-05-02
Kakamega Town,Dry Onions,-,-,-,60.00/Kg,100.00/Kg,6000.0,Kakamega,2026-05-02
Kakamega Town,Carrots,-,-,-,40.00/Kg,60.00/Kg,3000.0,Kakamega,2026-05-02
Kakamega Town,Cabbages,-,-,-,20.00/Kg,40.00/Kg,4000.0,Kakamega,2026-05-02
Sabatia,Beans (Yellow-Green),-,-,-,155.56/Kg,1538.46/Kg,180.0,Kakamega,2026-05-02
Kakamega Town,Mixed Beans,-,-,-,88.89/Kg,120.00/Kg,5000.0,Kakamega,2026-05-02
Kakamega Town,Beans Rosecoco,-,-,-,133.33/Kg,180.00/Kg,9000.0,Kakamega,2026-05-02
Sabatia,Red Sorghum,-,-,-,57.78/Kg,68.18/Kg,540.0,Kakamega,2026-05-02
Sabatia,Finger Millet,-,-,-,124.44/Kg,136.36/Kg,720.0,Kakamega,2026-05-02
Sabatia,Dry Maize,White Maize,-,-,44.44/Kg,47.83/Kg,13500.0,Kakamega,2026-05-02
Kabati - Muranga,Lentils,-,-,-,-,280.00/Kg,,Muranga,2026-05-02
Kabati - Muranga,Dragon Fruit,-,-,-,-,400.00/Kg,,Muranga,2026-05-02
Kabati - Muranga,Pork,-,-,-,-,700.00/Kg,,Muranga,2026-05-02
Kabati - Muranga,Eggs,Exotic/Grade,-,-,-,400.00/Tray(30),,Muranga,2026-05-02
Kabati - Muranga,Cow Milk(At collection point),-,-,-,-,45.00/Lt,,Muranga,2026-05-02
Kabati - Muranga,Cow Milk(At collection point),-,-,-,-,45.00/Lt,,Muranga,2026-05-02
Kabati - Muranga,Water Melon,-,-,-,-,55.00/Kg,,Muranga,2026-05-02
Kabati - Muranga,Tree tomato,-,-,-,-,100.00/Kg,,Muranga,2026-05-02
Kabati - Muranga,Thorn melon,-,-,-,-,60.00/Kg,,Muranga,2026-05-02
Kabati - Muranga,Tangerine (Sandara),-,-,-,-,80.00/Kg,,Muranga,2026-05-02
Kabati - Muranga,Pineapples,-,-,-,-,53.33/Kg,,Muranga,2026-05-02
Kabati - Muranga,Pawpaw,-,-,-,-,80.00/Kg,,Muranga,2026-05-02
Kabati - Muranga,Oranges,-,-,-,-,100.00/Kg,,Muranga,2026-05-02
Kabati - Muranga,Mangoes,Improved,-,-,-,100.00/Kg,,Muranga,2026-05-02
Kabati - Muranga,Lemons,-,-,-,-,70.00/Kg,,Muranga,2026-05-02
Kabati - Muranga,Grapes,White,-,-,-,600.00/Kg,,Muranga,2026-05-02
Kabati - Muranga,Banana (Ripening),-,-,-,-,35.00/Kg,,Muranga,2026-05-02
Kabati - Muranga,Avocado,Hass,-,-,-,80.00/Kg,,Muranga,2026-05-02
Kabati - Muranga,Apples,-,-,-,-,180.00/Kg,,Muranga,2026-05-02
Kabati - Muranga,Black nightshade (Managu/ Osuga),-,-,-,-,35.00/Kg,,Muranga,2026-05-02
Kabati - Muranga,Amaranthus (Terere),-,-,-,-,45.00/Kg,,Muranga,2026-05-02
Kabati - Muranga,Tomatoes,-,-,-,-,50.00/Kg,,Muranga,2026-05-02
Kabati - Muranga,Spinach,-,-,-,-,45.00/Kg,,Muranga,2026-05-02
Kabati - Muranga,Pumpkin,-,-,-,-,53.33/Kg,,Muranga,2026-05-02
Kabati - Muranga,Kales/Sukuma Wiki,-,-,-,-,45.00/Kg,,Muranga,2026-05-02
Kabati - Muranga,Green Maize,-,-,-,-,100.00/Kg,,Muranga,2026-05-02
Kabati - Muranga,Garlic,-,-,-,-,480.00/Kg,,Muranga,2026-05-02
Kabati - Muranga,Fresh Peas,Shelled Peas,-,-,-,250.00/Kg,,Muranga,2026-05-02
Kabati - Muranga,French beans,-,-,-,-,60.00/Kg,,Muranga,2026-05-02
Kabati - Muranga,Cucumber,-,-,-,-,80.00/Kg,,Muranga,2026-05-02
Kabati - Muranga,Coriander (Dhania),-,-,-,-,50.00/Kg,,Muranga,2026-05-02
Kabati - Muranga,Chillies,-,-,-,-,120.00/Kg,,Muranga,2026-05-02
Kabati - Muranga,Carrots,-,-,-,-,70.00/Kg,,Muranga,2026-05-02
Kabati - Muranga,Capsicums,-,-,-,-,80.00/Kg,,Muranga,2026-05-02
Kabati - Muranga,Cabbages,-,-,-,-,50.00/Kg,,Muranga,2026-05-02
Kabati - Muranga,Butternuts,-,-,-,46.67/Kg,60.00/Kg,,Muranga,2026-05-02
Kabati - Muranga,Banana (Plantain),-,-,-,20.00/Kg,40.00/Kg,,Muranga,2026-05-02
Kabati - Muranga,Banana (Cooking),-,-,-,18.00/Kg,35.00/Kg,,Muranga,2026-05-02
Ngurubani Market,Meat Beef,-,-,-,650.00/Kg,750.00/Kg,1420.0,Kirinyaga,2026-05-01
Ngurubani Market,Eggs,Exotic/Grade,-,-,420.00/Tray(30),480.00/Tray(30),2220.0,Kirinyaga,2026-05-01
Ngurubani Market,Pork,-,-,-,650.00/Kg,750.00/Kg,425.0,Kirinyaga,2026-05-01
Ngurubani Market,White Irish Potatoes,-,-,-,45.00/Kg,50.00/Kg,21500.0,Kirinyaga,2026-05-01
Ngurubani Market,Sweet potatoes,-,-,-,80.00/Kg,100.00/Kg,450.0,Kirinyaga,2026-05-01
Ngurubani Market,Arrow Root,-,-,-,100.00/Kg,140.00/Kg,1200.0,Kirinyaga,2026-05-01
Ngurubani Market,Rice,Pishori,-,-,150.00/Kg,170.00/Kg,145000.0,Kirinyaga,2026-05-01
Ngurubani Market,Red Sorghum,-,-,-,91.11/Kg,110.00/Kg,2580.0,Kirinyaga,2026-05-01
Ngurubani Market,Dry Maize,White Maize,-,-,52.22/Kg,60.00/Kg,5680.0,Kirinyaga,2026-05-01
Ngurubani Market,Pumpkin Leaves,-,-,-,20.00/Kg,30.00/Kg,210.0,Kirinyaga,2026-05-01
Ngurubani Market,Cowpea leaves (Kunde),-,-,-,50.00/Kg,70.00/Kg,310.0,Kirinyaga,2026-05-01
Ngurubani Market,Black nightshade (Managu/ Osuga),-,-,-,30.00/Kg,40.00/Kg,325.0,Kirinyaga,2026-05-01
Ngurubani Market,Amaranthus (Terere),-,-,-,25.00/Kg,35.00/Kg,220.0,Kirinyaga,2026-05-01
Ngurubani Market,Thorn melon,-,-,-,80.00/Kg,120.00/Kg,420.0,Kirinyaga,2026-05-01
Ngurubani Market,Water Melon,-,-,-,25.00/Kg,33.00/Kg,24000.0,Kirinyaga,2026-05-01
Ngurubani Market,Tree tomato,-,-,-,70.00/Kg,100.00/Kg,450.0,Kirinyaga,2026-05-01
Ngurubani Market,Pineapples,-,-,-,40.00/Kg,60.00/Kg,680.0,Kirinyaga,2026-05-01
Ngurubani Market,Pawpaw,-,-,-,40.00/Kg,60.00/Kg,220.0,Kirinyaga,2026-05-01
Ngurubani Market,Passion Fruits,-,-,-,150.00/Kg,220.00/Kg,350.0,Kirinyaga,2026-05-01
Ngurubani Market,Oranges,-,-,-,60.00/Kg,80.00/Kg,2200.0,Kirinyaga,2026-05-01
Ngurubani Market,Lemons,-,-,-,50.00/Kg,70.00/Kg,120.0,Kirinyaga,2026-05-01
Ngurubani Market,Avocado,Local,-,-,50.00/Kg,70.00/Kg,2150.0,Kirinyaga,2026-05-01
Ngurubani Market,Lentils,-,-,-,188.89/Kg,220.00/Kg,2150.0,Kirinyaga,2026-05-01
Ngurubani Market,Pigeon peas,-,-,-,72.22/Kg,90.00/Kg,2800.0,Kirinyaga,2026-05-01
Ngurubani Market,Mixed Beans,-,-,-,86.67/Kg,110.00/Kg,2100.0,Kirinyaga,2026-05-01
Ngurubani Market,Green Grams,Hybrid/ polished,-,-,100.00/Kg,150.00/Kg,1850.0,Kirinyaga,2026-05-01
Ngurubani Market,Dolichos lablab (Njahi),-,-,-,83.33/Kg,100.00/Kg,2500.0,Kirinyaga,2026-05-01
Ngurubani Market,Cowpeas,-,-,-,100.00/Kg,140.00/Kg,220.0,Kirinyaga,2026-05-01
Ngurubani Market,Beans Rosecoco (Nyayo),-,-,-,110.00/Kg,160.00/Kg,4200.0,Kirinyaga,2026-05-01
Ngurubani Market,Beans Red Haricot (Wairimu),-,-,-,100.00/Kg,140.00/Kg,5280.0,Kirinyaga,2026-05-01
Ngurubani Market,Beans (Yellow-Green),-,-,-,124.44/Kg,170.00/Kg,4250.0,Kirinyaga,2026-05-01
Ngurubani Market,Beans (Mwitemania),-,-,-,91.11/Kg,120.00/Kg,2580.0,Kirinyaga,2026-05-01
Ngurubani Market,Tomatoes,-,-,-,60.00/Kg,80.00/Kg,1450.0,Kirinyaga,2026-05-01
Ngurubani Market,Spring Onions,-,-,-,40.00/Kg,60.00/Kg,250.0,Kirinyaga,2026-05-01
Ngurubani Market,Spinach,-,-,-,40.00/Kg,50.00/Kg,220.0,Kirinyaga,2026-05-01
Ngurubani Market,Pumpkin,-,-,-,30.00/Kg,40.00/Kg,1650.0,Kirinyaga,2026-05-01
Ngurubani Market,Kales/Sukuma Wiki,-,-,-,20.00/Kg,30.00/Kg,1250.0,Kirinyaga,2026-05-01
Ngurubani Market,Green Maize,-,-,-,40.00/Kg,60.00/Kg,2150.0,Kirinyaga,2026-05-01
Ngurubani Market,French beans,-,-,-,60.00/Kg,80.00/Kg,350.0,Kirinyaga,2026-05-01
Ngurubani Market,Fresh Peas,On pods,-,-,150.00/Kg,170.00/Kg,1500.0,Kirinyaga,2026-05-01
Ngurubani Market,Egg plant (Brinjals),-,-,-,50.00/Kg,80.00/Kg,45.0,Kirinyaga,2026-05-01
Ngurubani Market,Dry Onions,-,-,-,80.00/Kg,120.00/Kg,6500.0,Kirinyaga,2026-05-01
Ngurubani Market,Cucumber,-,-,-,70.00/Kg,100.00/Kg,100.0,Kirinyaga,2026-05-01
Ngurubani Market,Courgette,-,-,-,70.00/Kg,100.00/Kg,180.0,Kirinyaga,2026-05-01
Ngurubani Market,Coriander (Dhania),-,-,-,50.00/Kg,80.00/Kg,220.0,Kirinyaga,2026-05-01
Ngurubani Market,Chillies,-,-,-,50.00/Kg,70.00/Kg,210.0,Kirinyaga,2026-05-01
Ngurubani Market,Carrots,-,-,-,40.00/Kg,70.00/Kg,2250.0,Kirinyaga,2026-05-01
Ngurubani Market,Capsicums,-,-,-,40.00/Kg,60.00/Kg,420.0,Kirinyaga,2026-05-01
Ngurubani Market,Cabbages,-,-,-,20.00/Kg,25.00/Kg,22500.0,Kirinyaga,2026-05-01
Ngurubani Market,Butternuts,-,-,-,35.00/Kg,45.00/Kg,1850.0,Kirinyaga,2026-05-01
Ngurubani Market,Banana (Cooking),-,-,-,25.00/Kg,35.00/Kg,2258.0,Kirinyaga,2026-05-01
Ngurubani Market,Fertilizer,NPK,-,-,92.00/Kg,110.00/Kg,220000.0,Kirinyaga,2026-05-01
Ngurubani Market,Fertilizer,DAP,-,-,136.00/Kg,140.00/Kg,142000.0,Kirinyaga,2026-05-01
Ngurubani Market,Fertilizer,CAN,-,-,66.00/Kg,80.00/Kg,52000.0,Kirinyaga,2026-05-01
Ndanai Market,Eggs,Indigenous /Kenyeji,-,-,540.00/Tray(30),600.00/Tray(30),15000.0,Bomet,2026-05-01
Ndanai Market,Chicken,Indigenous,-,Male,600.00/Head,-,1200.0,Bomet,2026-05-01
Ndanai Market,Chicken,Improved Kienyeji,-,Male,1000.00/Head,-,1500.0,Bomet,2026-05-01
Ndanai Market,Water Melon,-,-,-,90.00/Kg,120.00/Kg,6000.0,Bomet,2026-05-01
Ndanai Market,Oranges,-,-,-,59.09/Kg,100.00/Kg,7000.0,Bomet,2026-05-01
Ndanai Market,Mangoes,Improved,-,-,24.00/Kg,50.00/Kg,8000.0,Bomet,2026-05-01
Ndanai Market,Banana (Ripening),-,-,-,20.00/Kg,50.00/Kg,10000.0,Bomet,2026-05-01
Ndanai Market,Banana (Ripening),-,-,-,20.00/Kg,50.00/Kg,10000.0,Bomet,2026-05-01
Ndanai Market,Dry Maize,White Maize,-,-,48.89/Kg,140.00/Kg,36000.0,Bomet,2026-05-01
Ndanai Market,Spider flower (Saga),-,-,-,60.00/Kg,100.00/Kg,2500.0,Bomet,2026-05-01
Ndanai Market,Black nightshade (Managu/ Osuga),-,-,-,60.00/Kg,100.00/Kg,3500.0,Bomet,2026-05-01
Ndanai Market,Tomatoes,-,-,-,75.00/Kg,100.00/Kg,12800.0,Bomet,2026-05-01
Ndanai Market,Kales/Sukuma Wiki,-,-,-,9.44/Kg,20.00/Kg,3600.0,Bomet,2026-05-01
Ndanai Market,Dry Onions,-,-,-,75.00/Kg,1000.00/Kg,8000.0,Bomet,2026-05-01
Ndanai Market,Cabbages,-,-,-,10.00/Kg,20.00/Kg,12000.0,Bomet,2026-05-01
Ndanai Market,Beans Rosecoco,-,-,-,133.33/Kg,175.00/Kg,9000.0,Bomet,2026-05-01
Kerugoya,White Irish Potatoes,-,-,-,40.00/Kg,75.00/Kg,2300.0,Kirinyaga,2026-05-01
Kerugoya,Water Melon,-,-,-,30.00/Kg,45.00/Kg,300.0,Kirinyaga,2026-05-01
Kerugoya,Tree tomato,-,-,-,100.00/Kg,200.00/Kg,250.0,Kirinyaga,2026-05-01
Kerugoya,Thorn melon,-,-,-,30.00/Kg,60.00/Kg,160.0,Kirinyaga,2026-05-01
Kerugoya,Passion Fruits,-,-,-,170.00/Kg,240.00/Kg,300.0,Kirinyaga,2026-05-01
Kerugoya,Oranges,-,-,-,60.00/Kg,120.00/Kg,300.0,Kirinyaga,2026-05-01
Kerugoya,Banana (Ripening),-,-,-,25.00/Kg,50.00/Kg,300.0,Kirinyaga,2026-05-01
Kerugoya,Rice,Pishori,-,-,160.00/Kg,180.00/Kg,2250.0,Kirinyaga,2026-05-01
Kerugoya,Tomatoes,-,-,-,45.00/Kg,80.00/Kg,1500.0,Kirinyaga,2026-05-01
Kerugoya,Pumpkin,-,-,-,40.00/Kg,80.00/Kg,200.0,Kirinyaga,2026-05-01
Kerugoya,Kales/Sukuma Wiki,-,-,-,20.00/Kg,35.00/Kg,230.0,Kirinyaga,2026-05-01
Kerugoya,Ginger,-,-,-,170.00/Kg,260.00/Kg,200.0,Kirinyaga,2026-05-01
Kerugoya,Ginger,-,-,-,170.00/Kg,260.00/Kg,200.0,Kirinyaga,2026-05-01
Kerugoya,Fresh Peas,On pods,-,-,90.00/Kg,140.00/Kg,400.0,Kirinyaga,2026-05-01
Kerugoya,Dry Onions,-,-,-,75.00/Kg,140.00/Kg,2300.0,Kirinyaga,2026-05-01
Kerugoya,Courgette,-,-,-,80.00/Kg,150.00/Kg,300.0,Kirinyaga,2026-05-01
Kerugoya,Carrots,-,-,-,35.00/Kg,70.00/Kg,480.0,Kirinyaga,2026-05-01
Kerugoya,Capsicums,-,-,-,50.00/Kg,100.00/Kg,250.0,Kirinyaga,2026-05-01
Kerugoya,Capsicums,-,-,-,50.00/Kg,100.00/Kg,250.0,Kirinyaga,2026-05-01
Kerugoya,Cabbages,-,-,-,15.00/Kg,25.00/Kg,350.0,Kirinyaga,2026-05-01
Kerugoya,Butternuts,-,-,-,45.00/Kg,90.00/Kg,180.0,Kirinyaga,2026-05-01
Kerugoya,Banana (Cooking),-,-,-,18.00/Kg,35.00/Kg,780.0,Kirinyaga,2026-05-01
Kerugoya,Pigeon peas,-,-,-,120.00/Kg,150.00/Kg,2350.0,Kirinyaga,2026-05-01
Kerugoya,Mixed Beans,-,-,-,100.00/Kg,140.00/Kg,1150.0,Kirinyaga,2026-05-01
Kerugoya,Lentils,-,-,-,275.00/Kg,330.00/Kg,1250.0,Kirinyaga,2026-05-01
Kerugoya,Ground Nuts,Large Brown,-,-,270.00/Kg,320.00/Kg,800.0,Kirinyaga,2026-05-01
Kerugoya,Green Grams,Makueni,-,-,125.00/Kg,165.00/Kg,1600.0,Kirinyaga,2026-05-01
Kerugoya,Green Grams,Local-Special,-,-,140.00/Kg,180.00/Kg,1550.0,Kirinyaga,2026-05-01
Kerugoya,Green Grams,Hybrid/ polished,-,-,140.00/Kg,185.00/Kg,1400.0,Kirinyaga,2026-05-01
Kerugoya,Dry Peas,-,-,-,175.00/Kg,220.00/Kg,500.0,Kirinyaga,2026-05-01
Kerugoya,Dolichos lablab (Njahi),-,-,-,95.00/Kg,130.00/Kg,1650.0,Kirinyaga,2026-05-01
Kerugoya,Cowpeas,-,-,-,120.00/Kg,150.00/Kg,2200.0,Kirinyaga,2026-05-01
Kerugoya,Beans Rosecoco (Nyayo),-,-,-,145.00/Kg,190.00/Kg,2500.0,Kirinyaga,2026-05-01
Kerugoya,Beans Rosecoco,-,-,-,140.00/Kg,180.00/Kg,2450.0,Kirinyaga,2026-05-01
Kerugoya,Beans Red Haricot (Wairimu),-,-,-,120.00/Kg,150.00/Kg,2650.0,Kirinyaga,2026-05-01
Kerugoya,Beans (Yellow-Green),-,-,-,145.00/Kg,150.00/Kg,1650.0,Kirinyaga,2026-05-01
Kerugoya,Beans (Mwitemania),-,-,-,135.00/Kg,175.00/Kg,2350.0,Kirinyaga,2026-05-01
Kerugoya,Beans (Mwezi Moja),-,-,-,120.00/Kg,160.00/Kg,2600.0,Kirinyaga,2026-05-01
Kerugoya,Beans (Canadian wonder),-,-,-,120.00/Kg,160.00/Kg,2500.0,Kirinyaga,2026-05-01
Gakoromone,Tomatoes,-,-,-,80.00/Kg,100.00/Kg,24000.0,Meru,2026-05-01
Gakoromone,Spinach,-,-,-,35.00/Kg,40.00/Kg,3500.0,Meru,2026-05-01
Gakoromone,Pumpkin,-,-,-,50.00/Kg,60.00/Kg,1000.0,Meru,2026-05-01
Gakoromone,Kales/Sukuma Wiki,-,-,-,25.00/Kg,30.00/Kg,4500.0,Meru,2026-05-01
Gakoromone,Fresh Peas,On pods,-,-,130.00/Kg,140.00/Kg,1000.0,Meru,2026-05-01
Gakoromone,Dry Onions,-,-,-,100.00/Kg,120.00/Kg,30000.0,Meru,2026-05-01
Gakoromone,Courgette,-,-,-,110.00/Kg,100.00/Kg,1500.0,Meru,2026-05-01
Gakoromone,Carrots,-,-,-,31.43/Kg,35.71/Kg,45000.0,Meru,2026-05-01
Gakoromone,Capsicums,-,-,-,60.00/Kg,70.00/Kg,1000.0,Meru,2026-05-01
Gakoromone,Cabbages,-,-,-,16.67/Kg,55.00/Kg,35000.0,Meru,2026-05-01
Gakoromone,Butternuts,-,-,-,40.00/Kg,45.00/Kg,300.0,Meru,2026-05-01
Gakoromone,Banana (Plantain),-,-,-,18.00/Kg,20.00/Kg,20000.0,Meru,2026-05-01
Gakoromone,Banana (Cooking),-,-,-,18.00/Kg,20.00/Kg,18000.0,Meru,2026-05-01
Gakoromone,White Irish Potatoes,-,-,-,82.86/Kg,85.71/Kg,24000.0,Meru,2026-05-01
Gakoromone,Sweet potatoes,-,-,-,32.86/Kg,35.71/Kg,1000.0,Meru,2026-05-01
Gakoromone,Arrow Root,-,-,-,57.14/Kg,64.29/Kg,3000.0,Meru,2026-05-01
Gakoromone,Water Melon,-,-,-,37.00/Kg,45.00/Kg,35000.0,Meru,2026-05-01
Gakoromone,Thorn melon,-,-,-,20.00/Kg,25.00/Kg,200.0,Meru,2026-05-01
Gakoromone,Pawpaw,-,-,-,80.00/Kg,90.00/Kg,800.0,Meru,2026-05-01
Gakoromone,Oranges,-,-,-,80.00/Kg,100.00/Kg,4000.0,Meru,2026-05-01
Malimili Livestock Market,Sheep,Red Maasai,Grade 2,Male,5500.00/Head,-,8.0,Kakamega,2026-05-01
Malimili Livestock Market,Sheep,Red Maasai,Grade 2,Female,7500.00/Head,-,13.0,Kakamega,2026-05-01
Malimili Livestock Market,Sheep,Red Maasai,Grade 2,Male,7000.00/Head,-,7.0,Kakamega,2026-05-01
Malimili Livestock Market,Goat,Mixed,Grade 2,Female,8000.00/Head,-,9.0,Kakamega,2026-05-01
Malimili Livestock Market,Goat,Mixed,Grade 2,Male,7000.00/Head,-,13.0,Kakamega,2026-05-01
Malimili Livestock Market,Goat,Mixed,Grade 2,Female,11000.00/Head,-,11.0,Kakamega,2026-05-01
Malimili Livestock Market,Goat,Mixed,Grade 2,Male,10000.00/Head,-,10.0,Kakamega,2026-05-01
Malimili Livestock Market,Chicken,Indigenous,-,Female,600.00/Head,-,20.0,Kakamega,2026-05-01
Malimili Livestock Market,Chicken,Indigenous,-,Female,800.00/Head,-,40.0,Kakamega,2026-05-01
Malimili Livestock Market,Chicken,Indigenous,-,Male,800.00/Head,-,30.0,Kakamega,2026-05-01
Malimili Livestock Market,Chicken,Indigenous,-,Male,1050.00/Head,-,40.0,Kakamega,2026-05-01
Malimili Livestock Market,Chicken,Improved Kienyeji,-,Female,600.00/Head,-,20.0,Kakamega,2026-05-01
Malimili Livestock Market,Chicken,Improved Kienyeji,-,Female,850.00/Head,-,30.0,Kakamega,2026-05-01
Malimili Livestock Market,Chicken,Improved Kienyeji,-,Male,900.00/Head,-,30.0,Kakamega,2026-05-01
Malimili Livestock Market,Chicken,Improved Kienyeji,-,Male,1100.00/Head,-,20.0,Kakamega,2026-05-01
Malimili Livestock Market,Cattle,Mixed,Grade 3,Female,30000.00/Head,-,22.0,Kakamega,2026-05-01
Malimili Livestock Market,Cattle,Mixed,Grade 3,Female,42000.00/Head,-,14.0,Kakamega,2026-05-01
Malimili Livestock Market,Cattle,Mixed,Grade 3,Female,60000.00/Head,-,18.0,Kakamega,2026-05-01
Malimili Livestock Market,Cattle,Mixed,Grade 3,Male,27000.00/Head,-,26.0,Kakamega,2026-05-01
Malimili Livestock Market,Cattle,Mixed,Grade 3,Male,37000.00/Head,-,15.0,Kakamega,2026-05-01
Malimili Livestock Market,Cattle,Mixed,Grade 3,Male,60000.00/Head,-,10.0,Kakamega,2026-05-01
Malimili Livestock Market,Cattle,Ayrshire,Grade 3,Female,35000.00/Head,-,20.0,Kakamega,2026-05-01
Malimili Livestock Market,Cattle,Ayrshire,Grade 3,Female,55000.00/Head,-,16.0,Kakamega,2026-05-01
Malimili Livestock Market,Cattle,Ayrshire,Grade 3,Female,70000.00/Head,-,12.0,Kakamega,2026-05-01
Malimili Livestock Market,Cattle,Ayrshire,Grade 3,Male,30000.00/Head,-,16.0,Kakamega,2026-05-01
Malimili Livestock Market,Cattle,Ayrshire,Grade 3,Male,50000.00/Head,-,11.0,Kakamega,2026-05-01
Malimili Livestock Market,Cattle,Ayrshire,Grade 3,Male,65000.00/Head,-,8.0,Kakamega,2026-05-01
Mumias,Tilapia,Dried,-,-,-,416.67/Kg,,Kakamega,2026-05-01
Mumias,Omena,Dried,-,-,-,521.74/Kg,,Kakamega,2026-05-01
Mumias,Nile Perch,Smoked,-,-,-,358.97/Kg,,Kakamega,2026-05-01
Mumias,White Irish Potatoes,-,-,-,-,92.00/Kg,,Kakamega,2026-05-01
Mumias,Sweet potatoes,-,-,-,-,32.26/Kg,,Kakamega,2026-05-01
Mumias,Red Irish potato,-,-,-,-,84.00/Kg,,Kakamega,2026-05-01
Mumias,Cassava Fresh,-,-,-,-,71.43/Kg,,Kakamega,2026-05-01
Mumias,Cassava Chips (dry),-,-,-,-,66.67/Kg,,Kakamega,2026-05-01
Mumias,Arrow Root,-,-,-,-,76.92/Kg,,Kakamega,2026-05-01
Mumias,Water Melon,-,-,-,-,93.75/Kg,,Kakamega,2026-05-01
Mumias,Pineapples,-,-,-,-,83.33/Kg,,Kakamega,2026-05-01
Mumias,Passion Fruits,-,-,-,-,238.10/Kg,,Kakamega,2026-05-01
Mumias,Pawpaw,-,-,-,-,80.65/Kg,,Kakamega,2026-05-01
Mumias,Oranges,-,-,-,-,90.91/Kg,,Kakamega,2026-05-01
Mumias,Mangoes,Improved,-,-,-,55.56/Kg,,Kakamega,2026-05-01
Mumias,Lemons,-,-,-,-,64.52/Kg,,Kakamega,2026-05-01
Mumias,Grapes,Black-Dark,-,-,-,760.00/Kg,,Kakamega,2026-05-01
Mumias,Banana (Ripening),-,-,-,-,162.60/Kg,,Kakamega,2026-05-01
Mumias,Avocado,Local,-,-,-,53.57/Kg,,Kakamega,2026-05-01
Mumias,Apples,-,-,-,-,250.00/Kg,,Kakamega,2026-05-01
Mumias,White Sorghum,-,-,-,-,72.73/kg,,Kakamega,2026-05-01
Mumias,Wheat Flour,Soko All Purpose HBF,-,-,-,85.00/Kg,,Kakamega,2026-05-01
Mumias,Wheat Flour,Pembe All Purpose HBF,-,-,-,87.50/Kg,,Kakamega,2026-05-01
Mumias,Wheat Flour,Tropicana HBF,-,-,-,85.00/Kg,,Kakamega,2026-05-01
Mumias,Wheat Flour,Exe Mandazi Fortified Wheat Flour,-,-,-,95.00/Kg,,Kakamega,2026-05-01
Mumias,Wheat Flour,Exe Chapati fortified wheat flour,-,-,-,90.00/Kg,,Kakamega,2026-05-01
Mumias,Wheat Flour,Exe All purpose fortified wheat flour,-,-,-,87.50/Kg,,Kakamega,2026-05-01
Mumias,Wheat Flour,Ajab fortigied Home Baking flour,-,-,-,85.00/Kg,,Kakamega,2026-05-01
Mumias,Rice,Pishori,-,-,-,315.00/Kg,,Kakamega,2026-05-01
Mumias,Red Sorghum,-,-,-,-,71.43/Kg,,Kakamega,2026-05-01
Mumias,Red Sorghum,-,-,-,-,68.18/Kg,,Kakamega,2026-05-01
Mumias,Maize Flour,Soko,-,-,-,82.50/Kg,,Kakamega,2026-05-01
Mumias,Maize Flour,Posho Mill,-,-,-,68.18/Kg,,Kakamega,2026-05-01
Mumias,Maize Flour,Jembe,-,-,-,70.00/Kg,,Kakamega,2026-05-01
Mumias,Maize Flour,Jogoo wimbi,-,-,-,145.00/Kg,,Kakamega,2026-05-01
Mumias,Maize Flour,Jogoo,-,-,-,82.50/Kg,,Kakamega,2026-05-01
Mumias,Maize Flour,Hostess,-,-,-,95.00/Kg,,Kakamega,2026-05-01
Mumias,Maize Flour,Amaize,-,-,-,105.00/Kg,,Kakamega,2026-05-01
Mumias,Finger Millet,-,-,-,-,166.67/Kg,,Kakamega,2026-05-01
Mumias,Dry Maize,White Maize,-,-,-,59.09/Kg,,Kakamega,2026-05-01
Mumias,Spider flower (Saga),-,-,-,-,78.95/Kg,,Kakamega,2026-05-01
Mumias,Pumpkin Leaves,-,-,-,-,117.65/Kg,,Kakamega,2026-05-01
Mumias,Jute Plant (Murenda),-,-,-,-,76.92/Kg,,Kakamega,2026-05-01
Mumias,Indigenous Crotolaria (Mito/Miro),-,-,-,-,58.82/Kg,,Kakamega,2026-05-01
Mumias,Ethiopian Kales -Kanzira,-,-,-,-,100.00/Kg,,Kakamega,2026-05-01
Mumias,Cowpea leaves (Kunde),-,-,-,-,57.69/Kg,,Kakamega,2026-05-01
Mumias,Black nightshade (Managu/ Osuga),-,-,-,-,111.11/Kg,,Kakamega,2026-05-01
Mumias,Amaranthus (Terere),-,-,-,-,114.29/Kg,,Kakamega,2026-05-01
Mumias,Tomatoes,-,-,-,-,116.28/Kg,,Kakamega,2026-05-01
Mumias,Spring Onions,-,-,-,-,156.25/Kg,,Kakamega,2026-05-01
Mumias,Spinach,-,-,-,-,65.22/Kg,,Kakamega,2026-05-01
Mumias,Pumpkin,-,-,-,-,71.43/Kg,,Kakamega,2026-05-01
Mumias,Kales/Sukuma Wiki,-,-,-,-,58.82/Kg,,Kakamega,2026-05-01
Mumias,Ginger,-,-,-,-,250.00/Kg,,Kakamega,2026-05-01
Mumias,Garlic,-,-,-,-,48.39/Kg,,Kakamega,2026-05-01
Mumias,Fresh Peas,On pods,-,-,-,120.00/Kg,,Kakamega,2026-05-01
Mumias,Egg plant (Brinjals),-,-,-,-,125.00/Kg,,Kakamega,2026-05-01
Mumias,Dry Onions,-,-,-,-,142.86/Kg,,Kakamega,2026-05-01
Mumias,Cucumber,-,-,-,-,217.39/Kg,,Kakamega,2026-05-01
Mumias,Coriander (Dhania),-,-,-,-,217.39/Kg,,Kakamega,2026-05-01
Mumias,Chillies,-,-,-,-,125.00/Kg,,Kakamega,2026-05-01
Mumias,Carrots,-,-,-,-,119.05/Kg,,Kakamega,2026-05-01
Mumias,Capsicums,-,-,-,-,121.95/Kg,,Kakamega,2026-05-01
Mumias,Cabbages,-,-,-,-,23.81/Kg,,Kakamega,2026-05-01
Mumias,Butternuts,-,-,-,-,322.58/Kg,,Kakamega,2026-05-01
Mumias,Banana (Plantain),-,-,-,-,52.63/Kg,,Kakamega,2026-05-01
Mumias,Banana (Cooking),-,-,-,-,28.99/Kg,,Kakamega,2026-05-01
Mumias,Njugu Mawe,-,-,-,-,522.73/Kg,,Kakamega,2026-05-01
Mumias,Mixed Beans,-,-,-,-,113.64/Kg,,Kakamega,2026-05-01
Mumias,Lentils,-,-,-,-,460.00/Kg,,Kakamega,2026-05-01
Mumias,Ground Nuts,Small Red,-,-,-,285.71/Kg,,Kakamega,2026-05-01
Mumias,Ground Nuts,Large Brown,-,-,-,300.00/Kg,,Kakamega,2026-05-01
Mumias,Green Grams,Local-Special,-,-,-,156.52/Kg,,Kakamega,2026-05-01
Mumias,Green Grams,Hybrid/ polished,-,-,-,210.00/Kg,,Kakamega,2026-05-01
Mumias,Dry Peas,-,-,-,-,280.00/Kg,,Kakamega,2026-05-01
Mumias,Dolichos lablab (Njahi),-,-,-,-,320.00/Kg,,Kakamega,2026-05-01
Mumias,Cowpeas,-,-,-,-,156.52/Kg,,Kakamega,2026-05-01
Mumias,Beans Rosecoco,-,-,-,-,173.91/Kg,,Kakamega,2026-05-01
Mumias,Beans Red Haricot (Wairimu),-,-,-,-,125.00/Kg,,Kakamega,2026-05-01
Mumias,Beans (Yellow-Green),-,-,-,-,173.91/Kg,,Kakamega,2026-05-01
Mumias,Beans (Mwitemania),-,-,-,-,159.09/Kg,,Kakamega,2026-05-01
Mumias,Beans (Mwezi Moja),-,-,-,-,136.36/Kg,,Kakamega,2026-05-01
Mumias,Beans (Canadian wonder),-,-,-,-,173.91/Kg,,Kakamega,2026-05-01
Mumias,Coconut,-,-,-,-,125.00/Kg,,Kakamega,2026-05-01
Mumias,Fertilizer,Urea,-,-,-,106.00/Kg,,Kakamega,2026-05-01
Mumias,Fertilizer,NPK,-,-,-,114.00/Kg,,Kakamega,2026-05-01
Mumias,Fertilizer,DAP,-,-,-,116.00/Kg,,Kakamega,2026-05-01
Mumias,Fertilizer,CAN,-,-,-,96.00/Kg,,Kakamega,2026-05-01
Katito,Meat Chevon,-,-,-,-,750.00/Kg,3500.0,Kisumu,2026-04-30
Katito,Meat Beef,-,-,-,-,700.00/Kg,7500.0,Kisumu,2026-04-30
Katito,Honey,Crude,-,-,-,1000.00/Kg,1500.0,Kisumu,2026-04-30
Katito,Cow Milk(Processd),-,-,-,120.00/Lt,120.00/Lt,6500.0,Kisumu,2026-04-30
Katito,Cow Milk(At collection point),-,-,-,60.00/Lt,75.00/Lt,1500.0,Kisumu,2026-04-30
Katito,Sheep,Red Maasai,Grade 2,Female,6500.00/Head,-,1200.0,Kisumu,2026-04-30
Katito,Sheep,Red Maasai,Grade 2,Male,6800.00/Head,-,860.0,Kisumu,2026-04-30
Katito,Goat,East African Goat,Grade 2,Male,7200.00/Head,-,1150.0,Kisumu,2026-04-30
Katito,Goat,East African Goat,Grade 2,Male,7800.00/Head,-,1100.0,Kisumu,2026-04-30
Katito,Chicken,Indigenous,-,Female,950.00/Head,-,1200.0,Kisumu,2026-04-30
Katito,Chicken,Indigenous,-,Male,1300.00/Head,-,1600.0,Kisumu,2026-04-30
Katito,Cattle,Zebu,Grade 4,Female,25000.00/Head,-,1200.0,Kisumu,2026-04-30
Katito,Cattle,Zebu,Grade 4,Female,32000.00/Head,-,940.0,Kisumu,2026-04-30
Katito,Cattle,Zebu,Grade 4,Male,38000.00/Head,-,560.0,Kisumu,2026-04-30
Katito,Kales/Sukuma Wiki,-,-,-,46.67/Kg,41.67/Kg,4500.0,Kisumu,2026-04-30
Katito,Cabbages,-,-,-,20.00/Kg,26.67/Kg,2500.0,Kisumu,2026-04-30
Katito,Banana (Cooking),-,-,-,30.56/Kg,38.46/Kg,1500.0,Kisumu,2026-04-30
Katito,Green Grams,Hybrid/ polished,-,-,125.00/Kg,130.43/Kg,2500.0,Kisumu,2026-04-30
Katito,Ground Nuts,Large Brown,-,-,244.44/Kg,239.13/Kg,3500.0,Kisumu,2026-04-30
Katito,Beans Rosecoco,-,-,-,150.00/Kg,152.17/Kg,4500.0,Kisumu,2026-04-30
Katito,Beans (Yellow-Green),-,-,-,150.00/Kg,159.09/Kg,2800.0,Kisumu,2026-04-30
Katito,Maize Flour,Pembe,-,-,-,80.00/Kg,1500.0,Kisumu,2026-04-30
Katito,Wheat Flour,Exe self raising,-,-,-,95.00/Kg,1800.0,Kisumu,2026-04-30
Katito,Wheat Flour,Soko All Purpose HBF,-,-,-,80.00/Kg,,Kisumu,2026-04-30
Katito,Red Sorghum,-,-,-,75.00/Kg,78.26/Kg,3500.0,Kisumu,2026-04-30
Katito,Finger Millet,-,-,-,125.00/Kg,166.67/Kg,2500.0,Kisumu,2026-04-30
Katito,Dry Maize,White Maize,-,-,46.67/Kg,65.22/Kg,7500.0,Kisumu,2026-04-30
Katito,Fertilizer,DAP,-,-,-,120.00/Kg,,Kisumu,2026-04-30
Katito,Fertilizer,CAN,-,-,-,108.00/Kg,3500.0,Kisumu,2026-04-30
Vanga,Octopus (Pweza),Fresh,-,-,420.00/Kg,450.00/Kg,58.0,Kwale,2026-04-30
Vanga,Squid(Ngisi),Fresh,-,-,300.00/Kg,450.00/Kg,150.0,Kwale,2026-04-30
Vanga,Mackerel,Fresh,-,-,250.00/Kg,270.00/Kg,200.0,Kwale,2026-04-30
Vanga,Rabbitfish (Tafi/Tasi),Fresh,-,-,220.00/Kg,250.00/Kg,98.0,Kwale,2026-04-30
Vanga,Scavengers (Changu/Tangu),Fresh,-,-,200.00/Kg,220.00/Kg,28.0,Kwale,2026-04-30
Vanga,Wolf Herrings,Fresh,-,-,180.00/Piece,200.00/Piece,48.0,Kwale,2026-04-30
Vanga,Tuna,Fresh,-,-,250.00/Kg,300.00/Kg,85.0,Kwale,2026-04-30
Kinango,Omena,Dried,-,-,485.71/Kg,550.00/Kg,1750.0,Kwale,2026-04-30
Kinango,White Irish Potatoes,-,-,-,63.16/Kg,100.00/Kg,2500.0,Kwale,2026-04-30
Kinango,Oranges,-,-,-,40.00/Kg,60.00/Kg,1500.0,Kwale,2026-04-30
Kinango,Mangoes,Local,-,-,55.00/Kg,100.00/Kg,6000.0,Kwale,2026-04-30
Kinango,Lemons,-,-,-,45.00/Kg,70.00/Kg,700.0,Kwale,2026-04-30
Kinango,Banana (Ripening),-,-,-,45.00/Kg,65.00/Kg,2000.0,Kwale,2026-04-30
Kinango,Avocado,Local,-,-,60.00/Kg,100.00/Kg,800.0,Kwale,2026-04-30
Kinango,Black nightshade (Managu/ Osuga),-,-,-,48.00/Kg,70.00/Kg,500.0,Kwale,2026-04-30
Kinango,Amaranthus (Terere),-,-,-,38.00/Kg,60.00/Kg,1300.0,Kwale,2026-04-30
Kinango,Tomatoes,-,-,-,133.33/Kg,170.00/Kg,4000.0,Kwale,2026-04-30
Kinango,Kales/Sukuma Wiki,-,-,-,38.00/Kg,65.00/Kg,1600.0,Kwale,2026-04-30
Kinango,Green Maize,-,-,-,48.00/Kg,70.00/Kg,1200.0,Kwale,2026-04-30
Kinango,Ginger,-,-,-,190.00/Kg,250.00/Kg,250.0,Kwale,2026-04-30
Kinango,Garlic,-,-,-,450.00/Kg,550.00/Kg,300.0,Kwale,2026-04-30
Kinango,Egg plant (Brinjals),-,-,-,70.00/Kg,120.00/Kg,700.0,Kwale,2026-04-30
Kinango,Dry Onions,-,-,-,125.00/Kg,200.00/Kg,1200.0,Kwale,2026-04-30
Kinango,Coriander (Dhania),-,-,-,80.00/Kg,120.00/Kg,150.0,Kwale,2026-04-30
Kinango,Chillies,-,-,-,130.00/Kg,170.00/Kg,150.0,Kwale,2026-04-30
Kinango,Carrots,-,-,-,65.00/Kg,100.00/Kg,400.0,Kwale,2026-04-30
Kinango,Capsicums,-,-,-,95.00/Kg,150.00/Kg,600.0,Kwale,2026-04-30
Kinango,Cabbages,-,-,-,23.33/Kg,40.00/Kg,2000.0,Kwale,2026-04-30
Kinango,Banana (Cooking),-,-,-,45.00/Kg,65.00/Kg,600.0,Kwale,2026-04-30
Kawangware,Lentils,-,-,-,220.00/Kg,250.00/Kg,,Nairobi,2026-04-30
Kawangware,Pigeon peas,-,-,-,100.00/Kg,115.00/Kg,,Nairobi,2026-04-30
Kawangware,Green Grams,Makueni,-,-,155.00/Kg,170.00/Kg,,Nairobi,2026-04-30
Kawangware,Beans Red Haricot (Wairimu),-,-,-,100.00/Kg,110.00/Kg,,Nairobi,2026-04-30
Kawangware,Dolichos lablab (Njahi),-,-,-,75.00/Kg,85.00/Kg,,Nairobi,2026-04-30
Kawangware,Cowpeas,-,-,-,90.00/Kg,120.00/Kg,,Nairobi,2026-04-30
Kawangware,Beans Rosecoco (Nyayo),-,-,-,110.00/Kg,125.00/Kg,,Nairobi,2026-04-30
Kawangware,Beans Rosecoco,-,-,-,115.00/Kg,125.00/Kg,,Nairobi,2026-04-30
Kawangware,Beans (Yellow-Green),-,-,-,110.00/Kg,125.00/Kg,,Nairobi,2026-04-30
Kawangware,Beans (Mwitemania),-,-,-,90.00/Kg,100.00/Kg,,Nairobi,2026-04-30
Kawangware,Rice,Pishori,-,-,160.00/Kg,180.00/Kg,,Nairobi,2026-04-30
Kawangware,Pearl Rush Millet,-,-,-,122.22/Kg,120.00/Kg,,Nairobi,2026-04-30
Kawangware,Finger Millet,-,-,-,54.00/Kg,90.00/Kg,,Nairobi,2026-04-30
Kawangware,Dry Maize,White Maize,-,-,55.00/Kg,65.00/Kg,,Nairobi,2026-04-30
Kutus,White Sorghum,-,-,-,77.00/kg,120.00/kg,,Kirinyaga,2026-04-30
Kutus,Paddy Rice,Pishori,-,-,76.00/Kg,78.00/Kg,,Kirinyaga,2026-04-30
Kutus,Red Sorghum,-,-,-,77.00/Kg,120.00/Kg,,Kirinyaga,2026-04-30
Kutus,Dry Maize,Mixed-Traditional,-,-,50.00/Kg,65.00/Kg,,Kirinyaga,2026-04-30
Lubao Livestock Market,Sheep,Red Maasai,Grade 2,Female,8000.00/Head,-,50.0,Kakamega,2026-04-30
Lubao Livestock Market,Sheep,Red Maasai,Grade 2,Male,9000.00/Head,-,80.0,Kakamega,2026-04-30
Lubao Livestock Market,Goat,East African Goat,Grade 2,Female,7500.00/Head,-,70.0,Kakamega,2026-04-30
Lubao Livestock Market,Goat,East African Goat,Grade 2,Male,9000.00/Head,-,120.0,Kakamega,2026-04-30
Lubao Livestock Market,Chicken,Improved Kienyeji,-,Female,700.00/Head,-,100.0,Kakamega,2026-04-30
Lubao Livestock Market,Chicken,Improved Kienyeji,-,Male,800.00/Head,-,150.0,Kakamega,2026-04-30
Lubao Livestock Market,Chicken,Improved Kienyeji,-,Female,800.00/Head,-,200.0,Kakamega,2026-04-30
Lubao Livestock Market,Chicken,Improved Kienyeji,-,Male,1000.00/Head,-,300.0,Kakamega,2026-04-30
Lubao Livestock Market,Cattle,Mixed,Grade 2,Female,25000.00/Head,-,50.0,Kakamega,2026-04-30
Lubao Livestock Market,Cattle,Mixed,Grade 2,Male,30000.00/Head,-,50.0,Kakamega,2026-04-30
Lubao Livestock Market,Cattle,Mixed,Grade 2,Female,-,-,40000.0,Kakamega,2026-04-30
Lubao Livestock Market,Cattle,Mixed,Grade 2,Male,50000.00/Head,-,100.0,Kakamega,2026-04-30
Lubao Livestock Market,Cattle,Mixed,Grade 2,Female,75000.00/Head,-,150.0,Kakamega,2026-04-30
Lubao Livestock Market,Cattle,Mixed,Grade 2,Male,80000.00/Head,-,150.0,Kakamega,2026-04-30
Kutus,Pork,-,-,-,500.00/Kg,650.00/Kg,,Kirinyaga,2026-04-30
Kutus,Meat Beef,-,-,-,650.00/Kg,700.00/Kg,,Kirinyaga,2026-04-30
Kutus,White Irish Potatoes,-,-,-,60.00/Kg,65.00/Kg,5500.0,Kirinyaga,2026-04-30
Kutus,Cassava Fresh,-,-,-,35.00/Kg,50.00/Kg,,Kirinyaga,2026-04-30
Kutus,Cassava Chips (dry),-,-,-,125.00/Kg,150.00/Kg,,Kirinyaga,2026-04-30
Kutus,Arrow Root,-,-,-,70.00/Kg,100.00/Kg,350.0,Kirinyaga,2026-04-30
Kutus,Avocado,Local,-,-,30.00/Kg,50.00/Kg,2500.0,Kirinyaga,2026-04-30
Kutus,Banana (Ripening),-,-,-,15.00/Kg,20.00/Kg,8400.0,Kirinyaga,2026-04-30
Kutus,Oranges,-,-,-,40.00/Kg,60.00/Kg,1200.0,Kirinyaga,2026-04-30
Kutus,Passion Fruits,-,-,-,160.00/Kg,200.00/Kg,250.0,Kirinyaga,2026-04-30
Kutus,Tree tomato,-,-,-,80.00/Kg,130.00/Kg,300.0,Kirinyaga,2026-04-30
Kutus,Water Melon,-,-,-,25.00/Kg,30.00/Kg,2000.0,Kirinyaga,2026-04-30
Kutus,Pumpkin Leaves,-,-,-,30.00/Kg,40.00/Kg,,Kirinyaga,2026-04-30
Kutus,Cowpea leaves (Kunde),-,-,-,15.00/Kg,20.00/Kg,100.0,Kirinyaga,2026-04-30
Kutus,Black nightshade (Managu/ Osuga),-,-,-,30.00/Kg,40.00/Kg,200.0,Kirinyaga,2026-04-30
Kutus,Amaranthus (Terere),-,-,-,15.00/Kg,25.00/Kg,300.0,Kirinyaga,2026-04-30
Kutus,Banana (Cooking),-,-,-,15.00/Kg,20.00/Kg,,Kirinyaga,2026-04-30
Kutus,Banana (Plantain),-,-,-,60.00/Kg,90.00/Kg,2500.0,Kirinyaga,2026-04-30
Kutus,Butternuts,-,-,-,40.00/Kg,50.00/Kg,1500.0,Kirinyaga,2026-04-30
Kutus,Cabbages,-,-,-,20.00/Kg,25.00/Kg,7500.0,Kirinyaga,2026-04-30
Kutus,Capsicums,-,-,-,60.00/Kg,80.00/Kg,350.0,Kirinyaga,2026-04-30
Diani Market,Dry Onions,-,-,-,120.00/Kg,140.00/Kg,5000.0,Kwale,2026-04-30
Diani Market,Kales/Sukuma Wiki,-,-,-,50.00/Kg,70.00/Kg,600.0,Kwale,2026-04-30
Diani Market,Spinach,-,-,-,60.00/Kg,80.00/Kg,550.0,Kwale,2026-04-30
Diani Market,Tomatoes,-,-,-,80.00/Kg,100.00/Kg,6000.0,Kwale,2026-04-30
Kutus,Carrots,-,-,-,40.00/Kg,50.00/Kg,3600.0,Kirinyaga,2026-04-30
Kutus,Chillies,-,-,-,120.00/Kg,150.00/Kg,,Kirinyaga,2026-04-30
Kutus,Coriander (Dhania),-,-,-,70.00/Kg,120.00/Kg,120.0,Kirinyaga,2026-04-30
Kutus,Courgette,-,-,-,100.00/Kg,120.00/Kg,300.0,Kirinyaga,2026-04-30
Kutus,Cucumber,-,-,-,80.00/Kg,100.00/Kg,400.0,Kirinyaga,2026-04-30
Kutus,Dry Onions,-,-,-,120.00/Kg,150.00/Kg,5500.0,Kirinyaga,2026-04-30
Kutus,Egg plant (Brinjals),-,-,-,30.00/Kg,50.00/Kg,480.0,Kirinyaga,2026-04-30
Kutus,French beans,-,-,-,60.00/Kg,80.00/Kg,150.0,Kirinyaga,2026-04-30
Kutus,Fresh Peas,On pods,-,-,130.00/Kg,150.00/Kg,1000.0,Kirinyaga,2026-04-30
Kutus,Ginger,-,-,-,150.00/Kg,220.00/Kg,,Kirinyaga,2026-04-30
Kutus,Garlic,-,-,-,300.00/Kg,400.00/Kg,,Kirinyaga,2026-04-30
Kutus,Garlic,-,-,-,150.00/Kg,220.00/Kg,200.0,Kirinyaga,2026-04-30
Kutus,Green Maize,-,-,-,40.00/Kg,50.00/Kg,1500.0,Kirinyaga,2026-04-30
Kutus,Kales/Sukuma Wiki,-,-,-,10.00/Kg,20.00/Kg,1200.0,Kirinyaga,2026-04-30
Kutus,Okra (Lady's fingers or Gumbo),-,-,-,-,150.00/Kg,20.0,Kirinyaga,2026-04-30
Kutus,Pumpkin,-,-,-,30.00/Kg,50.00/Kg,800.0,Kirinyaga,2026-04-30
Kutus,Spinach,-,-,-,30.00/Kg,50.00/Kg,550.0,Kirinyaga,2026-04-30
Kutus,Spring Onions,-,-,-,90.00/Kg,120.00/Kg,500.0,Kirinyaga,2026-04-30
Kutus,Tomatoes,-,-,-,71.43/Kg,85.71/Kg,3500.0,Kirinyaga,2026-04-30
Kipkaren,Water Melon,-,-,-,200.00/Kg,300.00/Kg,200.0,Kakamega,2026-04-30
Kipkaren,Mangoes,Local,-,-,35.00/Kg,60.00/Kg,100.0,Kakamega,2026-04-30
Kipkaren,Avocado,Local,-,-,30.00/Kg,50.00/Kg,500.0,Kakamega,2026-04-30
Kipkaren,Red Sorghum,-,-,-,130.00/Kg,150.00/Kg,500.0,Kakamega,2026-04-30
Kipkaren,Dry Maize,White Maize,-,-,50.00/Kg,70.00/Kg,10000.0,Kakamega,2026-04-30
Kipkaren,Pumpkin Leaves,-,-,-,100.00/Kg,150.00/Kg,100.0,Kakamega,2026-04-30
Kipkaren,Jute Plant (Murenda),-,-,-,75.00/Kg,100.00/Kg,108.0,Kakamega,2026-04-30
Kipkaren,Cowpea leaves (Kunde),-,-,-,75.00/Kg,100.00/Kg,100.0,Kakamega,2026-04-30
Kipkaren,Amaranthus (Terere),-,-,-,120.00/Kg,150.00/Kg,100.0,Kakamega,2026-04-30
Kipkaren,Green Grams,Local-Special,-,-,100.00/Kg,130.00/Kg,3000.0,Kakamega,2026-04-30
Kipkaren,Beans Rosecoco,-,-,-,80.00/Kg,100.00/Kg,10000.0,Kakamega,2026-04-30
Kipkaren,Beans (Canadian wonder),-,-,-,75.00/Kg,100.00/Kg,5000.0,Kakamega,2026-04-30
Kipkaren,Fertilizer,CAN,-,-,50.00/Kg,70.00/Kg,10000.0,Kakamega,2026-04-30
Makutano Embu,Beans (Mwitemania),-,-,-,90.00/Kg,125.00/Kg,,Embu,2026-04-29
Makutano Embu,Beans (Yellow-Green),-,-,-,120.00/Kg,175.00/Kg,,Embu,2026-04-29
Makutano Embu,Beans Red Haricot (Wairimu),-,-,-,100.00/Kg,140.00/Kg,,Embu,2026-04-29
Makutano Embu,Beans Rosecoco (Nyayo),-,-,-,110.00/Kg,150.00/Kg,,Embu,2026-04-29
Makutano Embu,Cowpeas,-,-,-,100.00/Kg,140.00/Kg,,Embu,2026-04-29
Makutano Embu,Dolichos lablab (Njahi),-,-,-,85.00/Kg,100.00/Kg,,Embu,2026-04-29
Makutano Embu,Green Grams,Hybrid/ polished,-,-,100.00/Kg,150.00/Kg,,Embu,2026-04-29
Makutano Embu,Lentils,-,-,-,190.00/Kg,225.00/Kg,,Embu,2026-04-29
Makutano Embu,Mixed Beans,-,-,-,90.00/Kg,115.00/Kg,,Embu,2026-04-29
Makutano Embu,Pigeon peas,-,-,-,70.00/Kg,90.00/Kg,,Embu,2026-04-29
Makutano Embu,Red Sorghum,-,-,-,90.00/Kg,120.00/Kg,,Embu,2026-04-29
Makutano Embu,Rice,Pishori,-,-,150.00/Kg,170.00/Kg,,Embu,2026-04-29
Makutano Embu,Fertilizer,CAN,-,-,90.00/Kg,94.00/Kg,,Embu,2026-04-29
Makutano Embu,Fertilizer,DAP,-,-,122.00/Kg,126.00/Kg,,Embu,2026-04-29
Makutano Embu,Fertilizer,MOP,-,-,76.00/Kg,80.00/Kg,,Embu,2026-04-29
Makutano Embu,Fertilizer,NPK,-,-,76.00/Kg,80.00/Kg,,Embu,2026-04-29
Makutano Embu,Fertilizer,Sulphate of Ammonia,-,-,68.00/Kg,72.00/Kg,,Embu,2026-04-29
Makutano Embu,Tomatoes,-,-,-,125.00/Kg,133.00/Kg,,Embu,2026-04-29
Makutano Embu,Spring Onions,-,-,-,60.00/Kg,80.00/Kg,,Embu,2026-04-29
Makutano Embu,Spinach,-,-,-,40.00/Kg,50.00/Kg,,Embu,2026-04-29
Makutano Embu,Kales/Sukuma Wiki,-,-,-,28.00/Kg,35.00/Kg,,Embu,2026-04-29
Makutano Embu,Green Maize,-,-,-,40.00/Kg,60.00/Kg,,Embu,2026-04-29
Makutano Embu,Ginger,-,-,-,130.00/Kg,160.00/Kg,,Embu,2026-04-29
Makutano Embu,Garlic,-,-,-,300.00/Kg,360.00/Kg,,Embu,2026-04-29
Makutano Embu,French beans,-,-,-,50.00/Kg,80.00/Kg,,Embu,2026-04-29
Makutano Embu,Egg plant (Brinjals),-,-,-,25.00/Kg,40.00/Kg,,Embu,2026-04-29
Makutano Embu,Dry Onions,-,-,-,80.00/Kg,100.00/Kg,,Embu,2026-04-29
Makutano Embu,Carrots,-,-,-,50.00/Kg,70.00/Kg,,Embu,2026-04-29
Makutano Embu,Capsicums,-,-,-,50.00/Kg,70.00/Kg,,Embu,2026-04-29
Makutano Embu,Amaranthus (Terere),-,-,-,30.00/Kg,40.00/Kg,,Embu,2026-04-29
Makutano Embu,Black nightshade (Managu/ Osuga),-,-,-,45.00/Kg,60.00/Kg,,Embu,2026-04-29
Makutano Embu,Cowpea leaves (Kunde),-,-,-,20.00/Kg,30.00/Kg,,Embu,2026-04-29
Makutano Embu,Jute Plant (Murenda),-,-,-,20.00/Kg,30.00/Kg,,Embu,2026-04-29
Makutano Embu,Pumpkin Leaves,-,-,-,40.00/Kg,50.00/Kg,,Embu,2026-04-29
Makutano Embu,Water Melon,-,-,-,20.00/Kg,30.00/Kg,,Embu,2026-04-29
Makutano Embu,Tree tomato,-,-,-,120.00/Kg,160.00/Kg,,Embu,2026-04-29
Makutano Embu,Thorn melon,-,-,-,30.00/Kg,50.00/Kg,,Embu,2026-04-29
Makutano Embu,Pawpaw,-,-,-,25.00/Kg,40.00/Kg,,Embu,2026-04-29
Makutano Embu,Pineapples,-,-,-,90.00/Kg,130.00/Kg,,Embu,2026-04-29
Makutano Embu,Oranges,-,-,-,25.00/Kg,40.00/Kg,,Embu,2026-04-29
Makutano Embu,Lemons,-,-,-,30.00/Kg,40.00/Kg,,Embu,2026-04-29
Makutano Embu,Avocado,Fuerte,-,-,25.00/Kg,40.00/Kg,,Embu,2026-04-29
Makutano Embu,Arrow Root,-,-,-,80.00/Kg,100.00/Kg,,Embu,2026-04-29
Makutano Embu,Cassava Fresh,-,-,-,40.00/Kg,70.00/Kg,,Embu,2026-04-29
Makutano Embu,Sweet potatoes,-,-,-,70.00/Kg,100.00/Kg,,Embu,2026-04-29
Makutano Embu,Chicken,Improved Kienyeji,-,Male,1200.00/Head,-,,Embu,2026-04-29
Makutano Embu,Chicken,Improved Kienyeji,-,Female,800.00/Head,-,,Embu,2026-04-29
Makutano Embu,Cow Milk(Processd),-,-,-,100.00/Lt,120.00/Lt,,Embu,2026-04-29
Vanga,Halfbeaks,Fresh,-,-,200.00/Kg,220.00/Kg,45.0,Kwale,2026-04-29
Vanga,Goatfishes,Fresh,-,-,220.00/Kg,230.00/Kg,35.0,Kwale,2026-04-29
Vanga,Barracuda(Kasumba),Fresh,-,-,200.00/Kg,220.00/Kg,250.0,Kwale,2026-04-29
Makutano Kirinyaga,Cow Milk(Processd),-,-,-,100.00/Lt,120.00/Lt,300.0,Kirinyaga,2026-04-29
Makutano Kirinyaga,Chicken,Improved Kienyeji,-,Female,800.00/Head,-,250.0,Kirinyaga,2026-04-29
Makutano Kirinyaga,Chicken,Improved Kienyeji,-,Male,1200.00/Head,-,400.0,Kirinyaga,2026-04-29
Makutano Kirinyaga,Sweet potatoes,-,-,-,70.00/Kg,100.00/Kg,900.0,Kirinyaga,2026-04-29
Makutano Kirinyaga,Cassava Fresh,-,-,-,40.00/Kg,70.00/Kg,300.0,Kirinyaga,2026-04-29
Makutano Kirinyaga,Arrow Root,-,-,-,80.00/Kg,100.00/Kg,1200.0,Kirinyaga,2026-04-29
Makutano Kirinyaga,Avocado,Fuerte,-,-,25.00/Kg,40.00/Kg,1200.0,Kirinyaga,2026-04-29
Makutano Kirinyaga,Lemons,-,-,-,30.00/Kg,40.00/Kg,850.0,Kirinyaga,2026-04-29
Makutano Kirinyaga,Oranges,-,-,-,25.00/Kg,40.00/Kg,1700.0,Kirinyaga,2026-04-29
Makutano Kirinyaga,Pineapples,-,-,-,90.00/Kg,130.00/Kg,240.0,Kirinyaga,2026-04-29
Makutano Kirinyaga,Pawpaw,-,-,-,25.00/Kg,40.00/Kg,680.0,Kirinyaga,2026-04-29
Makutano Kirinyaga,Pineapples,-,-,-,30.00/Kg,50.00/Kg,70.0,Kirinyaga,2026-04-29
Makutano Kirinyaga,Pineapples,-,-,-,50.00/Kg,80.00/Kg,60.0,Kirinyaga,2026-04-29
Makutano Kirinyaga,Thorn melon,-,-,-,30.00/Kg,50.00/Kg,650.0,Kirinyaga,2026-04-29
Makutano Kirinyaga,Tree tomato,-,-,-,120.00/Kg,160.00/Kg,380.0,Kirinyaga,2026-04-29
Makutano Kirinyaga,Water Melon,-,-,-,20.00/Kg,30.00/Kg,950.0,Kirinyaga,2026-04-29
Makutano Kirinyaga,Pumpkin Leaves,-,-,-,40.00/Kg,50.00/Kg,1200.0,Kirinyaga,2026-04-29
Makutano Kirinyaga,Jute Plant (Murenda),-,-,-,20.00/Kg,30.00/Kg,1600.0,Kirinyaga,2026-04-29
Makutano Kirinyaga,Cowpea leaves (Kunde),-,-,-,20.00/Kg,30.00/Kg,2650.0,Kirinyaga,2026-04-29
Makutano Kirinyaga,Black nightshade (Managu/ Osuga),-,-,-,45.00/Kg,60.00/Kg,2800.0,Kirinyaga,2026-04-29
Makutano Kirinyaga,Amaranthus (Terere),-,-,-,30.00/Kg,40.00/Kg,1600.0,Kirinyaga,2026-04-29
Makutano Kirinyaga,Capsicums,-,-,-,50.00/Kg,70.00/Kg,,Kirinyaga,2026-04-29
Makutano Kirinyaga,Carrots,-,-,-,50.00/Kg,60.00/Kg,2100.0,Kirinyaga,2026-04-29
Makutano Kirinyaga,Dry Onions,-,-,-,80.00/Kg,100.00/Kg,2200.0,Kirinyaga,2026-04-29
Mukuyu Market,Cowpea leaves (Kunde),-,-,-,30.00/Kg,50.00/Kg,,Muranga,2026-04-29
Makutano Kirinyaga,Dry Onions,-,-,-,90.00/Kg,130.00/Kg,3800.0,Kirinyaga,2026-04-29
Mukuyu Market,Pumpkin Leaves,-,-,-,50.00/Kg,70.00/Kg,,Muranga,2026-04-29
Makutano Kirinyaga,Egg plant (Brinjals),-,-,-,25.00/Kg,40.00/Kg,1300.0,Kirinyaga,2026-04-29
Makutano Kirinyaga,French beans,-,-,-,50.00/Kg,80.00/Kg,360.0,Kirinyaga,2026-04-29
Makutano Kirinyaga,Fresh Peas,On pods,-,-,120.00/Kg,150.00/Kg,2300.0,Kirinyaga,2026-04-29
Mukuyu Market,Arrow Root,-,-,-,-,150.00/Kg,,Muranga,2026-04-29
Mukuyu Market,Sweet potatoes,-,-,-,50.00/Kg,100.00/Kg,,Muranga,2026-04-29
Mukuyu Market,White Irish Potatoes,-,-,-,-,70.00/Kg,,Muranga,2026-04-29
Mukuyu Market,Cow Milk(At collection point),-,-,-,40.00/Lt,42.00/Lt,,Muranga,2026-04-29
Makutano Kirinyaga,Garlic,-,-,-,300.00/Kg,360.00/Kg,350.0,Kirinyaga,2026-04-29
Mukuyu Market,Eggs,Exotic/Grade,-,-,380.00/Tray(30),450.00/Tray(30),,Muranga,2026-04-29
Mukuyu Market,Honey,Crude,-,-,700.00/Kg,800.00/Kg,,Muranga,2026-04-29
Mukuyu Market,Meat Beef,-,-,-,580.00/Kg,600.00/Kg,,Muranga,2026-04-29
Mukuyu Market,Pork,-,-,-,600.00/Kg,700.00/Kg,,Muranga,2026-04-29
Mukuyu Market,Broccoli,-,-,-,170.00/Kg,200.00/Kg,,Muranga,2026-04-29
Makutano Kirinyaga,Ginger,-,-,-,130.00/Kg,160.00/Kg,480.0,Kirinyaga,2026-04-29
Mukuyu Market,Cabbages,-,-,-,25.00/Kg,50.00/Kg,,Muranga,2026-04-29
Mukuyu Market,Capsicums,-,-,-,70.00/Kg,100.00/Kg,,Muranga,2026-04-29
Mukuyu Market,Carrots,-,-,-,45.00/Kg,70.00/Kg,,Muranga,2026-04-29
Mukuyu Market,Chillies,-,-,-,50.00/Kg,100.00/Kg,,Muranga,2026-04-29
Makutano Kirinyaga,Green Maize,-,-,-,40.00/Kg,60.00/Kg,1600.0,Kirinyaga,2026-04-29
Mukuyu Market,Coriander (Dhania),-,-,-,50.00/Kg,100.00/Kg,,Muranga,2026-04-29
Mukuyu Market,Courgette,-,-,-,-,120.00/Kg,,Muranga,2026-04-29
Makutano Kirinyaga,Kales/Sukuma Wiki,-,-,-,28.00/Kg,35.00/Kg,2400.0,Kirinyaga,2026-04-29
Mukuyu Market,Cucumber,-,-,-,-,150.00/Kg,,Muranga,2026-04-29
Mukuyu Market,Dry Onions,-,-,-,-,120.00/Kg,,Muranga,2026-04-29
Mukuyu Market,French beans,-,-,-,-,100.00/Kg,,Muranga,2026-04-29
Makutano Kirinyaga,Spinach,-,-,-,40.00/Kg,50.00/Kg,1800.0,Kirinyaga,2026-04-29
Mukuyu Market,Fresh Peas,On pods,-,-,-,180.00/Kg,,Muranga,2026-04-29
Mukuyu Market,Garlic,-,-,-,-,350.00/Kg,,Muranga,2026-04-29
Mukuyu Market,Ginger,-,-,-,150.00/Kg,250.00/Kg,,Muranga,2026-04-29
Makutano Kirinyaga,Spring Onions,-,-,-,60.00/Kg,80.00/Kg,2800.0,Kirinyaga,2026-04-29
Mukuyu Market,Green Maize,-,-,-,50.00/Kg,75.00/Kg,,Muranga,2026-04-29
Makutano Kirinyaga,Tomatoes,-,-,-,125.00/Kg,133.33/Kg,2000.0,Kirinyaga,2026-04-29
Mukuyu Market,Kales/Sukuma Wiki,-,-,-,15.00/Kg,20.00/Kg,,Muranga,2026-04-29
Mukuyu Market,Spinach,-,-,-,20.00/Kg,30.00/Kg,,Muranga,2026-04-29
Mukuyu Market,Spring Onions,-,-,-,80.00/Kg,100.00/Kg,,Muranga,2026-04-29
Mukuyu Market,Tomatoes,-,-,-,80.00/Kg,100.00/Kg,,Muranga,2026-04-29
Mukuyu Market,Banana (Plantain),-,-,-,70.00/Kg,120.00/Kg,,Muranga,2026-04-29
Mukuyu Market,Banana (Cooking),-,-,-,50.00/Kg,70.00/Kg,,Muranga,2026-04-29
Makutano Kirinyaga,Fertilizer,Sulphate of Ammonia,-,-,68.00/Kg,72.00/Kg,1800.0,Kirinyaga,2026-04-29
Makutano Kirinyaga,Fertilizer,NPK,-,-,76.00/Kg,80.00/Kg,2000.0,Kirinyaga,2026-04-29
Makutano Kirinyaga,Fertilizer,NPK,-,-,76.00/Kg,80.00/Kg,3800.0,Kirinyaga,2026-04-29
Makutano Kirinyaga,Fertilizer,MOP,-,-,76.00/Kg,80.00/Kg,1100.0,Kirinyaga,2026-04-29
Makutano Kirinyaga,Fertilizer,DAP,-,-,122.00/Kg,126.00/Kg,450.0,Kirinyaga,2026-04-29
Makutano Kirinyaga,Fertilizer,DAP,-,-,124.00/Kg,128.00/Kg,800.0,Kirinyaga,2026-04-29
Makutano Kirinyaga,Fertilizer,CAN,-,-,90.00/Kg,94.00/Kg,1200.0,Kirinyaga,2026-04-29
Mulot,Omena,Dried,-,-,350.00/Kg,450.00/Kg,400.0,Bomet,2026-04-29
Mulot,Banana (Ripening),-,-,-,90.00/Kg,120.00/Kg,800.0,Bomet,2026-04-29
Mulot,Water Melon,-,-,-,60.00/Kg,90.00/Kg,350.0,Bomet,2026-04-29
Mulot,Pineapples,-,-,-,120.00/Kg,150.00/Kg,540.0,Bomet,2026-04-29
Mulot,Oranges,-,-,-,60.00/Kg,90.00/Kg,3800.0,Bomet,2026-04-29
Mulot,Kales/Sukuma Wiki,-,-,-,40.00/Kg,100.00/Kg,300.0,Bomet,2026-04-29
Mulot,Spring Onions,-,-,-,30.00/Kg,50.00/Kg,1200.0,Bomet,2026-04-29
Mulot,Tomatoes,-,-,-,132.35/Kg,200.00/Kg,520.0,Bomet,2026-04-29
Mulot,Cabbages,-,-,-,10.00/Kg,15.00/Kg,3300.0,Bomet,2026-04-29
Mulot,Black nightshade (Managu/ Osuga),-,-,-,150.00/Kg,200.00/Kg,800.0,Bomet,2026-04-29
Mulot,White Irish Potatoes,-,-,-,40.00/Kg,80.00/Kg,2700.0,Bomet,2026-04-29
Mulot,Red Irish potato,-,-,-,50.00/Kg,90.00/Kg,1300.0,Bomet,2026-04-29
Mulot,Beans Rosecoco,-,-,-,116.67/Kg,175.00/Kg,540.0,Bomet,2026-04-29
Kawangware,Lentils,-,-,-,220.00/Kg,250.00/Kg,,Nairobi,2026-04-29
Kawangware,Pigeon peas,-,-,-,100.00/Kg,115.00/Kg,,Nairobi,2026-04-29
Kawangware,Green Grams,Makueni,-,-,155.00/Kg,170.00/Kg,,Nairobi,2026-04-29
Kawangware,Beans Red Haricot (Wairimu),-,-,-,100.00/Kg,110.00/Kg,,Nairobi,2026-04-29
Kawangware,Dolichos lablab (Njahi),-,-,-,75.00/Kg,85.00/Kg,,Nairobi,2026-04-29
Kawangware,Cowpeas,-,-,-,90.00/Kg,120.00/Kg,,Nairobi,2026-04-29
Kawangware,Beans Rosecoco (Nyayo),-,-,-,110.00/Kg,125.00/Kg,,Nairobi,2026-04-29
Kawangware,Beans Rosecoco,-,-,-,115.00/Kg,125.00/Kg,,Nairobi,2026-04-29
Kawangware,Beans (Yellow-Green),-,-,-,110.00/Kg,125.00/Kg,,Nairobi,2026-04-29
Kawangware,Beans (Mwitemania),-,-,-,90.00/Kg,100.00/Kg,,Nairobi,2026-04-29
Kawangware,Rice,Pishori,-,-,160.00/Kg,180.00/Kg,,Nairobi,2026-04-29
Kawangware,Pearl Rush Millet,-,-,-,122.22/Kg,120.00/Kg,,Nairobi,2026-04-29
Kawangware,Finger Millet,-,-,-,54.00/Kg,90.00/Kg,,Nairobi,2026-04-29
Kawangware,Dry Maize,White Maize,-,-,55.00/Kg,65.00/Kg,,Nairobi,2026-04-29
Taveta Retail Market,Sweet potatoes,-,-,-,75.00/Kg,90.00/Kg,250.0,Taita-Taveta,2026-04-29
Taveta Retail Market,Cassava Fresh,-,-,-,80.00/Kg,100.00/Kg,300.0,Taita-Taveta,2026-04-29
Taveta Retail Market,Arrow Root,-,-,-,75.00/Kg,100.00/Kg,150.0,Taita-Taveta,2026-04-29
Taveta Retail Market,Water Melon,-,-,-,30.00/Kg,50.00/Kg,560.0,Taita-Taveta,2026-04-29
Taveta Retail Market,Pawpaw,-,-,-,80.00/Kg,100.00/Kg,70.0,Taita-Taveta,2026-04-29
Taveta Retail Market,Oranges,-,-,-,50.00/Kg,70.00/Kg,500.0,Taita-Taveta,2026-04-29
Taveta Retail Market,Banana (Ripening),-,-,-,20.00/Kg,100.00/Kg,200.0,Taita-Taveta,2026-04-29
Taveta Retail Market,Avocado,Fuerte,-,-,80.00/Kg,100.00/Kg,300.0,Taita-Taveta,2026-04-29
Taveta Retail Market,Dry Maize,Mixed-Traditional,-,-,50.00/Kg,55.00/Kg,1000.0,Taita-Taveta,2026-04-29
Taveta Retail Market,Dry Maize,White Maize,-,-,46.00/Kg,50.00/Kg,5000.0,Taita-Taveta,2026-04-29
Taveta Retail Market,Black nightshade (Managu/ Osuga),-,-,-,25.00/Kg,35.00/Kg,50.0,Taita-Taveta,2026-04-29
Taveta Retail Market,Amaranthus (Terere),-,-,-,25.00/Kg,35.00/Kg,70.0,Taita-Taveta,2026-04-29
Taveta Retail Market,Tomatoes,-,-,-,80.00/Kg,100.00/Kg,1000.0,Taita-Taveta,2026-04-29
Taveta Retail Market,Green Maize,-,-,-,20.00/Kg,30.00/Kg,600.0,Taita-Taveta,2026-04-29
Taveta Retail Market,Ginger,-,-,-,100.00/Kg,150.00/Kg,30.0,Taita-Taveta,2026-04-29
Taveta Retail Market,Garlic,-,-,-,500.00/Kg,600.00/Kg,70.0,Taita-Taveta,2026-04-29
Taveta Retail Market,Dry Onions,-,-,-,100.00/Kg,120.00/Kg,400.0,Taita-Taveta,2026-04-29
Taveta Retail Market,Carrots,-,-,-,70.00/Kg,100.00/Kg,300.0,Taita-Taveta,2026-04-29
Taveta Retail Market,Capsicums,-,-,-,70.00/Kg,100.00/Kg,120.0,Taita-Taveta,2026-04-29
Taveta Retail Market,Cabbages,-,-,-,15.00/Kg,23.00/Kg,500.0,Taita-Taveta,2026-04-29
Taveta Retail Market,Banana (Cooking),-,-,-,15.00/Kg,30.00/Kg,1500.0,Taita-Taveta,2026-04-29
Taveta Retail Market,Pigeon peas,-,-,-,95.00/Kg,100.00/Kg,230.0,Taita-Taveta,2026-04-29
Taveta Retail Market,Ground Nuts,Large Brown,-,-,240.00/Kg,300.00/Kg,100.0,Taita-Taveta,2026-04-29
Taveta Retail Market,Green Grams,Makueni,-,-,130.00/Kg,150.00/Kg,250.0,Taita-Taveta,2026-04-29
Taveta Retail Market,Dolichos lablab (Njahi),-,-,-,75.00/Kg,100.00/Kg,200.0,Taita-Taveta,2026-04-29
Taveta Retail Market,Cowpeas,-,-,-,90.00/Kg,100.00/Kg,300.0,Taita-Taveta,2026-04-29
Taveta Retail Market,Beans Rosecoco (Nyayo),-,-,-,95.00/Kg,100.00/Kg,150.0,Taita-Taveta,2026-04-29
Taveta Retail Market,Beans (Yellow-Green),-,-,-,130.00/Kg,140.00/Kg,500.0,Taita-Taveta,2026-04-29
Taveta Retail Market,Beans (Mwitemania),-,-,-,115.00/Kg,120.00/Kg,2000.0,Taita-Taveta,2026-04-29
Taveta Retail Market,Beans (Canadian wonder),-,-,-,105.00/Kg,120.00/Kg,2500.0,Taita-Taveta,2026-04-29
Taveta Retail Market,Coconut,-,-,-,70.00/Kg,100.00/Kg,1200.0,Taita-Taveta,2026-04-29
Taveta Retail Market,Coconut,-,-,-,70.00/Kg,100.00/Kg,1200.0,Taita-Taveta,2026-04-29
Kangeta,White Irish Potatoes,-,-,-,98.00/Kg,100.00/Kg,7000.0,Meru,2026-04-29
Kangeta,Red Sorghum,-,-,-,70.00/Kg,80.00/Kg,500.0,Meru,2026-04-29
Kangeta,Pearl Rush Millet,-,-,-,90.00/Kg,100.00/Kg,450.0,Meru,2026-04-29
Embu Town,Ginger,-,-,-,200.00/Kg,300.00/Kg,1000.0,Embu,2026-04-29
Kangeta,Dry Maize,White Maize,-,-,50.00/Kg,60.00/Kg,1350.0,Meru,2026-04-29
Kangeta,Pigeon peas,-,-,-,100.00/Kg,110.00/Kg,500.0,Meru,2026-04-29
Embu Town,Fresh Peas,On pods,-,-,120.00/Kg,150.00/Kg,1500.0,Embu,2026-04-29
Kangeta,Lentils,-,-,-,200.00/Kg,220.00/Kg,140.0,Meru,2026-04-29
Kangeta,Green Grams,Local-Special,-,-,140.00/Kg,150.00/Kg,500.0,Meru,2026-04-29
Kangeta,Dolichos lablab (Njahi),-,-,-,90.00/Kg,100.00/Kg,900.0,Meru,2026-04-29
Embu Town,Pumpkin Leaves,-,-,-,40.00/Kg,50.00/Kg,500.0,Embu,2026-04-29
Embu Town,White Sorghum,-,-,-,70.00/kg,100.00/kg,1100.0,Embu,2026-04-29
Kangeta,Cowpeas,-,-,-,100.00/Kg,110.00/Kg,600.0,Meru,2026-04-29
Embu Town,Wheat,-,-,-,75.00/Kg,100.00/Kg,500.0,Embu,2026-04-29
Kangeta,Beans (Yellow-Green),-,-,-,140.00/Kg,150.00/Kg,400.0,Meru,2026-04-29
Kangeta,Beans (Mwitemania),-,-,-,110.00/Kg,120.00/Kg,950.0,Meru,2026-04-29
Embu Town,Red Sorghum,-,-,-,66.00/Kg,75.00/Kg,,Embu,2026-04-29
Kangeta,Beans (Mwitemania),-,-,-,140.00/Kg,120.00/Kg,950.0,Meru,2026-04-29
Embu Town,Paddy Rice,Sindano,-,-,130.00/Kg,150.00/Kg,1000.0,Embu,2026-04-29
Embu Town,Finger Millet,-,-,-,115.00/Kg,150.00/Kg,1000.0,Embu,2026-04-29
Embu Town,Dry Maize,White Maize,-,-,50.00/Kg,65.00/Kg,7000.0,Embu,2026-04-29
Embu Town,Pigeon peas,-,-,-,105.00/Kg,125.00/Kg,1300.0,Embu,2026-04-29
Kakamega Town,White Irish Potatoes,-,-,-,50.00/Kg,70.00/Kg,25000.0,Kakamega,2026-04-29
Kangeta,Water Melon,-,-,-,40.00/Kg,45.00/Kg,500.0,Meru,2026-04-29
Embu Town,Njugu Mawe,-,-,-,280.00/Kg,300.00/Kg,500.0,Embu,2026-04-29
Kakamega Town,Wheat,-,-,-,72.22/Kg,100.00/Kg,180.0,Kakamega,2026-04-29
Embu Town,Mixed Beans,-,-,-,83.00/Kg,100.00/Kg,1500.0,Embu,2026-04-29
Kangeta,Tangerine (Sandara),-,-,-,90.00/Kg,100.00/Kg,150.0,Meru,2026-04-29
Kangeta,Pawpaw,-,-,-,30.00/Kg,40.00/Kg,150.0,Meru,2026-04-29
Kakamega Town,Dry Maize,White Maize,-,-,42.22/Kg,60.00/Kg,10000.0,Kakamega,2026-04-29
Kakamega Town,Tomatoes,-,-,-,150.00/Kg,180.00/Kg,5000.0,Kakamega,2026-04-29
Kangeta,Oranges,-,-,-,70.00/Kg,80.00/Kg,250.0,Meru,2026-04-29
Kakamega Town,Dry Onions,-,-,-,80.00/Kg,100.00/Kg,6000.0,Kakamega,2026-04-29
Kangeta,Lemons,-,-,-,80.00/Kg,90.00/Kg,130.0,Meru,2026-04-29
Embu Town,Lentils,-,-,-,300.00/Kg,350.00/Kg,10500.0,Embu,2026-04-29
Kakamega Town,Carrots,-,-,-,40.00/Kg,80.00/Kg,2000.0,Kakamega,2026-04-29
Kangeta,Banana (Ripening),-,-,-,40.00/Kg,50.00/Kg,950.0,Meru,2026-04-29
Embu Town,Ground Nuts,Large Brown,-,-,300.00/Kg,350.00/Kg,12000.0,Embu,2026-04-29
Kakamega Town,Cabbages,-,-,-,23.53/Kg,35.29/Kg,1500.0,Kakamega,2026-04-29
Kangeta,Avocado,Local,-,-,50.00/Kg,60.00/Kg,350.0,Meru,2026-04-29
Kangeta,Apples,-,-,-,140.00/Kg,160.00/Kg,100.0,Meru,2026-04-29
Kakamega Town,Beans Rosecoco,-,-,-,180.00/Kg,220.00/Kg,6000.0,Kakamega,2026-04-29
Embu Town,Green Grams,Local-Special,-,-,135.00/Kg,175.00/Kg,3000.0,Embu,2026-04-29
Kangeta,Tomatoes,-,-,-,80.00/Kg,90.00/Kg,2800.0,Meru,2026-04-29
Kangeta,Spring Onions,-,-,-,70.00/Kg,80.00/Kg,200.0,Meru,2026-04-29
Kangeta,Spinach,-,-,-,40.00/Kg,50.00/Kg,200.0,Meru,2026-04-29
Kangeta,Kales/Sukuma Wiki,-,-,-,30.00/Kg,350.00/Kg,480.0,Meru,2026-04-29
Embu Town,Dolichos lablab (Njahi),-,-,-,80.00/Kg,125.00/Kg,1500.0,Embu,2026-04-29
Kangeta,Green Maize,-,-,-,50.00/Kg,60.00/Kg,700.0,Meru,2026-04-29
Embu Town,Cowpeas,-,-,-,150.00/Kg,125.00/Kg,3000.0,Embu,2026-04-29
Kangeta,Ginger,-,-,-,180.00/Kg,200.00/Kg,100.0,Meru,2026-04-29
Kangeta,Garlic,-,-,-,370.00/Kg,400.00/Kg,100.0,Meru,2026-04-29
Embu Town,Beans Rosecoco,-,-,-,100.00/Kg,125.00/Kg,2800.0,Embu,2026-04-29
Kangeta,Fresh Peas,On pods,-,-,150.00/Kg,160.00/Kg,400.0,Meru,2026-04-29
Kangeta,Fresh Peas,On pods,-,-,130.00/Kg,140.00/Kg,550.0,Meru,2026-04-29
Kangeta,French beans,-,-,-,110.00/Kg,120.00/Kg,20.0,Meru,2026-04-29
Kangeta,Egg plant (Brinjals),-,-,-,90.00/Kg,100.00/Kg,15.0,Meru,2026-04-29
Embu Town,Beans Red Haricot (Wairimu),-,-,-,90.00/Kg,110.00/Kg,1000.0,Embu,2026-04-29
Kangeta,Dry Onions,-,-,-,110.00/Kg,120.00/Kg,2250.0,Meru,2026-04-29
Kangeta,Cucumber,-,-,-,140.00/Kg,150.00/Kg,30.0,Meru,2026-04-29
Embu Town,Beans (Yellow-Green),-,-,-,115.00/Kg,150.00/Kg,1000.0,Embu,2026-04-29
Embu Town,Beans (Mwitemania),-,-,-,115.00/Kg,150.00/Kg,2500.0,Embu,2026-04-29
Kangeta,Courgette,-,-,-,140.00/Kg,150.00/Kg,60.0,Meru,2026-04-29
Kangeta,Coriander (Dhania),-,-,-,120.00/Kg,130.00/Kg,150.0,Meru,2026-04-29
Embu Town,Beans (Mwezi Moja),-,-,-,90.00/Kg,100.00/Kg,1000.0,Embu,2026-04-29
Kangeta,Chillies,-,-,-,180.00/Kg,190.00/Kg,10.0,Meru,2026-04-29
Kangeta,Carrots,-,-,-,40.00/Kg,50.00/Kg,1900.0,Meru,2026-04-29
Embu Town,Yam,-,-,-,80.00/Kg,100.00/Kg,500.0,Embu,2026-04-29
Kangeta,Carrots,-,-,-,50.00/Kg,60.00/Kg,750.0,Meru,2026-04-29
Embu Town,Sweet potatoes,-,-,-,37.00/Kg,100.00/Kg,3000.0,Embu,2026-04-29
Kangeta,Capsicums,-,-,-,60.00/Kg,70.00/Kg,250.0,Meru,2026-04-29
Embu Town,White Irish Potatoes,-,-,-,63.00/Kg,75.00/Kg,63.0,Embu,2026-04-29
Kangeta,Cabbages,-,-,-,15.00/Kg,20.00/Kg,3900.0,Meru,2026-04-29
Kangeta,Butternuts,-,-,-,60.00/Kg,70.00/Kg,80.0,Meru,2026-04-29
Kangeta,Banana (Cooking),-,-,-,25.00/Kg,30.00/Kg,400.0,Meru,2026-04-29
Embu Town,Cassava Fresh,-,-,-,80.00/Kg,120.00/Kg,2000.0,Embu,2026-04-29
Embu Town,Arrow Root,-,-,-,45.00/Kg,100.00/Kg,3000.0,Embu,2026-04-29
Embu Town,Beans (Canadian wonder),-,-,-,115.00/Kg,150.00/Kg,1000.0,Embu,2026-04-29
Diani Market,Spinach,-,-,-,60.00/Kg,80.00/Kg,600.0,Kwale,2026-04-29
Diani Market,Tomatoes,-,-,-,80.00/Kg,100.00/Kg,600.0,Kwale,2026-04-29
Diani Market,Ginger,-,-,-,160.00/Kg,180.00/Kg,450.0,Kwale,2026-04-29
Diani Market,Egg plant (Brinjals),-,-,-,40.00/Kg,80.00/Kg,600.0,Kwale,2026-04-29
Diani Market,Dry Onions,-,-,-,120.00/Kg,140.00/Kg,6000.0,Kwale,2026-04-29
Diani Market,Capsicums,-,-,-,80.00/Kg,100.00/Kg,600.0,Kwale,2026-04-29
Diani Market,Carrots,-,-,-,80.00/Kg,100.00/Kg,600.0,Kwale,2026-04-29
Nairobi Supermarkets,Wheat Flour,Winnie's Pure Health Atta Mark 1,-,-,-,129.50/Kg,,Nairobi,2026-04-29
Nairobi Supermarkets,Wheat Flour,Soko Atta Mark 1,-,-,-,83.50/Kg,,Nairobi,2026-04-29
Nairobi Supermarkets,Wheat Flour,Soko All Purpose HBF,-,-,-,79.00/Kg,,Nairobi,2026-04-29
Nairobi Supermarkets,Wheat Flour,Phulka Atta Mark 1 Chapati Flour,-,-,-,81.00/Kg,,Nairobi,2026-04-29
Nairobi Supermarkets,Wheat Flour,Pembe Atta Mark 1,-,-,-,86.50/Kg,,Nairobi,2026-04-29
Nairobi Supermarkets,Wheat Flour,Pembe All Purpose HBF,-,-,-,83.00/Kg,,Nairobi,2026-04-29
Nairobi Supermarkets,Wheat Flour,Oboma all purpose HBF,-,-,-,78.00/Kg,,Nairobi,2026-04-29
Nairobi Supermarkets,Wheat Flour,Nutra Meal Atta Mark 1,-,-,-,135.00/Kg,,Nairobi,2026-04-29
Nairobi Supermarkets,Wheat Flour,Ndovu all purpose HBF,-,-,-,80.00/Kg,,Nairobi,2026-04-29
Nairobi Supermarkets,Wheat Flour,Mama Home Baking Flour,-,-,-,78.50/Kg,,Nairobi,2026-04-29
Nairobi Supermarkets,Wheat Flour,Kifaru All Purpose HBF,-,-,-,74.50/Kg,,Nairobi,2026-04-29
Nairobi Supermarkets,Wheat Flour,Golden All Purpose,-,-,-,85.50/Kg,,Nairobi,2026-04-29
Nairobi Supermarkets,Wheat Flour,Exe self raising,-,-,-,90.00/Kg,,Nairobi,2026-04-29
Nairobi Supermarkets,Wheat Flour,Exe Mandazi Fortified Wheat Flour,-,-,-,89.50/Kg,,Nairobi,2026-04-29
Nairobi Supermarkets,Wheat Flour,Exe Chapati fortified wheat flour,-,-,-,86.50/Kg,,Nairobi,2026-04-29
Nairobi Supermarkets,Wheat Flour,Exe brown bread,-,-,-,89.50/Kg,,Nairobi,2026-04-29
Nairobi Supermarkets,Wheat Flour,Exe Atta Mark 1,-,-,-,90.00/Kg,,Nairobi,2026-04-29
Nairobi Supermarkets,Wheat Flour,Exe All purpose fortified wheat flour,-,-,-,83.00/Kg,,Nairobi,2026-04-29
Nairobi Supermarkets,Wheat Flour,Elliots self raising flour,-,-,-,90.50/Kg,,Nairobi,2026-04-29
Nairobi Supermarkets,Wheat Flour,Elliots all purpose HBK,-,-,-,81.50/Kg,,Nairobi,2026-04-29
Nairobi Supermarkets,Wheat Flour,Dola premium all pupose,-,-,-,82.00/Kg,,Nairobi,2026-04-29
Nairobi Supermarkets,Wheat Flour,Dola Atta Mark 1,-,-,-,85.00/Kg,,Nairobi,2026-04-29
Nairobi Supermarkets,Wheat Flour,Chapati Afya,-,-,-,135.50/Kg,,Nairobi,2026-04-29
Nairobi Supermarkets,Wheat Flour,Ajab fortofied self raising,-,-,-,85.50/Kg,,Nairobi,2026-04-29
Nairobi Supermarkets,Wheat Flour,Ajab fortigied Home Baking flour,-,-,-,85.50/Kg,,Nairobi,2026-04-29
Nairobi Supermarkets,Wheat Flour,Ajab fortified mandazi flour,-,-,-,84.50/Kg,,Nairobi,2026-04-29
Nairobi Supermarkets,Wheat Flour,210 Home baking flour,-,-,-,78.00/Kg,,Nairobi,2026-04-29
Nairobi Supermarkets,Wheat Flour,210 Atta Mark 1,-,-,-,78.00/Kg,,Nairobi,2026-04-29
Nairobi Supermarkets,Maize Flour,Taifa,-,-,-,77.50/Kg,,Nairobi,2026-04-29
Nairobi Supermarkets,Maize Flour,Soko,-,-,-,81.00/Kg,,Nairobi,2026-04-29
Nairobi Supermarkets,Maize Flour,Raha Premium,-,-,-,98.50/Kg,,Nairobi,2026-04-29
Nairobi Supermarkets,Maize Flour,Pembe,-,-,-,81.50/Kg,,Nairobi,2026-04-29
Nairobi Supermarkets,Maize Flour,Oryx,-,-,-,83.50/Kg,,Nairobi,2026-04-29
Nairobi Supermarkets,Maize Flour,Ndovu,-,-,-,70.50/Kg,,Nairobi,2026-04-29
Nairobi Supermarkets,Maize Flour,Mama,-,-,-,73.50/Kg,,Nairobi,2026-04-29
Nairobi Supermarkets,Maize Flour,Kifaru,-,-,-,72.50/Kg,,Nairobi,2026-04-29
Nairobi Supermarkets,Maize Flour,Jogoo wimbi,-,-,-,140.00/Kg,,Nairobi,2026-04-29
Nairobi Supermarkets,Maize Flour,Jogoo,-,-,-,81.50/Kg,,Nairobi,2026-04-29
Nairobi Supermarkets,Maize Flour,Hostess,-,-,-,92.50/Kg,,Nairobi,2026-04-29
Nairobi Supermarkets,Maize Flour,Equatorial afya ugali,-,-,-,142.50/Kg,,Nairobi,2026-04-29
Nairobi Supermarkets,Maize Flour,Dola,-,-,-,80.00/Kg,,Nairobi,2026-04-29
Nairobi Supermarkets,Maize Flour,Cosmo,-,-,-,68.00/Kg,,Nairobi,2026-04-29
Nairobi Supermarkets,Maize Flour,Amaize,-,-,-,96.00/Kg,,Nairobi,2026-04-29
Nairobi Supermarkets,Maize Flour,Ajab,-,-,-,79.50/Kg,,Nairobi,2026-04-29
Nairobi Supermarkets,Maize Flour,210(two ten),-,-,-,76.00/Kg,,Nairobi,2026-04-29
Kabati - Muranga,Pork,-,-,-,-,700.00/Kg,,Muranga,2026-04-29
Kabati - Muranga,Eggs,Exotic/Grade,-,-,-,400.00/Tray(30),,Muranga,2026-04-29
Kabati - Muranga,Cow Milk(Processd),-,-,-,-,110.00/Lt,,Muranga,2026-04-29
Kabati - Muranga,Cow Milk(At collection point),-,-,-,45.00/Lt,70.00/Lt,,Muranga,2026-04-29
Kabati - Muranga,Pumpkin Leaves,-,-,-,25.00/Kg,40.00/Kg,,Muranga,2026-04-29
Kabati - Muranga,Cowpea leaves (Kunde),-,-,-,25.00/Kg,40.00/Kg,,Muranga,2026-04-29
Kabati - Muranga,Black nightshade (Managu/ Osuga),-,-,-,25.00/Kg,40.00/Kg,,Muranga,2026-04-29
Kabati - Muranga,Amaranthus (Terere),-,-,-,25.00/Kg,40.00/Kg,,Muranga,2026-04-29
Kabati - Muranga,Yam,-,-,-,80.00/Kg,100.00/Kg,,Muranga,2026-04-29
Kabati - Muranga,White Irish Potatoes,-,-,-,-,80.00/Kg,,Muranga,2026-04-29
Kabati - Muranga,Sweet potatoes,-,-,-,80.00/Kg,100.00/Kg,,Muranga,2026-04-29
Kabati - Muranga,Arrow Root,-,-,-,80.00/Kg,100.00/Kg,,Muranga,2026-04-29
Kabati - Muranga,Water Melon,-,-,-,-,55.00/Kg,,Muranga,2026-04-29
Kabati - Muranga,Tree tomato,-,-,-,80.00/Kg,100.00/Kg,,Muranga,2026-04-29
Kabati - Muranga,Thorn melon,-,-,-,-,60.00/Kg,,Muranga,2026-04-29
Kabati - Muranga,Tangerine (Sandara),-,-,-,70.00/Kg,100.00/Kg,,Muranga,2026-04-29
Kabati - Muranga,Pineapples,-,-,-,-,53.33/Kg,,Muranga,2026-04-29
Kabati - Muranga,Passion Fruits,-,-,-,80.00/Kg,100.00/Kg,,Muranga,2026-04-29
Kabati - Muranga,Oranges,-,-,-,-,100.00/Kg,,Muranga,2026-04-29
Kabati - Muranga,Mangoes,Improved,-,-,-,120.00/Kg,,Muranga,2026-04-29
Kabati - Muranga,Lemons,-,-,-,-,80.00/Kg,,Muranga,2026-04-29
Kabati - Muranga,Grapes,White,-,-,480.00/Kg,600.00/Kg,,Muranga,2026-04-29
Kabati - Muranga,Grapes,Red,-,-,-,600.00/Kg,,Muranga,2026-04-29
Kabati - Muranga,Banana (Ripening),-,-,-,-,35.00/Kg,,Muranga,2026-04-29
Kabati - Muranga,Avocado,Hass,-,-,-,120.00/Kg,,Muranga,2026-04-29
Makunga Market,Cattle,Zebu,Grade 2,Female,43500.00/Head,-,11.0,Kakamega,2026-04-29
Kabati - Muranga,Apples,-,-,-,-,180.00/Kg,,Muranga,2026-04-29
Makunga Market,Sheep,Red Maasai,Grade 2,Female,4300.00/Head,-,6.0,Kakamega,2026-04-29
Kabati - Muranga,Tomatoes,-,-,-,-,40.00/Kg,,Muranga,2026-04-29
Makunga Market,Sheep,Red Maasai,Grade 2,Male,6300.00/Head,-,9.0,Kakamega,2026-04-29
Kabati - Muranga,Spring Onions,-,-,-,-,70.00/Kg,,Muranga,2026-04-29
Kabati - Muranga,Pumpkin,-,-,-,-,100.00/Kg,,Muranga,2026-04-29
Kabati - Muranga,Kales/Sukuma Wiki,-,-,-,-,45.00/Kg,,Muranga,2026-04-29
Makunga Market,Sheep,Red Maasai,Grade 2,Male,6650.00/Head,-,6.0,Kakamega,2026-04-29
Kabati - Muranga,Ginger,-,-,-,-,480.00/Kg,,Muranga,2026-04-29
Kabati - Muranga,Garlic,-,-,-,-,480.00/Kg,,Muranga,2026-04-29
Makunga Market,Sheep,Red Maasai,Grade 2,Female,7400.00/Head,-,9.0,Kakamega,2026-04-29
Kabati - Muranga,French beans,-,-,-,-,65.00/Kg,,Muranga,2026-04-29
Kabati - Muranga,Dry Onions,-,-,-,-,70.00/Kg,,Muranga,2026-04-29
Kabati - Muranga,Coriander (Dhania),-,-,-,-,45.00/Kg,,Muranga,2026-04-29
Makunga Market,Sheep,Red Maasai,Grade 2,Male,9100.00/Head,-,13.0,Kakamega,2026-04-29
Kabati - Muranga,Chillies,-,-,-,-,100.00/Kg,,Muranga,2026-04-29
Kabati - Muranga,Carrots,-,-,-,-,60.00/Kg,,Muranga,2026-04-29
Kabati - Muranga,Capsicums,-,-,-,-,80.00/Kg,,Muranga,2026-04-29
Kabati - Muranga,Cabbages,-,-,-,-,45.00/Kg,,Muranga,2026-04-29
Kabati - Muranga,Butternuts,-,-,-,-,100.00/Kg,,Muranga,2026-04-29
Kabati - Muranga,Banana (Plantain),-,-,-,22.00/Kg,40.00/Kg,,Muranga,2026-04-29
Kabati - Muranga,Banana (Cooking),-,-,-,18.00/Kg,35.00/Kg,,Muranga,2026-04-29
Makunga Market,Goat,East African Goat,Grade 2,Female,6300.00/Head,-,16.0,Kakamega,2026-04-29
Makunga Market,Goat,East African Goat,Grade 2,Female,7600.00/Head,-,6.0,Kakamega,2026-04-29
Makunga Market,Goat,East African Goat,Grade 2,Female,7600.00/Head,-,6.0,Kakamega,2026-04-29
Makunga Market,Goat,East African Goat,Grade 2,Male,7650.00/Head,-,12.0,Kakamega,2026-04-29
Makunga Market,Goat,East African Goat,Grade 2,Male,6200.00/Head,-,9.0,Kakamega,2026-04-29
Makunga Market,Goat,East African Goat,Grade 2,Female,4600.00/Head,-,6.0,Kakamega,2026-04-29
Makunga Market,Duck,Black Swedish,Grade 2,Male,-,-,3.0,Kakamega,2026-04-29
Makunga Market,Chicken,Indigenous,-,Female,1100.00/Head,-,19.0,Kakamega,2026-04-29
Makunga Market,Chicken,Indigenous,-,Female,620.00/Head,-,23.0,Kakamega,2026-04-29
Makunga Market,Chicken,Indigenous,-,Female,420.00/Head,-,11.0,Kakamega,2026-04-29
Makunga Market,Chicken,Indigenous,-,Male,380.00/Head,-,13.0,Kakamega,2026-04-29
Makunga Market,Chicken,Indigenous,-,Male,920.00/Head,-,26.0,Kakamega,2026-04-29
Makunga Market,Chicken,Indigenous,-,Male,1460.00/Head,-,23.0,Kakamega,2026-04-29
Makunga Market,Chicken,Improved Kienyeji,-,Female,590.00/Head,-,16.0,Kakamega,2026-04-29
Makunga Market,Chicken,Improved Kienyeji,-,Male,1380.00/Head,-,9.0,Kakamega,2026-04-29
Makunga Market,Chicken,Broiler,-,Male,580.00/Head,-,22.0,Kakamega,2026-04-29
Makunga Market,Cattle,Zebu,Grade 2,Female,48600.00/Head,-,16.0,Kakamega,2026-04-29
Makunga Market,Cattle,Zebu,Grade 3,Female,44300.00/Head,-,13.0,Kakamega,2026-04-29
Makunga Market,Cattle,Zebu,Grade 2,Female,42000.00/Head,-,17.0,Kakamega,2026-04-29
Makunga Market,Cattle,Zebu,Grade 3,Female,-,-,42600.0,Kakamega,2026-04-29
Makunga Market,Cattle,Zebu,Grade 2,Female,32700.00/Head,-,21.0,Kakamega,2026-04-29
Makunga Market,Cattle,Zebu,Grade 3,Female,18300.00/Head,-,7.0,Kakamega,2026-04-29
Makunga Market,Cattle,Zebu,Grade 3,Male,18000.00/Head,-,11.0,Kakamega,2026-04-29
Makunga Market,Cattle,Zebu,Grade 2,Male,23000.00/Head,-,16.0,Kakamega,2026-04-29
Makunga Market,Cattle,Zebu,Grade 3,Male,29000.00/Head,-,7.0,Kakamega,2026-04-29
Makunga Market,Cattle,Zebu,Grade 2,Male,37000.00/Head,-,21.0,Kakamega,2026-04-29
Makunga Market,Cattle,Zebu,Grade 3,Male,46000.00/Head,-,11.0,Kakamega,2026-04-29
Makunga Market,Cattle,Zebu,Grade 2,Male,62000.00/Head,-,17.0,Kakamega,2026-04-29
Makunga Market,Cattle,Ayrshire,Grade 2,Female,48000.00/Head,-,4.0,Kakamega,2026-04-29
Makunga Market,Cattle,Friesian,Grade 2,Male,72000.00/Head,-,3.0,Kakamega,2026-04-29
Makunga Market,Cattle,Ayrshire,Grade 2,Female,64000.00/Head,-,4.0,Kakamega,2026-04-29
Makunga Market,Cattle,Ayrshire,Grade 2,Male,72000.00/Head,-,2.0,Kakamega,2026-04-29
Embu Town,Avocado,Local,-,-,50.00/Kg,100.00/Kg,1000.0,Embu,2026-04-29
Embu Town,Avocado,Fuerte,-,-,100.00/Kg,150.00/Kg,1000.0,Embu,2026-04-29
Embu Town,Lemons,-,-,-,100.00/Kg,150.00/Kg,500.0,Embu,2026-04-29
Embu Town,Tangerine (Sandara),-,-,-,60.00/Kg,100.00/Kg,1000.0,Embu,2026-04-29
Embu Town,Water Melon,-,-,-,30.00/Kg,40.00/Kg,5000.0,Embu,2026-04-29
Embu Town,Tree tomato,-,-,-,100.00/Kg,120.00/Kg,1000.0,Embu,2026-04-29
Embu Town,Pawpaw,-,-,-,60.00/Kg,70.00/Kg,1000.0,Embu,2026-04-29
Embu Town,Passion Fruits,-,-,-,100.00/Kg,130.00/Kg,,Embu,2026-04-29
Embu Town,Oranges,-,-,-,60.00/Kg,100.00/Kg,1000.0,Embu,2026-04-29
Embu Town,Tomatoes,-,-,-,76.00/Kg,100.00/Kg,4000.0,Embu,2026-04-29
Embu Town,Spring Onions,-,-,-,70.00/Kg,80.00/Kg,1000.0,Embu,2026-04-29
Embu Town,Okra (Lady's fingers or Gumbo),-,-,-,200.00/Kg,300.00/Kg,500.0,Embu,2026-04-29
Embu Town,Spinach,-,-,-,50.00/Kg,70.00/Kg,500.0,Embu,2026-04-29
Embu Town,Pumpkin,-,-,-,80.00/Kg,100.00/Kg,500.0,Embu,2026-04-29
Embu Town,Kales/Sukuma Wiki,-,-,-,20.00/Kg,30.00/Kg,1000.0,Embu,2026-04-29
Embu Town,Green Maize,-,-,-,50.00/Kg,100.00/Kg,4000.0,Embu,2026-04-29
Embu Town,French beans,-,-,-,80.00/Kg,100.00/Kg,1000.0,Embu,2026-04-29
Embu Town,Dry Onions,-,-,-,100.00/Kg,120.00/Kg,3000.0,Embu,2026-04-29
Embu Town,Cucumber,-,-,-,100.00/Kg,150.00/Kg,500.0,Embu,2026-04-29
Embu Town,Courgette,-,-,-,80.00/Kg,120.00/Kg,1000.0,Embu,2026-04-29
Embu Town,Coriander (Dhania),-,-,-,70.00/Kg,100.00/Kg,1000.0,Embu,2026-04-29
Embu Town,Chillies,-,-,-,200.00/Kg,300.00/Kg,500.0,Embu,2026-04-29
Embu Town,Carrots,-,-,-,50.00/Kg,60.00/Kg,3000.0,Embu,2026-04-29
Embu Town,Cauliflower,-,-,-,50.00/Kg,60.00/Kg,3000.0,Embu,2026-04-29
Embu Town,Cabbages,-,-,-,10.00/Kg,15.00/Kg,25000.0,Embu,2026-04-29
Embu Town,Butternuts,-,-,-,120.00/Kg,150.00/Kg,1000.0,Embu,2026-04-29
Embu Town,Banana (Cooking),-,-,-,15.00/Kg,20.00/Kg,8000.0,Embu,2026-04-29
Kerugoya,Tomatoes,-,-,-,40.00/Kg,80.00/Kg,1600.0,Kirinyaga,2026-04-28
Kerugoya,Pumpkin,-,-,-,35.00/Kg,80.00/Kg,180.0,Kirinyaga,2026-04-28
Kerugoya,Kales/Sukuma Wiki,-,-,-,20.00/Kg,35.00/Kg,230.0,Kirinyaga,2026-04-28
Kerugoya,Ginger,-,-,-,180.00/Kg,270.00/Kg,200.0,Kirinyaga,2026-04-28
Kerugoya,Fresh Peas,On pods,-,-,80.00/Kg,140.00/Kg,350.0,Kirinyaga,2026-04-28
Kerugoya,Dry Onions,-,-,-,70.00/Kg,140.00/Kg,2300.0,Kirinyaga,2026-04-28
Kerugoya,Courgette,-,-,-,70.00/Kg,140.00/Kg,400.0,Kirinyaga,2026-04-28
Kerugoya,Carrots,-,-,-,30.00/Kg,60.00/Kg,400.0,Kirinyaga,2026-04-28
Kerugoya,Capsicums,-,-,-,45.00/Kg,90.00/Kg,300.0,Kirinyaga,2026-04-28
Kerugoya,Cabbages,-,-,-,18.00/Kg,25.00/Kg,360.0,Kirinyaga,2026-04-28
Kerugoya,Banana (Cooking),-,-,-,20.00/Kg,40.00/Kg,780.0,Kirinyaga,2026-04-28
Kerugoya,Water Melon,-,-,-,25.00/Kg,40.00/Kg,350.0,Kirinyaga,2026-04-28
Kerugoya,Tree tomato,-,-,-,100.00/Kg,200.00/Kg,250.0,Kirinyaga,2026-04-28
Kerugoya,Thorn melon,-,-,-,30.00/Kg,60.00/Kg,160.0,Kirinyaga,2026-04-28
Kerugoya,Pawpaw,-,-,-,40.00/Kg,80.00/Kg,150.0,Kirinyaga,2026-04-28
Kerugoya,Passion Fruits,-,-,-,170.00/Kg,240.00/Kg,300.0,Kirinyaga,2026-04-28
Kerugoya,Oranges,-,-,-,60.00/Kg,100.00/Kg,350.0,Kirinyaga,2026-04-28
Kerugoya,Banana (Ripening),-,-,-,20.00/Kg,40.00/Kg,800.0,Kirinyaga,2026-04-28
Kerugoya,Rice,Pishori,-,-,160.00/Kg,180.00/Kg,2300.0,Kirinyaga,2026-04-28
Kerugoya,Dry Maize,Mixed-Traditional,-,-,55.00/Kg,75.00/Kg,4600.0,Kirinyaga,2026-04-28
Holo,Eggs,Indigenous /Kenyeji,-,-,20.00/Tray(30),25.00/Tray(30),,Kisumu,2026-04-28
Holo,Pork,-,-,-,-,600.00/Kg,,Kisumu,2026-04-28
Holo,Meat Beef,-,-,-,-,700.00/Kg,,Kisumu,2026-04-28
Holo,Honey,Crude,-,-,-,600.00/Kg,,Kisumu,2026-04-28
Holo,Eggs,Exotic/Grade,-,-,16.00/Tray(30),17.50/Tray(30),,Kisumu,2026-04-28
Holo,Cow Milk(At collection point),-,-,-,-,80.00/Lt,,Kisumu,2026-04-28
Holo,Sheep,Red Maasai,Grade 3,Male,7500.00/Head,-,,Kisumu,2026-04-28
Holo,Goat,East African Goat,Grade 3,Male,6500.00/Head,-,,Kisumu,2026-04-28
Holo,Chicken,Layers,-,Male,450.00/Head,-,,Kisumu,2026-04-28
Holo,Chicken,Indigenous,-,Male,1000.00/Head,-,,Kisumu,2026-04-28
Holo,Chicken,Improved Kienyeji,-,Male,1200.00/Head,-,,Kisumu,2026-04-28
Holo,Chicken,Broiler,-,Male,550.00/Head,-,,Kisumu,2026-04-28
Holo,Cattle,Mixed,Grade 3,Male,40000.00/Head,-,,Kisumu,2026-04-28
Holo,Prawns,Dried,-,-,-,35.00/Kg,,Kisumu,2026-04-28
Holo,Tilapia,Fresh,-,-,-,450.00/Kg,,Kisumu,2026-04-28
Holo,Omena,Dried,-,-,-,375.00/Kg,,Kisumu,2026-04-28
Holo,Nile Perch,Fresh,-,-,-,420.00/Kg,,Kisumu,2026-04-28
Kathonzweni,Goat,Mixed,Grade 1,Female,5000.00/Head,-,23.0,Makueni,2026-04-28
Kathonzweni,Goat,Mixed,Grade 1,Female,8000.00/Head,-,85.0,Makueni,2026-04-28
Holo,White Irish Potatoes,-,-,-,104.00/Kg,100.00/Kg,,Kisumu,2026-04-28
Holo,Sweet potatoes,-,-,-,-,100.00/Kg,,Kisumu,2026-04-28
Holo,Cassava Fresh,-,-,-,-,100.00/Kg,,Kisumu,2026-04-28
Kathonzweni,Goat,Mixed,Grade 1,Male,7500.00/Head,-,100.0,Makueni,2026-04-28
Holo,Cassava Chips (dry),-,-,-,-,75.00/Kg,,Kisumu,2026-04-28
Holo,Arrow Root,-,-,-,-,150.00/Kg,,Kisumu,2026-04-28
Holo,Water Melon,-,-,-,-,166.67/Kg,,Kisumu,2026-04-28
Kathonzweni,Goat,Mixed,Grade 1,Male,13500.00/Head,-,92.0,Makueni,2026-04-28
Holo,Thorn melon,-,-,-,-,200.00/Kg,,Kisumu,2026-04-28
Holo,Tangerine (Sandara),-,-,-,-,180.00/Kg,,Kisumu,2026-04-28
Holo,Pawpaw,-,-,-,-,100.00/Kg,,Kisumu,2026-04-28
Kathonzweni,Cattle,Mixed,Grade 2,Female,30000.00/Head,-,45.0,Makueni,2026-04-28
Holo,Oranges,-,-,-,-,220.00/Kg,,Kisumu,2026-04-28
Holo,Mangoes,Local,-,-,-,100.00/Kg,,Kisumu,2026-04-28
Kathonzweni,Cattle,Mixed,Grade 2,Female,45000.00/Head,-,120.0,Makueni,2026-04-28
Kathonzweni,Cattle,Mixed,Grade 2,Male,35000.00/Head,-,260.0,Makueni,2026-04-28
Holo,Mangoes,Improved,-,-,-,150.00/Kg,,Kisumu,2026-04-28
Holo,Limes,-,-,-,-,200.00/Kg,,Kisumu,2026-04-28
Kathonzweni,Cattle,Mixed,Grade 2,Male,80000.00/Head,-,200.0,Makueni,2026-04-28
Holo,Lemons,-,-,-,-,200.00/Kg,,Kisumu,2026-04-28
Holo,Avocado,Local,-,-,-,100.00/Kg,,Kisumu,2026-04-28
Holo,Avocado,Hass,-,-,-,150.00/Kg,,Kisumu,2026-04-28
Holo,White Sorghum,-,-,-,57.78/kg,75.00/kg,,Kisumu,2026-04-28
Holo,Rice,Pishori,-,-,172.00/Kg,250.00/Kg,,Kisumu,2026-04-28
Holo,Red Sorghum,-,-,-,57.78/Kg,75.00/Kg,,Kisumu,2026-04-28
Holo,Maize Flour,Dola,-,-,-,80.00/Kg,,Kisumu,2026-04-28
Holo,Maize Flour,Ajab,-,-,84.58/Kg,90.00/Kg,,Kisumu,2026-04-28
Holo,Finger Millet,-,-,-,133.33/Kg,175.00/Kg,,Kisumu,2026-04-28
Holo,Dry Maize,White Maize,-,-,46.67/Kg,65.00/Kg,,Kisumu,2026-04-28
Holo,Dry Maize,Yellow Maize,-,-,-,75.00/Kg,,Kisumu,2026-04-28
Holo,Dry Maize,White Maize,-,-,46.67/Kg,130.00/Kg,,Kisumu,2026-04-28
Holo,Spider flower (Saga),-,-,-,-,80.00/Kg,,Kisumu,2026-04-28
Holo,Pumpkin Leaves,-,-,-,-,70.00/Kg,,Kisumu,2026-04-28
Holo,Jute Plant (Murenda),-,-,-,-,70.00/Kg,,Kisumu,2026-04-28
Holo,Indigenous Crotolaria (Mito/Miro),-,-,-,-,80.00/Kg,,Kisumu,2026-04-28
Holo,Ethiopian Kales -Kanzira,-,-,-,-,70.00/Kg,,Kisumu,2026-04-28
Holo,Cowpea leaves (Kunde),-,-,-,-,60.00/Kg,,Kisumu,2026-04-28
Holo,Black nightshade (Managu/ Osuga),-,-,-,-,80.00/Kg,,Kisumu,2026-04-28
Holo,Amaranthus (Terere),-,-,-,-,70.00/Kg,,Kisumu,2026-04-28
Holo,Tomatoes,-,-,-,214.29/Kg,150.00/Kg,,Kisumu,2026-04-28
Holo,Spring Onions,-,-,-,62.50/Kg,70.00/Kg,,Kisumu,2026-04-28
Holo,Spinach,-,-,-,-,60.00/Kg,,Kisumu,2026-04-28
Holo,Kales/Sukuma Wiki,-,-,-,40.00/Kg,50.00/Kg,,Kisumu,2026-04-28
Holo,Green Maize,-,-,-,-,120.00/Kg,,Kisumu,2026-04-28
Holo,Ginger,-,-,-,-,150.00/Kg,,Kisumu,2026-04-28
Holo,Garlic,-,-,-,-,400.00/Kg,,Kisumu,2026-04-28
Holo,Egg plant (Brinjals),-,-,-,-,120.00/Kg,,Kisumu,2026-04-28
Holo,Dry Onions,-,-,-,115.56/Kg,130.00/Kg,,Kisumu,2026-04-28
Holo,Cucumber,-,-,-,-,150.00/Kg,,Kisumu,2026-04-28
Holo,Coriander (Dhania),-,-,-,-,150.00/Kg,,Kisumu,2026-04-28
Holo,Chillies,-,-,-,-,140.00/Kg,,Kisumu,2026-04-28
Holo,Carrots,-,-,-,-,80.00/Kg,,Kisumu,2026-04-28
Holo,Capsicums,-,-,-,-,120.00/Kg,,Kisumu,2026-04-28
Holo,Cabbages,-,-,-,-,80.00/Kg,,Kisumu,2026-04-28
Holo,Butternuts,-,-,-,-,150.00/Kg,,Kisumu,2026-04-28
Holo,Banana (Plantain),-,-,-,-,183.33/Kg,,Kisumu,2026-04-28
Holo,Banana (Cooking),-,-,-,-,32.69/Kg,,Kisumu,2026-04-28
Holo,Mixed Beans,-,-,-,133.33/Kg,175.00/Kg,,Kisumu,2026-04-28
Holo,Ground Nuts,Small Red,-,-,288.89/Kg,350.00/Kg,,Kisumu,2026-04-28
Holo,Ground Nuts,Large Brown,-,-,244.44/Kg,300.00/Kg,,Kisumu,2026-04-28
Holo,Green Grams,Local-Special,-,-,155.56/Kg,200.00/Kg,,Kisumu,2026-04-28
Holo,Green Grams,Hybrid/ polished,-,-,177.78/Kg,225.00/Kg,,Kisumu,2026-04-28
Holo,Cowpeas,-,-,-,155.56/Kg,200.00/Kg,,Kisumu,2026-04-28
Holo,Beans Rosecoco (Nyayo),-,-,-,177.78/Kg,225.00/Kg,,Kisumu,2026-04-28
Holo,Beans Rosecoco,-,-,-,200.00/Kg,250.00/Kg,,Kisumu,2026-04-28
Holo,Beans Red Haricot (Wairimu),-,-,-,177.78/Kg,225.00/Kg,,Kisumu,2026-04-28
Holo,Beans (Yellow-Green),-,-,-,200.00/Kg,250.00/Kg,,Kisumu,2026-04-28
Holo,Beans (Mwezi Moja),-,-,-,177.78/Kg,225.00/Kg,,Kisumu,2026-04-28
Holo,Beans (Canadian wonder),-,-,-,177.78/Kg,225.00/Kg,,Kisumu,2026-04-28
Holo,Fertilizer,CAN,-,-,97.00/Kg,100.00/Kg,,Kisumu,2026-04-28
Holo,Fertilizer,DAP,-,-,130.00/Kg,150.00/Kg,,Kisumu,2026-04-28
Kathonzweni,Chicken,Indigenous,-,Female,700.00/Head,-,200.0,Makueni,2026-04-28
Kathonzweni,Chicken,Indigenous,-,Male,1000.00/Head,-,180.0,Makueni,2026-04-28
Kathonzweni,Sheep,Blackhead Persian,Grade 1,Female,5000.00/Head,-,10.0,Makueni,2026-04-28
Kathonzweni,Sheep,Blackhead Persian,Grade 1,Female,7500.00/Head,-,20.0,Makueni,2026-04-28
Kathonzweni,Sheep,Blackhead Persian,Grade 1,Male,4000.00/Head,-,30.0,Makueni,2026-04-28
Kawangware,Lentils,-,-,-,220.00/Kg,250.00/Kg,,Nairobi,2026-04-28
Kawangware,Pigeon peas,-,-,-,100.00/Kg,115.00/Kg,,Nairobi,2026-04-28
Kathonzweni,Sheep,Blackhead Persian,Grade 1,Male,9000.00/Head,-,40.0,Makueni,2026-04-28
Kawangware,Green Grams,Makueni,-,-,155.00/Kg,170.00/Kg,,Nairobi,2026-04-28
Kathonzweni,Donkey,-,-,Female,4000.00/Head,-,3.0,Makueni,2026-04-28
Kawangware,Beans Red Haricot (Wairimu),-,-,-,100.00/Kg,110.00/Kg,,Nairobi,2026-04-28
Kawangware,Dolichos lablab (Njahi),-,-,-,75.00/Kg,85.00/Kg,,Nairobi,2026-04-28
Kathonzweni,Donkey,-,-,Female,7500.00/Head,-,6.0,Makueni,2026-04-28
Kathonzweni,Donkey,-,-,Male,5000.00/Head,-,6.0,Makueni,2026-04-28
Kawangware,Cowpeas,-,-,-,90.00/Kg,120.00/Kg,,Nairobi,2026-04-28
Kathonzweni,Donkey,-,-,Male,7000.00/Head,-,10.0,Makueni,2026-04-28
Kawangware,Beans Rosecoco (Nyayo),-,-,-,110.00/Kg,125.00/Kg,,Nairobi,2026-04-28
Kawangware,Beans Rosecoco,-,-,-,115.00/Kg,125.00/Kg,,Nairobi,2026-04-28
Kawangware,Beans (Yellow-Green),-,-,-,110.00/Kg,125.00/Kg,,Nairobi,2026-04-28
Kawangware,Beans (Mwitemania),-,-,-,90.00/Kg,100.00/Kg,,Nairobi,2026-04-28
Kawangware,Rice,Pishori,-,-,160.00/Kg,180.00/Kg,,Nairobi,2026-04-28
Kawangware,Pearl Rush Millet,-,-,-,122.22/Kg,120.00/Kg,,Nairobi,2026-04-28
Kawangware,Finger Millet,-,-,-,54.00/Kg,90.00/Kg,,Nairobi,2026-04-28
Kawangware,Dry Maize,White Maize,-,-,55.00/Kg,65.00/Kg,,Nairobi,2026-04-28
Ngurubani Market,Water Melon,-,-,-,25.00/Kg,35.00/Kg,23500.0,Kirinyaga,2026-04-28
Ngurubani Market,Tree tomato,-,-,-,70.00/Kg,100.00/Kg,280.0,Kirinyaga,2026-04-28
Ngurubani Market,Thorn melon,-,-,-,80.00/Kg,120.00/Kg,255.0,Kirinyaga,2026-04-28
Ngurubani Market,Pineapples,-,-,-,50.00/Kg,70.00/Kg,1250.0,Kirinyaga,2026-04-28
Ngurubani Market,Pawpaw,-,-,-,40.00/Kg,60.00/Kg,135.0,Kirinyaga,2026-04-28
Ngurubani Market,Passion Fruits,-,-,-,150.00/Kg,220.00/Kg,250.0,Kirinyaga,2026-04-28
Ngurubani Market,Oranges,-,-,-,70.00/Kg,100.00/Kg,1400.0,Kirinyaga,2026-04-28
Kathonzweni,Sweet potatoes,-,-,-,150.00/Kg,250.00/Kg,1000.0,Makueni,2026-04-28
Ngurubani Market,Lemons,-,-,-,40.00/Kg,60.00/Kg,200.0,Kirinyaga,2026-04-28
Ngurubani Market,Avocado,Local,-,-,65.00/Kg,85.00/Kg,1450.0,Kirinyaga,2026-04-28
Kathonzweni,Red Irish potato,-,-,-,60.00/Kg,70.00/Kg,21000.0,Makueni,2026-04-28
Ngurubani Market,Pork,-,-,-,650.00/Kg,750.00/Kg,450.0,Kirinyaga,2026-04-28
Ngurubani Market,Meat Beef,-,-,-,650.00/Kg,750.00/Kg,420.0,Kirinyaga,2026-04-28
Ngurubani Market,Eggs,Exotic/Grade,-,-,420.00/Tray(30),480.00/Tray(30),2580.0,Kirinyaga,2026-04-28
Ngurubani Market,Rice,Pishori,-,-,150.00/Kg,170.00/Kg,137500.0,Kirinyaga,2026-04-28
Kathonzweni,Cassava Fresh,-,-,-,33.33/Kg,50.00/Kg,600.0,Makueni,2026-04-28
Ngurubani Market,Red Sorghum,-,-,-,90.00/Kg,2.22/Kg,2200.0,Kirinyaga,2026-04-28
Ngurubani Market,Dry Maize,White Maize,-,-,52.22/Kg,60.00/Kg,4580.0,Kirinyaga,2026-04-28
Kathonzweni,Arrow Root,-,-,-,150.00/Kg,240.00/Kg,600.0,Makueni,2026-04-28
Ngurubani Market,White Irish Potatoes,-,-,-,46.00/Kg,50.00/Kg,21000.0,Kirinyaga,2026-04-28
Ngurubani Market,Sweet potatoes,-,-,-,80.00/Kg,120.00/Kg,250.0,Kirinyaga,2026-04-28
Ngurubani Market,Arrow Root,-,-,-,100.00/Kg,140.00/Kg,300.0,Kirinyaga,2026-04-28
Kathonzweni,Water Melon,-,-,-,30.00/Kg,50.00/Kg,1000.0,Makueni,2026-04-28
Ngurubani Market,Tomatoes,-,-,-,70.00/Kg,170.00/Kg,850.0,Kirinyaga,2026-04-28
Kathonzweni,Thorn melon,-,-,-,80.00/Kg,120.00/Kg,80.0,Makueni,2026-04-28
Ngurubani Market,Spring Onions,-,-,-,40.00/Kg,70.00/Kg,250.0,Kirinyaga,2026-04-28
Ngurubani Market,Spinach,-,-,-,40.00/Kg,50.00/Kg,250.0,Kirinyaga,2026-04-28
Kathonzweni,Pawpaw,-,-,-,53.33/Kg,80.00/Kg,50.0,Makueni,2026-04-28
Ngurubani Market,Pumpkin,-,-,-,25.00/Kg,35.00/Kg,2500.0,Kirinyaga,2026-04-28
Ngurubani Market,Green Maize,-,-,-,40.00/Kg,60.00/Kg,3520.0,Kirinyaga,2026-04-28
Ngurubani Market,Fresh Peas,On pods,-,-,150.00/Kg,170.00/Kg,450.0,Kirinyaga,2026-04-28
Ngurubani Market,French beans,-,-,-,50.00/Kg,70.00/Kg,215.0,Kirinyaga,2026-04-28
Kathonzweni,Oranges,-,-,-,60.00/Kg,80.00/Kg,500.0,Makueni,2026-04-28
Ngurubani Market,Egg plant (Brinjals),-,-,-,40.00/Kg,70.00/Kg,50.0,Kirinyaga,2026-04-28
Ngurubani Market,Cucumber,-,-,-,80.00/Kg,120.00/Kg,120.0,Kirinyaga,2026-04-28
Ngurubani Market,Courgette,-,-,-,50.00/Kg,80.00/Kg,215.0,Kirinyaga,2026-04-28
Kathonzweni,Lemons,-,-,-,20.00/Kg,50.00/Kg,250.0,Makueni,2026-04-28
Ngurubani Market,Coriander (Dhania),-,-,-,50.00/Kg,70.00/Kg,150.0,Kirinyaga,2026-04-28
Ngurubani Market,Chillies,-,-,-,50.00/Kg,70.00/Kg,150.0,Kirinyaga,2026-04-28
Kathonzweni,Banana (Ripening),-,-,-,40.00/Kg,80.00/Kg,9000.0,Makueni,2026-04-28
Ngurubani Market,Carrots,-,-,-,40.00/Kg,60.00/Kg,3850.0,Kirinyaga,2026-04-28
Ngurubani Market,Capsicums,-,-,-,40.00/Kg,60.00/Kg,350.0,Kirinyaga,2026-04-28
Kathonzweni,Avocado,Local,-,-,20.00/Kg,40.00/Kg,1500.0,Makueni,2026-04-28
Ngurubani Market,Cabbages,-,-,-,20.00/Kg,25.00/Kg,24500.0,Kirinyaga,2026-04-28
Ngurubani Market,Butternuts,-,-,-,30.00/Kg,45.00/Kg,3580.0,Kirinyaga,2026-04-28
Ngurubani Market,Banana (Cooking),-,-,-,25.00/Kg,35.00/Kg,2580.0,Kirinyaga,2026-04-28
Kathonzweni,Apples,-,-,-,200.00/Kg,300.00/Kg,150.0,Makueni,2026-04-28
Ngurubani Market,Pumpkin Leaves,-,-,-,25.00/Kg,30.00/Kg,120.0,Kirinyaga,2026-04-28
Ngurubani Market,Cowpea leaves (Kunde),-,-,-,30.00/Kg,50.00/Kg,250.0,Kirinyaga,2026-04-28
Ngurubani Market,Black nightshade (Managu/ Osuga),-,-,-,30.00/Kg,40.00/Kg,520.0,Kirinyaga,2026-04-28
Kathonzweni,Wheat,-,-,-,60.00/Kg,70.00/Kg,500.0,Makueni,2026-04-28
Ngurubani Market,Amaranthus (Terere),-,-,-,25.00/Kg,35.00/Kg,450.0,Kirinyaga,2026-04-28
Ngurubani Market,Pigeon peas,-,-,-,70.00/Kg,90.00/Kg,2200.0,Kirinyaga,2026-04-28
Ngundune,Meat Chevon,-,-,-,700.00/Kg,800.00/Kg,250.0,Meru,2026-04-28
Ngundune,Meat Beef,-,-,-,600.00/Kg,700.00/Kg,3500.0,Meru,2026-04-28
Ngurubani Market,Mixed Beans,-,-,-,91.11/Kg,115.00/Kg,1700.0,Kirinyaga,2026-04-28
Kathonzweni,Red Sorghum,-,-,-,60.00/Kg,70.00/Kg,600.0,Makueni,2026-04-28
Ngundune,Eggs,Indigenous /Kenyeji,-,-,450.00/Tray(30),600.00/Tray(30),15.0,Meru,2026-04-28
Ngundune,Eggs,Exotic/Grade,-,-,380.00/Tray(30),450.00/Tray(30),150.0,Meru,2026-04-28
Ngurubani Market,Lentils,-,-,-,188.89/Kg,225.00/Kg,2120.0,Kirinyaga,2026-04-28
Ngurubani Market,Green Grams,Hybrid/ polished,-,-,100.00/Kg,150.00/Kg,2500.0,Kirinyaga,2026-04-28
Ngundune,Cow Milk(Processd),-,-,-,94.00/Lt,120.00/Lt,1500.0,Meru,2026-04-28
Ngundune,Cow Milk(At collection point),-,-,-,70.00/Lt,80.00/Lt,450.0,Meru,2026-04-28
Ngurubani Market,Dolichos lablab (Njahi),-,-,-,83.33/Kg,100.00/Kg,1500.0,Kirinyaga,2026-04-28
Ngundune,Sheep,Dorper,Grade 2,Male,12000.00/Head,-,50.0,Meru,2026-04-28
Kathonzweni,Dry Maize,White Maize,-,-,50.00/Kg,55.00/Kg,6000.0,Makueni,2026-04-28
Ngundune,Sheep,Blackhead Persian,Grade 2,Male,7000.00/Head,-,60.0,Meru,2026-04-28
Ngundune,Goat,Mixed,Grade 3,Female,3000.00/Head,-,35.0,Meru,2026-04-28
Ngundune,Goat,Mixed,Grade 3,Female,6000.00/Head,-,50.0,Meru,2026-04-28
Ngurubani Market,Cowpeas,-,-,-,100.00/Kg,140.00/Kg,1350.0,Kirinyaga,2026-04-28
Ngundune,Goat,East African Goat,Grade 2,Male,12000.00/Head,-,80.0,Meru,2026-04-28
Ngundune,Goat,East African Goat,Grade 2,Male,15000.00/Head,-,150.0,Meru,2026-04-28
Kathonzweni,Pumpkin Leaves,-,-,-,60.00/Kg,80.00/Kg,100.0,Makueni,2026-04-28
Ngurubani Market,Beans Rosecoco (Nyayo),-,-,-,108.89/Kg,150.00/Kg,3250.0,Kirinyaga,2026-04-28
Ngundune,Goat,Dairy Goats,Grade 2,Male,15000.00/Head,-,5.0,Meru,2026-04-28
Ngundune,Cattle,Other,Grade 4,Male,25000.00/Head,-,35.0,Meru,2026-04-28
Kathonzweni,Cowpea leaves (Kunde),-,-,-,40.00/Kg,60.00/Kg,300.0,Makueni,2026-04-28
Ngurubani Market,Beans Red Haricot (Wairimu),-,-,-,100.00/Kg,140.00/Kg,6580.0,Kirinyaga,2026-04-28
Ngurubani Market,Beans (Yellow-Green),-,-,-,122.22/Kg,175.00/Kg,5280.0,Kirinyaga,2026-04-28
Kathonzweni,Black nightshade (Managu/ Osuga),-,-,-,30.00/Kg,50.00/Kg,200.0,Makueni,2026-04-28
Ngurubani Market,Beans (Mwitemania),-,-,-,91.11/Kg,125.00/Kg,4500.0,Kirinyaga,2026-04-28
Ngurubani Market,Fertilizer,NPK,-,-,95.00/Kg,110.00/Kg,185800.0,Kirinyaga,2026-04-28
Kathonzweni,Tomatoes,-,-,-,100.00/Kg,120.00/Kg,5000.0,Makueni,2026-04-28
Ngurubani Market,Fertilizer,DAP,-,-,136.00/Kg,140.00/Kg,125000.0,Kirinyaga,2026-04-28
Ngurubani Market,Fertilizer,CAN,-,-,66.00/Kg,80.00/Kg,52000.0,Kirinyaga,2026-04-28
Kathonzweni,Spinach,-,-,-,80.00/Kg,140.00/Kg,300.0,Makueni,2026-04-28
Kathonzweni,Okra (Lady's fingers or Gumbo),-,-,-,160.00/Kg,240.00/Kg,80.0,Makueni,2026-04-28
Kathonzweni,Kales/Sukuma Wiki,-,-,-,40.00/Kg,80.00/Kg,950.0,Makueni,2026-04-28
Kathonzweni,Green Maize,-,-,-,100.00/Kg,150.00/Kg,500.0,Makueni,2026-04-28
Kathonzweni,Ginger,-,-,-,300.00/Kg,400.00/Kg,200.0,Makueni,2026-04-28
Kathonzweni,Garlic,-,-,-,360.00/Kg,440.00/Kg,100.0,Makueni,2026-04-28
Kathonzweni,Egg plant (Brinjals),-,-,-,100.00/Kg,150.00/Kg,250.0,Makueni,2026-04-28
Kathonzweni,Dry Onions,-,-,-,110.00/Kg,140.00/Kg,2000.0,Makueni,2026-04-28
Kathonzweni,Cucumber,-,-,-,240.00/Kg,320.00/Kg,40.0,Makueni,2026-04-28
Kathonzweni,Courgette,-,-,-,240.00/Kg,320.00/Kg,30.0,Makueni,2026-04-28
Kathonzweni,Coriander (Dhania),-,-,-,200.00/Kg,400.00/Kg,100.0,Makueni,2026-04-28
Kathonzweni,Chillies,-,-,-,120.00/Kg,240.00/Kg,80.0,Makueni,2026-04-28
Maua,Spring Onions,-,-,-,80.00/Kg,100.00/Kg,2200.0,Meru,2026-04-28
Kathonzweni,Carrots,-,-,-,60.00/Kg,80.00/Kg,450.0,Makueni,2026-04-28
Ngundune,Cattle,Boran,Grade 2,Male,92000.00/Head,-,150.0,Meru,2026-04-28
Maua,Capsicums,-,-,-,80.00/Kg,100.00/Kg,2000.0,Meru,2026-04-28
Ngundune,Cattle,Boran,Grade 3,Male,35000.00/Head,-,50.0,Meru,2026-04-28
Kathonzweni,Capsicums,-,-,-,60.00/Kg,150.00/Kg,400.0,Makueni,2026-04-28
Maua,Dry Onions,-,-,-,60.00/Kg,800.00/Kg,8000.0,Meru,2026-04-28
Ngundune,Cattle,Boran,Grade 3,Female,65000.00/Head,-,30.0,Meru,2026-04-28
Kathonzweni,Cabbages,-,-,-,25.00/Kg,35.00/Kg,14000.0,Makueni,2026-04-28
Ngundune,Cattle,Boran,Grade 2,Castrate,85000.00/Head,-,60.0,Meru,2026-04-28
Ngundune,Cattle,Boran,Grade 2,Male,85000.00/Head,-,100.0,Meru,2026-04-28
Kathonzweni,Butternuts,-,-,-,150.00/Kg,200.00/Kg,80.0,Makueni,2026-04-28
Maua,Tomatoes,-,-,-,50.00/Kg,70.00/Kg,15000.0,Meru,2026-04-28
Kathonzweni,Banana (Cooking),-,-,-,50.00/Kg,80.00/Kg,400.0,Makueni,2026-04-28
Maua,Garlic,-,-,-,320.00/Kg,400.00/Kg,1600.0,Meru,2026-04-28
Kathonzweni,Pigeon peas,-,-,-,100.00/Kg,110.00/Kg,600.0,Makueni,2026-04-28
Kathonzweni,Mixed Beans,-,-,-,100.00/Kg,110.00/Kg,5000.0,Makueni,2026-04-28
Maua,Butternuts,-,-,-,60.00/Kg,80.00/Kg,2000.0,Meru,2026-04-28
Kathonzweni,Green Grams,Makueni,-,-,100.00/Kg,110.00/Kg,450.0,Makueni,2026-04-28
Maua,Carrots,-,-,-,45.00/Kg,60.00/Kg,7000.0,Meru,2026-04-28
Kathonzweni,Cowpeas,-,-,-,90.00/Kg,100.00/Kg,900.0,Makueni,2026-04-28
Maua,Fresh Peas,On pods,-,-,100.00/Kg,160.00/Kg,1800.0,Meru,2026-04-28
Maua,Cabbages,-,-,-,15.00/Kg,25.00/Kg,9000.0,Meru,2026-04-28
Maua,Thorn melon,-,-,-,20.00/Kg,30.00/Kg,100.0,Meru,2026-04-28
Maua,Apples,-,-,-,322.22/Kg,440.00/Kg,360.0,Meru,2026-04-28
Nkubu,White Irish Potatoes,-,-,-,60.00/Kg,100.00/Kg,1900.0,Meru,2026-04-28
Nkubu,Oranges,-,-,-,55.56/Kg,100.00/Kg,900.0,Meru,2026-04-28
Nkubu,Pearl Rush Millet,-,-,-,122.22/Kg,120.00/Kg,810.0,Meru,2026-04-28
Maua,Pawpaw,-,-,-,30.00/Kg,25.00/Kg,3200.0,Meru,2026-04-28
Nkubu,Finger Millet,-,-,-,88.89/Kg,100.00/Kg,360.0,Meru,2026-04-28
Maua,Banana (Ripening),-,-,-,20.00/Kg,20.00/Kg,2400.0,Meru,2026-04-28
Maua,Oranges,-,-,-,60.00/Kg,100.00/Kg,6000.0,Meru,2026-04-28
Nkubu,Dry Maize,Mixed-Traditional,-,-,44.44/Kg,50.00/Kg,900.0,Meru,2026-04-28
Nkubu,Tomatoes,-,-,-,18.00/Kg,100.00/Kg,5000.0,Meru,2026-04-28
Nkubu,Dry Onions,-,-,-,90.00/Kg,100.00/Kg,1840.0,Meru,2026-04-28
Maua,Water Melon,-,-,-,30.00/Kg,35.00/Kg,4800.0,Meru,2026-04-28
Nkubu,Carrots,-,-,-,28.57/Kg,50.00/Kg,2100.0,Meru,2026-04-28
Nkubu,Cabbages,-,-,-,4.00/Kg,30.00/Kg,9000.0,Meru,2026-04-28
Nkubu,Pigeon peas,-,-,-,88.89/Kg,120.00/Kg,720.0,Meru,2026-04-28
Nkubu,Lentils,-,-,-,200.00/Kg,250.00/Kg,600.0,Meru,2026-04-28
Nkubu,Green Grams,Hybrid/ polished,-,-,144.44/Kg,150.00/Kg,720.0,Meru,2026-04-28
Nkubu,Dry Peas,-,-,-,144.44/Kg,170.00/Kg,630.0,Meru,2026-04-28
Nkubu,Dolichos lablab (Njahi),-,-,-,88.89/Kg,120.00/Kg,630.0,Meru,2026-04-28
Maua,Pigeon peas,-,-,-,100.00/Kg,120.00/Kg,4500.0,Meru,2026-04-28
Nkubu,Cowpeas,-,-,-,100.00/Kg,120.00/Kg,810.0,Meru,2026-04-28
Maua,Green Grams,Hybrid/ polished,-,-,144.44/Kg,160.00/Kg,8100.0,Meru,2026-04-28
Nkubu,Beans Rosecoco,-,-,-,111.11/Kg,130.00/Kg,540.0,Meru,2026-04-28
Nkubu,Beans Red Haricot (Wairimu),-,-,-,111.11/Kg,120.00/Kg,720.0,Meru,2026-04-28
Nkubu,Beans (Yellow-Green),-,-,-,133.33/Kg,150.00/Kg,720.0,Meru,2026-04-28
Maua,Cowpeas,-,-,-,100.00/Kg,120.00/Kg,2700.0,Meru,2026-04-28
Maua,Dolichos lablab (Njahi),-,-,-,88.89/Kg,100.00/Kg,6300.0,Meru,2026-04-28
Nkubu,Beans (Mwitemania),-,-,-,111.11/Kg,120.00/Kg,990.0,Meru,2026-04-28
Nkubu,Beans (Mwezi Moja),-,-,-,111.11/Kg,120.00/Kg,450.0,Meru,2026-04-28
Maua,Dry Peas,-,-,-,166.67/Kg,200.00/Kg,1800.0,Meru,2026-04-28
Maua,Beans Red Haricot (Wairimu),-,-,-,116.67/Kg,140.00/Kg,1890.0,Meru,2026-04-28
Mogogosiek Market,Omena,Dried,-,-,180.00/Kg,250.00/Kg,1500.0,Bomet,2026-04-28
Mogogosiek Market,White Irish Potatoes,-,-,-,40.00/Kg,60.00/Kg,9000.0,Bomet,2026-04-28
Mogogosiek Market,Sweet potatoes,-,-,-,100.00/Kg,130.00/Kg,3000.0,Bomet,2026-04-28
Maua,Mixed Beans,-,-,-,88.89/Kg,100.00/Kg,8100.0,Meru,2026-04-28
Mogogosiek Market,Red Irish potato,-,-,-,40.00/Kg,60.00/Kg,6000.0,Bomet,2026-04-28
Mogogosiek Market,Dry Maize,White Maize,-,-,54.17/Kg,62.50/Kg,10800.0,Bomet,2026-04-28
Maua,Beans (Yellow-Green),-,-,-,122.22/Kg,150.00/Kg,1080.0,Meru,2026-04-28
Mogogosiek Market,Spider flower (Saga),-,-,-,200.00/Kg,250.00/Kg,1500.0,Bomet,2026-04-28
Mogogosiek Market,Black nightshade (Managu/ Osuga),-,-,-,200.00/Kg,250.00/Kg,1200.0,Bomet,2026-04-28
Maua,Beans Rosecoco (Nyayo),-,-,-,133.33/Kg,150.00/Kg,1800.0,Meru,2026-04-28
Mogogosiek Market,Capsicums,-,-,-,50.00/Kg,80.00/Kg,500.0,Bomet,2026-04-28
Maua,Beans (Mwitemania),-,-,-,111.11/Kg,130.00/Kg,6300.0,Meru,2026-04-28
Mogogosiek Market,Cabbages,-,-,-,15.00/Kg,20.00/Kg,6000.0,Bomet,2026-04-28
Mogogosiek Market,Banana (Cooking),-,-,-,80.00/Kg,100.00/Kg,800.0,Bomet,2026-04-28
Maua,Rice,Pishori,-,-,160.00/Kg,180.00/Kg,6000.0,Meru,2026-04-28
Mogogosiek Market,Beans Rosecoco,-,-,-,150.00/Kg,200.00/Kg,8000.0,Bomet,2026-04-28
Mogogosiek Market,Beans (Yellow-Green),-,-,-,150.00/Kg,180.00/Kg,8000.0,Bomet,2026-04-28
Maua,Rice,IRR,-,-,120.00/Kg,140.00/Kg,3000.0,Meru,2026-04-28
Mogogosiek Market,Beans (Mwezi Moja),-,-,-,100.00/Kg,150.00/Kg,7000.0,Bomet,2026-04-28
Maua,Rice,Sindano,-,-,140.00/Kg,160.00/Kg,4500.0,Meru,2026-04-28
Maua,Wheat,-,-,-,88.89/Kg,100.00/Kg,990.0,Meru,2026-04-28
Voi Retail,Oranges,-,-,-,-,10.00/Kg,20.0,Taita-Taveta,2026-04-28
Voi Retail,Mangoes,Improved,-,-,-,50.00/Kg,20.0,Taita-Taveta,2026-04-28
Voi Retail,Lemons,-,-,-,-,10.00/Kg,40.0,Taita-Taveta,2026-04-28
Voi Retail,Avocado,Fuerte,-,-,-,40.00/Kg,40.0,Taita-Taveta,2026-04-28
Voi Retail,Apples,-,-,-,-,40.00/Kg,60.0,Taita-Taveta,2026-04-28
Voi Retail,Pumpkin Leaves,-,-,-,-,100.00/Kg,20.0,Taita-Taveta,2026-04-28
Voi Retail,Cowpea leaves (Kunde),-,-,-,-,80.00/Kg,50.0,Taita-Taveta,2026-04-28
Maua,White Sorghum,-,-,-,80.00/kg,90.00/kg,1800.0,Meru,2026-04-28
Voi Retail,Amaranthus (Terere),-,-,-,-,100.00/Kg,50.0,Taita-Taveta,2026-04-28
Maua,Red Sorghum,-,-,-,90.00/Kg,100.00/Kg,1600.0,Meru,2026-04-28
Voi Retail,White Irish Potatoes,-,-,-,-,80.00/Kg,130.0,Taita-Taveta,2026-04-28
Voi Retail,Cassava Fresh,-,-,-,-,90.00/Kg,50.0,Taita-Taveta,2026-04-28
Voi Retail,Arrow Root,-,-,-,-,120.00/Kg,80.0,Taita-Taveta,2026-04-28
Maua,Pearl Rush Millet,-,-,-,90.00/Kg,110.00/Kg,2500.0,Meru,2026-04-28
Voi Retail,Tomatoes,-,-,-,-,140.00/Kg,120.0,Taita-Taveta,2026-04-28
Voi Retail,Spinach,-,-,-,-,100.00/Kg,50.0,Taita-Taveta,2026-04-28
Voi Retail,Okra (Lady's fingers or Gumbo),-,-,-,-,140.00/Kg,20.0,Taita-Taveta,2026-04-28
Voi Retail,Kales/Sukuma Wiki,-,-,-,-,80.00/Kg,50.0,Taita-Taveta,2026-04-28
Voi Retail,Ginger,-,-,-,-,250.00/Kg,20.0,Taita-Taveta,2026-04-28
Voi Retail,Garlic,-,-,-,-,550.00/Kg,120.0,Taita-Taveta,2026-04-28
Voi Retail,Fresh Peas,Shelled Peas,-,-,-,160.00/Kg,50.0,Taita-Taveta,2026-04-28
Voi Retail,French beans,-,-,-,-,120.00/Kg,50.0,Taita-Taveta,2026-04-28
Voi Retail,Dry Onions,-,-,-,-,100.00/Kg,40.0,Taita-Taveta,2026-04-28
Voi Retail,Coriander (Dhania),-,-,-,-,50.00/Kg,20.0,Taita-Taveta,2026-04-28
Voi Retail,Carrots,-,-,-,-,100.00/Kg,30.0,Taita-Taveta,2026-04-28
Voi Retail,Capsicums,-,-,-,-,120.00/Kg,20.0,Taita-Taveta,2026-04-28
Voi Retail,Butternuts,-,-,-,-,80.00/Kg,30.0,Taita-Taveta,2026-04-28
Maua,Finger Millet,-,-,-,120.00/Kg,150.00/Kg,1900.0,Meru,2026-04-28
Voi Retail,Cabbages,-,-,-,-,80.00/Kg,50.0,Taita-Taveta,2026-04-28
Voi Retail,Broccoli,-,-,-,-,120.00/Kg,20.0,Taita-Taveta,2026-04-28
Maua,Dry Maize,White Maize,-,-,55.56/Kg,60.00/Kg,7200.0,Meru,2026-04-28
Voi Retail,Banana (Plantain),-,-,-,-,10.00/Kg,120.0,Taita-Taveta,2026-04-28
Voi Retail,Banana (Cooking),-,-,-,-,10.00/Kg,100.0,Taita-Taveta,2026-04-28
Kapkwen,Chicken,Indigenous,-,Female,850.00/Head,-,1200.0,Bomet,2026-04-28
Kapkwen,Chicken,Indigenous,-,Male,1000.00/Head,-,1500.0,Bomet,2026-04-28
Kapkwen,Cattle,Friesian,Grade 2,Female,78000.00/Head,-,112.0,Bomet,2026-04-28
Kapkwen,Cattle,Friesian,Grade 2,Male,80000.00/Head,-,130.0,Bomet,2026-04-28
Kapkwen,Cattle,Ayrshire,Grade 2,Female,75000.00/Head,-,103.0,Bomet,2026-04-28
Kapkwen,Cattle,Ayrshire,Grade 2,Male,78000.00/Head,-,120.0,Bomet,2026-04-28
Kapkwen,Dry Maize,White Maize,-,-,47.78/Kg,70.00/Kg,360000.0,Bomet,2026-04-28
Kapkwen,Tomatoes,-,-,-,30.00/Kg,50.00/Kg,240000.0,Bomet,2026-04-28
Kapkwen,Fresh Peas,On pods,-,-,60.00/Kg,100.00/Kg,14000.0,Bomet,2026-04-28
Kapkwen,Dry Onions,-,-,-,90.00/Kg,160.00/Kg,120000.0,Bomet,2026-04-28
Kapkwen,Carrots,-,-,-,40.00/Kg,80.00/Kg,1000.0,Bomet,2026-04-28
Kapkwen,Cabbages,-,-,-,15.00/Kg,25.00/Kg,13000.0,Bomet,2026-04-28
Kapkwen,Butternuts,-,-,-,50.00/Kg,75.00/Kg,1200.0,Bomet,2026-04-28
Kapkwen,Beans Rosecoco,-,-,-,150.00/Kg,175.00/Kg,13000.0,Bomet,2026-04-28
Voi Wholesale,Black nightshade (Managu/ Osuga),-,-,-,60.00/Kg,-,700.0,Taita-Taveta,2026-04-28
Voi Wholesale,Amaranthus (Terere),-,-,-,60.00/Kg,-,600.0,Taita-Taveta,2026-04-28
Voi Wholesale,Oranges,-,-,-,80.00/Kg,-,500.0,Taita-Taveta,2026-04-28
Voi Wholesale,Mangoes,Improved,-,-,30.00/Kg,-,1500.0,Taita-Taveta,2026-04-28
Chumvini Livestock Market,Sheep,Blackhead Persian,Grade 2,Female,15000.00/Head,-,9.0,Taita-Taveta,2026-04-28
Chumvini Livestock Market,Sheep,Blackhead Persian,Grade 2,Male,13000.00/Head,-,6.0,Taita-Taveta,2026-04-28
Voi Wholesale,Sweet potatoes,-,-,-,50.00/Kg,-,2850.0,Taita-Taveta,2026-04-28
Chumvini Livestock Market,Goat,Galla,Grade 1,Female,20000.00/Head,-,4.0,Taita-Taveta,2026-04-28
Chumvini Livestock Market,Goat,Galla,Grade 1,Male,30000.00/Head,-,3.0,Taita-Taveta,2026-04-28
Chumvini Livestock Market,Goat,Mixed,Grade 2,Female,9500.00/Head,-,103.0,Taita-Taveta,2026-04-28
Chumvini Livestock Market,Goat,Mixed,Grade 2,Male,10000.00/Head,-,118.0,Taita-Taveta,2026-04-28
Chumvini Livestock Market,Cattle,Mixed,Grade 2,Female,56000.00/Head,-,3.0,Taita-Taveta,2026-04-28
Voi Wholesale,White Irish Potatoes,-,-,-,54.74/Kg,-,9500.0,Taita-Taveta,2026-04-28
Voi Wholesale,Banana (Ripening),-,-,-,40.00/Kg,-,400.0,Taita-Taveta,2026-04-28
Voi Wholesale,Avocado,Local,-,-,30.00/Kg,-,300.0,Taita-Taveta,2026-04-28
Chumvini Livestock Market,Chicken,Indigenous,-,Female,1100.00/Head,-,84.0,Taita-Taveta,2026-04-28
Chumvini Livestock Market,Chicken,Indigenous,-,Male,1500.00/Head,-,146.0,Taita-Taveta,2026-04-28
Voi Wholesale,Tomatoes,-,-,-,80.00/Kg,-,1750.0,Taita-Taveta,2026-04-28
Voi Wholesale,Tomatoes,-,-,-,80.00/Kg,-,3500.0,Taita-Taveta,2026-04-28
Voi Wholesale,Okra (Lady's fingers or Gumbo),-,-,-,80.00/Kg,-,400.0,Taita-Taveta,2026-04-28
Voi Wholesale,Spinach,-,-,-,60.00/Kg,-,900.0,Taita-Taveta,2026-04-28
Voi Wholesale,Kales/Sukuma Wiki,-,-,-,35.00/Kg,-,1200.0,Taita-Taveta,2026-04-28
Voi Wholesale,Green Maize,-,-,-,60.00/Kg,-,350.0,Taita-Taveta,2026-04-28
Voi Wholesale,Ginger,-,-,-,160.00/Kg,-,550.0,Taita-Taveta,2026-04-28
Voi Wholesale,Garlic,-,-,-,360.00/Kg,-,500.0,Taita-Taveta,2026-04-28
Voi Wholesale,Fresh Peas,Shelled Peas,-,-,100.00/Kg,-,50.0,Taita-Taveta,2026-04-28
Voi Wholesale,Fresh Peas,On pods,-,-,80.00/Kg,-,500.0,Taita-Taveta,2026-04-28
Voi Wholesale,Cabbages,-,-,-,11.25/Kg,-,5400.0,Taita-Taveta,2026-04-28
Voi Wholesale,Banana (Cooking),-,-,-,32.50/Kg,-,2400.0,Taita-Taveta,2026-04-28
Voi Wholesale,Banana (Cooking),-,-,-,40.00/Kg,-,2100.0,Taita-Taveta,2026-04-28
Kerugoya,Green Grams,Makueni,-,-,140.00/Kg,180.00/Kg,1600.0,Kirinyaga,2026-04-28
Kerugoya,Green Grams,Local-Special,-,-,125.00/Kg,160.00/Kg,1500.0,Kirinyaga,2026-04-28
Kerugoya,Green Grams,Hybrid/ polished,-,-,145.00/Kg,190.00/Kg,1450.0,Kirinyaga,2026-04-28
Kerugoya,Dry Peas,-,-,-,175.00/Kg,220.00/Kg,500.0,Kirinyaga,2026-04-28
Kerugoya,Dolichos lablab (Njahi),-,-,-,100.00/Kg,130.00/Kg,1650.0,Kirinyaga,2026-04-28
Kerugoya,Beans Rosecoco (Nyayo),-,-,-,140.00/Kg,180.00/Kg,2500.0,Kirinyaga,2026-04-28
Kerugoya,Beans Rosecoco,-,-,-,140.00/Kg,180.00/Kg,2450.0,Kirinyaga,2026-04-28
Kerugoya,Beans Red Haricot (Wairimu),-,-,-,120.00/Kg,150.00/Kg,2650.0,Kirinyaga,2026-04-28
Kerugoya,Beans (Yellow-Green),-,-,-,145.00/Kg,200.00/Kg,1650.0,Kirinyaga,2026-04-28
Kerugoya,Cowpeas,-,-,-,120.00/Kg,150.00/Kg,2250.0,Kirinyaga,2026-04-28
Kerugoya,Beans (Mwitemania),-,-,-,135.00/Kg,170.00/Kg,2350.0,Kirinyaga,2026-04-28
Kerugoya,Beans (Mwezi Moja),-,-,-,120.00/Kg,160.00/Kg,2600.0,Kirinyaga,2026-04-28
Kerugoya,Beans (Canadian wonder),-,-,-,125.00/Kg,160.00/Kg,2500.0,Kirinyaga,2026-04-28
Nkubu,Dry Onions,-,-,-,90.00/Kg,120.00/Kg,1440.0,Meru,2026-05-05
Nkubu,Carrots,-,-,-,28.57/Kg,50.00/Kg,1750.0,Meru,2026-05-05
Nkubu,Cabbages,-,-,-,4.00/Kg,30.00/Kg,8000.0,Meru,2026-05-05
Nkubu,Pigeon peas,-,-,-,88.89/Kg,120.00/Kg,630.0,Meru,2026-05-05
Nkubu,Lentils,-,-,-,200.00/Kg,250.00/Kg,750.0,Meru,2026-05-05
Nkubu,Green Grams,Hybrid/ polished,-,-,144.44/Kg,150.00/Kg,900.0,Meru,2026-05-05
Nkubu,Dry Peas,-,-,-,144.44/Kg,170.00/Kg,720.0,Meru,2026-05-05
Nkubu,Dolichos lablab (Njahi),-,-,-,144.44/Kg,150.00/Kg,900.0,Meru,2026-05-05
Nkubu,Cowpeas,-,-,-,100.00/Kg,120.00/Kg,630.0,Meru,2026-05-05
Nkubu,Beans Rosecoco,-,-,-,111.11/Kg,130.00/Kg,720.0,Meru,2026-05-05
Nkubu,Beans Red Haricot (Wairimu),-,-,-,111.11/Kg,120.00/Kg,630.0,Meru,2026-05-05
Nkubu,Beans (Yellow-Green),-,-,-,133.33/Kg,150.00/Kg,630.0,Meru,2026-05-05
Nkubu,Beans (Mwitemania),-,-,-,111.11/Kg,120.00/Kg,720.0,Meru,2026-05-05
Nkubu,Beans (Mwezi Moja),-,-,-,111.11/Kg,120.00/Kg,630.0,Meru,2026-05-05
Voi Wholesale,Black nightshade (Managu/ Osuga),-,-,-,60.00/Kg,-,750.0,Taita-Taveta,2026-05-05
Voi Wholesale,Amaranthus (Terere),-,-,-,60.00/Kg,-,600.0,Taita-Taveta,2026-05-05
Voi Wholesale,Oranges,-,-,-,80.00/Kg,-,400.0,Taita-Taveta,2026-05-05
Voi Wholesale,Avocado,Local,-,-,30.00/Kg,-,1500.0,Taita-Taveta,2026-05-05
Voi Wholesale,Tomatoes,-,-,-,73.33/Kg,-,2250.0,Taita-Taveta,2026-05-05
Voi Wholesale,Tomatoes,-,-,-,73.33/Kg,-,4500.0,Taita-Taveta,2026-05-05
Voi Wholesale,Spinach,-,-,-,60.00/Kg,-,800.0,Taita-Taveta,2026-05-05
Voi Wholesale,Kales/Sukuma Wiki,-,-,-,30.00/Kg,-,1200.0,Taita-Taveta,2026-05-05
Voi Wholesale,Green Maize,-,-,-,60.00/Kg,-,200.0,Taita-Taveta,2026-05-05
Voi Wholesale,Fresh Peas,Shelled Peas,-,-,90.00/Kg,-,50.0,Taita-Taveta,2026-05-05
Voi Wholesale,Fresh Peas,On pods,-,-,50.00/Kg,-,1200.0,Taita-Taveta,2026-05-05
Voi Wholesale,Dry Onions,-,-,-,7.69/Kg,-,3000.0,Taita-Taveta,2026-05-05
Voi Wholesale,Carrots,-,-,-,50.00/Kg,-,700.0,Taita-Taveta,2026-05-05
Voi Wholesale,Cabbages,-,-,-,15.00/Kg,-,400.0,Taita-Taveta,2026-05-05
Voi Wholesale,Cabbages,-,-,-,12.50/Kg,-,6000.0,Taita-Taveta,2026-05-05
Voi Wholesale,Banana (Cooking),-,-,-,36.67/Kg,-,1800.0,Taita-Taveta,2026-05-05
Voi Wholesale,Banana (Cooking),-,-,-,32.50/Kg,-,2400.0,Taita-Taveta,2026-05-05
Voi Wholesale,White Irish Potatoes,-,-,-,52.17/Kg,-,8100.0,Taita-Taveta,2026-05-05
Voi Wholesale,Arrow Root,-,-,-,100.00/Kg,-,3500.0,Taita-Taveta,2026-05-05
Voi Wholesale,Cassava Fresh,-,-,-,50.00/Kg,-,500.0,Taita-Taveta,2026-05-05
Voi Wholesale,Sweet potatoes,-,-,-,52.63/Kg,-,2500.0,Taita-Taveta,2026-05-05
Voi Wholesale,Arrow Root,-,-,-,100.00/Kg,-,3500.0,Taita-Taveta,2026-05-05
Ngurubani Market,Pumpkin Leaves,-,-,-,20.00/Kg,30.00/Kg,250.0,Kirinyaga,2026-05-04
Ngurubani Market,Black nightshade (Managu/ Osuga),-,-,-,35.00/Kg,50.00/Kg,520.0,Kirinyaga,2026-05-04
Ngurubani Market,Cowpea leaves (Kunde),-,-,-,35.00/Kg,50.00/Kg,145.0,Kirinyaga,2026-05-04
Ngurubani Market,Amaranthus (Terere),-,-,-,30.00/Kg,40.00/Kg,320.0,Kirinyaga,2026-05-04
Ngurubani Market,Tomatoes,-,-,-,75.00/Kg,85.00/Kg,950.0,Kirinyaga,2026-05-04
Ngurubani Market,Spring Onions,-,-,-,40.00/Kg,60.00/Kg,180.0,Kirinyaga,2026-05-04
Ngurubani Market,Spinach,-,-,-,35.00/Kg,50.00/Kg,325.0,Kirinyaga,2026-05-04
Ngurubani Market,Pumpkin,-,-,-,30.00/Kg,40.00/Kg,2580.0,Kirinyaga,2026-05-04
Ngurubani Market,Green Maize,-,-,-,40.00/Kg,50.00/Kg,2350.0,Kirinyaga,2026-05-04
Ngurubani Market,Kales/Sukuma Wiki,-,-,-,30.00/Kg,45.00/Kg,1250.0,Kirinyaga,2026-05-04
Ngurubani Market,Fresh Peas,On pods,-,-,150.00/Kg,170.00/Kg,345.0,Kirinyaga,2026-05-04
Ngurubani Market,French beans,-,-,-,70.00/Kg,100.00/Kg,320.0,Kirinyaga,2026-05-04
Ngurubani Market,Egg plant (Brinjals),-,-,-,50.00/Kg,80.00/Kg,40.0,Kirinyaga,2026-05-04
Ngurubani Market,Cucumber,-,-,-,60.00/Kg,80.00/Kg,120.0,Kirinyaga,2026-05-04
Ngurubani Market,Dry Onions,-,-,-,90.00/Kg,130.00/Kg,4800.0,Kirinyaga,2026-05-04
Ngurubani Market,Courgette,-,-,-,80.00/Kg,120.00/Kg,135.0,Kirinyaga,2026-05-04
Ngurubani Market,Coriander (Dhania),-,-,-,60.00/Kg,80.00/Kg,132.0,Kirinyaga,2026-05-04
Ngurubani Market,Chillies,-,-,-,50.00/Kg,70.00/Kg,412.0,Kirinyaga,2026-05-04
Ngurubani Market,Carrots,-,-,-,40.00/Kg,60.00/Kg,3250.0,Kirinyaga,2026-05-04
Ngurubani Market,Capsicums,-,-,-,30.00/Kg,50.00/Kg,125.0,Kirinyaga,2026-05-04
Ngurubani Market,Cabbages,-,-,-,22.00/Kg,27.00/Kg,19500.0,Kirinyaga,2026-05-04
Ngurubani Market,Butternuts,-,-,-,32.00/Kg,42.00/Kg,2800.0,Kirinyaga,2026-05-04
Ngurubani Market,Banana (Cooking),-,-,-,30.00/Kg,40.00/Kg,1520.0,Kirinyaga,2026-05-04
Ngurubani Market,Rice,Pishori,-,-,150.00/Kg,170.00/Kg,135000.0,Kirinyaga,2026-05-04
Ngurubani Market,Red Sorghum,-,-,-,86.67/Kg,100.00/Kg,1450.0,Kirinyaga,2026-05-04
Ngurubani Market,Dry Maize,White Maize,-,-,51.67/Kg,60.00/Kg,6580.0,Kirinyaga,2026-05-04
Ngurubani Market,Water Melon,-,-,-,20.00/Kg,25.00/Kg,25800.0,Kirinyaga,2026-05-04
Ngurubani Market,Tree tomato,-,-,-,70.00/Kg,100.00/Kg,213.0,Kirinyaga,2026-05-04
Ngurubani Market,Thorn melon,-,-,-,80.00/Kg,120.00/Kg,325.0,Kirinyaga,2026-05-04
Ngurubani Market,Pineapples,-,-,-,50.00/Kg,70.00/Kg,1250.0,Kirinyaga,2026-05-04
Ngurubani Market,Pawpaw,-,-,-,35.00/Kg,50.00/Kg,250.0,Kirinyaga,2026-05-04
Ngurubani Market,Passion Fruits,-,-,-,160.00/Kg,220.00/Kg,350.0,Kirinyaga,2026-05-04
Ngurubani Market,Lemons,-,-,-,40.00/Kg,60.00/Kg,150.0,Kirinyaga,2026-05-04
Ngurubani Market,Avocado,Local,-,-,50.00/Kg,70.00/Kg,852.0,Kirinyaga,2026-05-04
Ngurubani Market,Pork,-,-,-,650.00/Kg,750.00/Kg,355.0,Kirinyaga,2026-05-04
Ngurubani Market,Meat Beef,-,-,-,650.00/Kg,750.00/Kg,1350.0,Kirinyaga,2026-05-04
Ngurubani Market,Eggs,Exotic/Grade,-,-,420.00/Tray(30),480.00/Tray(30),2250.0,Kirinyaga,2026-05-04
Ngurubani Market,Sweet potatoes,-,-,-,80.00/Kg,100.00/Kg,415.0,Kirinyaga,2026-05-04
Ngurubani Market,White Irish Potatoes,-,-,-,45.00/Kg,50.00/Kg,21500.0,Kirinyaga,2026-05-04
Ngurubani Market,Arrow Root,-,-,-,100.00/Kg,150.00/Kg,1200.0,Kirinyaga,2026-05-04
Ngurubani Market,Pigeon peas,-,-,-,72.22/Kg,90.00/Kg,1580.0,Kirinyaga,2026-05-04
Ngurubani Market,Lentils,-,-,-,188.89/Kg,220.00/Kg,1580.0,Kirinyaga,2026-05-04
Ngurubani Market,Mixed Beans,-,-,-,83.33/Kg,105.00/Kg,520.0,Kirinyaga,2026-05-04
Ngurubani Market,Dolichos lablab (Njahi),-,-,-,86.67/Kg,100.00/Kg,1350.0,Kirinyaga,2026-05-04
Ngurubani Market,Cowpeas,-,-,-,94.44/Kg,150.00/Kg,1580.0,Kirinyaga,2026-05-04
Ngurubani Market,Beans Rosecoco (Nyayo),-,-,-,105.56/Kg,150.00/Kg,3850.0,Kirinyaga,2026-05-04
Ngurubani Market,Beans Red Haricot (Wairimu),-,-,-,97.78/Kg,130.00/Kg,3500.0,Kirinyaga,2026-05-04
Ngurubani Market,Beans (Mwitemania),-,-,-,97.78/Kg,120.00/Kg,2250.0,Kirinyaga,2026-05-04
Ngurubani Market,Beans (Mwezi Moja),-,-,-,94.44/Kg,140.00/Kg,950.0,Kirinyaga,2026-05-04
Ngurubani Market,Beans (Yellow-Green),-,-,-,122.22/Kg,175.00/Kg,2580.0,Kirinyaga,2026-05-04
Ngurubani Market,Fertilizer,NPK,-,-,94.00/Kg,110.00/Kg,188000.0,Kirinyaga,2026-05-04
Ngurubani Market,Fertilizer,DAP,-,-,136.00/Kg,140.00/Kg,135000.0,Kirinyaga,2026-05-04
Ngurubani Market,Fertilizer,CAN,-,-,67.00/Kg,80.00/Kg,68000.0,Kirinyaga,2026-05-04
Chebunyo,Eggs,Indigenous /Kenyeji,-,-,540.00/Tray(30),600.00/Tray(30),10000.0,Bomet,2026-05-04
Chebunyo,Sheep,Dorper,Grade 3,Female,7500.00/Head,-,600.0,Bomet,2026-05-04
Chebunyo,Sheep,Dorper,Grade 3,Male,12000.00/Head,-,600.0,Bomet,2026-05-04
Chebunyo,Goat,Dairy Goats,Grade 3,Male,10000.00/Head,-,600.0,Bomet,2026-05-04
Chebunyo,Goat,Dairy Goats,Grade 3,Male,7500.00/Head,-,500.0,Bomet,2026-05-04
Chebunyo,Chicken,Improved Kienyeji,-,Female,900.00/Head,-,2000.0,Bomet,2026-05-04
Chebunyo,Chicken,Improved Kienyeji,-,Male,1000.00/Head,-,2000.0,Bomet,2026-05-04
Chebunyo,Oranges,-,-,-,61.82/Kg,100.00/Kg,7000.0,Bomet,2026-05-04
Chebunyo,Water Melon,-,-,-,80.00/Kg,120.00/Kg,4000.0,Bomet,2026-05-04
Chebunyo,Dry Maize,White Maize,-,-,50.00/Kg,65.00/Kg,18000.0,Bomet,2026-05-04
Chebunyo,Tomatoes,-,-,-,75.00/Kg,100.00/Kg,16000.0,Bomet,2026-05-04
Chebunyo,Dry Onions,-,-,-,65.00/Kg,90.00/Kg,2400.0,Bomet,2026-05-04
Chebunyo,Cabbages,-,-,-,10.00/Kg,20.00/Kg,15000.0,Bomet,2026-05-04
Butere Livestock Market,Chicken,Improved Kienyeji,-,Female,400.00/Head,-,5.0,Kakamega,2026-05-04
Butere Livestock Market,Chicken,Improved Kienyeji,-,Male,400.00/Head,-,6.0,Kakamega,2026-05-04
Butere Livestock Market,Chicken,Improved Kienyeji,-,Female,800.00/Head,-,11.0,Kakamega,2026-05-04
Butere Livestock Market,Chicken,Improved Kienyeji,-,Male,1100.00/Head,-,9.0,Kakamega,2026-05-04
Butere Livestock Market,Chicken,Improved Kienyeji,-,Female,1000.00/Head,-,13.0,Kakamega,2026-05-04
Butere Livestock Market,Chicken,Improved Kienyeji,-,Male,1400.00/Head,-,7.0,Kakamega,2026-05-04
Butere Livestock Market,Chicken,Indigenous,-,Female,350.00/Head,-,7.0,Kakamega,2026-05-04
Butere Livestock Market,Chicken,Indigenous,-,Female,350.00/Head,-,5.0,Kakamega,2026-05-04
Butere Livestock Market,Chicken,Indigenous,-,Female,750.00/Head,-,15.0,Kakamega,2026-05-04
Butere Livestock Market,Chicken,Indigenous,-,Male,1000.00/Head,-,12.0,Kakamega,2026-05-04
Butere Livestock Market,Chicken,Indigenous,-,Female,900.00/Head,-,25.0,Kakamega,2026-05-04
Butere Livestock Market,Chicken,Indigenous,-,Male,1300.00/Head,-,18.0,Kakamega,2026-05-04
Butere Livestock Market,Tomatoes,-,-,-,121.43/Kg,145.45/Kg,3500.0,Kakamega,2026-05-04
Butere Livestock Market,Banana (Cooking),-,-,-,30.00/Kg,52.63/Kg,120.0,Kakamega,2026-05-04
Butere Livestock Market,Dry Maize,White Maize,-,-,44.44/Kg,52.17/Kg,8370.0,Kakamega,2026-05-04
Butere Livestock Market,Cabbages,-,-,-,30.43/Kg,34.78/Kg,2216.0,Kakamega,2026-05-04
Butere Livestock Market,White Irish Potatoes,-,-,-,57.14/Kg,62.50/Kg,8750.0,Kakamega,2026-05-04
Butere Livestock Market,Sheep,Red Maasai,Grade 1,Female,4000.00/Head,-,3.0,Kakamega,2026-05-04
Vanga,Tuna,Fresh,-,-,200.00/Kg,250.00/Kg,75.0,Kwale,2026-05-04
Butere Livestock Market,Sheep,Red Maasai,Grade 1,Male,3800.00/Head,-,6.0,Kakamega,2026-05-04
Vanga,Jacks/Trevallies(Kolekole),Fresh,-,-,350.00/ Kg,400.00/ Kg,350.0,Kwale,2026-05-04
Vanga,Goatfishes,Fresh,-,-,250.00/Kg,270.00/Kg,25.0,Kwale,2026-05-04
Vanga,Barracuda(Kasumba),Fresh,-,-,220.00/Kg,250.00/Kg,580.0,Kwale,2026-05-04
Butere Livestock Market,Sheep,Red Maasai,Grade 2,Female,4800.00/Head,-,3.0,Kakamega,2026-05-04
Butere Livestock Market,Sheep,Red Maasai,Grade 2,Male,4500.00/Head,-,4.0,Kakamega,2026-05-04
Butere Livestock Market,Sheep,Red Maasai,Grade 1,Female,5500.00/Head,-,3.0,Kakamega,2026-05-04
Butere Livestock Market,Sheep,Red Maasai,Grade 1,Male,5000.00/Head,-,2.0,Kakamega,2026-05-04
Butere Livestock Market,Sheep,Red Maasai,Grade 3,Female,5000.00/Head,-,4.0,Kakamega,2026-05-04
Butere Livestock Market,Sheep,Red Maasai,Grade 3,Male,5500.00/Head,-,2.0,Kakamega,2026-05-04
Butere Livestock Market,Sheep,Red Maasai,Grade 2,Female,5800.00/Head,-,9.0,Kakamega,2026-05-04
Kutus,Carrots,-,-,-,60.00/Kg,80.00/Kg,3500.0,Kirinyaga,2026-05-04
Butere Livestock Market,Sheep,Red Maasai,Grade 2,Male,6000.00/Head,-,8.0,Kakamega,2026-05-04
Butere Livestock Market,Sheep,Red Maasai,Grade 1,Female,6500.00/Head,-,5.0,Kakamega,2026-05-04
Butere Livestock Market,Sheep,Red Maasai,Grade 1,Male,7000.00/Head,-,3.0,Kakamega,2026-05-04
Butere Livestock Market,Sheep,Red Maasai,Grade 3,Female,6500.00/Head,-,6.0,Kakamega,2026-05-04
Butere Livestock Market,Sheep,Red Maasai,Grade 3,Male,6800.00/Head,-,4.0,Kakamega,2026-05-04
Butere Livestock Market,Sheep,Red Maasai,Grade 2,Female,7500.00/Head,-,7.0,Kakamega,2026-05-04
Butere Livestock Market,Sheep,Red Maasai,Grade 2,Male,7200.00/Head,-,5.0,Kakamega,2026-05-04
Butere Livestock Market,Sheep,Red Maasai,Grade 2,Male,7200.00/Head,-,5.0,Kakamega,2026-05-04
Butere Livestock Market,Sheep,Red Maasai,Grade 1,Female,8500.00/Head,-,3.0,Kakamega,2026-05-04
Butere Livestock Market,Sheep,Red Maasai,Grade 1,Male,8000.00/Head,-,5.0,Kakamega,2026-05-04
Butere Livestock Market,Goat,Mixed,Grade 3,Female,4500.00/Head,-,6.0,Kakamega,2026-05-04
Butere Livestock Market,Goat,Mixed,Grade 3,Male,4000.00/Head,-,3.0,Kakamega,2026-05-04
Butere Livestock Market,Goat,Mixed,Grade 2,Female,5000.00/Head,-,2.0,Kakamega,2026-05-04
Butere Livestock Market,Goat,Mixed,Grade 2,Male,4500.00/Head,-,6.0,Kakamega,2026-05-04
Kutus,Arrow Root,-,-,-,70.00/Kg,100.00/Kg,,Kirinyaga,2026-05-04
Kutus,White Irish Potatoes,-,-,-,55.00/Kg,65.00/Kg,,Kirinyaga,2026-05-04
Butere Livestock Market,Goat,Mixed,Grade 1,Female,5500.00/Head,-,6.0,Kakamega,2026-05-04
Butere Livestock Market,Goat,Mixed,Grade 1,Male,5000.00/Head,-,4.0,Kakamega,2026-05-04
Butere Livestock Market,Cattle,Mixed,Grade 3,Female,5500.00/Head,-,3.0,Kakamega,2026-05-04
Kutus,Apples,-,-,-,300.00/Kg,350.00/Kg,,Kirinyaga,2026-05-04
Butere Livestock Market,Goat,Mixed,Grade 3,Male,5000.00/Head,-,5.0,Kakamega,2026-05-04
Kutus,Avocado,Local,-,-,25.00/Kg,35.00/Kg,,Kirinyaga,2026-05-04
Butere Livestock Market,Goat,Mixed,Grade 2,Female,6000.00/Head,-,8.0,Kakamega,2026-05-04
Kutus,Banana (Ripening),-,-,-,15.00/Kg,20.00/Kg,12000.0,Kirinyaga,2026-05-04
Kutus,Oranges,-,-,-,40.00/Kg,90.00/Kg,,Kirinyaga,2026-05-04
Butere Livestock Market,Goat,Mixed,Grade 2,Male,5700.00/Head,-,7.0,Kakamega,2026-05-04
Kutus,Passion Fruits,-,-,-,160.00/Kg,200.00/Kg,,Kirinyaga,2026-05-04
Butere Livestock Market,Goat,Mixed,Grade 1,Female,6500.00/Head,-,4.0,Kakamega,2026-05-04
Kutus,Tree tomato,-,-,-,80.00/Kg,120.00/Kg,250.0,Kirinyaga,2026-05-04
Kutus,Water Melon,-,-,-,25.00/Kg,30.00/Kg,,Kirinyaga,2026-05-04
Butere Livestock Market,Goat,Mixed,Grade 1,Male,6000.00/Head,-,5.0,Kakamega,2026-05-04
Butere Livestock Market,Goat,Mixed,Grade 3,Female,6500.00/Head,-,7.0,Kakamega,2026-05-04
Kutus,Banana (Cooking),-,-,-,15.00/Kg,20.00/Kg,12000.0,Kirinyaga,2026-05-04
Butere Livestock Market,Goat,Mixed,Grade 3,Male,6800.00/Head,-,5.0,Kakamega,2026-05-04
Kutus,Banana (Plantain),-,-,-,70.00/Kg,100.00/Kg,2500.0,Kirinyaga,2026-05-04
Butere Livestock Market,Goat,Mixed,Grade 2,Female,7000.00/Head,-,3.0,Kakamega,2026-05-04
Kutus,Butternuts,-,-,-,30.00/Kg,50.00/Kg,800.0,Kirinyaga,2026-05-04
Butere Livestock Market,Goat,Mixed,Grade 2,Male,7500.00/Head,-,4.0,Kakamega,2026-05-04
Kutus,Cabbages,-,-,-,20.00/Kg,30.00/Kg,,Kirinyaga,2026-05-04
Butere Livestock Market,Goat,Mixed,Grade 1,Female,7500.00/Head,-,6.0,Kakamega,2026-05-04
Kutus,Capsicums,-,-,-,60.00/Kg,80.00/Kg,450.0,Kirinyaga,2026-05-04
Kutus,Carrots,-,-,-,35.00/Kg,50.00/Kg,3500.0,Kirinyaga,2026-05-04
Butere Livestock Market,Goat,Mixed,Grade 1,Male,8000.00/Head,-,5.0,Kakamega,2026-05-04
Butere Livestock Market,Cattle,Mixed,Grade 3,Female,25000.00/Head,-,4.0,Kakamega,2026-05-04
Kutus,Chillies,-,-,-,120.00/Kg,150.00/Kg,80.0,Kirinyaga,2026-05-04
Kutus,Coriander (Dhania),-,-,-,70.00/Kg,130.00/Kg,120.0,Kirinyaga,2026-05-04
Butere Livestock Market,Cattle,Mixed,Grade 3,Male,23000.00/Head,-,3.0,Kakamega,2026-05-04
Butere Livestock Market,Cattle,Mixed,Grade 2,Female,28000.00/Head,-,2.0,Kakamega,2026-05-04
Butere Livestock Market,Cattle,Mixed,Grade 2,Male,25000.00/Head,-,3.0,Kakamega,2026-05-04
Butere Livestock Market,Cattle,Mixed,Grade 1,Female,30000.00/Head,-,4.0,Kakamega,2026-05-04
Butere Livestock Market,Cattle,Mixed,Grade 1,Male,28000.00/Head,-,3.0,Kakamega,2026-05-04
Butere Livestock Market,Cattle,Mixed,Grade 3,Female,35000.00/Head,-,2.0,Kakamega,2026-05-04
Butere Livestock Market,Cattle,Mixed,Grade 3,Male,33000.00/Head,-,6.0,Kakamega,2026-05-04
Butere Livestock Market,Cattle,Mixed,Grade 2,Male,38000.00/Head,-,4.0,Kakamega,2026-05-04
Butere Livestock Market,Cattle,Mixed,Grade 2,Female,40000.00/Head,-,1.0,Kakamega,2026-05-04
Kutus,Courgette,-,-,-,100.00/Kg,120.00/Kg,350.0,Kirinyaga,2026-05-04
Butere Livestock Market,Cattle,Mixed,Grade 1,Female,45000.00/Head,-,3.0,Kakamega,2026-05-04
Butere Livestock Market,Cattle,Mixed,Grade 1,Male,41000.00/Head,-,2.0,Kakamega,2026-05-04
Butere Livestock Market,Cattle,Mixed,Grade 3,Female,38000.00/Head,-,5.0,Kakamega,2026-05-04
Kutus,Cucumber,-,-,-,80.00/Kg,100.00/Kg,1.0,Kirinyaga,2026-05-04
Butere Livestock Market,Cattle,Mixed,Grade 3,Male,42000.00/Head,-,3.0,Kakamega,2026-05-04
Kutus,Dry Onions,-,-,-,120.00/Kg,140.00/Kg,6500.0,Kirinyaga,2026-05-04
Butere Livestock Market,Cattle,Mixed,Grade 2,Female,55000.00/Head,-,2.0,Kakamega,2026-05-04
Kutus,Egg plant (Brinjals),-,-,-,40.00/Kg,50.00/Kg,450.0,Kirinyaga,2026-05-04
Kutus,French beans,-,-,-,60.00/Kg,80.00/Kg,150.0,Kirinyaga,2026-05-04
Kutus,Fresh Peas,On pods,-,-,120.00/Kg,140.00/Kg,2000.0,Kirinyaga,2026-05-04
Butere Livestock Market,Cattle,Mixed,Grade 2,Male,58000.00/Head,-,1.0,Kakamega,2026-05-04
Butere Livestock Market,Cattle,Mixed,Grade 1,Female,66000.00/Head,-,1.0,Kakamega,2026-05-04
Kutus,Garlic,-,-,-,300.00/Kg,400.00/Kg,350.0,Kirinyaga,2026-05-04
Kutus,Ginger,-,-,-,150.00/Kg,200.00/Kg,200.0,Kirinyaga,2026-05-04
Kutus,Green Maize,-,-,-,40.00/Kg,50.00/Kg,1200.0,Kirinyaga,2026-05-04
Butere Livestock Market,Cattle,Mixed,Grade 1,Male,73000.00/Head,-,3.0,Kakamega,2026-05-04
Kutus,Kales/Sukuma Wiki,-,-,-,10.00/Kg,20.00/Kg,1050.0,Kirinyaga,2026-05-04
Butere Livestock Market,Cattle,Zebu,Grade 3,Female,21000.00/Head,-,6.0,Kakamega,2026-05-04
Kutus,Pumpkin,-,-,-,30.00/Kg,50.00/Kg,1250.0,Kirinyaga,2026-05-04
Butere Livestock Market,Cattle,Zebu,Grade 3,Male,17500.00/Head,-,4.0,Kakamega,2026-05-04
Kutus,Spinach,-,-,-,20.00/Kg,30.00/Kg,800.0,Kirinyaga,2026-05-04
Kutus,Spring Onions,-,-,-,90.00/Kg,120.00/Kg,650.0,Kirinyaga,2026-05-04
Butere Livestock Market,Cattle,Zebu,Grade 2,Female,24000.00/Head,-,5.0,Kakamega,2026-05-04
Kutus,Tomatoes,-,-,-,71.43/Kg,85.71/Kg,4500.0,Kirinyaga,2026-05-04
Butere Livestock Market,Cattle,Zebu,Grade 2,Male,22000.00/Head,-,7.0,Kakamega,2026-05-04
Butere Livestock Market,Cattle,Zebu,Grade 1,Female,27000.00/Head,-,2.0,Kakamega,2026-05-04
Butere Livestock Market,Cattle,Zebu,Grade 1,Male,25000.00/Head,-,3.0,Kakamega,2026-05-04
Butere Livestock Market,Cattle,Zebu,Grade 3,Female,30000.00/Head,-,10.0,Kakamega,2026-05-04
Butere Livestock Market,Cattle,Zebu,Grade 3,Male,32000.00/Head,-,8.0,Kakamega,2026-05-04
Butere Livestock Market,Cattle,Zebu,Grade 2,Female,35000.00/Head,-,7.0,Kakamega,2026-05-04
Butere Livestock Market,Cattle,Zebu,Grade 2,Male,38000.00/Head,-,5.0,Kakamega,2026-05-04
Butere Livestock Market,Cattle,Zebu,Grade 1,Female,45000.00/Head,-,3.0,Kakamega,2026-05-04
Butere Livestock Market,Cattle,Zebu,Grade 1,Male,45000.00/Head,-,4.0,Kakamega,2026-05-04
Butere Livestock Market,Cattle,Zebu,Grade 1,Female,31000.00/Head,-,5.0,Kakamega,2026-05-04
Butere Livestock Market,Cattle,Zebu,Grade 3,Female,38000.00/Head,-,6.0,Kakamega,2026-05-04
Butere Livestock Market,Cattle,Zebu,Grade 3,Male,48000.00/Head,-,5.0,Kakamega,2026-05-04
Butere Livestock Market,Cattle,Zebu,Grade 2,Female,43000.00/Head,-,2.0,Kakamega,2026-05-04
Butere Livestock Market,Cattle,Zebu,Grade 2,Male,64000.00/Head,-,1.0,Kakamega,2026-05-04
Butere Livestock Market,Cattle,Zebu,Grade 1,Female,53000.00/Head,-,1.0,Kakamega,2026-05-04
Butere Livestock Market,Cattle,Zebu,Grade 1,Male,70000.00/Head,-,2.0,Kakamega,2026-05-04
Kagio,Green Maize,-,-,-,30.00/Kg,50.00/Kg,3500.0,Kirinyaga,2026-05-04
Kagio,Fresh Peas,On pods,-,-,70.00/Kg,90.00/Kg,700.0,Kirinyaga,2026-05-04
Kagio,French beans,-,-,-,70.00/Kg,100.00/Kg,400.0,Kirinyaga,2026-05-04
Kagio,Egg plant (Brinjals),-,-,-,40.00/Kg,60.00/Kg,200.0,Kirinyaga,2026-05-04
Kagio,Dry Onions,-,-,-,90.00/Kg,120.00/Kg,3000.0,Kirinyaga,2026-05-04
Kagio,Cucumber,-,-,-,30.00/Kg,50.00/Kg,700.0,Kirinyaga,2026-05-04
Kagio,Courgette,-,-,-,50.00/Kg,70.00/Kg,1300.0,Kirinyaga,2026-05-04
Kagio,Coriander (Dhania),-,-,-,20.00/Kg,30.00/Kg,200.0,Kirinyaga,2026-05-04
Kagio,Chillies,-,-,-,40.00/Kg,60.00/Kg,300.0,Kirinyaga,2026-05-04
Kagio,Cauliflower,-,-,-,120.00/Kg,160.00/Kg,100.0,Kirinyaga,2026-05-04
Kagio,Carrots,-,-,-,45.00/Kg,60.00/Kg,2800.0,Kirinyaga,2026-05-04
Kagio,Capsicums,-,-,-,40.00/Kg,60.00/Kg,1200.0,Kirinyaga,2026-05-04
Kagio,Capsicums,-,-,-,180.00/Kg,250.00/Kg,100.0,Kirinyaga,2026-05-04
Kagio,Cabbages,-,-,-,15.00/Kg,20.00/Kg,28000.0,Kirinyaga,2026-05-04
Kagio,Cabbages,-,-,-,15.00/Kg,20.00/Kg,28000.0,Kirinyaga,2026-05-04
Kagio,Butternuts,-,-,-,40.00/Kg,60.00/Kg,2000.0,Kirinyaga,2026-05-04
Kagio,Broccoli,-,-,-,8.00/Kg,120.00/Kg,200.0,Kirinyaga,2026-05-04
Kagio,Banana (Plantain),-,-,-,60.00/Kg,90.00/Kg,400.0,Kirinyaga,2026-05-04
Kagio,Banana (Cooking),-,-,-,30.00/Kg,50.00/Kg,35000.0,Kirinyaga,2026-05-04
Kagio,Pumpkin Leaves,-,-,-,20.00/Kg,30.00/Kg,200.0,Kirinyaga,2026-05-04
Kagio,Cowpea leaves (Kunde),-,-,-,20.00/Kg,30.00/Kg,200.0,Kirinyaga,2026-05-04
Kagio,Black nightshade (Managu/ Osuga),-,-,-,20.00/Kg,30.00/Kg,200.0,Kirinyaga,2026-05-04
Kagio,Amaranthus (Terere),-,-,-,15.00/Kg,25.00/Kg,300.0,Kirinyaga,2026-05-04
Kawangware,Rice,Pishori,-,-,160.00/Kg,180.00/Kg,,Nairobi,2026-05-04
Kawangware,Pearl Rush Millet,-,-,-,122.22/Kg,120.00/Kg,,Nairobi,2026-05-04
Kawangware,Finger Millet,-,-,-,54.00/Kg,90.00/Kg,,Nairobi,2026-05-04
Kawangware,Dry Maize,White Maize,-,-,55.00/Kg,65.00/Kg,,Nairobi,2026-05-04
Kawangware,Lentils,-,-,-,220.00/Kg,250.00/Kg,,Nairobi,2026-05-04
Kawangware,Pigeon peas,-,-,-,100.00/Kg,115.00/Kg,,Nairobi,2026-05-04
Kawangware,Green Grams,Makueni,-,-,155.00/Kg,170.00/Kg,,Nairobi,2026-05-04
Kawangware,Beans Red Haricot (Wairimu),-,-,-,100.00/Kg,110.00/Kg,,Nairobi,2026-05-04
Kawangware,Dolichos lablab (Njahi),-,-,-,75.00/Kg,85.00/Kg,,Nairobi,2026-05-04
Kawangware,Cowpeas,-,-,-,90.00/Kg,120.00/Kg,,Nairobi,2026-05-04
Kawangware,Beans Rosecoco (Nyayo),-,-,-,110.00/Kg,125.00/Kg,,Nairobi,2026-05-04
Kawangware,Beans Rosecoco,-,-,-,115.00/Kg,125.00/Kg,,Nairobi,2026-05-04
Kawangware,Beans (Yellow-Green),-,-,-,110.00/Kg,125.00/Kg,,Nairobi,2026-05-04
Kawangware,Beans (Mwitemania),-,-,-,90.00/Kg,100.00/Kg,,Nairobi,2026-05-04
Kibuye,Cotton,-,-,-,-,72.00/Kg,,Kisumu,2026-05-03
Kibuye,Maize Bran,-,-,-,-,43.00/Kg,,Kisumu,2026-05-03
Kibuye,Sunflower Cake,-,-,-,-,44.00/Kg,,Kisumu,2026-05-03
Kibuye,Wheat Bran,-,-,-,-,33.00/Kg,,Kisumu,2026-05-03
Kibuye,Cow Milk(At collection point),-,-,-,-,70.00/Lt,,Kisumu,2026-05-03
Kibuye,Cow Milk(Processd),-,-,-,-,120.00/Lt,,Kisumu,2026-05-03
Kibuye,Eggs,Indigenous /Kenyeji,-,-,-,750.00/Tray(30),,Kisumu,2026-05-03
Kibuye,Eggs,Exotic/Grade,-,-,-,480.00/Tray(30),,Kisumu,2026-05-03
Kibuye,Honey,Processed,-,-,-,1000.00/Kg,,Kisumu,2026-05-03
Kibuye,Meat Beef,-,-,-,-,800.00/Kg,,Kisumu,2026-05-03
Kibuye,Chicken,Layers,-,Female,650.00/Head,-,,Kisumu,2026-05-03
Kibuye,Chicken,Indigenous,-,Male,2000.00/Head,-,,Kisumu,2026-05-03
Kibuye,Chicken,Improved Kienyeji,-,Male,1500.00/Head,-,,Kisumu,2026-05-03
Kibuye,Chicken,Broiler,-,Male,450.00/Head,-,,Kisumu,2026-05-03
Kibuye,Duck,Black Swedish,Grade 1,Male,-,-,,Kisumu,2026-05-03
Kibuye,Haplochromis,Fresh,-,-,-,120.00/Kg,,Kisumu,2026-05-03
Kibuye,Nile Perch,Fresh,-,-,-,400.00/Kg,,Kisumu,2026-05-03
Kibuye,Omena,Dried,-,-,-,500.00/Kg,,Kisumu,2026-05-03
Kibuye,Protopterus,Fresh,-,-,-,160.00/Kg,,Kisumu,2026-05-03
Kibuye,Tilapia,Fresh,-,-,-,400.00/Kg,,Kisumu,2026-05-03
Kibuye,Nile Perch Skins,-,-,-,-,80.00/Kg,,Kisumu,2026-05-03
Kibuye,Fish Scales,-,-,-,-,40.00/Kg,,Kisumu,2026-05-03
Kibuye,Fish Oil,-,-,-,-,160.00/Kg,,Kisumu,2026-05-03
Kibuye,Fish Maws,-,-,-,-,4000.00/Kg,,Kisumu,2026-05-03
Kibuye,Arrow Root,-,-,-,-,120.00/Kg,,Kisumu,2026-05-03
Kibuye,Cassava Chips (dry),-,-,-,-,90.00/Kg,,Kisumu,2026-05-03
Kibuye,Cassava Fresh,-,-,-,-,150.00/Kg,,Kisumu,2026-05-03
Kibuye,Sweet potatoes,-,-,-,22.50/Kg,120.00/Kg,,Kisumu,2026-05-03
Kibuye,White Irish Potatoes,-,-,-,110.00/Kg,100.00/Kg,,Kisumu,2026-05-03
Kibuye,Avocado,Hass,-,-,-,250.00/Kg,,Kisumu,2026-05-03
Kibuye,Apples,-,-,-,-,200.00/Kg,,Kisumu,2026-05-03
Kibuye,Limes,-,-,-,-,200.00/Kg,,Kisumu,2026-05-03
Kibuye,Mangoes,Local,-,-,-,100.00/Kg,,Kisumu,2026-05-03
Kibuye,Mangoes,Improved,-,-,-,150.00/Kg,,Kisumu,2026-05-03
Kibuye,Oranges,-,-,-,-,180.00/Kg,,Kisumu,2026-05-03
Kibuye,Passion Fruits,-,-,-,-,200.00/Kg,,Kisumu,2026-05-03
Kibuye,Pawpaw,-,-,-,-,70.00/Kg,,Kisumu,2026-05-03
Kibuye,Pineapples,-,-,-,-,107.14/Kg,,Kisumu,2026-05-03
Kibuye,Tangerine (Sandara),-,-,-,-,120.00/Kg,,Kisumu,2026-05-03
Kibuye,Thorn melon,-,-,-,-,120.00/Kg,,Kisumu,2026-05-03
Kibuye,Tree tomato,-,-,-,-,120.00/Kg,,Kisumu,2026-05-03
Kibuye,Water Melon,-,-,-,-,142.86/Kg,,Kisumu,2026-05-03
Kibuye,Wheat Flour,Ajab fortigied Home Baking flour,-,-,-,90.00/Kg,,Kisumu,2026-05-03
Kibuye,Wheat,-,-,-,-,75.00/Kg,,Kisumu,2026-05-03
Kibuye,Rice,Pishori,-,-,-,175.00/Kg,,Kisumu,2026-05-03
Kibuye,Rice,IRR,-,-,-,100.00/Kg,,Kisumu,2026-05-03
Kibuye,Red Sorghum,-,-,-,-,90.00/Kg,,Kisumu,2026-05-03
Kibuye,Paddy Rice,Pishori,-,-,-,60.00/Kg,,Kisumu,2026-05-03
Kibuye,Paddy Rice,IRR,-,-,-,35.00/Kg,,Kisumu,2026-05-03
Kibuye,Maize Flour,Dola,-,-,-,70.00/Kg,,Kisumu,2026-05-03
Kibuye,Finger Millet,-,-,-,-,200.00/Kg,,Kisumu,2026-05-03
Kibuye,Dry Maize,Yellow Maize,-,-,-,65.00/Kg,,Kisumu,2026-05-03
Kibuye,Dry Maize,White Maize,-,-,62.22/Kg,70.00/Kg,,Kisumu,2026-05-03
Kibuye,Indigenous Crotolaria (Mito/Miro),-,-,-,-,70.00/Kg,,Kisumu,2026-05-03
Kibuye,Jute Plant (Murenda),-,-,-,-,70.00/Kg,,Kisumu,2026-05-03
Kibuye,Nderema- Vine Spinach,-,-,-,-,200.00/Kg,,Kisumu,2026-05-03
Kibuye,Pumpkin Leaves,-,-,-,-,200.00/Kg,,Kisumu,2026-05-03
Kibuye,Spider flower (Saga),-,-,-,-,150.00/Kg,,Kisumu,2026-05-03
Kibuye,Ethiopian Kales -Kanzira,-,-,-,-,70.00/Kg,,Kisumu,2026-05-03
Kibuye,Cowpea leaves (Kunde),-,-,-,-,100.00/Kg,,Kisumu,2026-05-03
Kibuye,Black nightshade (Managu/ Osuga),-,-,-,-,150.00/Kg,,Kisumu,2026-05-03
Kibuye,Amaranthus (Terere),-,-,-,-,70.00/Kg,,Kisumu,2026-05-03
Kibuye,Coriander (Dhania),-,-,-,-,100.00/Kg,,Kisumu,2026-05-03
Kibuye,Chillies,-,-,-,-,200.00/Kg,,Kisumu,2026-05-03
Kibuye,Carrots,-,-,-,-,80.00/Kg,,Kisumu,2026-05-03
Kibuye,Capsicums,-,-,-,-,120.00/Kg,,Kisumu,2026-05-03
Kibuye,Cabbages,-,-,-,-,50.00/Kg,,Kisumu,2026-05-03
Kibuye,Butternuts,-,-,-,-,70.00/Kg,,Kisumu,2026-05-03
Kibuye,Banana (Cooking),-,-,-,27.42/Kg,-,,Kisumu,2026-05-03
Kibuye,Dry Onions,-,-,-,-,120.00/Kg,,Kisumu,2026-05-03
Kibuye,Garlic,-,-,-,-,400.00/Kg,,Kisumu,2026-05-03
Kibuye,Ginger,-,-,-,-,150.00/Kg,,Kisumu,2026-05-03
Kibuye,Green Maize,-,-,-,-,90.00/Kg,,Kisumu,2026-05-03
Kibuye,Kales/Sukuma Wiki,-,-,-,-,30.00/Kg,,Kisumu,2026-05-03
Kibuye,Lettuce,-,-,-,-,120.00/Kg,,Kisumu,2026-05-03
Kibuye,Pumpkin,-,-,-,-,321.43/Kg,,Kisumu,2026-05-03
Kibuye,Spinach,-,-,-,-,40.00/Kg,,Kisumu,2026-05-03
Kibuye,Spring Onions,-,-,-,-,70.00/Kg,,Kisumu,2026-05-03
Kibuye,Tomatoes,-,-,-,214.29/Kg,150.00/Kg,,Kisumu,2026-05-03
Kibuye,Beans (Canadian wonder),-,-,-,-,150.00/Kg,,Kisumu,2026-05-03
Kibuye,Beans (Mwezi Moja),-,-,-,-,175.00/Kg,,Kisumu,2026-05-03
Kibuye,Beans (Mwitemania),-,-,-,-,200.00/Kg,,Kisumu,2026-05-03
Kibuye,Beans (Yellow-Green),-,-,-,-,250.00/Kg,,Kisumu,2026-05-03
Kibuye,Beans Red Haricot (Wairimu),-,-,-,-,200.00/Kg,,Kisumu,2026-05-03
Kibuye,Beans Rosecoco,-,-,-,-,200.00/Kg,,Kisumu,2026-05-03
Kibuye,Beans Rosecoco (Nyayo),-,-,-,-,200.00/Kg,,Kisumu,2026-05-03
Kibuye,Cowpeas,-,-,-,-,150.00/Kg,,Kisumu,2026-05-03
Kibuye,Dolichos lablab (Njahi),-,-,-,-,200.00/Kg,,Kisumu,2026-05-03
Kibuye,Green Grams,Makueni,-,-,-,175.00/Kg,,Kisumu,2026-05-03
Kibuye,Green Grams,Local-Special,-,-,-,135.00/Kg,,Kisumu,2026-05-03
Kibuye,Green Grams,Hybrid/ polished,-,-,-,225.00/Kg,,Kisumu,2026-05-03
Kibuye,Ground Nuts,Small Red,-,-,280.00/Kg,350.00/Kg,,Kisumu,2026-05-03
Kibuye,Ground Nuts,Large Brown,-,-,-,270.00/Kg,,Kisumu,2026-05-03
Kibuye,Mixed Beans,-,-,-,-,150.00/Kg,,Kisumu,2026-05-03
Kibuye,Njugu Mawe,-,-,-,-,100.00/Kg,,Kisumu,2026-05-03
Kibuye,Sunflower Seeds,-,-,-,-,45.00/Kg,,Kisumu,2026-05-03
Kibuye,Sunflower Oil,-,-,-,-,450.00/Lt,,Kisumu,2026-05-03
Kibuye,Fertilizer,Urea,-,-,50.00/Kg,-,28000.0,Kisumu,2026-05-03
Kibuye,Fertilizer,NPK,-,-,50.00/Kg,-,28000.0,Kisumu,2026-05-03
Kibuye,Fertilizer,CAN,-,-,50.00/Kg,-,28000.0,Kisumu,2026-05-03
Khayega,Arrow Root,-,-,-,150.00/Kg,150.00/Kg,300.0,Kakamega,2026-05-03
Khayega,Sweet potatoes,-,-,-,60.00/Kg,60.00/Kg,600.0,Kakamega,2026-05-03
Khayega,White Irish Potatoes,-,-,-,57.33/Kg,61.33/Kg,4000.0,Kakamega,2026-05-03
Khayega,Water Melon,-,-,-,66.67/Kg,83.33/Kg,3000.0,Kakamega,2026-05-03
Khayega,Red Sorghum,-,-,-,100.00/Kg,125.00/Kg,315.0,Kakamega,2026-05-03
Khayega,Finger Millet,-,-,-,125.00/Kg,125.00/Kg,900.0,Kakamega,2026-05-03
Khayega,Dry Maize,White Maize,-,-,53.33/Kg,55.56/Kg,11700.0,Kakamega,2026-05-03
Khayega,Spider flower (Saga),-,-,-,60.00/Kg,60.00/Kg,400.0,Kakamega,2026-05-03
Khayega,Ethiopian Kales -Kanzira,-,-,-,31.82/Kg,36.36/Kg,300.0,Kakamega,2026-05-03
Khayega,Cowpea leaves (Kunde),-,-,-,30.00/Kg,35.00/Kg,300.0,Kakamega,2026-05-03
Khayega,Black nightshade (Managu/ Osuga),-,-,-,53.85/Kg,57.69/Kg,700.0,Kakamega,2026-05-03
Khayega,Spinach,-,-,-,40.00/Kg,45.00/Kg,400.0,Kakamega,2026-05-03
Khayega,Tomatoes,-,-,-,90.00/Kg,9.09/Kg,1500.0,Kakamega,2026-05-03
Khayega,Kales/Sukuma Wiki,-,-,-,30.00/Kg,35.00/Kg,400.0,Kakamega,2026-05-03
Khayega,Dry Onions,-,-,-,120.00/Kg,150.00/Kg,1000.0,Kakamega,2026-05-03
Khayega,Cabbages,-,-,-,40.00/Kg,43.33/Kg,3000.0,Kakamega,2026-05-03
Khayega,Mixed Beans,-,-,-,108.70/Kg,121.74/Kg,1170.0,Kakamega,2026-05-03
Khayega,Ground Nuts,Small Red,-,-,241.67/Kg,250.00/Kg,1300.0,Kakamega,2026-05-03
Khayega,Green Grams,Local-Special,-,-,130.43/Kg,130.43/Kg,900.0,Kakamega,2026-05-03
Khayega,Cowpeas,-,-,-,173.91/Kg,195.65/Kg,390.0,Kakamega,2026-05-03
Khayega,Beans Rosecoco (Nyayo),-,-,-,130.43/Kg,130.43/Kg,1100.0,Kakamega,2026-05-03
Khayega,Beans Rosecoco,-,-,-,130.43/Kg,130.43/Kg,1200.0,Kakamega,2026-05-03
Mghange,Dry Maize,White Maize,-,-,-,60.00/Kg,5000.0,Taita-Taveta,2026-05-03
Khayega,Beans (Yellow-Green),-,-,-,139.13/Kg,152.17/Kg,990.0,Kakamega,2026-05-03
Khayega,Fertilizer,DAP,-,-,124.00/Kg,128.00/Kg,2500.0,Kakamega,2026-05-03
Khayega,Fertilizer,CAN,-,-,92.00/Kg,96.00/Kg,5000.0,Kakamega,2026-05-03
Mghange,Okra (Lady's fingers or Gumbo),-,-,-,-,120.00/Kg,100.0,Taita-Taveta,2026-05-03
Mghange,Oranges,-,-,-,-,50.00/Kg,100.0,Taita-Taveta,2026-05-03
Mghange,Pigeon peas,-,-,-,-,180.00/Kg,500.0,Taita-Taveta,2026-05-03
Mghange,Green Grams,Local-Special,-,-,-,200.00/Kg,,Taita-Taveta,2026-05-03
Mghange,Beans Rosecoco,-,-,-,-,180.00/Kg,2000.0,Taita-Taveta,2026-05-03
Mghange,Beans (Yellow-Green),-,-,-,-,180.00/Kg,1500.0,Taita-Taveta,2026-05-03
Mghange,Beans (Mwitemania),-,-,-,-,180.00/Kg,1500.0,Taita-Taveta,2026-05-03
Mghange,Mangoes,Local,-,-,-,60.00/Kg,500.0,Taita-Taveta,2026-05-03
Mghange,White Irish Potatoes,-,-,-,-,80.00/Kg,1500.0,Taita-Taveta,2026-05-03
Mghange,Cassava Fresh,-,-,-,-,70.00/Kg,200.0,Taita-Taveta,2026-05-03
Mghange,Arrow Root,-,-,-,-,720.00/Kg,500.0,Taita-Taveta,2026-05-03
Mghange,Black nightshade (Managu/ Osuga),-,-,-,-,60.00/Kg,200.0,Taita-Taveta,2026-05-03
Mghange,Spinach,-,-,-,-,50.00/Kg,200.0,Taita-Taveta,2026-05-03
Mghange,Banana (Plantain),-,-,-,-,60.00/Kg,1000.0,Taita-Taveta,2026-05-03
Mghange,Banana (Cooking),-,-,-,-,60.00/Kg,600.0,Taita-Taveta,2026-05-03
Mghange,Carrots,-,-,-,-,70.00/Kg,200.0,Taita-Taveta,2026-05-03
Mghange,Capsicums,-,-,-,-,170.00/Kg,200.0,Taita-Taveta,2026-05-03
Mghange,Cabbages,-,-,-,-,60.00/Kg,1000.0,Taita-Taveta,2026-05-03
Mghange,Tomatoes,-,-,-,-,100.00/Kg,2500.0,Taita-Taveta,2026-05-03
Mghange,Dry Onions,-,-,-,-,130.00/Kg,2000.0,Taita-Taveta,2026-05-03
Mumias,Tilapia,Dried,-,-,-,403.23/Kg,,Kakamega,2026-05-03
Mumias,Omena,Dried,-,-,-,521.74/Kg,,Kakamega,2026-05-03
Mumias,Nile Perch,Smoked,-,-,-,312.50/Kg,,Kakamega,2026-05-03
Mumias,White Irish Potatoes,-,-,-,-,90.00/Kg,,Kakamega,2026-05-03
Mumias,Sweet potatoes,-,-,-,-,32.26/Kg,,Kakamega,2026-05-03
Mumias,Red Irish potato,-,-,-,-,80.00/Kg,,Kakamega,2026-05-03
Mumias,Cassava Fresh,-,-,-,-,55.56/Kg,,Kakamega,2026-05-03
Mumias,Cassava Chips (dry),-,-,-,-,62.50/Kg,,Kakamega,2026-05-03
Mumias,Arrow Root,-,-,-,-,71.43/Kg,,Kakamega,2026-05-03
Mumias,Water Melon,-,-,-,-,66.67/Kg,,Kakamega,2026-05-03
Mumias,Thorn melon,-,-,-,-,111.11/Kg,,Kakamega,2026-05-03
Mumias,Pineapples,-,-,-,-,111.11/Kg,,Kakamega,2026-05-03
Mumias,Pawpaw,-,-,-,-,125.00/Kg,,Kakamega,2026-05-03
Mumias,Oranges,-,-,-,-,78.95/Kg,,Kakamega,2026-05-03
Mumias,Mangoes,Improved,-,-,-,0.03/Kg,,Kakamega,2026-05-03
Mumias,Lemons,-,-,-,-,86.96/Kg,,Kakamega,2026-05-03
Mumias,Grapes,Black-Dark,-,-,-,740.00/Kg,,Kakamega,2026-05-03
Mumias,Banana (Ripening),-,-,-,-,153.85/Kg,,Kakamega,2026-05-03
Mumias,Avocado,Local,-,-,-,44.12/Kg,,Kakamega,2026-05-03
Mumias,Apples,-,-,-,-,285.71/Kg,,Kakamega,2026-05-03
Mumias,White Sorghum,-,-,-,-,63.64/kg,,Kakamega,2026-05-03
Mumias,Wheat Flour,Soko All Purpose HBF,-,-,-,82.50/Kg,,Kakamega,2026-05-03
Mumias,Wheat Flour,Pembe All Purpose HBF,-,-,-,87.50/Kg,,Kakamega,2026-05-03
Mumias,Wheat Flour,Ndovu all purpose HBF,-,-,-,82.50/Kg,,Kakamega,2026-05-03
Mumias,Wheat Flour,Exe Mandazi Fortified Wheat Flour,-,-,-,95.00/Kg,,Kakamega,2026-05-03
Mumias,Wheat Flour,Exe Chapati fortified wheat flour,-,-,-,90.00/Kg,,Kakamega,2026-05-03
Mumias,Wheat Flour,Exe All purpose fortified wheat flour,-,-,-,92.50/Kg,,Kakamega,2026-05-03
Mumias,Wheat Flour,Ajab fortigied Home Baking flour,-,-,-,85.00/Kg,,Kakamega,2026-05-03
Mumias,Rice,Pishori,-,-,-,190.00/Kg,,Kakamega,2026-05-03
Mumias,Rice,IRR,-,-,-,170.00/Kg,,Kakamega,2026-05-03
Mumias,Red Sorghum,-,-,-,-,76.19/Kg,,Kakamega,2026-05-03
Mumias,Maize Flour,Soko,-,-,-,82.50/Kg,,Kakamega,2026-05-03
Mumias,Maize Flour,Posho Mill,-,-,-,68.18/Kg,,Kakamega,2026-05-03
Mumias,Maize Flour,Posho Mill,-,-,-,68.18/Kg,,Kakamega,2026-05-03
Mumias,Maize Flour,Pembe,-,-,-,77.50/Kg,,Kakamega,2026-05-03
Mumias,Maize Flour,Jogoo wimbi,-,-,-,145.00/Kg,,Kakamega,2026-05-03
Mumias,Maize Flour,Jogoo,-,-,-,82.50/Kg,,Kakamega,2026-05-03
Mumias,Maize Flour,Hostess,-,-,-,95.00/Kg,,Kakamega,2026-05-03
Mumias,Maize Flour,Amaize,-,-,-,105.00/Kg,,Kakamega,2026-05-03
Mumias,Finger Millet,-,-,-,-,166.67/Kg,,Kakamega,2026-05-03
Mumias,Dry Maize,White Maize,-,-,-,59.09/Kg,,Kakamega,2026-05-03
Mumias,Spider flower (Saga),-,-,-,-,83.33/Kg,,Kakamega,2026-05-03
Mumias,Pumpkin Leaves,-,-,-,-,119.05/Kg,,Kakamega,2026-05-03
Mumias,Jute Plant (Murenda),-,-,-,-,83.33/Kg,,Kakamega,2026-05-03
Mumias,Indigenous Crotolaria (Mito/Miro),-,-,-,-,62.50/Kg,,Kakamega,2026-05-03
Mumias,Ethiopian Kales -Kanzira,-,-,-,-,107.14/Kg,,Kakamega,2026-05-03
Mumias,Cowpea leaves (Kunde),-,-,-,-,55.56/Kg,,Kakamega,2026-05-03
Mumias,Black nightshade (Managu/ Osuga),-,-,-,-,125.00/Kg,,Kakamega,2026-05-03
Mumias,Amaranthus (Terere),-,-,-,-,106.95/Kg,,Kakamega,2026-05-03
Mumias,Tomatoes,-,-,-,-,121.95/Kg,,Kakamega,2026-05-03
Mumias,Spring Onions,-,-,-,-,151.52/Kg,,Kakamega,2026-05-03
Mumias,Spinach,-,-,-,-,57.69/Kg,,Kakamega,2026-05-03
Mumias,Pumpkin,-,-,-,-,62.50/Kg,,Kakamega,2026-05-03
Mumias,Kales/Sukuma Wiki,-,-,-,-,62.50/Kg,,Kakamega,2026-05-03
Mumias,Ginger,-,-,-,-,214.29/Kg,,Kakamega,2026-05-03
Mumias,Garlic,-,-,-,-,483.87/Kg,,Kakamega,2026-05-03
Mumias,Fresh Peas,On pods,-,-,-,111.11/Kg,,Kakamega,2026-05-03
Mumias,Dry Onions,-,-,-,-,138.89/Kg,,Kakamega,2026-05-03
Mumias,Cucumber,-,-,-,-,93.75/Kg,,Kakamega,2026-05-03
Mumias,Coriander (Dhania),-,-,-,-,188.68/Kg,,Kakamega,2026-05-03
Mumias,Chillies,-,-,-,-,125.00/Kg,,Kakamega,2026-05-03
Mumias,Carrots,-,-,-,-,119.05/Kg,,Kakamega,2026-05-03
Mumias,Capsicums,-,-,-,-,142.86/Kg,,Kakamega,2026-05-03
Mumias,Cabbages,-,-,-,-,20.83/Kg,,Kakamega,2026-05-03
Mumias,Butternuts,-,-,-,-,250.00/Kg,,Kakamega,2026-05-03
Mumias,Banana (Plantain),-,-,-,-,55.56/Kg,,Kakamega,2026-05-03
Mumias,Banana (Cooking),-,-,-,-,28.57/Kg,,Kakamega,2026-05-03
Mumias,Njugu Mawe,-,-,-,-,545.45/Kg,,Kakamega,2026-05-03
Mumias,Mixed Beans,-,-,-,-,113.64/Kg,,Kakamega,2026-05-03
Mumias,Lentils,-,-,-,-,480.00/Kg,,Kakamega,2026-05-03
Mumias,Ground Nuts,Small Red,-,-,-,285.71/Kg,,Kakamega,2026-05-03
Mumias,Green Grams,Local-Special,-,-,-,150.00/Kg,,Kakamega,2026-05-03
Mumias,Green Grams,Hybrid/ polished,-,-,-,190.00/Kg,,Kakamega,2026-05-03
Mumias,Dry Peas,-,-,-,-,300.00/Kg,,Kakamega,2026-05-03
Mumias,Dolichos lablab (Njahi),-,-,-,-,280.00/Kg,,Kakamega,2026-05-03
Mumias,Cowpeas,-,-,-,-,152.17/Kg,,Kakamega,2026-05-03
Mumias,Beans Rosecoco,-,-,-,-,173.91/Kg,,Kakamega,2026-05-03
Mumias,Beans Red Haricot (Wairimu),-,-,-,-,125.00/Kg,,Kakamega,2026-05-03
Mumias,Beans (Yellow-Green),-,-,-,-,173.91/Kg,,Kakamega,2026-05-03
Mumias,Beans (Mwitemania),-,-,-,-,159.09/Kg,,Kakamega,2026-05-03
Mumias,Beans (Mwezi Moja),-,-,-,-,300.00/Kg,,Kakamega,2026-05-03
Mumias,Beans (Canadian wonder),-,-,-,-,173.91/Kg,,Kakamega,2026-05-03
Mumias,Fertilizer,Urea,-,-,-,108.00/Kg,,Kakamega,2026-05-03
Mumias,Fertilizer,NPK,-,-,-,114.00/Kg,,Kakamega,2026-05-03
Mumias,Fertilizer,DAP,-,-,-,118.00/Kg,,Kakamega,2026-05-03
Mumias,Fertilizer,CAN,-,-,-,94.00/Kg,,Kakamega,2026-05-03
Mukuyu Market,Cabbages,-,-,-,-,60.00/Kg,,Muranga,2026-05-02
Mukuyu Market,Carrots,-,-,-,-,60.00/Kg,,Muranga,2026-05-02
Mukuyu Market,Dry Onions,-,-,-,-,120.00/Kg,,Muranga,2026-05-02
Mukuyu Market,Spinach,-,-,-,-,50.00/Kg,,Muranga,2026-05-02
Mukuyu Market,Tomatoes,-,-,-,-,90.00/Kg,,Muranga,2026-05-02
Mukuyu Market,Sweet potatoes,-,-,-,-,100.00/Kg,,Muranga,2026-05-02
Mukuyu Market,Arrow Root,-,-,-,-,100.00/Kg,,Muranga,2026-05-02
Makutano Kirinyaga,Sunflower Seeds,-,-,-,60.00/Kg,80.00/Kg,300.0,Kirinyaga,2026-05-02
Makutano Kirinyaga,Lemons,-,-,-,30.00/Kg,50.00/Kg,,Kirinyaga,2026-05-02
Makutano Kirinyaga,Thorn melon,-,-,-,40.00/Kg,60.00/Kg,,Kirinyaga,2026-05-02
Makutano Kirinyaga,Water Melon,-,-,-,15.00/Kg,25.00/Kg,,Kirinyaga,2026-05-02
Makutano Kirinyaga,Paddy Rice,Pishori,-,-,80.00/Kg,85.00/Kg,,Kirinyaga,2026-05-02
Makutano Kirinyaga,Dry Maize,Yellow Maize,-,-,40.00/Kg,45.00/Kg,,Kirinyaga,2026-05-02
Makutano Kirinyaga,Pumpkin Leaves,-,-,-,40.00/Kg,50.00/Kg,,Kirinyaga,2026-05-02
Makutano Kirinyaga,Jute Plant (Murenda),-,-,-,20.00/Kg,30.00/Kg,750.0,Kirinyaga,2026-05-02
Makutano Kirinyaga,Cowpea leaves (Kunde),-,-,-,15.00/Kg,25.00/Kg,850.0,Kirinyaga,2026-05-02
Makutano Kirinyaga,Black nightshade (Managu/ Osuga),-,-,-,35.00/Kg,50.00/Kg,1900.0,Kirinyaga,2026-05-02
Makutano Kirinyaga,Amaranthus (Terere),-,-,-,40.00/Kg,50.00/Kg,950.0,Kirinyaga,2026-05-02
Makutano Kirinyaga,Banana (Cooking),-,-,-,55.00/Kg,70.00/Kg,1800.0,Kirinyaga,2026-05-02
Makutano Kirinyaga,Capsicums,-,-,-,35.00/Kg,50.00/Kg,1800.0,Kirinyaga,2026-05-02
Makutano Kirinyaga,Carrots,-,-,-,55.00/Kg,70.00/Kg,2800.0,Kirinyaga,2026-05-02
Makutano Kirinyaga,Dry Onions,-,-,-,120.00/Kg,140.00/Kg,3600.0,Kirinyaga,2026-05-02
Makutano Kirinyaga,Fresh Peas,On pods,-,-,120.00/Kg,140.00/Kg,3500.0,Kirinyaga,2026-05-02
Makutano Kirinyaga,Garlic,-,-,-,300.00/Kg,350.00/Kg,280.0,Kirinyaga,2026-05-02
Makutano Kirinyaga,Ginger,-,-,-,120.00/Kg,150.00/Kg,680.0,Kirinyaga,2026-05-02
Makutano Kirinyaga,Kales/Sukuma Wiki,-,-,-,30.00/Kg,40.00/Kg,2000.0,Kirinyaga,2026-05-02
Makutano Kirinyaga,Spinach,-,-,-,40.00/Kg,50.00/Kg,2400.0,Kirinyaga,2026-05-02
Makutano Kirinyaga,Spring Onions,-,-,-,60.00/Kg,80.00/Kg,2800.0,Kirinyaga,2026-05-02
Makutano Kirinyaga,Tomatoes,-,-,-,106.67/Kg,116.67/Kg,4800.0,Kirinyaga,2026-05-02
Makutano Kirinyaga,Finger Millet,-,-,-,170.00/Kg,200.00/Kg,1900.0,Kirinyaga,2026-05-02
Makutano Kirinyaga,Dry Maize,White Maize,-,-,38.00/Kg,45.00/Kg,3500.0,Kirinyaga,2026-05-02
Makutano Kirinyaga,Pigeon peas,-,-,-,100.00/Kg,115.00/Kg,1800.0,Kirinyaga,2026-05-02
Makutano Kirinyaga,Mixed Beans,-,-,-,100.00/Kg,120.00/Kg,3200.0,Kirinyaga,2026-05-02
Makutano Kirinyaga,Green Grams,Hybrid/ polished,-,-,120.00/Kg,150.00/Kg,1200.0,Kirinyaga,2026-05-02
Makutano Kirinyaga,Dry Peas,-,-,-,95.00/Kg,120.00/Kg,2400.0,Kirinyaga,2026-05-02
Makutano Kirinyaga,Dolichos lablab (Njahi),-,-,-,80.00/Kg,110.00/Kg,1700.0,Kirinyaga,2026-05-02
Makutano Kirinyaga,Cowpeas,-,-,-,80.00/Kg,120.00/Kg,1800.0,Kirinyaga,2026-05-02
Makutano Kirinyaga,Beans Rosecoco (Nyayo),-,-,-,80.00/Kg,110.00/Kg,1500.0,Kirinyaga,2026-05-02
Makutano Kirinyaga,Beans Red Haricot (Wairimu),-,-,-,80.00/Kg,100.00/Kg,2800.0,Kirinyaga,2026-05-02
Makutano Kirinyaga,Beans (Yellow-Green),-,-,-,120.00/Kg,150.00/Kg,3200.0,Kirinyaga,2026-05-02
Sabatia,Chicken,Improved Kienyeji,-,Female,300.00/Head,-,6.0,Kakamega,2026-05-02
Sabatia,Chicken,Improved Kienyeji,-,Male,300.00/Head,-,4.0,Kakamega,2026-05-02
Sabatia,Chicken,Improved Kienyeji,-,Female,850.00/Head,-,12.0,Kakamega,2026-05-02
Sabatia,Chicken,Improved Kienyeji,-,Male,1100.00/Head,-,8.0,Kakamega,2026-05-02
Sabatia,Chicken,Improved Kienyeji,-,Female,1000.00/Head,-,11.0,Kakamega,2026-05-02
Sabatia,Chicken,Improved Kienyeji,-,Male,1400.00/Head,-,5.0,Kakamega,2026-05-02
Sabatia,Chicken,Indigenous,-,Female,300.00/Head,-,12.0,Kakamega,2026-05-02
Sabatia,Chicken,Indigenous,-,Male,300.00/Head,-,10.0,Kakamega,2026-05-02
Sabatia,Chicken,Indigenous,-,Female,750.00/Head,-,31.0,Kakamega,2026-05-02
Sabatia,Chicken,Indigenous,-,Male,1000.00/Head,-,25.0,Kakamega,2026-05-02
Sabatia,Chicken,Indigenous,-,Female,900.00/Head,-,30.0,Kakamega,2026-05-02
Sabatia,Chicken,Indigenous,-,Male,1300.00/Head,-,21.0,Kakamega,2026-05-02
Sabatia,Tilapia,Fresh,-,-,200.00/Kg,600.00/Kg,550.0,Kakamega,2026-05-02
Sabatia,Dry Onions,-,-,-,100.00/Kg,125.00/Kg,2000.0,Kakamega,2026-05-02
Sabatia,Tomatoes,-,-,-,85.71/Kg,125.00/Kg,3500.0,Kakamega,2026-05-02
Sabatia,Avocado,Local,-,-,20.00/Kg,50.00/Kg,500.0,Kakamega,2026-05-02
Sabatia,Kales/Sukuma Wiki,-,-,-,37.50/Kg,58.33/Kg,1200.0,Kakamega,2026-05-02
Sabatia,White Irish Potatoes,-,-,-,64.29/Kg,62.50/Kg,14400.0,Kakamega,2026-05-02
Sabatia,Sweet potatoes,-,-,-,40.00/Kg,62.50/Kg,500.0,Kakamega,2026-05-02
Sabatia,Cabbages,-,-,-,23.81/Kg,28.57/Kg,5300.0,Kakamega,2026-05-02
Kakamega Town,Tilapia,Fresh,-,-,450.00/Kg,600.00/Kg,10000.0,Kakamega,2026-05-02
Kakamega Town,Tilapia,Fresh,-,-,450.00/Kg,600.00/Kg,10000.0,Kakamega,2026-05-02
Kakamega Town,Sweet potatoes,-,-,-,80.00/Kg,100.00/Kg,1000.0,Kakamega,2026-05-02
Kakamega Town,White Irish Potatoes,-,-,-,50.00/Kg,70.00/Kg,4000.0,Kakamega,2026-05-02
Sabatia,Water Melon,-,-,-,34.78/Kg,43.48/Kg,400.0,Kakamega,2026-05-02
Sabatia,Oranges,-,-,-,30.00/Kg,45.45/Kg,1000.0,Kakamega,2026-05-02
Kakamega Town,Water Melon,-,-,-,50.00/Kg,64.29/Kg,6000.0,Kakamega,2026-05-02
Kakamega Town,Pineapples,-,-,-,100.00/Kg,180.00/Kg,5000.0,Kakamega,2026-05-02
Sabatia,Mangoes,Improved,-,-,25.00/Kg,45.45/Kg,2000.0,Kakamega,2026-05-02
Kakamega Town,Avocado,Local,-,-,80.00/Kg,120.00/Kg,3000.0,Kakamega,2026-05-02
Kakamega Town,Dry Maize,White Maize,-,-,42.22/Kg,60.00/Kg,20000.0,Kakamega,2026-05-02
Sabatia,Beans Red Haricot (Wairimu),-,-,-,133.33/Kg,134.62/Kg,360.0,Kakamega,2026-05-02
Kakamega Town,Black nightshade (Managu/ Osuga),-,-,-,80.00/Kg,120.00/Kg,2000.0,Kakamega,2026-05-02
Sabatia,Mixed Beans,-,-,-,111.11/Kg,107.69/Kg,630.0,Kakamega,2026-05-02
Sabatia,Cowpeas,-,-,-,111.11/Kg,115.38/Kg,360.0,Kakamega,2026-05-02
Sabatia,Green Grams,Local-Special,-,-,124.44/Kg,115.38/Kg,810.0,Kakamega,2026-05-02
Kakamega Town,Kales/Sukuma Wiki,-,-,-,50.00/Kg,80.00/Kg,2000.0,Kakamega,2026-05-02
Sabatia,Ground Nuts,Small Red,-,-,257.78/Kg,285.71/Kg,540.0,Kakamega,2026-05-02
Kakamega Town,Tomatoes,-,-,-,150.00/Kg,200.00/Kg,4000.0,Kakamega,2026-05-02
Kakamega Town,Dry Onions,-,-,-,60.00/Kg,100.00/Kg,6000.0,Kakamega,2026-05-02
Kakamega Town,Carrots,-,-,-,40.00/Kg,60.00/Kg,3000.0,Kakamega,2026-05-02
Kakamega Town,Cabbages,-,-,-,20.00/Kg,40.00/Kg,4000.0,Kakamega,2026-05-02
Sabatia,Beans (Yellow-Green),-,-,-,155.56/Kg,1538.46/Kg,180.0,Kakamega,2026-05-02
Kakamega Town,Mixed Beans,-,-,-,88.89/Kg,120.00/Kg,5000.0,Kakamega,2026-05-02
Kakamega Town,Beans Rosecoco,-,-,-,133.33/Kg,180.00/Kg,9000.0,Kakamega,2026-05-02
Sabatia,Red Sorghum,-,-,-,57.78/Kg,68.18/Kg,540.0,Kakamega,2026-05-02
Sabatia,Finger Millet,-,-,-,124.44/Kg,136.36/Kg,720.0,Kakamega,2026-05-02
Sabatia,Dry Maize,White Maize,-,-,44.44/Kg,47.83/Kg,13500.0,Kakamega,2026-05-02
Kabati - Muranga,Lentils,-,-,-,-,280.00/Kg,,Muranga,2026-05-02
Kabati - Muranga,Dragon Fruit,-,-,-,-,400.00/Kg,,Muranga,2026-05-02
Kabati - Muranga,Pork,-,-,-,-,700.00/Kg,,Muranga,2026-05-02
Kabati - Muranga,Eggs,Exotic/Grade,-,-,-,400.00/Tray(30),,Muranga,2026-05-02
Kabati - Muranga,Cow Milk(At collection point),-,-,-,-,45.00/Lt,,Muranga,2026-05-02
Kabati - Muranga,Cow Milk(At collection point),-,-,-,-,45.00/Lt,,Muranga,2026-05-02
Kabati - Muranga,Water Melon,-,-,-,-,55.00/Kg,,Muranga,2026-05-02
Kabati - Muranga,Tree tomato,-,-,-,-,100.00/Kg,,Muranga,2026-05-02
Kabati - Muranga,Thorn melon,-,-,-,-,60.00/Kg,,Muranga,2026-05-02
Kabati - Muranga,Tangerine (Sandara),-,-,-,-,80.00/Kg,,Muranga,2026-05-02
Kabati - Muranga,Pineapples,-,-,-,-,53.33/Kg,,Muranga,2026-05-02
Kabati - Muranga,Pawpaw,-,-,-,-,80.00/Kg,,Muranga,2026-05-02
Kabati - Muranga,Oranges,-,-,-,-,100.00/Kg,,Muranga,2026-05-02
Kabati - Muranga,Mangoes,Improved,-,-,-,100.00/Kg,,Muranga,2026-05-02
Kabati - Muranga,Lemons,-,-,-,-,70.00/Kg,,Muranga,2026-05-02
Kabati - Muranga,Grapes,White,-,-,-,600.00/Kg,,Muranga,2026-05-02
Kabati - Muranga,Banana (Ripening),-,-,-,-,35.00/Kg,,Muranga,2026-05-02
Kabati - Muranga,Avocado,Hass,-,-,-,80.00/Kg,,Muranga,2026-05-02
Kabati - Muranga,Apples,-,-,-,-,180.00/Kg,,Muranga,2026-05-02
Kabati - Muranga,Black nightshade (Managu/ Osuga),-,-,-,-,35.00/Kg,,Muranga,2026-05-02
Kabati - Muranga,Amaranthus (Terere),-,-,-,-,45.00/Kg,,Muranga,2026-05-02
Kabati - Muranga,Tomatoes,-,-,-,-,50.00/Kg,,Muranga,2026-05-02
Kabati - Muranga,Spinach,-,-,-,-,45.00/Kg,,Muranga,2026-05-02
Kabati - Muranga,Pumpkin,-,-,-,-,53.33/Kg,,Muranga,2026-05-02
Kabati - Muranga,Kales/Sukuma Wiki,-,-,-,-,45.00/Kg,,Muranga,2026-05-02
Kabati - Muranga,Green Maize,-,-,-,-,100.00/Kg,,Muranga,2026-05-02
Kabati - Muranga,Garlic,-,-,-,-,480.00/Kg,,Muranga,2026-05-02
Kabati - Muranga,Fresh Peas,Shelled Peas,-,-,-,250.00/Kg,,Muranga,2026-05-02
Kabati - Muranga,French beans,-,-,-,-,60.00/Kg,,Muranga,2026-05-02
Kabati - Muranga,Cucumber,-,-,-,-,80.00/Kg,,Muranga,2026-05-02
Kabati - Muranga,Coriander (Dhania),-,-,-,-,50.00/Kg,,Muranga,2026-05-02
Kabati - Muranga,Chillies,-,-,-,-,120.00/Kg,,Muranga,2026-05-02
Kabati - Muranga,Carrots,-,-,-,-,70.00/Kg,,Muranga,2026-05-02
Kabati - Muranga,Capsicums,-,-,-,-,80.00/Kg,,Muranga,2026-05-02
Kabati - Muranga,Cabbages,-,-,-,-,50.00/Kg,,Muranga,2026-05-02
Kabati - Muranga,Butternuts,-,-,-,46.67/Kg,60.00/Kg,,Muranga,2026-05-02
Kabati - Muranga,Banana (Plantain),-,-,-,20.00/Kg,40.00/Kg,,Muranga,2026-05-02
Kabati - Muranga,Banana (Cooking),-,-,-,18.00/Kg,35.00/Kg,,Muranga,2026-05-02
Ngurubani Market,Meat Beef,-,-,-,650.00/Kg,750.00/Kg,1420.0,Kirinyaga,2026-05-01
Ngurubani Market,Eggs,Exotic/Grade,-,-,420.00/Tray(30),480.00/Tray(30),2220.0,Kirinyaga,2026-05-01
Ngurubani Market,Pork,-,-,-,650.00/Kg,750.00/Kg,425.0,Kirinyaga,2026-05-01
Ngurubani Market,White Irish Potatoes,-,-,-,45.00/Kg,50.00/Kg,21500.0,Kirinyaga,2026-05-01
Ngurubani Market,Sweet potatoes,-,-,-,80.00/Kg,100.00/Kg,450.0,Kirinyaga,2026-05-01
Ngurubani Market,Arrow Root,-,-,-,100.00/Kg,140.00/Kg,1200.0,Kirinyaga,2026-05-01
Ngurubani Market,Rice,Pishori,-,-,150.00/Kg,170.00/Kg,145000.0,Kirinyaga,2026-05-01
Ngurubani Market,Red Sorghum,-,-,-,91.11/Kg,110.00/Kg,2580.0,Kirinyaga,2026-05-01
Ngurubani Market,Dry Maize,White Maize,-,-,52.22/Kg,60.00/Kg,5680.0,Kirinyaga,2026-05-01
Ngurubani Market,Pumpkin Leaves,-,-,-,20.00/Kg,30.00/Kg,210.0,Kirinyaga,2026-05-01
Ngurubani Market,Cowpea leaves (Kunde),-,-,-,50.00/Kg,70.00/Kg,310.0,Kirinyaga,2026-05-01
Ngurubani Market,Black nightshade (Managu/ Osuga),-,-,-,30.00/Kg,40.00/Kg,325.0,Kirinyaga,2026-05-01
Ngurubani Market,Amaranthus (Terere),-,-,-,25.00/Kg,35.00/Kg,220.0,Kirinyaga,2026-05-01
Ngurubani Market,Thorn melon,-,-,-,80.00/Kg,120.00/Kg,420.0,Kirinyaga,2026-05-01
Ngurubani Market,Water Melon,-,-,-,25.00/Kg,33.00/Kg,24000.0,Kirinyaga,2026-05-01
Ngurubani Market,Tree tomato,-,-,-,70.00/Kg,100.00/Kg,450.0,Kirinyaga,2026-05-01
Ngurubani Market,Pineapples,-,-,-,40.00/Kg,60.00/Kg,680.0,Kirinyaga,2026-05-01
Ngurubani Market,Pawpaw,-,-,-,40.00/Kg,60.00/Kg,220.0,Kirinyaga,2026-05-01
Ngurubani Market,Passion Fruits,-,-,-,150.00/Kg,220.00/Kg,350.0,Kirinyaga,2026-05-01
Ngurubani Market,Oranges,-,-,-,60.00/Kg,80.00/Kg,2200.0,Kirinyaga,2026-05-01
Ngurubani Market,Lemons,-,-,-,50.00/Kg,70.00/Kg,120.0,Kirinyaga,2026-05-01
Ngurubani Market,Avocado,Local,-,-,50.00/Kg,70.00/Kg,2150.0,Kirinyaga,2026-05-01
Ngurubani Market,Lentils,-,-,-,188.89/Kg,220.00/Kg,2150.0,Kirinyaga,2026-05-01
Ngurubani Market,Pigeon peas,-,-,-,72.22/Kg,90.00/Kg,2800.0,Kirinyaga,2026-05-01
Ngurubani Market,Mixed Beans,-,-,-,86.67/Kg,110.00/Kg,2100.0,Kirinyaga,2026-05-01
Ngurubani Market,Green Grams,Hybrid/ polished,-,-,100.00/Kg,150.00/Kg,1850.0,Kirinyaga,2026-05-01
Ngurubani Market,Dolichos lablab (Njahi),-,-,-,83.33/Kg,100.00/Kg,2500.0,Kirinyaga,2026-05-01
Ngurubani Market,Cowpeas,-,-,-,100.00/Kg,140.00/Kg,220.0,Kirinyaga,2026-05-01
Ngurubani Market,Beans Rosecoco (Nyayo),-,-,-,110.00/Kg,160.00/Kg,4200.0,Kirinyaga,2026-05-01
Ngurubani Market,Beans Red Haricot (Wairimu),-,-,-,100.00/Kg,140.00/Kg,5280.0,Kirinyaga,2026-05-01
Ngurubani Market,Beans (Yellow-Green),-,-,-,124.44/Kg,170.00/Kg,4250.0,Kirinyaga,2026-05-01
Ngurubani Market,Beans (Mwitemania),-,-,-,91.11/Kg,120.00/Kg,2580.0,Kirinyaga,2026-05-01
Ngurubani Market,Tomatoes,-,-,-,60.00/Kg,80.00/Kg,1450.0,Kirinyaga,2026-05-01
Ngurubani Market,Spring Onions,-,-,-,40.00/Kg,60.00/Kg,250.0,Kirinyaga,2026-05-01
Ngurubani Market,Spinach,-,-,-,40.00/Kg,50.00/Kg,220.0,Kirinyaga,2026-05-01
Ngurubani Market,Pumpkin,-,-,-,30.00/Kg,40.00/Kg,1650.0,Kirinyaga,2026-05-01
Ngurubani Market,Kales/Sukuma Wiki,-,-,-,20.00/Kg,30.00/Kg,1250.0,Kirinyaga,2026-05-01
Ngurubani Market,Green Maize,-,-,-,40.00/Kg,60.00/Kg,2150.0,Kirinyaga,2026-05-01
Ngurubani Market,French beans,-,-,-,60.00/Kg,80.00/Kg,350.0,Kirinyaga,2026-05-01
Ngurubani Market,Fresh Peas,On pods,-,-,150.00/Kg,170.00/Kg,1500.0,Kirinyaga,2026-05-01
Ngurubani Market,Egg plant (Brinjals),-,-,-,50.00/Kg,80.00/Kg,45.0,Kirinyaga,2026-05-01
Ngurubani Market,Dry Onions,-,-,-,80.00/Kg,120.00/Kg,6500.0,Kirinyaga,2026-05-01
Ngurubani Market,Cucumber,-,-,-,70.00/Kg,100.00/Kg,100.0,Kirinyaga,2026-05-01
Ngurubani Market,Courgette,-,-,-,70.00/Kg,100.00/Kg,180.0,Kirinyaga,2026-05-01
Ngurubani Market,Coriander (Dhania),-,-,-,50.00/Kg,80.00/Kg,220.0,Kirinyaga,2026-05-01
Ngurubani Market,Chillies,-,-,-,50.00/Kg,70.00/Kg,210.0,Kirinyaga,2026-05-01
Ngurubani Market,Carrots,-,-,-,40.00/Kg,70.00/Kg,2250.0,Kirinyaga,2026-05-01
Ngurubani Market,Capsicums,-,-,-,40.00/Kg,60.00/Kg,420.0,Kirinyaga,2026-05-01
Ngurubani Market,Cabbages,-,-,-,20.00/Kg,25.00/Kg,22500.0,Kirinyaga,2026-05-01
Ngurubani Market,Butternuts,-,-,-,35.00/Kg,45.00/Kg,1850.0,Kirinyaga,2026-05-01
Ngurubani Market,Banana (Cooking),-,-,-,25.00/Kg,35.00/Kg,2258.0,Kirinyaga,2026-05-01
Ngurubani Market,Fertilizer,NPK,-,-,92.00/Kg,110.00/Kg,220000.0,Kirinyaga,2026-05-01
Ngurubani Market,Fertilizer,DAP,-,-,136.00/Kg,140.00/Kg,142000.0,Kirinyaga,2026-05-01
Ngurubani Market,Fertilizer,CAN,-,-,66.00/Kg,80.00/Kg,52000.0,Kirinyaga,2026-05-01
Ndanai Market,Eggs,Indigenous /Kenyeji,-,-,540.00/Tray(30),600.00/Tray(30),15000.0,Bomet,2026-05-01
Ndanai Market,Chicken,Indigenous,-,Male,600.00/Head,-,1200.0,Bomet,2026-05-01
Ndanai Market,Chicken,Improved Kienyeji,-,Male,1000.00/Head,-,1500.0,Bomet,2026-05-01
Ndanai Market,Water Melon,-,-,-,90.00/Kg,120.00/Kg,6000.0,Bomet,2026-05-01
Ndanai Market,Oranges,-,-,-,59.09/Kg,100.00/Kg,7000.0,Bomet,2026-05-01
Ndanai Market,Mangoes,Improved,-,-,24.00/Kg,50.00/Kg,8000.0,Bomet,2026-05-01
Ndanai Market,Banana (Ripening),-,-,-,20.00/Kg,50.00/Kg,10000.0,Bomet,2026-05-01
Ndanai Market,Banana (Ripening),-,-,-,20.00/Kg,50.00/Kg,10000.0,Bomet,2026-05-01
Ndanai Market,Dry Maize,White Maize,-,-,48.89/Kg,140.00/Kg,36000.0,Bomet,2026-05-01
Ndanai Market,Spider flower (Saga),-,-,-,60.00/Kg,100.00/Kg,2500.0,Bomet,2026-05-01
Ndanai Market,Black nightshade (Managu/ Osuga),-,-,-,60.00/Kg,100.00/Kg,3500.0,Bomet,2026-05-01
Ndanai Market,Tomatoes,-,-,-,75.00/Kg,100.00/Kg,12800.0,Bomet,2026-05-01
Ndanai Market,Kales/Sukuma Wiki,-,-,-,9.44/Kg,20.00/Kg,3600.0,Bomet,2026-05-01
Ndanai Market,Dry Onions,-,-,-,75.00/Kg,1000.00/Kg,8000.0,Bomet,2026-05-01
Ndanai Market,Cabbages,-,-,-,10.00/Kg,20.00/Kg,12000.0,Bomet,2026-05-01
Ndanai Market,Beans Rosecoco,-,-,-,133.33/Kg,175.00/Kg,9000.0,Bomet,2026-05-01
Kerugoya,White Irish Potatoes,-,-,-,40.00/Kg,75.00/Kg,2300.0,Kirinyaga,2026-05-01
Kerugoya,Water Melon,-,-,-,30.00/Kg,45.00/Kg,300.0,Kirinyaga,2026-05-01
Kerugoya,Tree tomato,-,-,-,100.00/Kg,200.00/Kg,250.0,Kirinyaga,2026-05-01
Kerugoya,Thorn melon,-,-,-,30.00/Kg,60.00/Kg,160.0,Kirinyaga,2026-05-01
Kerugoya,Passion Fruits,-,-,-,170.00/Kg,240.00/Kg,300.0,Kirinyaga,2026-05-01
Kerugoya,Oranges,-,-,-,60.00/Kg,120.00/Kg,300.0,Kirinyaga,2026-05-01
Kerugoya,Banana (Ripening),-,-,-,25.00/Kg,50.00/Kg,300.0,Kirinyaga,2026-05-01
Kerugoya,Rice,Pishori,-,-,160.00/Kg,180.00/Kg,2250.0,Kirinyaga,2026-05-01
Kerugoya,Tomatoes,-,-,-,45.00/Kg,80.00/Kg,1500.0,Kirinyaga,2026-05-01
Kerugoya,Pumpkin,-,-,-,40.00/Kg,80.00/Kg,200.0,Kirinyaga,2026-05-01
Kerugoya,Kales/Sukuma Wiki,-,-,-,20.00/Kg,35.00/Kg,230.0,Kirinyaga,2026-05-01
Kerugoya,Ginger,-,-,-,170.00/Kg,260.00/Kg,200.0,Kirinyaga,2026-05-01
Kerugoya,Ginger,-,-,-,170.00/Kg,260.00/Kg,200.0,Kirinyaga,2026-05-01
Kerugoya,Fresh Peas,On pods,-,-,90.00/Kg,140.00/Kg,400.0,Kirinyaga,2026-05-01
Kerugoya,Dry Onions,-,-,-,75.00/Kg,140.00/Kg,2300.0,Kirinyaga,2026-05-01
Kerugoya,Courgette,-,-,-,80.00/Kg,150.00/Kg,300.0,Kirinyaga,2026-05-01
Kerugoya,Carrots,-,-,-,35.00/Kg,70.00/Kg,480.0,Kirinyaga,2026-05-01
Kerugoya,Capsicums,-,-,-,50.00/Kg,100.00/Kg,250.0,Kirinyaga,2026-05-01
Kerugoya,Capsicums,-,-,-,50.00/Kg,100.00/Kg,250.0,Kirinyaga,2026-05-01
Kerugoya,Cabbages,-,-,-,15.00/Kg,25.00/Kg,350.0,Kirinyaga,2026-05-01
Kerugoya,Butternuts,-,-,-,45.00/Kg,90.00/Kg,180.0,Kirinyaga,2026-05-01
Kerugoya,Banana (Cooking),-,-,-,18.00/Kg,35.00/Kg,780.0,Kirinyaga,2026-05-01
Kerugoya,Pigeon peas,-,-,-,120.00/Kg,150.00/Kg,2350.0,Kirinyaga,2026-05-01
Kerugoya,Mixed Beans,-,-,-,100.00/Kg,140.00/Kg,1150.0,Kirinyaga,2026-05-01
Kerugoya,Lentils,-,-,-,275.00/Kg,330.00/Kg,1250.0,Kirinyaga,2026-05-01
Kerugoya,Ground Nuts,Large Brown,-,-,270.00/Kg,320.00/Kg,800.0,Kirinyaga,2026-05-01
Kerugoya,Green Grams,Makueni,-,-,125.00/Kg,165.00/Kg,1600.0,Kirinyaga,2026-05-01
Kerugoya,Green Grams,Local-Special,-,-,140.00/Kg,180.00/Kg,1550.0,Kirinyaga,2026-05-01
Kerugoya,Green Grams,Hybrid/ polished,-,-,140.00/Kg,185.00/Kg,1400.0,Kirinyaga,2026-05-01
Kerugoya,Dry Peas,-,-,-,175.00/Kg,220.00/Kg,500.0,Kirinyaga,2026-05-01
Kerugoya,Dolichos lablab (Njahi),-,-,-,95.00/Kg,130.00/Kg,1650.0,Kirinyaga,2026-05-01
Kerugoya,Cowpeas,-,-,-,120.00/Kg,150.00/Kg,2200.0,Kirinyaga,2026-05-01
Kerugoya,Beans Rosecoco (Nyayo),-,-,-,145.00/Kg,190.00/Kg,2500.0,Kirinyaga,2026-05-01
Kerugoya,Beans Rosecoco,-,-,-,140.00/Kg,180.00/Kg,2450.0,Kirinyaga,2026-05-01
Kerugoya,Beans Red Haricot (Wairimu),-,-,-,120.00/Kg,150.00/Kg,2650.0,Kirinyaga,2026-05-01
Kerugoya,Beans (Yellow-Green),-,-,-,145.00/Kg,150.00/Kg,1650.0,Kirinyaga,2026-05-01
Kerugoya,Beans (Mwitemania),-,-,-,135.00/Kg,175.00/Kg,2350.0,Kirinyaga,2026-05-01
Kerugoya,Beans (Mwezi Moja),-,-,-,120.00/Kg,160.00/Kg,2600.0,Kirinyaga,2026-05-01
Kerugoya,Beans (Canadian wonder),-,-,-,120.00/Kg,160.00/Kg,2500.0,Kirinyaga,2026-05-01
Gakoromone,Tomatoes,-,-,-,80.00/Kg,100.00/Kg,24000.0,Meru,2026-05-01
Gakoromone,Spinach,-,-,-,35.00/Kg,40.00/Kg,3500.0,Meru,2026-05-01
Gakoromone,Pumpkin,-,-,-,50.00/Kg,60.00/Kg,1000.0,Meru,2026-05-01
Gakoromone,Kales/Sukuma Wiki,-,-,-,25.00/Kg,30.00/Kg,4500.0,Meru,2026-05-01
Gakoromone,Fresh Peas,On pods,-,-,130.00/Kg,140.00/Kg,1000.0,Meru,2026-05-01
Gakoromone,Dry Onions,-,-,-,100.00/Kg,120.00/Kg,30000.0,Meru,2026-05-01
Gakoromone,Courgette,-,-,-,110.00/Kg,100.00/Kg,1500.0,Meru,2026-05-01
Gakoromone,Carrots,-,-,-,31.43/Kg,35.71/Kg,45000.0,Meru,2026-05-01
Gakoromone,Capsicums,-,-,-,60.00/Kg,70.00/Kg,1000.0,Meru,2026-05-01
Gakoromone,Cabbages,-,-,-,16.67/Kg,55.00/Kg,35000.0,Meru,2026-05-01
Gakoromone,Butternuts,-,-,-,40.00/Kg,45.00/Kg,300.0,Meru,2026-05-01
Gakoromone,Banana (Plantain),-,-,-,18.00/Kg,20.00/Kg,20000.0,Meru,2026-05-01
Gakoromone,Banana (Cooking),-,-,-,18.00/Kg,20.00/Kg,18000.0,Meru,2026-05-01
Gakoromone,White Irish Potatoes,-,-,-,82.86/Kg,85.71/Kg,24000.0,Meru,2026-05-01
Gakoromone,Sweet potatoes,-,-,-,32.86/Kg,35.71/Kg,1000.0,Meru,2026-05-01
Gakoromone,Arrow Root,-,-,-,57.14/Kg,64.29/Kg,3000.0,Meru,2026-05-01
Gakoromone,Water Melon,-,-,-,37.00/Kg,45.00/Kg,35000.0,Meru,2026-05-01
Gakoromone,Thorn melon,-,-,-,20.00/Kg,25.00/Kg,200.0,Meru,2026-05-01
Gakoromone,Pawpaw,-,-,-,80.00/Kg,90.00/Kg,800.0,Meru,2026-05-01
Gakoromone,Oranges,-,-,-,80.00/Kg,100.00/Kg,4000.0,Meru,2026-05-01
Malimili Livestock Market,Sheep,Red Maasai,Grade 2,Male,5500.00/Head,-,8.0,Kakamega,2026-05-01
Malimili Livestock Market,Sheep,Red Maasai,Grade 2,Female,7500.00/Head,-,13.0,Kakamega,2026-05-01
Malimili Livestock Market,Sheep,Red Maasai,Grade 2,Male,7000.00/Head,-,7.0,Kakamega,2026-05-01
Malimili Livestock Market,Goat,Mixed,Grade 2,Female,8000.00/Head,-,9.0,Kakamega,2026-05-01
Malimili Livestock Market,Goat,Mixed,Grade 2,Male,7000.00/Head,-,13.0,Kakamega,2026-05-01
Malimili Livestock Market,Goat,Mixed,Grade 2,Female,11000.00/Head,-,11.0,Kakamega,2026-05-01
Malimili Livestock Market,Goat,Mixed,Grade 2,Male,10000.00/Head,-,10.0,Kakamega,2026-05-01
Malimili Livestock Market,Chicken,Indigenous,-,Female,600.00/Head,-,20.0,Kakamega,2026-05-01
Malimili Livestock Market,Chicken,Indigenous,-,Female,800.00/Head,-,40.0,Kakamega,2026-05-01
Malimili Livestock Market,Chicken,Indigenous,-,Male,800.00/Head,-,30.0,Kakamega,2026-05-01
Malimili Livestock Market,Chicken,Indigenous,-,Male,1050.00/Head,-,40.0,Kakamega,2026-05-01
Malimili Livestock Market,Chicken,Improved Kienyeji,-,Female,600.00/Head,-,20.0,Kakamega,2026-05-01
Malimili Livestock Market,Chicken,Improved Kienyeji,-,Female,850.00/Head,-,30.0,Kakamega,2026-05-01
Malimili Livestock Market,Chicken,Improved Kienyeji,-,Male,900.00/Head,-,30.0,Kakamega,2026-05-01
Malimili Livestock Market,Chicken,Improved Kienyeji,-,Male,1100.00/Head,-,20.0,Kakamega,2026-05-01
Malimili Livestock Market,Cattle,Mixed,Grade 3,Female,30000.00/Head,-,22.0,Kakamega,2026-05-01
Malimili Livestock Market,Cattle,Mixed,Grade 3,Female,42000.00/Head,-,14.0,Kakamega,2026-05-01
Malimili Livestock Market,Cattle,Mixed,Grade 3,Female,60000.00/Head,-,18.0,Kakamega,2026-05-01
Malimili Livestock Market,Cattle,Mixed,Grade 3,Male,27000.00/Head,-,26.0,Kakamega,2026-05-01
Malimili Livestock Market,Cattle,Mixed,Grade 3,Male,37000.00/Head,-,15.0,Kakamega,2026-05-01
Malimili Livestock Market,Cattle,Mixed,Grade 3,Male,60000.00/Head,-,10.0,Kakamega,2026-05-01
Malimili Livestock Market,Cattle,Ayrshire,Grade 3,Female,35000.00/Head,-,20.0,Kakamega,2026-05-01
Malimili Livestock Market,Cattle,Ayrshire,Grade 3,Female,55000.00/Head,-,16.0,Kakamega,2026-05-01
Malimili Livestock Market,Cattle,Ayrshire,Grade 3,Female,70000.00/Head,-,12.0,Kakamega,2026-05-01
Malimili Livestock Market,Cattle,Ayrshire,Grade 3,Male,30000.00/Head,-,16.0,Kakamega,2026-05-01
Malimili Livestock Market,Cattle,Ayrshire,Grade 3,Male,50000.00/Head,-,11.0,Kakamega,2026-05-01
Malimili Livestock Market,Cattle,Ayrshire,Grade 3,Male,65000.00/Head,-,8.0,Kakamega,2026-05-01
Mumias,Tilapia,Dried,-,-,-,416.67/Kg,,Kakamega,2026-05-01
Mumias,Omena,Dried,-,-,-,521.74/Kg,,Kakamega,2026-05-01
Mumias,Nile Perch,Smoked,-,-,-,358.97/Kg,,Kakamega,2026-05-01
Mumias,White Irish Potatoes,-,-,-,-,92.00/Kg,,Kakamega,2026-05-01
Mumias,Sweet potatoes,-,-,-,-,32.26/Kg,,Kakamega,2026-05-01
Mumias,Red Irish potato,-,-,-,-,84.00/Kg,,Kakamega,2026-05-01
Mumias,Cassava Fresh,-,-,-,-,71.43/Kg,,Kakamega,2026-05-01
Mumias,Cassava Chips (dry),-,-,-,-,66.67/Kg,,Kakamega,2026-05-01
Mumias,Arrow Root,-,-,-,-,76.92/Kg,,Kakamega,2026-05-01
Mumias,Water Melon,-,-,-,-,93.75/Kg,,Kakamega,2026-05-01
Mumias,Pineapples,-,-,-,-,83.33/Kg,,Kakamega,2026-05-01
Mumias,Passion Fruits,-,-,-,-,238.10/Kg,,Kakamega,2026-05-01
Mumias,Pawpaw,-,-,-,-,80.65/Kg,,Kakamega,2026-05-01
Mumias,Oranges,-,-,-,-,90.91/Kg,,Kakamega,2026-05-01
Mumias,Mangoes,Improved,-,-,-,55.56/Kg,,Kakamega,2026-05-01
Mumias,Lemons,-,-,-,-,64.52/Kg,,Kakamega,2026-05-01
Mumias,Grapes,Black-Dark,-,-,-,760.00/Kg,,Kakamega,2026-05-01
Mumias,Banana (Ripening),-,-,-,-,162.60/Kg,,Kakamega,2026-05-01
Mumias,Avocado,Local,-,-,-,53.57/Kg,,Kakamega,2026-05-01
Mumias,Apples,-,-,-,-,250.00/Kg,,Kakamega,2026-05-01
Mumias,White Sorghum,-,-,-,-,72.73/kg,,Kakamega,2026-05-01
Mumias,Wheat Flour,Soko All Purpose HBF,-,-,-,85.00/Kg,,Kakamega,2026-05-01
Mumias,Wheat Flour,Pembe All Purpose HBF,-,-,-,87.50/Kg,,Kakamega,2026-05-01
Mumias,Wheat Flour,Tropicana HBF,-,-,-,85.00/Kg,,Kakamega,2026-05-01
Mumias,Wheat Flour,Exe Mandazi Fortified Wheat Flour,-,-,-,95.00/Kg,,Kakamega,2026-05-01
Mumias,Wheat Flour,Exe Chapati fortified wheat flour,-,-,-,90.00/Kg,,Kakamega,2026-05-01
Mumias,Wheat Flour,Exe All purpose fortified wheat flour,-,-,-,87.50/Kg,,Kakamega,2026-05-01
Mumias,Wheat Flour,Ajab fortigied Home Baking flour,-,-,-,85.00/Kg,,Kakamega,2026-05-01
Mumias,Rice,Pishori,-,-,-,315.00/Kg,,Kakamega,2026-05-01
Mumias,Red Sorghum,-,-,-,-,71.43/Kg,,Kakamega,2026-05-01
Mumias,Red Sorghum,-,-,-,-,68.18/Kg,,Kakamega,2026-05-01
Mumias,Maize Flour,Soko,-,-,-,82.50/Kg,,Kakamega,2026-05-01
Mumias,Maize Flour,Posho Mill,-,-,-,68.18/Kg,,Kakamega,2026-05-01
Mumias,Maize Flour,Jembe,-,-,-,70.00/Kg,,Kakamega,2026-05-01
Mumias,Maize Flour,Jogoo wimbi,-,-,-,145.00/Kg,,Kakamega,2026-05-01
Mumias,Maize Flour,Jogoo,-,-,-,82.50/Kg,,Kakamega,2026-05-01
Mumias,Maize Flour,Hostess,-,-,-,95.00/Kg,,Kakamega,2026-05-01
Mumias,Maize Flour,Amaize,-,-,-,105.00/Kg,,Kakamega,2026-05-01
Mumias,Finger Millet,-,-,-,-,166.67/Kg,,Kakamega,2026-05-01
Mumias,Dry Maize,White Maize,-,-,-,59.09/Kg,,Kakamega,2026-05-01
Mumias,Spider flower (Saga),-,-,-,-,78.95/Kg,,Kakamega,2026-05-01
Mumias,Pumpkin Leaves,-,-,-,-,117.65/Kg,,Kakamega,2026-05-01
Mumias,Jute Plant (Murenda),-,-,-,-,76.92/Kg,,Kakamega,2026-05-01
Mumias,Indigenous Crotolaria (Mito/Miro),-,-,-,-,58.82/Kg,,Kakamega,2026-05-01
Mumias,Ethiopian Kales -Kanzira,-,-,-,-,100.00/Kg,,Kakamega,2026-05-01
Mumias,Cowpea leaves (Kunde),-,-,-,-,57.69/Kg,,Kakamega,2026-05-01
Mumias,Black nightshade (Managu/ Osuga),-,-,-,-,111.11/Kg,,Kakamega,2026-05-01
Mumias,Amaranthus (Terere),-,-,-,-,114.29/Kg,,Kakamega,2026-05-01
Mumias,Tomatoes,-,-,-,-,116.28/Kg,,Kakamega,2026-05-01
Mumias,Spring Onions,-,-,-,-,156.25/Kg,,Kakamega,2026-05-01
Mumias,Spinach,-,-,-,-,65.22/Kg,,Kakamega,2026-05-01
Mumias,Pumpkin,-,-,-,-,71.43/Kg,,Kakamega,2026-05-01
Mumias,Kales/Sukuma Wiki,-,-,-,-,58.82/Kg,,Kakamega,2026-05-01
Mumias,Ginger,-,-,-,-,250.00/Kg,,Kakamega,2026-05-01
Mumias,Garlic,-,-,-,-,48.39/Kg,,Kakamega,2026-05-01
Mumias,Fresh Peas,On pods,-,-,-,120.00/Kg,,Kakamega,2026-05-01
Mumias,Egg plant (Brinjals),-,-,-,-,125.00/Kg,,Kakamega,2026-05-01
Mumias,Dry Onions,-,-,-,-,142.86/Kg,,Kakamega,2026-05-01
Mumias,Cucumber,-,-,-,-,217.39/Kg,,Kakamega,2026-05-01
Mumias,Coriander (Dhania),-,-,-,-,217.39/Kg,,Kakamega,2026-05-01
Mumias,Chillies,-,-,-,-,125.00/Kg,,Kakamega,2026-05-01
Mumias,Carrots,-,-,-,-,119.05/Kg,,Kakamega,2026-05-01
Mumias,Capsicums,-,-,-,-,121.95/Kg,,Kakamega,2026-05-01
Mumias,Cabbages,-,-,-,-,23.81/Kg,,Kakamega,2026-05-01
Mumias,Butternuts,-,-,-,-,322.58/Kg,,Kakamega,2026-05-01
Mumias,Banana (Plantain),-,-,-,-,52.63/Kg,,Kakamega,2026-05-01
Mumias,Banana (Cooking),-,-,-,-,28.99/Kg,,Kakamega,2026-05-01
Mumias,Njugu Mawe,-,-,-,-,522.73/Kg,,Kakamega,2026-05-01
Mumias,Mixed Beans,-,-,-,-,113.64/Kg,,Kakamega,2026-05-01
Mumias,Lentils,-,-,-,-,460.00/Kg,,Kakamega,2026-05-01
Mumias,Ground Nuts,Small Red,-,-,-,285.71/Kg,,Kakamega,2026-05-01
Mumias,Ground Nuts,Large Brown,-,-,-,300.00/Kg,,Kakamega,2026-05-01
Mumias,Green Grams,Local-Special,-,-,-,156.52/Kg,,Kakamega,2026-05-01
Mumias,Green Grams,Hybrid/ polished,-,-,-,210.00/Kg,,Kakamega,2026-05-01
Mumias,Dry Peas,-,-,-,-,280.00/Kg,,Kakamega,2026-05-01
Mumias,Dolichos lablab (Njahi),-,-,-,-,320.00/Kg,,Kakamega,2026-05-01
Mumias,Cowpeas,-,-,-,-,156.52/Kg,,Kakamega,2026-05-01
Mumias,Beans Rosecoco,-,-,-,-,173.91/Kg,,Kakamega,2026-05-01
Mumias,Beans Red Haricot (Wairimu),-,-,-,-,125.00/Kg,,Kakamega,2026-05-01
Mumias,Beans (Yellow-Green),-,-,-,-,173.91/Kg,,Kakamega,2026-05-01
Mumias,Beans (Mwitemania),-,-,-,-,159.09/Kg,,Kakamega,2026-05-01
Mumias,Beans (Mwezi Moja),-,-,-,-,136.36/Kg,,Kakamega,2026-05-01
Mumias,Beans (Canadian wonder),-,-,-,-,173.91/Kg,,Kakamega,2026-05-01
Mumias,Coconut,-,-,-,-,125.00/Kg,,Kakamega,2026-05-01
Mumias,Fertilizer,Urea,-,-,-,106.00/Kg,,Kakamega,2026-05-01
Mumias,Fertilizer,NPK,-,-,-,114.00/Kg,,Kakamega,2026-05-01
Mumias,Fertilizer,DAP,-,-,-,116.00/Kg,,Kakamega,2026-05-01
Mumias,Fertilizer,CAN,-,-,-,96.00/Kg,,Kakamega,2026-05-01
Katito,Meat Chevon,-,-,-,-,750.00/Kg,3500.0,Kisumu,2026-04-30
Katito,Meat Beef,-,-,-,-,700.00/Kg,7500.0,Kisumu,2026-04-30
Katito,Honey,Crude,-,-,-,1000.00/Kg,1500.0,Kisumu,2026-04-30
Katito,Cow Milk(Processd),-,-,-,120.00/Lt,120.00/Lt,6500.0,Kisumu,2026-04-30
Katito,Cow Milk(At collection point),-,-,-,60.00/Lt,75.00/Lt,1500.0,Kisumu,2026-04-30
Katito,Sheep,Red Maasai,Grade 2,Female,6500.00/Head,-,1200.0,Kisumu,2026-04-30
Katito,Sheep,Red Maasai,Grade 2,Male,6800.00/Head,-,860.0,Kisumu,2026-04-30
Katito,Goat,East African Goat,Grade 2,Male,7200.00/Head,-,1150.0,Kisumu,2026-04-30
Katito,Goat,East African Goat,Grade 2,Male,7800.00/Head,-,1100.0,Kisumu,2026-04-30
Katito,Chicken,Indigenous,-,Female,950.00/Head,-,1200.0,Kisumu,2026-04-30
Katito,Chicken,Indigenous,-,Male,1300.00/Head,-,1600.0,Kisumu,2026-04-30
Katito,Cattle,Zebu,Grade 4,Female,25000.00/Head,-,1200.0,Kisumu,2026-04-30
Katito,Cattle,Zebu,Grade 4,Female,32000.00/Head,-,940.0,Kisumu,2026-04-30
Katito,Cattle,Zebu,Grade 4,Male,38000.00/Head,-,560.0,Kisumu,2026-04-30
Katito,Kales/Sukuma Wiki,-,-,-,46.67/Kg,41.67/Kg,4500.0,Kisumu,2026-04-30
Katito,Cabbages,-,-,-,20.00/Kg,26.67/Kg,2500.0,Kisumu,2026-04-30
Katito,Banana (Cooking),-,-,-,30.56/Kg,38.46/Kg,1500.0,Kisumu,2026-04-30
Katito,Green Grams,Hybrid/ polished,-,-,125.00/Kg,130.43/Kg,2500.0,Kisumu,2026-04-30
Katito,Ground Nuts,Large Brown,-,-,244.44/Kg,239.13/Kg,3500.0,Kisumu,2026-04-30
Katito,Beans Rosecoco,-,-,-,150.00/Kg,152.17/Kg,4500.0,Kisumu,2026-04-30
Katito,Beans (Yellow-Green),-,-,-,150.00/Kg,159.09/Kg,2800.0,Kisumu,2026-04-30
Katito,Maize Flour,Pembe,-,-,-,80.00/Kg,1500.0,Kisumu,2026-04-30
Katito,Wheat Flour,Exe self raising,-,-,-,95.00/Kg,1800.0,Kisumu,2026-04-30
Katito,Wheat Flour,Soko All Purpose HBF,-,-,-,80.00/Kg,,Kisumu,2026-04-30
Katito,Red Sorghum,-,-,-,75.00/Kg,78.26/Kg,3500.0,Kisumu,2026-04-30
Katito,Finger Millet,-,-,-,125.00/Kg,166.67/Kg,2500.0,Kisumu,2026-04-30
Katito,Dry Maize,White Maize,-,-,46.67/Kg,65.22/Kg,7500.0,Kisumu,2026-04-30
Katito,Fertilizer,DAP,-,-,-,120.00/Kg,,Kisumu,2026-04-30
Katito,Fertilizer,CAN,-,-,-,108.00/Kg,3500.0,Kisumu,2026-04-30
Vanga,Octopus (Pweza),Fresh,-,-,420.00/Kg,450.00/Kg,58.0,Kwale,2026-04-30
Vanga,Squid(Ngisi),Fresh,-,-,300.00/Kg,450.00/Kg,150.0,Kwale,2026-04-30
Vanga,Mackerel,Fresh,-,-,250.00/Kg,270.00/Kg,200.0,Kwale,2026-04-30
Vanga,Rabbitfish (Tafi/Tasi),Fresh,-,-,220.00/Kg,250.00/Kg,98.0,Kwale,2026-04-30
Vanga,Scavengers (Changu/Tangu),Fresh,-,-,200.00/Kg,220.00/Kg,28.0,Kwale,2026-04-30
Vanga,Wolf Herrings,Fresh,-,-,180.00/Piece,200.00/Piece,48.0,Kwale,2026-04-30
Vanga,Tuna,Fresh,-,-,250.00/Kg,300.00/Kg,85.0,Kwale,2026-04-30
Kinango,Omena,Dried,-,-,485.71/Kg,550.00/Kg,1750.0,Kwale,2026-04-30
Kinango,White Irish Potatoes,-,-,-,63.16/Kg,100.00/Kg,2500.0,Kwale,2026-04-30
Kinango,Oranges,-,-,-,40.00/Kg,60.00/Kg,1500.0,Kwale,2026-04-30
Kinango,Mangoes,Local,-,-,55.00/Kg,100.00/Kg,6000.0,Kwale,2026-04-30
Kinango,Lemons,-,-,-,45.00/Kg,70.00/Kg,700.0,Kwale,2026-04-30
Kinango,Banana (Ripening),-,-,-,45.00/Kg,65.00/Kg,2000.0,Kwale,2026-04-30
Kinango,Avocado,Local,-,-,60.00/Kg,100.00/Kg,800.0,Kwale,2026-04-30
Kinango,Black nightshade (Managu/ Osuga),-,-,-,48.00/Kg,70.00/Kg,500.0,Kwale,2026-04-30
Kinango,Amaranthus (Terere),-,-,-,38.00/Kg,60.00/Kg,1300.0,Kwale,2026-04-30
Kinango,Tomatoes,-,-,-,133.33/Kg,170.00/Kg,4000.0,Kwale,2026-04-30
Kinango,Kales/Sukuma Wiki,-,-,-,38.00/Kg,65.00/Kg,1600.0,Kwale,2026-04-30
Kinango,Green Maize,-,-,-,48.00/Kg,70.00/Kg,1200.0,Kwale,2026-04-30
Kinango,Ginger,-,-,-,190.00/Kg,250.00/Kg,250.0,Kwale,2026-04-30
Kinango,Garlic,-,-,-,450.00/Kg,550.00/Kg,300.0,Kwale,2026-04-30
Kinango,Egg plant (Brinjals),-,-,-,70.00/Kg,120.00/Kg,700.0,Kwale,2026-04-30
Kinango,Dry Onions,-,-,-,125.00/Kg,200.00/Kg,1200.0,Kwale,2026-04-30
Kinango,Coriander (Dhania),-,-,-,80.00/Kg,120.00/Kg,150.0,Kwale,2026-04-30
Kinango,Chillies,-,-,-,130.00/Kg,170.00/Kg,150.0,Kwale,2026-04-30
Kinango,Carrots,-,-,-,65.00/Kg,100.00/Kg,400.0,Kwale,2026-04-30
Kinango,Capsicums,-,-,-,95.00/Kg,150.00/Kg,600.0,Kwale,2026-04-30
Kinango,Cabbages,-,-,-,23.33/Kg,40.00/Kg,2000.0,Kwale,2026-04-30
Kinango,Banana (Cooking),-,-,-,45.00/Kg,65.00/Kg,600.0,Kwale,2026-04-30
Kawangware,Lentils,-,-,-,220.00/Kg,250.00/Kg,,Nairobi,2026-04-30
Kawangware,Pigeon peas,-,-,-,100.00/Kg,115.00/Kg,,Nairobi,2026-04-30
Kawangware,Green Grams,Makueni,-,-,155.00/Kg,170.00/Kg,,Nairobi,2026-04-30
Kawangware,Beans Red Haricot (Wairimu),-,-,-,100.00/Kg,110.00/Kg,,Nairobi,2026-04-30
Kawangware,Dolichos lablab (Njahi),-,-,-,75.00/Kg,85.00/Kg,,Nairobi,2026-04-30
Kawangware,Cowpeas,-,-,-,90.00/Kg,120.00/Kg,,Nairobi,2026-04-30
Kawangware,Beans Rosecoco (Nyayo),-,-,-,110.00/Kg,125.00/Kg,,Nairobi,2026-04-30
Kawangware,Beans Rosecoco,-,-,-,115.00/Kg,125.00/Kg,,Nairobi,2026-04-30
Kawangware,Beans (Yellow-Green),-,-,-,110.00/Kg,125.00/Kg,,Nairobi,2026-04-30
Kawangware,Beans (Mwitemania),-,-,-,90.00/Kg,100.00/Kg,,Nairobi,2026-04-30
Kawangware,Rice,Pishori,-,-,160.00/Kg,180.00/Kg,,Nairobi,2026-04-30
Kawangware,Pearl Rush Millet,-,-,-,122.22/Kg,120.00/Kg,,Nairobi,2026-04-30
Kawangware,Finger Millet,-,-,-,54.00/Kg,90.00/Kg,,Nairobi,2026-04-30
Kawangware,Dry Maize,White Maize,-,-,55.00/Kg,65.00/Kg,,Nairobi,2026-04-30
Kutus,White Sorghum,-,-,-,77.00/kg,120.00/kg,,Kirinyaga,2026-04-30
Kutus,Paddy Rice,Pishori,-,-,76.00/Kg,78.00/Kg,,Kirinyaga,2026-04-30
Kutus,Red Sorghum,-,-,-,77.00/Kg,120.00/Kg,,Kirinyaga,2026-04-30
Kutus,Dry Maize,Mixed-Traditional,-,-,50.00/Kg,65.00/Kg,,Kirinyaga,2026-04-30
Lubao Livestock Market,Sheep,Red Maasai,Grade 2,Female,8000.00/Head,-,50.0,Kakamega,2026-04-30
Lubao Livestock Market,Sheep,Red Maasai,Grade 2,Male,9000.00/Head,-,80.0,Kakamega,2026-04-30
Lubao Livestock Market,Goat,East African Goat,Grade 2,Female,7500.00/Head,-,70.0,Kakamega,2026-04-30
Lubao Livestock Market,Goat,East African Goat,Grade 2,Male,9000.00/Head,-,120.0,Kakamega,2026-04-30
Lubao Livestock Market,Chicken,Improved Kienyeji,-,Female,700.00/Head,-,100.0,Kakamega,2026-04-30
Lubao Livestock Market,Chicken,Improved Kienyeji,-,Male,800.00/Head,-,150.0,Kakamega,2026-04-30
Lubao Livestock Market,Chicken,Improved Kienyeji,-,Female,800.00/Head,-,200.0,Kakamega,2026-04-30
Lubao Livestock Market,Chicken,Improved Kienyeji,-,Male,1000.00/Head,-,300.0,Kakamega,2026-04-30
Lubao Livestock Market,Cattle,Mixed,Grade 2,Female,25000.00/Head,-,50.0,Kakamega,2026-04-30
Lubao Livestock Market,Cattle,Mixed,Grade 2,Male,30000.00/Head,-,50.0,Kakamega,2026-04-30
Lubao Livestock Market,Cattle,Mixed,Grade 2,Female,-,-,40000.0,Kakamega,2026-04-30
Lubao Livestock Market,Cattle,Mixed,Grade 2,Male,50000.00/Head,-,100.0,Kakamega,2026-04-30
Lubao Livestock Market,Cattle,Mixed,Grade 2,Female,75000.00/Head,-,150.0,Kakamega,2026-04-30
Lubao Livestock Market,Cattle,Mixed,Grade 2,Male,80000.00/Head,-,150.0,Kakamega,2026-04-30
Kutus,Pork,-,-,-,500.00/Kg,650.00/Kg,,Kirinyaga,2026-04-30
Kutus,Meat Beef,-,-,-,650.00/Kg,700.00/Kg,,Kirinyaga,2026-04-30
Kutus,White Irish Potatoes,-,-,-,60.00/Kg,65.00/Kg,5500.0,Kirinyaga,2026-04-30
Kutus,Cassava Fresh,-,-,-,35.00/Kg,50.00/Kg,,Kirinyaga,2026-04-30
Kutus,Cassava Chips (dry),-,-,-,125.00/Kg,150.00/Kg,,Kirinyaga,2026-04-30
Kutus,Arrow Root,-,-,-,70.00/Kg,100.00/Kg,350.0,Kirinyaga,2026-04-30
Kutus,Avocado,Local,-,-,30.00/Kg,50.00/Kg,2500.0,Kirinyaga,2026-04-30
Kutus,Banana (Ripening),-,-,-,15.00/Kg,20.00/Kg,8400.0,Kirinyaga,2026-04-30
Kutus,Oranges,-,-,-,40.00/Kg,60.00/Kg,1200.0,Kirinyaga,2026-04-30
Kutus,Passion Fruits,-,-,-,160.00/Kg,200.00/Kg,250.0,Kirinyaga,2026-04-30
Kutus,Tree tomato,-,-,-,80.00/Kg,130.00/Kg,300.0,Kirinyaga,2026-04-30
Kutus,Water Melon,-,-,-,25.00/Kg,30.00/Kg,2000.0,Kirinyaga,2026-04-30
Kutus,Pumpkin Leaves,-,-,-,30.00/Kg,40.00/Kg,,Kirinyaga,2026-04-30
Kutus,Cowpea leaves (Kunde),-,-,-,15.00/Kg,20.00/Kg,100.0,Kirinyaga,2026-04-30
Kutus,Black nightshade (Managu/ Osuga),-,-,-,30.00/Kg,40.00/Kg,200.0,Kirinyaga,2026-04-30
Kutus,Amaranthus (Terere),-,-,-,15.00/Kg,25.00/Kg,300.0,Kirinyaga,2026-04-30
Kutus,Banana (Cooking),-,-,-,15.00/Kg,20.00/Kg,,Kirinyaga,2026-04-30
Kutus,Banana (Plantain),-,-,-,60.00/Kg,90.00/Kg,2500.0,Kirinyaga,2026-04-30
Kutus,Butternuts,-,-,-,40.00/Kg,50.00/Kg,1500.0,Kirinyaga,2026-04-30
Kutus,Cabbages,-,-,-,20.00/Kg,25.00/Kg,7500.0,Kirinyaga,2026-04-30
Kutus,Capsicums,-,-,-,60.00/Kg,80.00/Kg,350.0,Kirinyaga,2026-04-30
Diani Market,Dry Onions,-,-,-,120.00/Kg,140.00/Kg,5000.0,Kwale,2026-04-30
Diani Market,Kales/Sukuma Wiki,-,-,-,50.00/Kg,70.00/Kg,600.0,Kwale,2026-04-30
Diani Market,Spinach,-,-,-,60.00/Kg,80.00/Kg,550.0,Kwale,2026-04-30
Diani Market,Tomatoes,-,-,-,80.00/Kg,100.00/Kg,6000.0,Kwale,2026-04-30
Kutus,Carrots,-,-,-,40.00/Kg,50.00/Kg,3600.0,Kirinyaga,2026-04-30
Kutus,Chillies,-,-,-,120.00/Kg,150.00/Kg,,Kirinyaga,2026-04-30
Kutus,Coriander (Dhania),-,-,-,70.00/Kg,120.00/Kg,120.0,Kirinyaga,2026-04-30
Kutus,Courgette,-,-,-,100.00/Kg,120.00/Kg,300.0,Kirinyaga,2026-04-30
Kutus,Cucumber,-,-,-,80.00/Kg,100.00/Kg,400.0,Kirinyaga,2026-04-30
Kutus,Dry Onions,-,-,-,120.00/Kg,150.00/Kg,5500.0,Kirinyaga,2026-04-30
Kutus,Egg plant (Brinjals),-,-,-,30.00/Kg,50.00/Kg,480.0,Kirinyaga,2026-04-30
Kutus,French beans,-,-,-,60.00/Kg,80.00/Kg,150.0,Kirinyaga,2026-04-30
Kutus,Fresh Peas,On pods,-,-,130.00/Kg,150.00/Kg,1000.0,Kirinyaga,2026-04-30
Kutus,Ginger,-,-,-,150.00/Kg,220.00/Kg,,Kirinyaga,2026-04-30
Kutus,Garlic,-,-,-,300.00/Kg,400.00/Kg,,Kirinyaga,2026-04-30
Kutus,Garlic,-,-,-,150.00/Kg,220.00/Kg,200.0,Kirinyaga,2026-04-30
Kutus,Green Maize,-,-,-,40.00/Kg,50.00/Kg,1500.0,Kirinyaga,2026-04-30
Kutus,Kales/Sukuma Wiki,-,-,-,10.00/Kg,20.00/Kg,1200.0,Kirinyaga,2026-04-30
Kutus,Okra (Lady's fingers or Gumbo),-,-,-,-,150.00/Kg,20.0,Kirinyaga,2026-04-30
Kutus,Pumpkin,-,-,-,30.00/Kg,50.00/Kg,800.0,Kirinyaga,2026-04-30
Kutus,Spinach,-,-,-,30.00/Kg,50.00/Kg,550.0,Kirinyaga,2026-04-30
Kutus,Spring Onions,-,-,-,90.00/Kg,120.00/Kg,500.0,Kirinyaga,2026-04-30
Kutus,Tomatoes,-,-,-,71.43/Kg,85.71/Kg,3500.0,Kirinyaga,2026-04-30
Kipkaren,Water Melon,-,-,-,200.00/Kg,300.00/Kg,200.0,Kakamega,2026-04-30
Kipkaren,Mangoes,Local,-,-,35.00/Kg,60.00/Kg,100.0,Kakamega,2026-04-30
Kipkaren,Avocado,Local,-,-,30.00/Kg,50.00/Kg,500.0,Kakamega,2026-04-30
Kipkaren,Red Sorghum,-,-,-,130.00/Kg,150.00/Kg,500.0,Kakamega,2026-04-30
Kipkaren,Dry Maize,White Maize,-,-,50.00/Kg,70.00/Kg,10000.0,Kakamega,2026-04-30
Kipkaren,Pumpkin Leaves,-,-,-,100.00/Kg,150.00/Kg,100.0,Kakamega,2026-04-30
Kipkaren,Jute Plant (Murenda),-,-,-,75.00/Kg,100.00/Kg,108.0,Kakamega,2026-04-30
Kipkaren,Cowpea leaves (Kunde),-,-,-,75.00/Kg,100.00/Kg,100.0,Kakamega,2026-04-30
Kipkaren,Amaranthus (Terere),-,-,-,120.00/Kg,150.00/Kg,100.0,Kakamega,2026-04-30
Kipkaren,Green Grams,Local-Special,-,-,100.00/Kg,130.00/Kg,3000.0,Kakamega,2026-04-30
Kipkaren,Beans Rosecoco,-,-,-,80.00/Kg,100.00/Kg,10000.0,Kakamega,2026-04-30
Kipkaren,Beans (Canadian wonder),-,-,-,75.00/Kg,100.00/Kg,5000.0,Kakamega,2026-04-30
Kipkaren,Fertilizer,CAN,-,-,50.00/Kg,70.00/Kg,10000.0,Kakamega,2026-04-30
Makutano Embu,Beans (Mwitemania),-,-,-,90.00/Kg,125.00/Kg,,Embu,2026-04-29
Makutano Embu,Beans (Yellow-Green),-,-,-,120.00/Kg,175.00/Kg,,Embu,2026-04-29
Makutano Embu,Beans Red Haricot (Wairimu),-,-,-,100.00/Kg,140.00/Kg,,Embu,2026-04-29
Makutano Embu,Beans Rosecoco (Nyayo),-,-,-,110.00/Kg,150.00/Kg,,Embu,2026-04-29
Makutano Embu,Cowpeas,-,-,-,100.00/Kg,140.00/Kg,,Embu,2026-04-29
Makutano Embu,Dolichos lablab (Njahi),-,-,-,85.00/Kg,100.00/Kg,,Embu,2026-04-29
Makutano Embu,Green Grams,Hybrid/ polished,-,-,100.00/Kg,150.00/Kg,,Embu,2026-04-29
Makutano Embu,Lentils,-,-,-,190.00/Kg,225.00/Kg,,Embu,2026-04-29
Makutano Embu,Mixed Beans,-,-,-,90.00/Kg,115.00/Kg,,Embu,2026-04-29
Makutano Embu,Pigeon peas,-,-,-,70.00/Kg,90.00/Kg,,Embu,2026-04-29
Makutano Embu,Red Sorghum,-,-,-,90.00/Kg,120.00/Kg,,Embu,2026-04-29
Makutano Embu,Rice,Pishori,-,-,150.00/Kg,170.00/Kg,,Embu,2026-04-29
Makutano Embu,Fertilizer,CAN,-,-,90.00/Kg,94.00/Kg,,Embu,2026-04-29
Makutano Embu,Fertilizer,DAP,-,-,122.00/Kg,126.00/Kg,,Embu,2026-04-29
Makutano Embu,Fertilizer,MOP,-,-,76.00/Kg,80.00/Kg,,Embu,2026-04-29
Makutano Embu,Fertilizer,NPK,-,-,76.00/Kg,80.00/Kg,,Embu,2026-04-29
Makutano Embu,Fertilizer,Sulphate of Ammonia,-,-,68.00/Kg,72.00/Kg,,Embu,2026-04-29
Makutano Embu,Tomatoes,-,-,-,125.00/Kg,133.00/Kg,,Embu,2026-04-29
Makutano Embu,Spring Onions,-,-,-,60.00/Kg,80.00/Kg,,Embu,2026-04-29
Makutano Embu,Spinach,-,-,-,40.00/Kg,50.00/Kg,,Embu,2026-04-29
Makutano Embu,Kales/Sukuma Wiki,-,-,-,28.00/Kg,35.00/Kg,,Embu,2026-04-29
Makutano Embu,Green Maize,-,-,-,40.00/Kg,60.00/Kg,,Embu,2026-04-29
Makutano Embu,Ginger,-,-,-,130.00/Kg,160.00/Kg,,Embu,2026-04-29
Makutano Embu,Garlic,-,-,-,300.00/Kg,360.00/Kg,,Embu,2026-04-29
Makutano Embu,French beans,-,-,-,50.00/Kg,80.00/Kg,,Embu,2026-04-29
Makutano Embu,Egg plant (Brinjals),-,-,-,25.00/Kg,40.00/Kg,,Embu,2026-04-29
Makutano Embu,Dry Onions,-,-,-,80.00/Kg,100.00/Kg,,Embu,2026-04-29
Makutano Embu,Carrots,-,-,-,50.00/Kg,70.00/Kg,,Embu,2026-04-29
Makutano Embu,Capsicums,-,-,-,50.00/Kg,70.00/Kg,,Embu,2026-04-29
Makutano Embu,Amaranthus (Terere),-,-,-,30.00/Kg,40.00/Kg,,Embu,2026-04-29
Makutano Embu,Black nightshade (Managu/ Osuga),-,-,-,45.00/Kg,60.00/Kg,,Embu,2026-04-29
Makutano Embu,Cowpea leaves (Kunde),-,-,-,20.00/Kg,30.00/Kg,,Embu,2026-04-29
Makutano Embu,Jute Plant (Murenda),-,-,-,20.00/Kg,30.00/Kg,,Embu,2026-04-29
Makutano Embu,Pumpkin Leaves,-,-,-,40.00/Kg,50.00/Kg,,Embu,2026-04-29
Makutano Embu,Water Melon,-,-,-,20.00/Kg,30.00/Kg,,Embu,2026-04-29
Makutano Embu,Tree tomato,-,-,-,120.00/Kg,160.00/Kg,,Embu,2026-04-29
Makutano Embu,Thorn melon,-,-,-,30.00/Kg,50.00/Kg,,Embu,2026-04-29
Makutano Embu,Pawpaw,-,-,-,25.00/Kg,40.00/Kg,,Embu,2026-04-29
Makutano Embu,Pineapples,-,-,-,90.00/Kg,130.00/Kg,,Embu,2026-04-29
Makutano Embu,Oranges,-,-,-,25.00/Kg,40.00/Kg,,Embu,2026-04-29
Makutano Embu,Lemons,-,-,-,30.00/Kg,40.00/Kg,,Embu,2026-04-29
Makutano Embu,Avocado,Fuerte,-,-,25.00/Kg,40.00/Kg,,Embu,2026-04-29
Makutano Embu,Arrow Root,-,-,-,80.00/Kg,100.00/Kg,,Embu,2026-04-29
Makutano Embu,Cassava Fresh,-,-,-,40.00/Kg,70.00/Kg,,Embu,2026-04-29
Makutano Embu,Sweet potatoes,-,-,-,70.00/Kg,100.00/Kg,,Embu,2026-04-29
Makutano Embu,Chicken,Improved Kienyeji,-,Male,1200.00/Head,-,,Embu,2026-04-29
Makutano Embu,Chicken,Improved Kienyeji,-,Female,800.00/Head,-,,Embu,2026-04-29
Makutano Embu,Cow Milk(Processd),-,-,-,100.00/Lt,120.00/Lt,,Embu,2026-04-29
Vanga,Halfbeaks,Fresh,-,-,200.00/Kg,220.00/Kg,45.0,Kwale,2026-04-29
Vanga,Goatfishes,Fresh,-,-,220.00/Kg,230.00/Kg,35.0,Kwale,2026-04-29
Vanga,Barracuda(Kasumba),Fresh,-,-,200.00/Kg,220.00/Kg,250.0,Kwale,2026-04-29
Makutano Kirinyaga,Cow Milk(Processd),-,-,-,100.00/Lt,120.00/Lt,300.0,Kirinyaga,2026-04-29
Makutano Kirinyaga,Chicken,Improved Kienyeji,-,Female,800.00/Head,-,250.0,Kirinyaga,2026-04-29
Makutano Kirinyaga,Chicken,Improved Kienyeji,-,Male,1200.00/Head,-,400.0,Kirinyaga,2026-04-29
Makutano Kirinyaga,Sweet potatoes,-,-,-,70.00/Kg,100.00/Kg,900.0,Kirinyaga,2026-04-29
Makutano Kirinyaga,Cassava Fresh,-,-,-,40.00/Kg,70.00/Kg,300.0,Kirinyaga,2026-04-29
Makutano Kirinyaga,Arrow Root,-,-,-,80.00/Kg,100.00/Kg,1200.0,Kirinyaga,2026-04-29
Makutano Kirinyaga,Avocado,Fuerte,-,-,25.00/Kg,40.00/Kg,1200.0,Kirinyaga,2026-04-29
Makutano Kirinyaga,Lemons,-,-,-,30.00/Kg,40.00/Kg,850.0,Kirinyaga,2026-04-29
Makutano Kirinyaga,Oranges,-,-,-,25.00/Kg,40.00/Kg,1700.0,Kirinyaga,2026-04-29
Makutano Kirinyaga,Pineapples,-,-,-,90.00/Kg,130.00/Kg,240.0,Kirinyaga,2026-04-29
Makutano Kirinyaga,Pawpaw,-,-,-,25.00/Kg,40.00/Kg,680.0,Kirinyaga,2026-04-29
Makutano Kirinyaga,Pineapples,-,-,-,30.00/Kg,50.00/Kg,70.0,Kirinyaga,2026-04-29
Makutano Kirinyaga,Pineapples,-,-,-,50.00/Kg,80.00/Kg,60.0,Kirinyaga,2026-04-29
Makutano Kirinyaga,Thorn melon,-,-,-,30.00/Kg,50.00/Kg,650.0,Kirinyaga,2026-04-29
Makutano Kirinyaga,Tree tomato,-,-,-,120.00/Kg,160.00/Kg,380.0,Kirinyaga,2026-04-29
Makutano Kirinyaga,Water Melon,-,-,-,20.00/Kg,30.00/Kg,950.0,Kirinyaga,2026-04-29
Makutano Kirinyaga,Pumpkin Leaves,-,-,-,40.00/Kg,50.00/Kg,1200.0,Kirinyaga,2026-04-29
Makutano Kirinyaga,Jute Plant (Murenda),-,-,-,20.00/Kg,30.00/Kg,1600.0,Kirinyaga,2026-04-29
Makutano Kirinyaga,Cowpea leaves (Kunde),-,-,-,20.00/Kg,30.00/Kg,2650.0,Kirinyaga,2026-04-29
Makutano Kirinyaga,Black nightshade (Managu/ Osuga),-,-,-,45.00/Kg,60.00/Kg,2800.0,Kirinyaga,2026-04-29
Makutano Kirinyaga,Amaranthus (Terere),-,-,-,30.00/Kg,40.00/Kg,1600.0,Kirinyaga,2026-04-29
Makutano Kirinyaga,Capsicums,-,-,-,50.00/Kg,70.00/Kg,,Kirinyaga,2026-04-29
Makutano Kirinyaga,Carrots,-,-,-,50.00/Kg,60.00/Kg,2100.0,Kirinyaga,2026-04-29
Makutano Kirinyaga,Dry Onions,-,-,-,80.00/Kg,100.00/Kg,2200.0,Kirinyaga,2026-04-29
Mukuyu Market,Cowpea leaves (Kunde),-,-,-,30.00/Kg,50.00/Kg,,Muranga,2026-04-29
Makutano Kirinyaga,Dry Onions,-,-,-,90.00/Kg,130.00/Kg,3800.0,Kirinyaga,2026-04-29
Mukuyu Market,Pumpkin Leaves,-,-,-,50.00/Kg,70.00/Kg,,Muranga,2026-04-29
Makutano Kirinyaga,Egg plant (Brinjals),-,-,-,25.00/Kg,40.00/Kg,1300.0,Kirinyaga,2026-04-29
Makutano Kirinyaga,French beans,-,-,-,50.00/Kg,80.00/Kg,360.0,Kirinyaga,2026-04-29
Makutano Kirinyaga,Fresh Peas,On pods,-,-,120.00/Kg,150.00/Kg,2300.0,Kirinyaga,2026-04-29
Mukuyu Market,Arrow Root,-,-,-,-,150.00/Kg,,Muranga,2026-04-29
Mukuyu Market,Sweet potatoes,-,-,-,50.00/Kg,100.00/Kg,,Muranga,2026-04-29
Mukuyu Market,White Irish Potatoes,-,-,-,-,70.00/Kg,,Muranga,2026-04-29
Mukuyu Market,Cow Milk(At collection point),-,-,-,40.00/Lt,42.00/Lt,,Muranga,2026-04-29
Makutano Kirinyaga,Garlic,-,-,-,300.00/Kg,360.00/Kg,350.0,Kirinyaga,2026-04-29
Mukuyu Market,Eggs,Exotic/Grade,-,-,380.00/Tray(30),450.00/Tray(30),,Muranga,2026-04-29
Mukuyu Market,Honey,Crude,-,-,700.00/Kg,800.00/Kg,,Muranga,2026-04-29
Mukuyu Market,Meat Beef,-,-,-,580.00/Kg,600.00/Kg,,Muranga,2026-04-29
Mukuyu Market,Pork,-,-,-,600.00/Kg,700.00/Kg,,Muranga,2026-04-29
Mukuyu Market,Broccoli,-,-,-,170.00/Kg,200.00/Kg,,Muranga,2026-04-29
Makutano Kirinyaga,Ginger,-,-,-,130.00/Kg,160.00/Kg,480.0,Kirinyaga,2026-04-29
Mukuyu Market,Cabbages,-,-,-,25.00/Kg,50.00/Kg,,Muranga,2026-04-29
Mukuyu Market,Capsicums,-,-,-,70.00/Kg,100.00/Kg,,Muranga,2026-04-29
Mukuyu Market,Carrots,-,-,-,45.00/Kg,70.00/Kg,,Muranga,2026-04-29
Mukuyu Market,Chillies,-,-,-,50.00/Kg,100.00/Kg,,Muranga,2026-04-29
Makutano Kirinyaga,Green Maize,-,-,-,40.00/Kg,60.00/Kg,1600.0,Kirinyaga,2026-04-29
Mukuyu Market,Coriander (Dhania),-,-,-,50.00/Kg,100.00/Kg,,Muranga,2026-04-29
Mukuyu Market,Courgette,-,-,-,-,120.00/Kg,,Muranga,2026-04-29
Makutano Kirinyaga,Kales/Sukuma Wiki,-,-,-,28.00/Kg,35.00/Kg,2400.0,Kirinyaga,2026-04-29
Mukuyu Market,Cucumber,-,-,-,-,150.00/Kg,,Muranga,2026-04-29
Mukuyu Market,Dry Onions,-,-,-,-,120.00/Kg,,Muranga,2026-04-29
Mukuyu Market,French beans,-,-,-,-,100.00/Kg,,Muranga,2026-04-29
Makutano Kirinyaga,Spinach,-,-,-,40.00/Kg,50.00/Kg,1800.0,Kirinyaga,2026-04-29
Mukuyu Market,Fresh Peas,On pods,-,-,-,180.00/Kg,,Muranga,2026-04-29
Mukuyu Market,Garlic,-,-,-,-,350.00/Kg,,Muranga,2026-04-29
Mukuyu Market,Ginger,-,-,-,150.00/Kg,250.00/Kg,,Muranga,2026-04-29
Makutano Kirinyaga,Spring Onions,-,-,-,60.00/Kg,80.00/Kg,2800.0,Kirinyaga,2026-04-29
Mukuyu Market,Green Maize,-,-,-,50.00/Kg,75.00/Kg,,Muranga,2026-04-29
Makutano Kirinyaga,Tomatoes,-,-,-,125.00/Kg,133.33/Kg,2000.0,Kirinyaga,2026-04-29
Mukuyu Market,Kales/Sukuma Wiki,-,-,-,15.00/Kg,20.00/Kg,,Muranga,2026-04-29
Mukuyu Market,Spinach,-,-,-,20.00/Kg,30.00/Kg,,Muranga,2026-04-29
Mukuyu Market,Spring Onions,-,-,-,80.00/Kg,100.00/Kg,,Muranga,2026-04-29
Mukuyu Market,Tomatoes,-,-,-,80.00/Kg,100.00/Kg,,Muranga,2026-04-29
Mukuyu Market,Banana (Plantain),-,-,-,70.00/Kg,120.00/Kg,,Muranga,2026-04-29
Mukuyu Market,Banana (Cooking),-,-,-,50.00/Kg,70.00/Kg,,Muranga,2026-04-29
Makutano Kirinyaga,Fertilizer,Sulphate of Ammonia,-,-,68.00/Kg,72.00/Kg,1800.0,Kirinyaga,2026-04-29
Makutano Kirinyaga,Fertilizer,NPK,-,-,76.00/Kg,80.00/Kg,2000.0,Kirinyaga,2026-04-29
Makutano Kirinyaga,Fertilizer,NPK,-,-,76.00/Kg,80.00/Kg,3800.0,Kirinyaga,2026-04-29
Makutano Kirinyaga,Fertilizer,MOP,-,-,76.00/Kg,80.00/Kg,1100.0,Kirinyaga,2026-04-29
Makutano Kirinyaga,Fertilizer,DAP,-,-,122.00/Kg,126.00/Kg,450.0,Kirinyaga,2026-04-29
Makutano Kirinyaga,Fertilizer,DAP,-,-,124.00/Kg,128.00/Kg,800.0,Kirinyaga,2026-04-29
Makutano Kirinyaga,Fertilizer,CAN,-,-,90.00/Kg,94.00/Kg,1200.0,Kirinyaga,2026-04-29
Mulot,Omena,Dried,-,-,350.00/Kg,450.00/Kg,400.0,Bomet,2026-04-29
Mulot,Banana (Ripening),-,-,-,90.00/Kg,120.00/Kg,800.0,Bomet,2026-04-29
Mulot,Water Melon,-,-,-,60.00/Kg,90.00/Kg,350.0,Bomet,2026-04-29
Mulot,Pineapples,-,-,-,120.00/Kg,150.00/Kg,540.0,Bomet,2026-04-29
Mulot,Oranges,-,-,-,60.00/Kg,90.00/Kg,3800.0,Bomet,2026-04-29
Mulot,Kales/Sukuma Wiki,-,-,-,40.00/Kg,100.00/Kg,300.0,Bomet,2026-04-29
Mulot,Spring Onions,-,-,-,30.00/Kg,50.00/Kg,1200.0,Bomet,2026-04-29
Mulot,Tomatoes,-,-,-,132.35/Kg,200.00/Kg,520.0,Bomet,2026-04-29
Mulot,Cabbages,-,-,-,10.00/Kg,15.00/Kg,3300.0,Bomet,2026-04-29
Mulot,Black nightshade (Managu/ Osuga),-,-,-,150.00/Kg,200.00/Kg,800.0,Bomet,2026-04-29
Mulot,White Irish Potatoes,-,-,-,40.00/Kg,80.00/Kg,2700.0,Bomet,2026-04-29
Mulot,Red Irish potato,-,-,-,50.00/Kg,90.00/Kg,1300.0,Bomet,2026-04-29
Mulot,Beans Rosecoco,-,-,-,116.67/Kg,175.00/Kg,540.0,Bomet,2026-04-29
Kawangware,Lentils,-,-,-,220.00/Kg,250.00/Kg,,Nairobi,2026-04-29
Kawangware,Pigeon peas,-,-,-,100.00/Kg,115.00/Kg,,Nairobi,2026-04-29
Kawangware,Green Grams,Makueni,-,-,155.00/Kg,170.00/Kg,,Nairobi,2026-04-29
Kawangware,Beans Red Haricot (Wairimu),-,-,-,100.00/Kg,110.00/Kg,,Nairobi,2026-04-29
Kawangware,Dolichos lablab (Njahi),-,-,-,75.00/Kg,85.00/Kg,,Nairobi,2026-04-29
Kawangware,Cowpeas,-,-,-,90.00/Kg,120.00/Kg,,Nairobi,2026-04-29
Kawangware,Beans Rosecoco (Nyayo),-,-,-,110.00/Kg,125.00/Kg,,Nairobi,2026-04-29
Kawangware,Beans Rosecoco,-,-,-,115.00/Kg,125.00/Kg,,Nairobi,2026-04-29
Kawangware,Beans (Yellow-Green),-,-,-,110.00/Kg,125.00/Kg,,Nairobi,2026-04-29
Kawangware,Beans (Mwitemania),-,-,-,90.00/Kg,100.00/Kg,,Nairobi,2026-04-29
Kawangware,Rice,Pishori,-,-,160.00/Kg,180.00/Kg,,Nairobi,2026-04-29
Kawangware,Pearl Rush Millet,-,-,-,122.22/Kg,120.00/Kg,,Nairobi,2026-04-29
Kawangware,Finger Millet,-,-,-,54.00/Kg,90.00/Kg,,Nairobi,2026-04-29
Kawangware,Dry Maize,White Maize,-,-,55.00/Kg,65.00/Kg,,Nairobi,2026-04-29
Taveta Retail Market,Sweet potatoes,-,-,-,75.00/Kg,90.00/Kg,250.0,Taita-Taveta,2026-04-29
Taveta Retail Market,Cassava Fresh,-,-,-,80.00/Kg,100.00/Kg,300.0,Taita-Taveta,2026-04-29
Taveta Retail Market,Arrow Root,-,-,-,75.00/Kg,100.00/Kg,150.0,Taita-Taveta,2026-04-29
Taveta Retail Market,Water Melon,-,-,-,30.00/Kg,50.00/Kg,560.0,Taita-Taveta,2026-04-29
Taveta Retail Market,Pawpaw,-,-,-,80.00/Kg,100.00/Kg,70.0,Taita-Taveta,2026-04-29
Taveta Retail Market,Oranges,-,-,-,50.00/Kg,70.00/Kg,500.0,Taita-Taveta,2026-04-29
Taveta Retail Market,Banana (Ripening),-,-,-,20.00/Kg,100.00/Kg,200.0,Taita-Taveta,2026-04-29
Taveta Retail Market,Avocado,Fuerte,-,-,80.00/Kg,100.00/Kg,300.0,Taita-Taveta,2026-04-29
Taveta Retail Market,Dry Maize,Mixed-Traditional,-,-,50.00/Kg,55.00/Kg,1000.0,Taita-Taveta,2026-04-29
Taveta Retail Market,Dry Maize,White Maize,-,-,46.00/Kg,50.00/Kg,5000.0,Taita-Taveta,2026-04-29
Taveta Retail Market,Black nightshade (Managu/ Osuga),-,-,-,25.00/Kg,35.00/Kg,50.0,Taita-Taveta,2026-04-29
Taveta Retail Market,Amaranthus (Terere),-,-,-,25.00/Kg,35.00/Kg,70.0,Taita-Taveta,2026-04-29
Taveta Retail Market,Tomatoes,-,-,-,80.00/Kg,100.00/Kg,1000.0,Taita-Taveta,2026-04-29
Taveta Retail Market,Green Maize,-,-,-,20.00/Kg,30.00/Kg,600.0,Taita-Taveta,2026-04-29
Taveta Retail Market,Ginger,-,-,-,100.00/Kg,150.00/Kg,30.0,Taita-Taveta,2026-04-29
Taveta Retail Market,Garlic,-,-,-,500.00/Kg,600.00/Kg,70.0,Taita-Taveta,2026-04-29
Taveta Retail Market,Dry Onions,-,-,-,100.00/Kg,120.00/Kg,400.0,Taita-Taveta,2026-04-29
Taveta Retail Market,Carrots,-,-,-,70.00/Kg,100.00/Kg,300.0,Taita-Taveta,2026-04-29
Taveta Retail Market,Capsicums,-,-,-,70.00/Kg,100.00/Kg,120.0,Taita-Taveta,2026-04-29
Taveta Retail Market,Cabbages,-,-,-,15.00/Kg,23.00/Kg,500.0,Taita-Taveta,2026-04-29
Taveta Retail Market,Banana (Cooking),-,-,-,15.00/Kg,30.00/Kg,1500.0,Taita-Taveta,2026-04-29
Taveta Retail Market,Pigeon peas,-,-,-,95.00/Kg,100.00/Kg,230.0,Taita-Taveta,2026-04-29
Taveta Retail Market,Ground Nuts,Large Brown,-,-,240.00/Kg,300.00/Kg,100.0,Taita-Taveta,2026-04-29
Taveta Retail Market,Green Grams,Makueni,-,-,130.00/Kg,150.00/Kg,250.0,Taita-Taveta,2026-04-29
Taveta Retail Market,Dolichos lablab (Njahi),-,-,-,75.00/Kg,100.00/Kg,200.0,Taita-Taveta,2026-04-29
Taveta Retail Market,Cowpeas,-,-,-,90.00/Kg,100.00/Kg,300.0,Taita-Taveta,2026-04-29
Taveta Retail Market,Beans Rosecoco (Nyayo),-,-,-,95.00/Kg,100.00/Kg,150.0,Taita-Taveta,2026-04-29
Taveta Retail Market,Beans (Yellow-Green),-,-,-,130.00/Kg,140.00/Kg,500.0,Taita-Taveta,2026-04-29
Taveta Retail Market,Beans (Mwitemania),-,-,-,115.00/Kg,120.00/Kg,2000.0,Taita-Taveta,2026-04-29
Taveta Retail Market,Beans (Canadian wonder),-,-,-,105.00/Kg,120.00/Kg,2500.0,Taita-Taveta,2026-04-29
Taveta Retail Market,Coconut,-,-,-,70.00/Kg,100.00/Kg,1200.0,Taita-Taveta,2026-04-29
Taveta Retail Market,Coconut,-,-,-,70.00/Kg,100.00/Kg,1200.0,Taita-Taveta,2026-04-29
Kangeta,White Irish Potatoes,-,-,-,98.00/Kg,100.00/Kg,7000.0,Meru,2026-04-29
Kangeta,Red Sorghum,-,-,-,70.00/Kg,80.00/Kg,500.0,Meru,2026-04-29
Kangeta,Pearl Rush Millet,-,-,-,90.00/Kg,100.00/Kg,450.0,Meru,2026-04-29
Embu Town,Ginger,-,-,-,200.00/Kg,300.00/Kg,1000.0,Embu,2026-04-29
Kangeta,Dry Maize,White Maize,-,-,50.00/Kg,60.00/Kg,1350.0,Meru,2026-04-29
Kangeta,Pigeon peas,-,-,-,100.00/Kg,110.00/Kg,500.0,Meru,2026-04-29
Embu Town,Fresh Peas,On pods,-,-,120.00/Kg,150.00/Kg,1500.0,Embu,2026-04-29
Kangeta,Lentils,-,-,-,200.00/Kg,220.00/Kg,140.0,Meru,2026-04-29
Kangeta,Green Grams,Local-Special,-,-,140.00/Kg,150.00/Kg,500.0,Meru,2026-04-29
Kangeta,Dolichos lablab (Njahi),-,-,-,90.00/Kg,100.00/Kg,900.0,Meru,2026-04-29
Embu Town,Pumpkin Leaves,-,-,-,40.00/Kg,50.00/Kg,500.0,Embu,2026-04-29
Embu Town,White Sorghum,-,-,-,70.00/kg,100.00/kg,1100.0,Embu,2026-04-29
Kangeta,Cowpeas,-,-,-,100.00/Kg,110.00/Kg,600.0,Meru,2026-04-29
Embu Town,Wheat,-,-,-,75.00/Kg,100.00/Kg,500.0,Embu,2026-04-29
Kangeta,Beans (Yellow-Green),-,-,-,140.00/Kg,150.00/Kg,400.0,Meru,2026-04-29
Kangeta,Beans (Mwitemania),-,-,-,110.00/Kg,120.00/Kg,950.0,Meru,2026-04-29
Embu Town,Red Sorghum,-,-,-,66.00/Kg,75.00/Kg,,Embu,2026-04-29
Kangeta,Beans (Mwitemania),-,-,-,140.00/Kg,120.00/Kg,950.0,Meru,2026-04-29
Embu Town,Paddy Rice,Sindano,-,-,130.00/Kg,150.00/Kg,1000.0,Embu,2026-04-29
Embu Town,Finger Millet,-,-,-,115.00/Kg,150.00/Kg,1000.0,Embu,2026-04-29
Embu Town,Dry Maize,White Maize,-,-,50.00/Kg,65.00/Kg,7000.0,Embu,2026-04-29
Embu Town,Pigeon peas,-,-,-,105.00/Kg,125.00/Kg,1300.0,Embu,2026-04-29
Kakamega Town,White Irish Potatoes,-,-,-,50.00/Kg,70.00/Kg,25000.0,Kakamega,2026-04-29
Kangeta,Water Melon,-,-,-,40.00/Kg,45.00/Kg,500.0,Meru,2026-04-29
Embu Town,Njugu Mawe,-,-,-,280.00/Kg,300.00/Kg,500.0,Embu,2026-04-29
Kakamega Town,Wheat,-,-,-,72.22/Kg,100.00/Kg,180.0,Kakamega,2026-04-29
Embu Town,Mixed Beans,-,-,-,83.00/Kg,100.00/Kg,1500.0,Embu,2026-04-29
Kangeta,Tangerine (Sandara),-,-,-,90.00/Kg,100.00/Kg,150.0,Meru,2026-04-29
Kangeta,Pawpaw,-,-,-,30.00/Kg,40.00/Kg,150.0,Meru,2026-04-29
Kakamega Town,Dry Maize,White Maize,-,-,42.22/Kg,60.00/Kg,10000.0,Kakamega,2026-04-29
Kakamega Town,Tomatoes,-,-,-,150.00/Kg,180.00/Kg,5000.0,Kakamega,2026-04-29
Kangeta,Oranges,-,-,-,70.00/Kg,80.00/Kg,250.0,Meru,2026-04-29
Kakamega Town,Dry Onions,-,-,-,80.00/Kg,100.00/Kg,6000.0,Kakamega,2026-04-29
Kangeta,Lemons,-,-,-,80.00/Kg,90.00/Kg,130.0,Meru,2026-04-29
Embu Town,Lentils,-,-,-,300.00/Kg,350.00/Kg,10500.0,Embu,2026-04-29
Kakamega Town,Carrots,-,-,-,40.00/Kg,80.00/Kg,2000.0,Kakamega,2026-04-29
Kangeta,Banana (Ripening),-,-,-,40.00/Kg,50.00/Kg,950.0,Meru,2026-04-29
Embu Town,Ground Nuts,Large Brown,-,-,300.00/Kg,350.00/Kg,12000.0,Embu,2026-04-29
Kakamega Town,Cabbages,-,-,-,23.53/Kg,35.29/Kg,1500.0,Kakamega,2026-04-29
Kangeta,Avocado,Local,-,-,50.00/Kg,60.00/Kg,350.0,Meru,2026-04-29
Kangeta,Apples,-,-,-,140.00/Kg,160.00/Kg,100.0,Meru,2026-04-29
Kakamega Town,Beans Rosecoco,-,-,-,180.00/Kg,220.00/Kg,6000.0,Kakamega,2026-04-29
Embu Town,Green Grams,Local-Special,-,-,135.00/Kg,175.00/Kg,3000.0,Embu,2026-04-29
Kangeta,Tomatoes,-,-,-,80.00/Kg,90.00/Kg,2800.0,Meru,2026-04-29
Kangeta,Spring Onions,-,-,-,70.00/Kg,80.00/Kg,200.0,Meru,2026-04-29
Kangeta,Spinach,-,-,-,40.00/Kg,50.00/Kg,200.0,Meru,2026-04-29
Kangeta,Kales/Sukuma Wiki,-,-,-,30.00/Kg,350.00/Kg,480.0,Meru,2026-04-29
Embu Town,Dolichos lablab (Njahi),-,-,-,80.00/Kg,125.00/Kg,1500.0,Embu,2026-04-29
Kangeta,Green Maize,-,-,-,50.00/Kg,60.00/Kg,700.0,Meru,2026-04-29
Embu Town,Cowpeas,-,-,-,150.00/Kg,125.00/Kg,3000.0,Embu,2026-04-29
Kangeta,Ginger,-,-,-,180.00/Kg,200.00/Kg,100.0,Meru,2026-04-29
Kangeta,Garlic,-,-,-,370.00/Kg,400.00/Kg,100.0,Meru,2026-04-29
Embu Town,Beans Rosecoco,-,-,-,100.00/Kg,125.00/Kg,2800.0,Embu,2026-04-29
Kangeta,Fresh Peas,On pods,-,-,150.00/Kg,160.00/Kg,400.0,Meru,2026-04-29
Kangeta,Fresh Peas,On pods,-,-,130.00/Kg,140.00/Kg,550.0,Meru,2026-04-29
Kangeta,French beans,-,-,-,110.00/Kg,120.00/Kg,20.0,Meru,2026-04-29
Kangeta,Egg plant (Brinjals),-,-,-,90.00/Kg,100.00/Kg,15.0,Meru,2026-04-29
Embu Town,Beans Red Haricot (Wairimu),-,-,-,90.00/Kg,110.00/Kg,1000.0,Embu,2026-04-29
Kangeta,Dry Onions,-,-,-,110.00/Kg,120.00/Kg,2250.0,Meru,2026-04-29
Kangeta,Cucumber,-,-,-,140.00/Kg,150.00/Kg,30.0,Meru,2026-04-29
Embu Town,Beans (Yellow-Green),-,-,-,115.00/Kg,150.00/Kg,1000.0,Embu,2026-04-29
Embu Town,Beans (Mwitemania),-,-,-,115.00/Kg,150.00/Kg,2500.0,Embu,2026-04-29
Kangeta,Courgette,-,-,-,140.00/Kg,150.00/Kg,60.0,Meru,2026-04-29
Kangeta,Coriander (Dhania),-,-,-,120.00/Kg,130.00/Kg,150.0,Meru,2026-04-29
Embu Town,Beans (Mwezi Moja),-,-,-,90.00/Kg,100.00/Kg,1000.0,Embu,2026-04-29
Kangeta,Chillies,-,-,-,180.00/Kg,190.00/Kg,10.0,Meru,2026-04-29
Kangeta,Carrots,-,-,-,40.00/Kg,50.00/Kg,1900.0,Meru,2026-04-29
Embu Town,Yam,-,-,-,80.00/Kg,100.00/Kg,500.0,Embu,2026-04-29
Kangeta,Carrots,-,-,-,50.00/Kg,60.00/Kg,750.0,Meru,2026-04-29
Embu Town,Sweet potatoes,-,-,-,37.00/Kg,100.00/Kg,3000.0,Embu,2026-04-29
Kangeta,Capsicums,-,-,-,60.00/Kg,70.00/Kg,250.0,Meru,2026-04-29
Embu Town,White Irish Potatoes,-,-,-,63.00/Kg,75.00/Kg,63.0,Embu,2026-04-29
Kangeta,Cabbages,-,-,-,15.00/Kg,20.00/Kg,3900.0,Meru,2026-04-29
Kangeta,Butternuts,-,-,-,60.00/Kg,70.00/Kg,80.0,Meru,2026-04-29
Kangeta,Banana (Cooking),-,-,-,25.00/Kg,30.00/Kg,400.0,Meru,2026-04-29
Embu Town,Cassava Fresh,-,-,-,80.00/Kg,120.00/Kg,2000.0,Embu,2026-04-29
Embu Town,Arrow Root,-,-,-,45.00/Kg,100.00/Kg,3000.0,Embu,2026-04-29
Embu Town,Beans (Canadian wonder),-,-,-,115.00/Kg,150.00/Kg,1000.0,Embu,2026-04-29
Diani Market,Spinach,-,-,-,60.00/Kg,80.00/Kg,600.0,Kwale,2026-04-29
Diani Market,Tomatoes,-,-,-,80.00/Kg,100.00/Kg,600.0,Kwale,2026-04-29
Diani Market,Ginger,-,-,-,160.00/Kg,180.00/Kg,450.0,Kwale,2026-04-29
Diani Market,Egg plant (Brinjals),-,-,-,40.00/Kg,80.00/Kg,600.0,Kwale,2026-04-29
Diani Market,Dry Onions,-,-,-,120.00/Kg,140.00/Kg,6000.0,Kwale,2026-04-29
Diani Market,Capsicums,-,-,-,80.00/Kg,100.00/Kg,600.0,Kwale,2026-04-29
Diani Market,Carrots,-,-,-,80.00/Kg,100.00/Kg,600.0,Kwale,2026-04-29
Nairobi Supermarkets,Wheat Flour,Winnie's Pure Health Atta Mark 1,-,-,-,129.50/Kg,,Nairobi,2026-04-29
Nairobi Supermarkets,Wheat Flour,Soko Atta Mark 1,-,-,-,83.50/Kg,,Nairobi,2026-04-29
Nairobi Supermarkets,Wheat Flour,Soko All Purpose HBF,-,-,-,79.00/Kg,,Nairobi,2026-04-29
Nairobi Supermarkets,Wheat Flour,Phulka Atta Mark 1 Chapati Flour,-,-,-,81.00/Kg,,Nairobi,2026-04-29
Nairobi Supermarkets,Wheat Flour,Pembe Atta Mark 1,-,-,-,86.50/Kg,,Nairobi,2026-04-29
Nairobi Supermarkets,Wheat Flour,Pembe All Purpose HBF,-,-,-,83.00/Kg,,Nairobi,2026-04-29
Nairobi Supermarkets,Wheat Flour,Oboma all purpose HBF,-,-,-,78.00/Kg,,Nairobi,2026-04-29
Nairobi Supermarkets,Wheat Flour,Nutra Meal Atta Mark 1,-,-,-,135.00/Kg,,Nairobi,2026-04-29
Nairobi Supermarkets,Wheat Flour,Ndovu all purpose HBF,-,-,-,80.00/Kg,,Nairobi,2026-04-29
Nairobi Supermarkets,Wheat Flour,Mama Home Baking Flour,-,-,-,78.50/Kg,,Nairobi,2026-04-29
Nairobi Supermarkets,Wheat Flour,Kifaru All Purpose HBF,-,-,-,74.50/Kg,,Nairobi,2026-04-29
Nairobi Supermarkets,Wheat Flour,Golden All Purpose,-,-,-,85.50/Kg,,Nairobi,2026-04-29
Nairobi Supermarkets,Wheat Flour,Exe self raising,-,-,-,90.00/Kg,,Nairobi,2026-04-29
Nairobi Supermarkets,Wheat Flour,Exe Mandazi Fortified Wheat Flour,-,-,-,89.50/Kg,,Nairobi,2026-04-29
Nairobi Supermarkets,Wheat Flour,Exe Chapati fortified wheat flour,-,-,-,86.50/Kg,,Nairobi,2026-04-29
Nairobi Supermarkets,Wheat Flour,Exe brown bread,-,-,-,89.50/Kg,,Nairobi,2026-04-29
Nairobi Supermarkets,Wheat Flour,Exe Atta Mark 1,-,-,-,90.00/Kg,,Nairobi,2026-04-29
Nairobi Supermarkets,Wheat Flour,Exe All purpose fortified wheat flour,-,-,-,83.00/Kg,,Nairobi,2026-04-29
Nairobi Supermarkets,Wheat Flour,Elliots self raising flour,-,-,-,90.50/Kg,,Nairobi,2026-04-29
Nairobi Supermarkets,Wheat Flour,Elliots all purpose HBK,-,-,-,81.50/Kg,,Nairobi,2026-04-29
Nairobi Supermarkets,Wheat Flour,Dola premium all pupose,-,-,-,82.00/Kg,,Nairobi,2026-04-29
Nairobi Supermarkets,Wheat Flour,Dola Atta Mark 1,-,-,-,85.00/Kg,,Nairobi,2026-04-29
Nairobi Supermarkets,Wheat Flour,Chapati Afya,-,-,-,135.50/Kg,,Nairobi,2026-04-29
Nairobi Supermarkets,Wheat Flour,Ajab fortofied self raising,-,-,-,85.50/Kg,,Nairobi,2026-04-29
Nairobi Supermarkets,Wheat Flour,Ajab fortigied Home Baking flour,-,-,-,85.50/Kg,,Nairobi,2026-04-29
Nairobi Supermarkets,Wheat Flour,Ajab fortified mandazi flour,-,-,-,84.50/Kg,,Nairobi,2026-04-29
Nairobi Supermarkets,Wheat Flour,210 Home baking flour,-,-,-,78.00/Kg,,Nairobi,2026-04-29
Nairobi Supermarkets,Wheat Flour,210 Atta Mark 1,-,-,-,78.00/Kg,,Nairobi,2026-04-29
Nairobi Supermarkets,Maize Flour,Taifa,-,-,-,77.50/Kg,,Nairobi,2026-04-29
Nairobi Supermarkets,Maize Flour,Soko,-,-,-,81.00/Kg,,Nairobi,2026-04-29
Nairobi Supermarkets,Maize Flour,Raha Premium,-,-,-,98.50/Kg,,Nairobi,2026-04-29
Nairobi Supermarkets,Maize Flour,Pembe,-,-,-,81.50/Kg,,Nairobi,2026-04-29
Nairobi Supermarkets,Maize Flour,Oryx,-,-,-,83.50/Kg,,Nairobi,2026-04-29
Nairobi Supermarkets,Maize Flour,Ndovu,-,-,-,70.50/Kg,,Nairobi,2026-04-29
Nairobi Supermarkets,Maize Flour,Mama,-,-,-,73.50/Kg,,Nairobi,2026-04-29
Nairobi Supermarkets,Maize Flour,Kifaru,-,-,-,72.50/Kg,,Nairobi,2026-04-29
Nairobi Supermarkets,Maize Flour,Jogoo wimbi,-,-,-,140.00/Kg,,Nairobi,2026-04-29
Nairobi Supermarkets,Maize Flour,Jogoo,-,-,-,81.50/Kg,,Nairobi,2026-04-29
Nairobi Supermarkets,Maize Flour,Hostess,-,-,-,92.50/Kg,,Nairobi,2026-04-29
Nairobi Supermarkets,Maize Flour,Equatorial afya ugali,-,-,-,142.50/Kg,,Nairobi,2026-04-29
Nairobi Supermarkets,Maize Flour,Dola,-,-,-,80.00/Kg,,Nairobi,2026-04-29
Nairobi Supermarkets,Maize Flour,Cosmo,-,-,-,68.00/Kg,,Nairobi,2026-04-29
Nairobi Supermarkets,Maize Flour,Amaize,-,-,-,96.00/Kg,,Nairobi,2026-04-29
Nairobi Supermarkets,Maize Flour,Ajab,-,-,-,79.50/Kg,,Nairobi,2026-04-29
Nairobi Supermarkets,Maize Flour,210(two ten),-,-,-,76.00/Kg,,Nairobi,2026-04-29
Kabati - Muranga,Pork,-,-,-,-,700.00/Kg,,Muranga,2026-04-29
Kabati - Muranga,Eggs,Exotic/Grade,-,-,-,400.00/Tray(30),,Muranga,2026-04-29
Kabati - Muranga,Cow Milk(Processd),-,-,-,-,110.00/Lt,,Muranga,2026-04-29
Kabati - Muranga,Cow Milk(At collection point),-,-,-,45.00/Lt,70.00/Lt,,Muranga,2026-04-29
Kabati - Muranga,Pumpkin Leaves,-,-,-,25.00/Kg,40.00/Kg,,Muranga,2026-04-29
Kabati - Muranga,Cowpea leaves (Kunde),-,-,-,25.00/Kg,40.00/Kg,,Muranga,2026-04-29
Kabati - Muranga,Black nightshade (Managu/ Osuga),-,-,-,25.00/Kg,40.00/Kg,,Muranga,2026-04-29
Kabati - Muranga,Amaranthus (Terere),-,-,-,25.00/Kg,40.00/Kg,,Muranga,2026-04-29
Kabati - Muranga,Yam,-,-,-,80.00/Kg,100.00/Kg,,Muranga,2026-04-29
Kabati - Muranga,White Irish Potatoes,-,-,-,-,80.00/Kg,,Muranga,2026-04-29
Kabati - Muranga,Sweet potatoes,-,-,-,80.00/Kg,100.00/Kg,,Muranga,2026-04-29
Kabati - Muranga,Arrow Root,-,-,-,80.00/Kg,100.00/Kg,,Muranga,2026-04-29
Kabati - Muranga,Water Melon,-,-,-,-,55.00/Kg,,Muranga,2026-04-29
Kabati - Muranga,Tree tomato,-,-,-,80.00/Kg,100.00/Kg,,Muranga,2026-04-29
Kabati - Muranga,Thorn melon,-,-,-,-,60.00/Kg,,Muranga,2026-04-29
Kabati - Muranga,Tangerine (Sandara),-,-,-,70.00/Kg,100.00/Kg,,Muranga,2026-04-29
Kabati - Muranga,Pineapples,-,-,-,-,53.33/Kg,,Muranga,2026-04-29
Kabati - Muranga,Passion Fruits,-,-,-,80.00/Kg,100.00/Kg,,Muranga,2026-04-29
Kabati - Muranga,Oranges,-,-,-,-,100.00/Kg,,Muranga,2026-04-29
Kabati - Muranga,Mangoes,Improved,-,-,-,120.00/Kg,,Muranga,2026-04-29
Kabati - Muranga,Lemons,-,-,-,-,80.00/Kg,,Muranga,2026-04-29
Kabati - Muranga,Grapes,White,-,-,480.00/Kg,600.00/Kg,,Muranga,2026-04-29
Kabati - Muranga,Grapes,Red,-,-,-,600.00/Kg,,Muranga,2026-04-29
Kabati - Muranga,Banana (Ripening),-,-,-,-,35.00/Kg,,Muranga,2026-04-29
Kabati - Muranga,Avocado,Hass,-,-,-,120.00/Kg,,Muranga,2026-04-29
Makunga Market,Cattle,Zebu,Grade 2,Female,43500.00/Head,-,11.0,Kakamega,2026-04-29
Kabati - Muranga,Apples,-,-,-,-,180.00/Kg,,Muranga,2026-04-29
Makunga Market,Sheep,Red Maasai,Grade 2,Female,4300.00/Head,-,6.0,Kakamega,2026-04-29
Kabati - Muranga,Tomatoes,-,-,-,-,40.00/Kg,,Muranga,2026-04-29
Makunga Market,Sheep,Red Maasai,Grade 2,Male,6300.00/Head,-,9.0,Kakamega,2026-04-29
Kabati - Muranga,Spring Onions,-,-,-,-,70.00/Kg,,Muranga,2026-04-29
Kabati - Muranga,Pumpkin,-,-,-,-,100.00/Kg,,Muranga,2026-04-29
Kabati - Muranga,Kales/Sukuma Wiki,-,-,-,-,45.00/Kg,,Muranga,2026-04-29
Makunga Market,Sheep,Red Maasai,Grade 2,Male,6650.00/Head,-,6.0,Kakamega,2026-04-29
Kabati - Muranga,Ginger,-,-,-,-,480.00/Kg,,Muranga,2026-04-29
Kabati - Muranga,Garlic,-,-,-,-,480.00/Kg,,Muranga,2026-04-29
Makunga Market,Sheep,Red Maasai,Grade 2,Female,7400.00/Head,-,9.0,Kakamega,2026-04-29
Kabati - Muranga,French beans,-,-,-,-,65.00/Kg,,Muranga,2026-04-29
Kabati - Muranga,Dry Onions,-,-,-,-,70.00/Kg,,Muranga,2026-04-29
Kabati - Muranga,Coriander (Dhania),-,-,-,-,45.00/Kg,,Muranga,2026-04-29
Makunga Market,Sheep,Red Maasai,Grade 2,Male,9100.00/Head,-,13.0,Kakamega,2026-04-29
Kabati - Muranga,Chillies,-,-,-,-,100.00/Kg,,Muranga,2026-04-29
Kabati - Muranga,Carrots,-,-,-,-,60.00/Kg,,Muranga,2026-04-29
Kabati - Muranga,Capsicums,-,-,-,-,80.00/Kg,,Muranga,2026-04-29
Kabati - Muranga,Cabbages,-,-,-,-,45.00/Kg,,Muranga,2026-04-29
Kabati - Muranga,Butternuts,-,-,-,-,100.00/Kg,,Muranga,2026-04-29
Kabati - Muranga,Banana (Plantain),-,-,-,22.00/Kg,40.00/Kg,,Muranga,2026-04-29
Kabati - Muranga,Banana (Cooking),-,-,-,18.00/Kg,35.00/Kg,,Muranga,2026-04-29
Makunga Market,Goat,East African Goat,Grade 2,Female,6300.00/Head,-,16.0,Kakamega,2026-04-29
Makunga Market,Goat,East African Goat,Grade 2,Female,7600.00/Head,-,6.0,Kakamega,2026-04-29
Makunga Market,Goat,East African Goat,Grade 2,Female,7600.00/Head,-,6.0,Kakamega,2026-04-29
Makunga Market,Goat,East African Goat,Grade 2,Male,7650.00/Head,-,12.0,Kakamega,2026-04-29
Makunga Market,Goat,East African Goat,Grade 2,Male,6200.00/Head,-,9.0,Kakamega,2026-04-29
Makunga Market,Goat,East African Goat,Grade 2,Female,4600.00/Head,-,6.0,Kakamega,2026-04-29
Makunga Market,Duck,Black Swedish,Grade 2,Male,-,-,3.0,Kakamega,2026-04-29
Makunga Market,Chicken,Indigenous,-,Female,1100.00/Head,-,19.0,Kakamega,2026-04-29
Makunga Market,Chicken,Indigenous,-,Female,620.00/Head,-,23.0,Kakamega,2026-04-29
Makunga Market,Chicken,Indigenous,-,Female,420.00/Head,-,11.0,Kakamega,2026-04-29
Makunga Market,Chicken,Indigenous,-,Male,380.00/Head,-,13.0,Kakamega,2026-04-29
Makunga Market,Chicken,Indigenous,-,Male,920.00/Head,-,26.0,Kakamega,2026-04-29
Makunga Market,Chicken,Indigenous,-,Male,1460.00/Head,-,23.0,Kakamega,2026-04-29
Makunga Market,Chicken,Improved Kienyeji,-,Female,590.00/Head,-,16.0,Kakamega,2026-04-29
Makunga Market,Chicken,Improved Kienyeji,-,Male,1380.00/Head,-,9.0,Kakamega,2026-04-29
Makunga Market,Chicken,Broiler,-,Male,580.00/Head,-,22.0,Kakamega,2026-04-29
Makunga Market,Cattle,Zebu,Grade 2,Female,48600.00/Head,-,16.0,Kakamega,2026-04-29
Makunga Market,Cattle,Zebu,Grade 3,Female,44300.00/Head,-,13.0,Kakamega,2026-04-29
Makunga Market,Cattle,Zebu,Grade 2,Female,42000.00/Head,-,17.0,Kakamega,2026-04-29
Makunga Market,Cattle,Zebu,Grade 3,Female,-,-,42600.0,Kakamega,2026-04-29
Makunga Market,Cattle,Zebu,Grade 2,Female,32700.00/Head,-,21.0,Kakamega,2026-04-29
Makunga Market,Cattle,Zebu,Grade 3,Female,18300.00/Head,-,7.0,Kakamega,2026-04-29
Makunga Market,Cattle,Zebu,Grade 3,Male,18000.00/Head,-,11.0,Kakamega,2026-04-29
Makunga Market,Cattle,Zebu,Grade 2,Male,23000.00/Head,-,16.0,Kakamega,2026-04-29
Makunga Market,Cattle,Zebu,Grade 3,Male,29000.00/Head,-,7.0,Kakamega,2026-04-29
Makunga Market,Cattle,Zebu,Grade 2,Male,37000.00/Head,-,21.0,Kakamega,2026-04-29
Makunga Market,Cattle,Zebu,Grade 3,Male,46000.00/Head,-,11.0,Kakamega,2026-04-29
Makunga Market,Cattle,Zebu,Grade 2,Male,62000.00/Head,-,17.0,Kakamega,2026-04-29
Makunga Market,Cattle,Ayrshire,Grade 2,Female,48000.00/Head,-,4.0,Kakamega,2026-04-29
Makunga Market,Cattle,Friesian,Grade 2,Male,72000.00/Head,-,3.0,Kakamega,2026-04-29
Makunga Market,Cattle,Ayrshire,Grade 2,Female,64000.00/Head,-,4.0,Kakamega,2026-04-29
Makunga Market,Cattle,Ayrshire,Grade 2,Male,72000.00/Head,-,2.0,Kakamega,2026-04-29
Embu Town,Avocado,Local,-,-,50.00/Kg,100.00/Kg,1000.0,Embu,2026-04-29
Embu Town,Avocado,Fuerte,-,-,100.00/Kg,150.00/Kg,1000.0,Embu,2026-04-29
Embu Town,Lemons,-,-,-,100.00/Kg,150.00/Kg,500.0,Embu,2026-04-29
Embu Town,Tangerine (Sandara),-,-,-,60.00/Kg,100.00/Kg,1000.0,Embu,2026-04-29
Embu Town,Water Melon,-,-,-,30.00/Kg,40.00/Kg,5000.0,Embu,2026-04-29
Embu Town,Tree tomato,-,-,-,100.00/Kg,120.00/Kg,1000.0,Embu,2026-04-29
Embu Town,Pawpaw,-,-,-,60.00/Kg,70.00/Kg,1000.0,Embu,2026-04-29
Embu Town,Passion Fruits,-,-,-,100.00/Kg,130.00/Kg,,Embu,2026-04-29
Embu Town,Oranges,-,-,-,60.00/Kg,100.00/Kg,1000.0,Embu,2026-04-29
Embu Town,Tomatoes,-,-,-,76.00/Kg,100.00/Kg,4000.0,Embu,2026-04-29
Embu Town,Spring Onions,-,-,-,70.00/Kg,80.00/Kg,1000.0,Embu,2026-04-29
Embu Town,Okra (Lady's fingers or Gumbo),-,-,-,200.00/Kg,300.00/Kg,500.0,Embu,2026-04-29
Embu Town,Spinach,-,-,-,50.00/Kg,70.00/Kg,500.0,Embu,2026-04-29
Embu Town,Pumpkin,-,-,-,80.00/Kg,100.00/Kg,500.0,Embu,2026-04-29
Embu Town,Kales/Sukuma Wiki,-,-,-,20.00/Kg,30.00/Kg,1000.0,Embu,2026-04-29
Embu Town,Green Maize,-,-,-,50.00/Kg,100.00/Kg,4000.0,Embu,2026-04-29
Embu Town,French beans,-,-,-,80.00/Kg,100.00/Kg,1000.0,Embu,2026-04-29
Embu Town,Dry Onions,-,-,-,100.00/Kg,120.00/Kg,3000.0,Embu,2026-04-29
Embu Town,Cucumber,-,-,-,100.00/Kg,150.00/Kg,500.0,Embu,2026-04-29
Embu Town,Courgette,-,-,-,80.00/Kg,120.00/Kg,1000.0,Embu,2026-04-29
Embu Town,Coriander (Dhania),-,-,-,70.00/Kg,100.00/Kg,1000.0,Embu,2026-04-29
Embu Town,Chillies,-,-,-,200.00/Kg,300.00/Kg,500.0,Embu,2026-04-29
Embu Town,Carrots,-,-,-,50.00/Kg,60.00/Kg,3000.0,Embu,2026-04-29
Embu Town,Cauliflower,-,-,-,50.00/Kg,60.00/Kg,3000.0,Embu,2026-04-29
Embu Town,Cabbages,-,-,-,10.00/Kg,15.00/Kg,25000.0,Embu,2026-04-29
Embu Town,Butternuts,-,-,-,120.00/Kg,150.00/Kg,1000.0,Embu,2026-04-29
Embu Town,Banana (Cooking),-,-,-,15.00/Kg,20.00/Kg,8000.0,Embu,2026-04-29
Kerugoya,Tomatoes,-,-,-,40.00/Kg,80.00/Kg,1600.0,Kirinyaga,2026-04-28
Kerugoya,Pumpkin,-,-,-,35.00/Kg,80.00/Kg,180.0,Kirinyaga,2026-04-28
Kerugoya,Kales/Sukuma Wiki,-,-,-,20.00/Kg,35.00/Kg,230.0,Kirinyaga,2026-04-28
Kerugoya,Ginger,-,-,-,180.00/Kg,270.00/Kg,200.0,Kirinyaga,2026-04-28
Kerugoya,Fresh Peas,On pods,-,-,80.00/Kg,140.00/Kg,350.0,Kirinyaga,2026-04-28
Kerugoya,Dry Onions,-,-,-,70.00/Kg,140.00/Kg,2300.0,Kirinyaga,2026-04-28
Kerugoya,Courgette,-,-,-,70.00/Kg,140.00/Kg,400.0,Kirinyaga,2026-04-28
Kerugoya,Carrots,-,-,-,30.00/Kg,60.00/Kg,400.0,Kirinyaga,2026-04-28
Kerugoya,Capsicums,-,-,-,45.00/Kg,90.00/Kg,300.0,Kirinyaga,2026-04-28
Kerugoya,Cabbages,-,-,-,18.00/Kg,25.00/Kg,360.0,Kirinyaga,2026-04-28
Kerugoya,Banana (Cooking),-,-,-,20.00/Kg,40.00/Kg,780.0,Kirinyaga,2026-04-28
Kerugoya,Water Melon,-,-,-,25.00/Kg,40.00/Kg,350.0,Kirinyaga,2026-04-28
Kerugoya,Tree tomato,-,-,-,100.00/Kg,200.00/Kg,250.0,Kirinyaga,2026-04-28
Kerugoya,Thorn melon,-,-,-,30.00/Kg,60.00/Kg,160.0,Kirinyaga,2026-04-28
Kerugoya,Pawpaw,-,-,-,40.00/Kg,80.00/Kg,150.0,Kirinyaga,2026-04-28
Kerugoya,Passion Fruits,-,-,-,170.00/Kg,240.00/Kg,300.0,Kirinyaga,2026-04-28
Kerugoya,Oranges,-,-,-,60.00/Kg,100.00/Kg,350.0,Kirinyaga,2026-04-28
Kerugoya,Banana (Ripening),-,-,-,20.00/Kg,40.00/Kg,800.0,Kirinyaga,2026-04-28
Kerugoya,Rice,Pishori,-,-,160.00/Kg,180.00/Kg,2300.0,Kirinyaga,2026-04-28
Kerugoya,Dry Maize,Mixed-Traditional,-,-,55.00/Kg,75.00/Kg,4600.0,Kirinyaga,2026-04-28
Holo,Eggs,Indigenous /Kenyeji,-,-,20.00/Tray(30),25.00/Tray(30),,Kisumu,2026-04-28
Holo,Pork,-,-,-,-,600.00/Kg,,Kisumu,2026-04-28
Holo,Meat Beef,-,-,-,-,700.00/Kg,,Kisumu,2026-04-28
Holo,Honey,Crude,-,-,-,600.00/Kg,,Kisumu,2026-04-28
Holo,Eggs,Exotic/Grade,-,-,16.00/Tray(30),17.50/Tray(30),,Kisumu,2026-04-28
Holo,Cow Milk(At collection point),-,-,-,-,80.00/Lt,,Kisumu,2026-04-28
Holo,Sheep,Red Maasai,Grade 3,Male,7500.00/Head,-,,Kisumu,2026-04-28
Holo,Goat,East African Goat,Grade 3,Male,6500.00/Head,-,,Kisumu,2026-04-28
Holo,Chicken,Layers,-,Male,450.00/Head,-,,Kisumu,2026-04-28
Holo,Chicken,Indigenous,-,Male,1000.00/Head,-,,Kisumu,2026-04-28
Holo,Chicken,Improved Kienyeji,-,Male,1200.00/Head,-,,Kisumu,2026-04-28
Holo,Chicken,Broiler,-,Male,550.00/Head,-,,Kisumu,2026-04-28
Holo,Cattle,Mixed,Grade 3,Male,40000.00/Head,-,,Kisumu,2026-04-28
Holo,Prawns,Dried,-,-,-,35.00/Kg,,Kisumu,2026-04-28
Holo,Tilapia,Fresh,-,-,-,450.00/Kg,,Kisumu,2026-04-28
Holo,Omena,Dried,-,-,-,375.00/Kg,,Kisumu,2026-04-28
Holo,Nile Perch,Fresh,-,-,-,420.00/Kg,,Kisumu,2026-04-28
Kathonzweni,Goat,Mixed,Grade 1,Female,5000.00/Head,-,23.0,Makueni,2026-04-28
Kathonzweni,Goat,Mixed,Grade 1,Female,8000.00/Head,-,85.0,Makueni,2026-04-28
Holo,White Irish Potatoes,-,-,-,104.00/Kg,100.00/Kg,,Kisumu,2026-04-28
Holo,Sweet potatoes,-,-,-,-,100.00/Kg,,Kisumu,2026-04-28
Holo,Cassava Fresh,-,-,-,-,100.00/Kg,,Kisumu,2026-04-28
Kathonzweni,Goat,Mixed,Grade 1,Male,7500.00/Head,-,100.0,Makueni,2026-04-28
Holo,Cassava Chips (dry),-,-,-,-,75.00/Kg,,Kisumu,2026-04-28
Holo,Arrow Root,-,-,-,-,150.00/Kg,,Kisumu,2026-04-28
Holo,Water Melon,-,-,-,-,166.67/Kg,,Kisumu,2026-04-28
Kathonzweni,Goat,Mixed,Grade 1,Male,13500.00/Head,-,92.0,Makueni,2026-04-28
Holo,Thorn melon,-,-,-,-,200.00/Kg,,Kisumu,2026-04-28
Holo,Tangerine (Sandara),-,-,-,-,180.00/Kg,,Kisumu,2026-04-28
Holo,Pawpaw,-,-,-,-,100.00/Kg,,Kisumu,2026-04-28
Kathonzweni,Cattle,Mixed,Grade 2,Female,30000.00/Head,-,45.0,Makueni,2026-04-28
Holo,Oranges,-,-,-,-,220.00/Kg,,Kisumu,2026-04-28
Holo,Mangoes,Local,-,-,-,100.00/Kg,,Kisumu,2026-04-28
Kathonzweni,Cattle,Mixed,Grade 2,Female,45000.00/Head,-,120.0,Makueni,2026-04-28
Kathonzweni,Cattle,Mixed,Grade 2,Male,35000.00/Head,-,260.0,Makueni,2026-04-28
Holo,Mangoes,Improved,-,-,-,150.00/Kg,,Kisumu,2026-04-28
Holo,Limes,-,-,-,-,200.00/Kg,,Kisumu,2026-04-28
Kathonzweni,Cattle,Mixed,Grade 2,Male,80000.00/Head,-,200.0,Makueni,2026-04-28
Holo,Lemons,-,-,-,-,200.00/Kg,,Kisumu,2026-04-28
Holo,Avocado,Local,-,-,-,100.00/Kg,,Kisumu,2026-04-28
Holo,Avocado,Hass,-,-,-,150.00/Kg,,Kisumu,2026-04-28
Holo,White Sorghum,-,-,-,57.78/kg,75.00/kg,,Kisumu,2026-04-28
Holo,Rice,Pishori,-,-,172.00/Kg,250.00/Kg,,Kisumu,2026-04-28
Holo,Red Sorghum,-,-,-,57.78/Kg,75.00/Kg,,Kisumu,2026-04-28
Holo,Maize Flour,Dola,-,-,-,80.00/Kg,,Kisumu,2026-04-28
Holo,Maize Flour,Ajab,-,-,84.58/Kg,90.00/Kg,,Kisumu,2026-04-28
Holo,Finger Millet,-,-,-,133.33/Kg,175.00/Kg,,Kisumu,2026-04-28
Holo,Dry Maize,White Maize,-,-,46.67/Kg,65.00/Kg,,Kisumu,2026-04-28
Holo,Dry Maize,Yellow Maize,-,-,-,75.00/Kg,,Kisumu,2026-04-28
Holo,Dry Maize,White Maize,-,-,46.67/Kg,130.00/Kg,,Kisumu,2026-04-28
Holo,Spider flower (Saga),-,-,-,-,80.00/Kg,,Kisumu,2026-04-28
Holo,Pumpkin Leaves,-,-,-,-,70.00/Kg,,Kisumu,2026-04-28
Holo,Jute Plant (Murenda),-,-,-,-,70.00/Kg,,Kisumu,2026-04-28
Holo,Indigenous Crotolaria (Mito/Miro),-,-,-,-,80.00/Kg,,Kisumu,2026-04-28
Holo,Ethiopian Kales -Kanzira,-,-,-,-,70.00/Kg,,Kisumu,2026-04-28
Holo,Cowpea leaves (Kunde),-,-,-,-,60.00/Kg,,Kisumu,2026-04-28
Holo,Black nightshade (Managu/ Osuga),-,-,-,-,80.00/Kg,,Kisumu,2026-04-28
Holo,Amaranthus (Terere),-,-,-,-,70.00/Kg,,Kisumu,2026-04-28
Holo,Tomatoes,-,-,-,214.29/Kg,150.00/Kg,,Kisumu,2026-04-28
Holo,Spring Onions,-,-,-,62.50/Kg,70.00/Kg,,Kisumu,2026-04-28
Holo,Spinach,-,-,-,-,60.00/Kg,,Kisumu,2026-04-28
Holo,Kales/Sukuma Wiki,-,-,-,40.00/Kg,50.00/Kg,,Kisumu,2026-04-28
Holo,Green Maize,-,-,-,-,120.00/Kg,,Kisumu,2026-04-28
Holo,Ginger,-,-,-,-,150.00/Kg,,Kisumu,2026-04-28
Holo,Garlic,-,-,-,-,400.00/Kg,,Kisumu,2026-04-28
Holo,Egg plant (Brinjals),-,-,-,-,120.00/Kg,,Kisumu,2026-04-28
Holo,Dry Onions,-,-,-,115.56/Kg,130.00/Kg,,Kisumu,2026-04-28
Holo,Cucumber,-,-,-,-,150.00/Kg,,Kisumu,2026-04-28
Holo,Coriander (Dhania),-,-,-,-,150.00/Kg,,Kisumu,2026-04-28
Holo,Chillies,-,-,-,-,140.00/Kg,,Kisumu,2026-04-28
Holo,Carrots,-,-,-,-,80.00/Kg,,Kisumu,2026-04-28
Holo,Capsicums,-,-,-,-,120.00/Kg,,Kisumu,2026-04-28
Holo,Cabbages,-,-,-,-,80.00/Kg,,Kisumu,2026-04-28
Holo,Butternuts,-,-,-,-,150.00/Kg,,Kisumu,2026-04-28
Holo,Banana (Plantain),-,-,-,-,183.33/Kg,,Kisumu,2026-04-28
Holo,Banana (Cooking),-,-,-,-,32.69/Kg,,Kisumu,2026-04-28
Holo,Mixed Beans,-,-,-,133.33/Kg,175.00/Kg,,Kisumu,2026-04-28
Holo,Ground Nuts,Small Red,-,-,288.89/Kg,350.00/Kg,,Kisumu,2026-04-28
Holo,Ground Nuts,Large Brown,-,-,244.44/Kg,300.00/Kg,,Kisumu,2026-04-28
Holo,Green Grams,Local-Special,-,-,155.56/Kg,200.00/Kg,,Kisumu,2026-04-28
Holo,Green Grams,Hybrid/ polished,-,-,177.78/Kg,225.00/Kg,,Kisumu,2026-04-28
Holo,Cowpeas,-,-,-,155.56/Kg,200.00/Kg,,Kisumu,2026-04-28
Holo,Beans Rosecoco (Nyayo),-,-,-,177.78/Kg,225.00/Kg,,Kisumu,2026-04-28
Holo,Beans Rosecoco,-,-,-,200.00/Kg,250.00/Kg,,Kisumu,2026-04-28
Holo,Beans Red Haricot (Wairimu),-,-,-,177.78/Kg,225.00/Kg,,Kisumu,2026-04-28
Holo,Beans (Yellow-Green),-,-,-,200.00/Kg,250.00/Kg,,Kisumu,2026-04-28
Holo,Beans (Mwezi Moja),-,-,-,177.78/Kg,225.00/Kg,,Kisumu,2026-04-28
Holo,Beans (Canadian wonder),-,-,-,177.78/Kg,225.00/Kg,,Kisumu,2026-04-28
Holo,Fertilizer,CAN,-,-,97.00/Kg,100.00/Kg,,Kisumu,2026-04-28
Holo,Fertilizer,DAP,-,-,130.00/Kg,150.00/Kg,,Kisumu,2026-04-28
Kathonzweni,Chicken,Indigenous,-,Female,700.00/Head,-,200.0,Makueni,2026-04-28
Kathonzweni,Chicken,Indigenous,-,Male,1000.00/Head,-,180.0,Makueni,2026-04-28
Kathonzweni,Sheep,Blackhead Persian,Grade 1,Female,5000.00/Head,-,10.0,Makueni,2026-04-28
Kathonzweni,Sheep,Blackhead Persian,Grade 1,Female,7500.00/Head,-,20.0,Makueni,2026-04-28
Kathonzweni,Sheep,Blackhead Persian,Grade 1,Male,4000.00/Head,-,30.0,Makueni,2026-04-28
Kawangware,Lentils,-,-,-,220.00/Kg,250.00/Kg,,Nairobi,2026-04-28
Kawangware,Pigeon peas,-,-,-,100.00/Kg,115.00/Kg,,Nairobi,2026-04-28
Kathonzweni,Sheep,Blackhead Persian,Grade 1,Male,9000.00/Head,-,40.0,Makueni,2026-04-28
Kawangware,Green Grams,Makueni,-,-,155.00/Kg,170.00/Kg,,Nairobi,2026-04-28
Kathonzweni,Donkey,-,-,Female,4000.00/Head,-,3.0,Makueni,2026-04-28
Kawangware,Beans Red Haricot (Wairimu),-,-,-,100.00/Kg,110.00/Kg,,Nairobi,2026-04-28
Kawangware,Dolichos lablab (Njahi),-,-,-,75.00/Kg,85.00/Kg,,Nairobi,2026-04-28
Kathonzweni,Donkey,-,-,Female,7500.00/Head,-,6.0,Makueni,2026-04-28
Kathonzweni,Donkey,-,-,Male,5000.00/Head,-,6.0,Makueni,2026-04-28
Kawangware,Cowpeas,-,-,-,90.00/Kg,120.00/Kg,,Nairobi,2026-04-28
Kathonzweni,Donkey,-,-,Male,7000.00/Head,-,10.0,Makueni,2026-04-28
Kawangware,Beans Rosecoco (Nyayo),-,-,-,110.00/Kg,125.00/Kg,,Nairobi,2026-04-28
Kawangware,Beans Rosecoco,-,-,-,115.00/Kg,125.00/Kg,,Nairobi,2026-04-28
Kawangware,Beans (Yellow-Green),-,-,-,110.00/Kg,125.00/Kg,,Nairobi,2026-04-28
Kawangware,Beans (Mwitemania),-,-,-,90.00/Kg,100.00/Kg,,Nairobi,2026-04-28
Kawangware,Rice,Pishori,-,-,160.00/Kg,180.00/Kg,,Nairobi,2026-04-28
Kawangware,Pearl Rush Millet,-,-,-,122.22/Kg,120.00/Kg,,Nairobi,2026-04-28
Kawangware,Finger Millet,-,-,-,54.00/Kg,90.00/Kg,,Nairobi,2026-04-28
Kawangware,Dry Maize,White Maize,-,-,55.00/Kg,65.00/Kg,,Nairobi,2026-04-28
Ngurubani Market,Water Melon,-,-,-,25.00/Kg,35.00/Kg,23500.0,Kirinyaga,2026-04-28
Ngurubani Market,Tree tomato,-,-,-,70.00/Kg,100.00/Kg,280.0,Kirinyaga,2026-04-28
Ngurubani Market,Thorn melon,-,-,-,80.00/Kg,120.00/Kg,255.0,Kirinyaga,2026-04-28
Ngurubani Market,Pineapples,-,-,-,50.00/Kg,70.00/Kg,1250.0,Kirinyaga,2026-04-28
Ngurubani Market,Pawpaw,-,-,-,40.00/Kg,60.00/Kg,135.0,Kirinyaga,2026-04-28
Ngurubani Market,Passion Fruits,-,-,-,150.00/Kg,220.00/Kg,250.0,Kirinyaga,2026-04-28
Ngurubani Market,Oranges,-,-,-,70.00/Kg,100.00/Kg,1400.0,Kirinyaga,2026-04-28
Kathonzweni,Sweet potatoes,-,-,-,150.00/Kg,250.00/Kg,1000.0,Makueni,2026-04-28
Ngurubani Market,Lemons,-,-,-,40.00/Kg,60.00/Kg,200.0,Kirinyaga,2026-04-28
Ngurubani Market,Avocado,Local,-,-,65.00/Kg,85.00/Kg,1450.0,Kirinyaga,2026-04-28
Kathonzweni,Red Irish potato,-,-,-,60.00/Kg,70.00/Kg,21000.0,Makueni,2026-04-28
Ngurubani Market,Pork,-,-,-,650.00/Kg,750.00/Kg,450.0,Kirinyaga,2026-04-28
Ngurubani Market,Meat Beef,-,-,-,650.00/Kg,750.00/Kg,420.0,Kirinyaga,2026-04-28
Ngurubani Market,Eggs,Exotic/Grade,-,-,420.00/Tray(30),480.00/Tray(30),2580.0,Kirinyaga,2026-04-28
Ngurubani Market,Rice,Pishori,-,-,150.00/Kg,170.00/Kg,137500.0,Kirinyaga,2026-04-28
Kathonzweni,Cassava Fresh,-,-,-,33.33/Kg,50.00/Kg,600.0,Makueni,2026-04-28
Ngurubani Market,Red Sorghum,-,-,-,90.00/Kg,2.22/Kg,2200.0,Kirinyaga,2026-04-28
Ngurubani Market,Dry Maize,White Maize,-,-,52.22/Kg,60.00/Kg,4580.0,Kirinyaga,2026-04-28
Kathonzweni,Arrow Root,-,-,-,150.00/Kg,240.00/Kg,600.0,Makueni,2026-04-28
Ngurubani Market,White Irish Potatoes,-,-,-,46.00/Kg,50.00/Kg,21000.0,Kirinyaga,2026-04-28
Ngurubani Market,Sweet potatoes,-,-,-,80.00/Kg,120.00/Kg,250.0,Kirinyaga,2026-04-28
Ngurubani Market,Arrow Root,-,-,-,100.00/Kg,140.00/Kg,300.0,Kirinyaga,2026-04-28
Kathonzweni,Water Melon,-,-,-,30.00/Kg,50.00/Kg,1000.0,Makueni,2026-04-28
Ngurubani Market,Tomatoes,-,-,-,70.00/Kg,170.00/Kg,850.0,Kirinyaga,2026-04-28
Kathonzweni,Thorn melon,-,-,-,80.00/Kg,120.00/Kg,80.0,Makueni,2026-04-28
Ngurubani Market,Spring Onions,-,-,-,40.00/Kg,70.00/Kg,250.0,Kirinyaga,2026-04-28
Ngurubani Market,Spinach,-,-,-,40.00/Kg,50.00/Kg,250.0,Kirinyaga,2026-04-28
Kathonzweni,Pawpaw,-,-,-,53.33/Kg,80.00/Kg,50.0,Makueni,2026-04-28
Ngurubani Market,Pumpkin,-,-,-,25.00/Kg,35.00/Kg,2500.0,Kirinyaga,2026-04-28
Ngurubani Market,Green Maize,-,-,-,40.00/Kg,60.00/Kg,3520.0,Kirinyaga,2026-04-28
Ngurubani Market,Fresh Peas,On pods,-,-,150.00/Kg,170.00/Kg,450.0,Kirinyaga,2026-04-28
Ngurubani Market,French beans,-,-,-,50.00/Kg,70.00/Kg,215.0,Kirinyaga,2026-04-28
Kathonzweni,Oranges,-,-,-,60.00/Kg,80.00/Kg,500.0,Makueni,2026-04-28
Ngurubani Market,Egg plant (Brinjals),-,-,-,40.00/Kg,70.00/Kg,50.0,Kirinyaga,2026-04-28
Ngurubani Market,Cucumber,-,-,-,80.00/Kg,120.00/Kg,120.0,Kirinyaga,2026-04-28
Ngurubani Market,Courgette,-,-,-,50.00/Kg,80.00/Kg,215.0,Kirinyaga,2026-04-28
Kathonzweni,Lemons,-,-,-,20.00/Kg,50.00/Kg,250.0,Makueni,2026-04-28
Ngurubani Market,Coriander (Dhania),-,-,-,50.00/Kg,70.00/Kg,150.0,Kirinyaga,2026-04-28
Ngurubani Market,Chillies,-,-,-,50.00/Kg,70.00/Kg,150.0,Kirinyaga,2026-04-28
Kathonzweni,Banana (Ripening),-,-,-,40.00/Kg,80.00/Kg,9000.0,Makueni,2026-04-28
Ngurubani Market,Carrots,-,-,-,40.00/Kg,60.00/Kg,3850.0,Kirinyaga,2026-04-28
Ngurubani Market,Capsicums,-,-,-,40.00/Kg,60.00/Kg,350.0,Kirinyaga,2026-04-28
Kathonzweni,Avocado,Local,-,-,20.00/Kg,40.00/Kg,1500.0,Makueni,2026-04-28
Ngurubani Market,Cabbages,-,-,-,20.00/Kg,25.00/Kg,24500.0,Kirinyaga,2026-04-28
Ngurubani Market,Butternuts,-,-,-,30.00/Kg,45.00/Kg,3580.0,Kirinyaga,2026-04-28
Ngurubani Market,Banana (Cooking),-,-,-,25.00/Kg,35.00/Kg,2580.0,Kirinyaga,2026-04-28
Kathonzweni,Apples,-,-,-,200.00/Kg,300.00/Kg,150.0,Makueni,2026-04-28
Ngurubani Market,Pumpkin Leaves,-,-,-,25.00/Kg,30.00/Kg,120.0,Kirinyaga,2026-04-28
Ngurubani Market,Cowpea leaves (Kunde),-,-,-,30.00/Kg,50.00/Kg,250.0,Kirinyaga,2026-04-28
Ngurubani Market,Black nightshade (Managu/ Osuga),-,-,-,30.00/Kg,40.00/Kg,520.0,Kirinyaga,2026-04-28
Kathonzweni,Wheat,-,-,-,60.00/Kg,70.00/Kg,500.0,Makueni,2026-04-28
Ngurubani Market,Amaranthus (Terere),-,-,-,25.00/Kg,35.00/Kg,450.0,Kirinyaga,2026-04-28
Ngurubani Market,Pigeon peas,-,-,-,70.00/Kg,90.00/Kg,2200.0,Kirinyaga,2026-04-28
Ngundune,Meat Chevon,-,-,-,700.00/Kg,800.00/Kg,250.0,Meru,2026-04-28
Ngundune,Meat Beef,-,-,-,600.00/Kg,700.00/Kg,3500.0,Meru,2026-04-28
Ngurubani Market,Mixed Beans,-,-,-,91.11/Kg,115.00/Kg,1700.0,Kirinyaga,2026-04-28
Kathonzweni,Red Sorghum,-,-,-,60.00/Kg,70.00/Kg,600.0,Makueni,2026-04-28
Ngundune,Eggs,Indigenous /Kenyeji,-,-,450.00/Tray(30),600.00/Tray(30),15.0,Meru,2026-04-28
Ngundune,Eggs,Exotic/Grade,-,-,380.00/Tray(30),450.00/Tray(30),150.0,Meru,2026-04-28
Ngurubani Market,Lentils,-,-,-,188.89/Kg,225.00/Kg,2120.0,Kirinyaga,2026-04-28
Ngurubani Market,Green Grams,Hybrid/ polished,-,-,100.00/Kg,150.00/Kg,2500.0,Kirinyaga,2026-04-28
Ngundune,Cow Milk(Processd),-,-,-,94.00/Lt,120.00/Lt,1500.0,Meru,2026-04-28
Ngundune,Cow Milk(At collection point),-,-,-,70.00/Lt,80.00/Lt,450.0,Meru,2026-04-28
Ngurubani Market,Dolichos lablab (Njahi),-,-,-,83.33/Kg,100.00/Kg,1500.0,Kirinyaga,2026-04-28
Ngundune,Sheep,Dorper,Grade 2,Male,12000.00/Head,-,50.0,Meru,2026-04-28
Kathonzweni,Dry Maize,White Maize,-,-,50.00/Kg,55.00/Kg,6000.0,Makueni,2026-04-28
Ngundune,Sheep,Blackhead Persian,Grade 2,Male,7000.00/Head,-,60.0,Meru,2026-04-28
Ngundune,Goat,Mixed,Grade 3,Female,3000.00/Head,-,35.0,Meru,2026-04-28
Ngundune,Goat,Mixed,Grade 3,Female,6000.00/Head,-,50.0,Meru,2026-04-28
Ngurubani Market,Cowpeas,-,-,-,100.00/Kg,140.00/Kg,1350.0,Kirinyaga,2026-04-28
Ngundune,Goat,East African Goat,Grade 2,Male,12000.00/Head,-,80.0,Meru,2026-04-28
Ngundune,Goat,East African Goat,Grade 2,Male,15000.00/Head,-,150.0,Meru,2026-04-28
Kathonzweni,Pumpkin Leaves,-,-,-,60.00/Kg,80.00/Kg,100.0,Makueni,2026-04-28
Ngurubani Market,Beans Rosecoco (Nyayo),-,-,-,108.89/Kg,150.00/Kg,3250.0,Kirinyaga,2026-04-28
Ngundune,Goat,Dairy Goats,Grade 2,Male,15000.00/Head,-,5.0,Meru,2026-04-28
Ngundune,Cattle,Other,Grade 4,Male,25000.00/Head,-,35.0,Meru,2026-04-28
Kathonzweni,Cowpea leaves (Kunde),-,-,-,40.00/Kg,60.00/Kg,300.0,Makueni,2026-04-28
Ngurubani Market,Beans Red Haricot (Wairimu),-,-,-,100.00/Kg,140.00/Kg,6580.0,Kirinyaga,2026-04-28
Ngurubani Market,Beans (Yellow-Green),-,-,-,122.22/Kg,175.00/Kg,5280.0,Kirinyaga,2026-04-28
Kathonzweni,Black nightshade (Managu/ Osuga),-,-,-,30.00/Kg,50.00/Kg,200.0,Makueni,2026-04-28
Ngurubani Market,Beans (Mwitemania),-,-,-,91.11/Kg,125.00/Kg,4500.0,Kirinyaga,2026-04-28
Ngurubani Market,Fertilizer,NPK,-,-,95.00/Kg,110.00/Kg,185800.0,Kirinyaga,2026-04-28
Kathonzweni,Tomatoes,-,-,-,100.00/Kg,120.00/Kg,5000.0,Makueni,2026-04-28
Ngurubani Market,Fertilizer,DAP,-,-,136.00/Kg,140.00/Kg,125000.0,Kirinyaga,2026-04-28
Ngurubani Market,Fertilizer,CAN,-,-,66.00/Kg,80.00/Kg,52000.0,Kirinyaga,2026-04-28
Kathonzweni,Spinach,-,-,-,80.00/Kg,140.00/Kg,300.0,Makueni,2026-04-28
Kathonzweni,Okra (Lady's fingers or Gumbo),-,-,-,160.00/Kg,240.00/Kg,80.0,Makueni,2026-04-28
Kathonzweni,Kales/Sukuma Wiki,-,-,-,40.00/Kg,80.00/Kg,950.0,Makueni,2026-04-28
Kathonzweni,Green Maize,-,-,-,100.00/Kg,150.00/Kg,500.0,Makueni,2026-04-28
Kathonzweni,Ginger,-,-,-,300.00/Kg,400.00/Kg,200.0,Makueni,2026-04-28
Kathonzweni,Garlic,-,-,-,360.00/Kg,440.00/Kg,100.0,Makueni,2026-04-28
Kathonzweni,Egg plant (Brinjals),-,-,-,100.00/Kg,150.00/Kg,250.0,Makueni,2026-04-28
Kathonzweni,Dry Onions,-,-,-,110.00/Kg,140.00/Kg,2000.0,Makueni,2026-04-28
Kathonzweni,Cucumber,-,-,-,240.00/Kg,320.00/Kg,40.0,Makueni,2026-04-28
Kathonzweni,Courgette,-,-,-,240.00/Kg,320.00/Kg,30.0,Makueni,2026-04-28
Kathonzweni,Coriander (Dhania),-,-,-,200.00/Kg,400.00/Kg,100.0,Makueni,2026-04-28
Kathonzweni,Chillies,-,-,-,120.00/Kg,240.00/Kg,80.0,Makueni,2026-04-28
Maua,Spring Onions,-,-,-,80.00/Kg,100.00/Kg,2200.0,Meru,2026-04-28
Kathonzweni,Carrots,-,-,-,60.00/Kg,80.00/Kg,450.0,Makueni,2026-04-28
Ngundune,Cattle,Boran,Grade 2,Male,92000.00/Head,-,150.0,Meru,2026-04-28
Maua,Capsicums,-,-,-,80.00/Kg,100.00/Kg,2000.0,Meru,2026-04-28
Ngundune,Cattle,Boran,Grade 3,Male,35000.00/Head,-,50.0,Meru,2026-04-28
Kathonzweni,Capsicums,-,-,-,60.00/Kg,150.00/Kg,400.0,Makueni,2026-04-28
Maua,Dry Onions,-,-,-,60.00/Kg,800.00/Kg,8000.0,Meru,2026-04-28
Ngundune,Cattle,Boran,Grade 3,Female,65000.00/Head,-,30.0,Meru,2026-04-28
Kathonzweni,Cabbages,-,-,-,25.00/Kg,35.00/Kg,14000.0,Makueni,2026-04-28
Ngundune,Cattle,Boran,Grade 2,Castrate,85000.00/Head,-,60.0,Meru,2026-04-28
Ngundune,Cattle,Boran,Grade 2,Male,85000.00/Head,-,100.0,Meru,2026-04-28
Kathonzweni,Butternuts,-,-,-,150.00/Kg,200.00/Kg,80.0,Makueni,2026-04-28
Maua,Tomatoes,-,-,-,50.00/Kg,70.00/Kg,15000.0,Meru,2026-04-28
Kathonzweni,Banana (Cooking),-,-,-,50.00/Kg,80.00/Kg,400.0,Makueni,2026-04-28
Maua,Garlic,-,-,-,320.00/Kg,400.00/Kg,1600.0,Meru,2026-04-28
Kathonzweni,Pigeon peas,-,-,-,100.00/Kg,110.00/Kg,600.0,Makueni,2026-04-28
Kathonzweni,Mixed Beans,-,-,-,100.00/Kg,110.00/Kg,5000.0,Makueni,2026-04-28
Maua,Butternuts,-,-,-,60.00/Kg,80.00/Kg,2000.0,Meru,2026-04-28
Kathonzweni,Green Grams,Makueni,-,-,100.00/Kg,110.00/Kg,450.0,Makueni,2026-04-28
Maua,Carrots,-,-,-,45.00/Kg,60.00/Kg,7000.0,Meru,2026-04-28
Kathonzweni,Cowpeas,-,-,-,90.00/Kg,100.00/Kg,900.0,Makueni,2026-04-28
Maua,Fresh Peas,On pods,-,-,100.00/Kg,160.00/Kg,1800.0,Meru,2026-04-28
Maua,Cabbages,-,-,-,15.00/Kg,25.00/Kg,9000.0,Meru,2026-04-28
Maua,Thorn melon,-,-,-,20.00/Kg,30.00/Kg,100.0,Meru,2026-04-28
Maua,Apples,-,-,-,322.22/Kg,440.00/Kg,360.0,Meru,2026-04-28
Nkubu,White Irish Potatoes,-,-,-,60.00/Kg,100.00/Kg,1900.0,Meru,2026-04-28
Nkubu,Oranges,-,-,-,55.56/Kg,100.00/Kg,900.0,Meru,2026-04-28
Nkubu,Pearl Rush Millet,-,-,-,122.22/Kg,120.00/Kg,810.0,Meru,2026-04-28
Maua,Pawpaw,-,-,-,30.00/Kg,25.00/Kg,3200.0,Meru,2026-04-28
Nkubu,Finger Millet,-,-,-,88.89/Kg,100.00/Kg,360.0,Meru,2026-04-28
Maua,Banana (Ripening),-,-,-,20.00/Kg,20.00/Kg,2400.0,Meru,2026-04-28
Maua,Oranges,-,-,-,60.00/Kg,100.00/Kg,6000.0,Meru,2026-04-28
Nkubu,Dry Maize,Mixed-Traditional,-,-,44.44/Kg,50.00/Kg,900.0,Meru,2026-04-28
Nkubu,Tomatoes,-,-,-,18.00/Kg,100.00/Kg,5000.0,Meru,2026-04-28
Nkubu,Dry Onions,-,-,-,90.00/Kg,100.00/Kg,1840.0,Meru,2026-04-28
Maua,Water Melon,-,-,-,30.00/Kg,35.00/Kg,4800.0,Meru,2026-04-28
Nkubu,Carrots,-,-,-,28.57/Kg,50.00/Kg,2100.0,Meru,2026-04-28
Nkubu,Cabbages,-,-,-,4.00/Kg,30.00/Kg,9000.0,Meru,2026-04-28
Nkubu,Pigeon peas,-,-,-,88.89/Kg,120.00/Kg,720.0,Meru,2026-04-28
Nkubu,Lentils,-,-,-,200.00/Kg,250.00/Kg,600.0,Meru,2026-04-28
Nkubu,Green Grams,Hybrid/ polished,-,-,144.44/Kg,150.00/Kg,720.0,Meru,2026-04-28
Nkubu,Dry Peas,-,-,-,144.44/Kg,170.00/Kg,630.0,Meru,2026-04-28
Nkubu,Dolichos lablab (Njahi),-,-,-,88.89/Kg,120.00/Kg,630.0,Meru,2026-04-28
Maua,Pigeon peas,-,-,-,100.00/Kg,120.00/Kg,4500.0,Meru,2026-04-28
Nkubu,Cowpeas,-,-,-,100.00/Kg,120.00/Kg,810.0,Meru,2026-04-28
Maua,Green Grams,Hybrid/ polished,-,-,144.44/Kg,160.00/Kg,8100.0,Meru,2026-04-28
Nkubu,Beans Rosecoco,-,-,-,111.11/Kg,130.00/Kg,540.0,Meru,2026-04-28
Nkubu,Beans Red Haricot (Wairimu),-,-,-,111.11/Kg,120.00/Kg,720.0,Meru,2026-04-28
Nkubu,Beans (Yellow-Green),-,-,-,133.33/Kg,150.00/Kg,720.0,Meru,2026-04-28
Maua,Cowpeas,-,-,-,100.00/Kg,120.00/Kg,2700.0,Meru,2026-04-28
Maua,Dolichos lablab (Njahi),-,-,-,88.89/Kg,100.00/Kg,6300.0,Meru,2026-04-28
Nkubu,Beans (Mwitemania),-,-,-,111.11/Kg,120.00/Kg,990.0,Meru,2026-04-28
Nkubu,Beans (Mwezi Moja),-,-,-,111.11/Kg,120.00/Kg,450.0,Meru,2026-04-28
Maua,Dry Peas,-,-,-,166.67/Kg,200.00/Kg,1800.0,Meru,2026-04-28
Maua,Beans Red Haricot (Wairimu),-,-,-,116.67/Kg,140.00/Kg,1890.0,Meru,2026-04-28
Mogogosiek Market,Omena,Dried,-,-,180.00/Kg,250.00/Kg,1500.0,Bomet,2026-04-28
Mogogosiek Market,White Irish Potatoes,-,-,-,40.00/Kg,60.00/Kg,9000.0,Bomet,2026-04-28
Mogogosiek Market,Sweet potatoes,-,-,-,100.00/Kg,130.00/Kg,3000.0,Bomet,2026-04-28
Maua,Mixed Beans,-,-,-,88.89/Kg,100.00/Kg,8100.0,Meru,2026-04-28
Mogogosiek Market,Red Irish potato,-,-,-,40.00/Kg,60.00/Kg,6000.0,Bomet,2026-04-28
Mogogosiek Market,Dry Maize,White Maize,-,-,54.17/Kg,62.50/Kg,10800.0,Bomet,2026-04-28
Maua,Beans (Yellow-Green),-,-,-,122.22/Kg,150.00/Kg,1080.0,Meru,2026-04-28
Mogogosiek Market,Spider flower (Saga),-,-,-,200.00/Kg,250.00/Kg,1500.0,Bomet,2026-04-28
Mogogosiek Market,Black nightshade (Managu/ Osuga),-,-,-,200.00/Kg,250.00/Kg,1200.0,Bomet,2026-04-28
Maua,Beans Rosecoco (Nyayo),-,-,-,133.33/Kg,150.00/Kg,1800.0,Meru,2026-04-28
Mogogosiek Market,Capsicums,-,-,-,50.00/Kg,80.00/Kg,500.0,Bomet,2026-04-28
Maua,Beans (Mwitemania),-,-,-,111.11/Kg,130.00/Kg,6300.0,Meru,2026-04-28
Mogogosiek Market,Cabbages,-,-,-,15.00/Kg,20.00/Kg,6000.0,Bomet,2026-04-28
Mogogosiek Market,Banana (Cooking),-,-,-,80.00/Kg,100.00/Kg,800.0,Bomet,2026-04-28
Maua,Rice,Pishori,-,-,160.00/Kg,180.00/Kg,6000.0,Meru,2026-04-28
Mogogosiek Market,Beans Rosecoco,-,-,-,150.00/Kg,200.00/Kg,8000.0,Bomet,2026-04-28
Mogogosiek Market,Beans (Yellow-Green),-,-,-,150.00/Kg,180.00/Kg,8000.0,Bomet,2026-04-28
Maua,Rice,IRR,-,-,120.00/Kg,140.00/Kg,3000.0,Meru,2026-04-28
Mogogosiek Market,Beans (Mwezi Moja),-,-,-,100.00/Kg,150.00/Kg,7000.0,Bomet,2026-04-28
Maua,Rice,Sindano,-,-,140.00/Kg,160.00/Kg,4500.0,Meru,2026-04-28
Maua,Wheat,-,-,-,88.89/Kg,100.00/Kg,990.0,Meru,2026-04-28
Voi Retail,Oranges,-,-,-,-,10.00/Kg,20.0,Taita-Taveta,2026-04-28
Voi Retail,Mangoes,Improved,-,-,-,50.00/Kg,20.0,Taita-Taveta,2026-04-28
Voi Retail,Lemons,-,-,-,-,10.00/Kg,40.0,Taita-Taveta,2026-04-28
Voi Retail,Avocado,Fuerte,-,-,-,40.00/Kg,40.0,Taita-Taveta,2026-04-28
Voi Retail,Apples,-,-,-,-,40.00/Kg,60.0,Taita-Taveta,2026-04-28
Voi Retail,Pumpkin Leaves,-,-,-,-,100.00/Kg,20.0,Taita-Taveta,2026-04-28
Voi Retail,Cowpea leaves (Kunde),-,-,-,-,80.00/Kg,50.0,Taita-Taveta,2026-04-28
Maua,White Sorghum,-,-,-,80.00/kg,90.00/kg,1800.0,Meru,2026-04-28
Voi Retail,Amaranthus (Terere),-,-,-,-,100.00/Kg,50.0,Taita-Taveta,2026-04-28
Maua,Red Sorghum,-,-,-,90.00/Kg,100.00/Kg,1600.0,Meru,2026-04-28
Voi Retail,White Irish Potatoes,-,-,-,-,80.00/Kg,130.0,Taita-Taveta,2026-04-28
Voi Retail,Cassava Fresh,-,-,-,-,90.00/Kg,50.0,Taita-Taveta,2026-04-28
Voi Retail,Arrow Root,-,-,-,-,120.00/Kg,80.0,Taita-Taveta,2026-04-28
Maua,Pearl Rush Millet,-,-,-,90.00/Kg,110.00/Kg,2500.0,Meru,2026-04-28
Voi Retail,Tomatoes,-,-,-,-,140.00/Kg,120.0,Taita-Taveta,2026-04-28
Voi Retail,Spinach,-,-,-,-,100.00/Kg,50.0,Taita-Taveta,2026-04-28
Voi Retail,Okra (Lady's fingers or Gumbo),-,-,-,-,140.00/Kg,20.0,Taita-Taveta,2026-04-28
Voi Retail,Kales/Sukuma Wiki,-,-,-,-,80.00/Kg,50.0,Taita-Taveta,2026-04-28
Voi Retail,Ginger,-,-,-,-,250.00/Kg,20.0,Taita-Taveta,2026-04-28
Voi Retail,Garlic,-,-,-,-,550.00/Kg,120.0,Taita-Taveta,2026-04-28
Voi Retail,Fresh Peas,Shelled Peas,-,-,-,160.00/Kg,50.0,Taita-Taveta,2026-04-28
Voi Retail,French beans,-,-,-,-,120.00/Kg,50.0,Taita-Taveta,2026-04-28
Voi Retail,Dry Onions,-,-,-,-,100.00/Kg,40.0,Taita-Taveta,2026-04-28
Voi Retail,Coriander (Dhania),-,-,-,-,50.00/Kg,20.0,Taita-Taveta,2026-04-28
Voi Retail,Carrots,-,-,-,-,100.00/Kg,30.0,Taita-Taveta,2026-04-28
Voi Retail,Capsicums,-,-,-,-,120.00/Kg,20.0,Taita-Taveta,2026-04-28
Voi Retail,Butternuts,-,-,-,-,80.00/Kg,30.0,Taita-Taveta,2026-04-28
Maua,Finger Millet,-,-,-,120.00/Kg,150.00/Kg,1900.0,Meru,2026-04-28
Voi Retail,Cabbages,-,-,-,-,80.00/Kg,50.0,Taita-Taveta,2026-04-28
Voi Retail,Broccoli,-,-,-,-,120.00/Kg,20.0,Taita-Taveta,2026-04-28
Maua,Dry Maize,White Maize,-,-,55.56/Kg,60.00/Kg,7200.0,Meru,2026-04-28
Voi Retail,Banana (Plantain),-,-,-,-,10.00/Kg,120.0,Taita-Taveta,2026-04-28
Voi Retail,Banana (Cooking),-,-,-,-,10.00/Kg,100.0,Taita-Taveta,2026-04-28
Kapkwen,Chicken,Indigenous,-,Female,850.00/Head,-,1200.0,Bomet,2026-04-28
Kapkwen,Chicken,Indigenous,-,Male,1000.00/Head,-,1500.0,Bomet,2026-04-28
Kapkwen,Cattle,Friesian,Grade 2,Female,78000.00/Head,-,112.0,Bomet,2026-04-28
Kapkwen,Cattle,Friesian,Grade 2,Male,80000.00/Head,-,130.0,Bomet,2026-04-28
Kapkwen,Cattle,Ayrshire,Grade 2,Female,75000.00/Head,-,103.0,Bomet,2026-04-28
Kapkwen,Cattle,Ayrshire,Grade 2,Male,78000.00/Head,-,120.0,Bomet,2026-04-28
Kapkwen,Dry Maize,White Maize,-,-,47.78/Kg,70.00/Kg,360000.0,Bomet,2026-04-28
Kapkwen,Tomatoes,-,-,-,30.00/Kg,50.00/Kg,240000.0,Bomet,2026-04-28
Kapkwen,Fresh Peas,On pods,-,-,60.00/Kg,100.00/Kg,14000.0,Bomet,2026-04-28
Kapkwen,Dry Onions,-,-,-,90.00/Kg,160.00/Kg,120000.0,Bomet,2026-04-28
Kapkwen,Carrots,-,-,-,40.00/Kg,80.00/Kg,1000.0,Bomet,2026-04-28
Kapkwen,Cabbages,-,-,-,15.00/Kg,25.00/Kg,13000.0,Bomet,2026-04-28
Kapkwen,Butternuts,-,-,-,50.00/Kg,75.00/Kg,1200.0,Bomet,2026-04-28
Kapkwen,Beans Rosecoco,-,-,-,150.00/Kg,175.00/Kg,13000.0,Bomet,2026-04-28
Voi Wholesale,Black nightshade (Managu/ Osuga),-,-,-,60.00/Kg,-,700.0,Taita-Taveta,2026-04-28
Voi Wholesale,Amaranthus (Terere),-,-,-,60.00/Kg,-,600.0,Taita-Taveta,2026-04-28
Voi Wholesale,Oranges,-,-,-,80.00/Kg,-,500.0,Taita-Taveta,2026-04-28
Voi Wholesale,Mangoes,Improved,-,-,30.00/Kg,-,1500.0,Taita-Taveta,2026-04-28
Chumvini Livestock Market,Sheep,Blackhead Persian,Grade 2,Female,15000.00/Head,-,9.0,Taita-Taveta,2026-04-28
Chumvini Livestock Market,Sheep,Blackhead Persian,Grade 2,Male,13000.00/Head,-,6.0,Taita-Taveta,2026-04-28
Voi Wholesale,Sweet potatoes,-,-,-,50.00/Kg,-,2850.0,Taita-Taveta,2026-04-28
Chumvini Livestock Market,Goat,Galla,Grade 1,Female,20000.00/Head,-,4.0,Taita-Taveta,2026-04-28
Chumvini Livestock Market,Goat,Galla,Grade 1,Male,30000.00/Head,-,3.0,Taita-Taveta,2026-04-28
Chumvini Livestock Market,Goat,Mixed,Grade 2,Female,9500.00/Head,-,103.0,Taita-Taveta,2026-04-28
Chumvini Livestock Market,Goat,Mixed,Grade 2,Male,10000.00/Head,-,118.0,Taita-Taveta,2026-04-28
Chumvini Livestock Market,Cattle,Mixed,Grade 2,Female,56000.00/Head,-,3.0,Taita-Taveta,2026-04-28
Voi Wholesale,White Irish Potatoes,-,-,-,54.74/Kg,-,9500.0,Taita-Taveta,2026-04-28
Voi Wholesale,Banana (Ripening),-,-,-,40.00/Kg,-,400.0,Taita-Taveta,2026-04-28
Voi Wholesale,Avocado,Local,-,-,30.00/Kg,-,300.0,Taita-Taveta,2026-04-28
Chumvini Livestock Market,Chicken,Indigenous,-,Female,1100.00/Head,-,84.0,Taita-Taveta,2026-04-28
Chumvini Livestock Market,Chicken,Indigenous,-,Male,1500.00/Head,-,146.0,Taita-Taveta,2026-04-28
Voi Wholesale,Tomatoes,-,-,-,80.00/Kg,-,1750.0,Taita-Taveta,2026-04-28
Voi Wholesale,Tomatoes,-,-,-,80.00/Kg,-,3500.0,Taita-Taveta,2026-04-28
Voi Wholesale,Okra (Lady's fingers or Gumbo),-,-,-,80.00/Kg,-,400.0,Taita-Taveta,2026-04-28
Voi Wholesale,Spinach,-,-,-,60.00/Kg,-,900.0,Taita-Taveta,2026-04-28
Voi Wholesale,Kales/Sukuma Wiki,-,-,-,35.00/Kg,-,1200.0,Taita-Taveta,2026-04-28
Voi Wholesale,Green Maize,-,-,-,60.00/Kg,-,350.0,Taita-Taveta,2026-04-28
Voi Wholesale,Ginger,-,-,-,160.00/Kg,-,550.0,Taita-Taveta,2026-04-28
Voi Wholesale,Garlic,-,-,-,360.00/Kg,-,500.0,Taita-Taveta,2026-04-28
Voi Wholesale,Fresh Peas,Shelled Peas,-,-,100.00/Kg,-,50.0,Taita-Taveta,2026-04-28
Voi Wholesale,Fresh Peas,On pods,-,-,80.00/Kg,-,500.0,Taita-Taveta,2026-04-28
Voi Wholesale,Cabbages,-,-,-,11.25/Kg,-,5400.0,Taita-Taveta,2026-04-28
Voi Wholesale,Banana (Cooking),-,-,-,32.50/Kg,-,2400.0,Taita-Taveta,2026-04-28
Voi Wholesale,Banana (Cooking),-,-,-,40.00/Kg,-,2100.0,Taita-Taveta,2026-04-28
Kerugoya,Green Grams,Makueni,-,-,140.00/Kg,180.00/Kg,1600.0,Kirinyaga,2026-04-28
Kerugoya,Green Grams,Local-Special,-,-,125.00/Kg,160.00/Kg,1500.0,Kirinyaga,2026-04-28
Kerugoya,Green Grams,Hybrid/ polished,-,-,145.00/Kg,190.00/Kg,1450.0,Kirinyaga,2026-04-28
Kerugoya,Dry Peas,-,-,-,175.00/Kg,220.00/Kg,500.0,Kirinyaga,2026-04-28
Kerugoya,Dolichos lablab (Njahi),-,-,-,100.00/Kg,130.00/Kg,1650.0,Kirinyaga,2026-04-28
Kerugoya,Beans Rosecoco (Nyayo),-,-,-,140.00/Kg,180.00/Kg,2500.0,Kirinyaga,2026-04-28
Kerugoya,Beans Rosecoco,-,-,-,140.00/Kg,180.00/Kg,2450.0,Kirinyaga,2026-04-28
Kerugoya,Beans Red Haricot (Wairimu),-,-,-,120.00/Kg,150.00/Kg,2650.0,Kirinyaga,2026-04-28
Kerugoya,Beans (Yellow-Green),-,-,-,145.00/Kg,200.00/Kg,1650.0,Kirinyaga,2026-04-28
Kerugoya,Cowpeas,-,-,-,120.00/Kg,150.00/Kg,2250.0,Kirinyaga,2026-04-28
Kerugoya,Beans (Mwitemania),-,-,-,135.00/Kg,170.00/Kg,2350.0,Kirinyaga,2026-04-28
Kerugoya,Beans (Mwezi Moja),-,-,-,120.00/Kg,160.00/Kg,2600.0,Kirinyaga,2026-04-28
Kerugoya,Beans (Canadian wonder),-,-,-,125.00/Kg,160.00/Kg,2500.0,Kirinyaga,2026-04-28
Nkubu,Dry Onions,-,-,-,90.00/Kg,120.00/Kg,1440.0,Meru,2026-05-05
Nkubu,Carrots,-,-,-,28.57/Kg,50.00/Kg,1750.0,Meru,2026-05-05
Nkubu,Cabbages,-,-,-,4.00/Kg,30.00/Kg,8000.0,Meru,2026-05-05
Nkubu,Pigeon peas,-,-,-,88.89/Kg,120.00/Kg,630.0,Meru,2026-05-05
Nkubu,Lentils,-,-,-,200.00/Kg,250.00/Kg,750.0,Meru,2026-05-05
Nkubu,Green Grams,Hybrid/ polished,-,-,144.44/Kg,150.00/Kg,900.0,Meru,2026-05-05
Nkubu,Dry Peas,-,-,-,144.44/Kg,170.00/Kg,720.0,Meru,2026-05-05
Nkubu,Dolichos lablab (Njahi),-,-,-,144.44/Kg,150.00/Kg,900.0,Meru,2026-05-05
Nkubu,Cowpeas,-,-,-,100.00/Kg,120.00/Kg,630.0,Meru,2026-05-05
Nkubu,Beans Rosecoco,-,-,-,111.11/Kg,130.00/Kg,720.0,Meru,2026-05-05
Nkubu,Beans Red Haricot (Wairimu),-,-,-,111.11/Kg,120.00/Kg,630.0,Meru,2026-05-05
Nkubu,Beans (Yellow-Green),-,-,-,133.33/Kg,150.00/Kg,630.0,Meru,2026-05-05
Nkubu,Beans (Mwitemania),-,-,-,111.11/Kg,120.00/Kg,720.0,Meru,2026-05-05
Nkubu,Beans (Mwezi Moja),-,-,-,111.11/Kg,120.00/Kg,630.0,Meru,2026-05-05
Voi Wholesale,Black nightshade (Managu/ Osuga),-,-,-,60.00/Kg,-,750.0,Taita-Taveta,2026-05-05
Voi Wholesale,Amaranthus (Terere),-,-,-,60.00/Kg,-,600.0,Taita-Taveta,2026-05-05
Voi Wholesale,Oranges,-,-,-,80.00/Kg,-,400.0,Taita-Taveta,2026-05-05
Voi Wholesale,Avocado,Local,-,-,30.00/Kg,-,1500.0,Taita-Taveta,2026-05-05
Voi Wholesale,Tomatoes,-,-,-,73.33/Kg,-,2250.0,Taita-Taveta,2026-05-05
Voi Wholesale,Tomatoes,-,-,-,73.33/Kg,-,4500.0,Taita-Taveta,2026-05-05
Voi Wholesale,Spinach,-,-,-,60.00/Kg,-,800.0,Taita-Taveta,2026-05-05
Voi Wholesale,Kales/Sukuma Wiki,-,-,-,30.00/Kg,-,1200.0,Taita-Taveta,2026-05-05
Voi Wholesale,Green Maize,-,-,-,60.00/Kg,-,200.0,Taita-Taveta,2026-05-05
Voi Wholesale,Fresh Peas,Shelled Peas,-,-,90.00/Kg,-,50.0,Taita-Taveta,2026-05-05
Voi Wholesale,Fresh Peas,On pods,-,-,50.00/Kg,-,1200.0,Taita-Taveta,2026-05-05
Voi Wholesale,Dry Onions,-,-,-,7.69/Kg,-,3000.0,Taita-Taveta,2026-05-05
Voi Wholesale,Carrots,-,-,-,50.00/Kg,-,700.0,Taita-Taveta,2026-05-05
Voi Wholesale,Cabbages,-,-,-,15.00/Kg,-,400.0,Taita-Taveta,2026-05-05
Voi Wholesale,Cabbages,-,-,-,12.50/Kg,-,6000.0,Taita-Taveta,2026-05-05
Voi Wholesale,Banana (Cooking),-,-,-,36.67/Kg,-,1800.0,Taita-Taveta,2026-05-05
Voi Wholesale,Banana (Cooking),-,-,-,32.50/Kg,-,2400.0,Taita-Taveta,2026-05-05
Voi Wholesale,White Irish Potatoes,-,-,-,52.17/Kg,-,8100.0,Taita-Taveta,2026-05-05
Voi Wholesale,Arrow Root,-,-,-,100.00/Kg,-,3500.0,Taita-Taveta,2026-05-05
Voi Wholesale,Cassava Fresh,-,-,-,50.00/Kg,-,500.0,Taita-Taveta,2026-05-05
Voi Wholesale,Sweet potatoes,-,-,-,52.63/Kg,-,2500.0,Taita-Taveta,2026-05-05
Voi Wholesale,Arrow Root,-,-,-,100.00/Kg,-,3500.0,Taita-Taveta,2026-05-05
Ngurubani Market,Pumpkin Leaves,-,-,-,20.00/Kg,30.00/Kg,250.0,Kirinyaga,2026-05-04
Ngurubani Market,Black nightshade (Managu/ Osuga),-,-,-,35.00/Kg,50.00/Kg,520.0,Kirinyaga,2026-05-04
Ngurubani Market,Cowpea leaves (Kunde),-,-,-,35.00/Kg,50.00/Kg,145.0,Kirinyaga,2026-05-04
Ngurubani Market,Amaranthus (Terere),-,-,-,30.00/Kg,40.00/Kg,320.0,Kirinyaga,2026-05-04
Ngurubani Market,Tomatoes,-,-,-,75.00/Kg,85.00/Kg,950.0,Kirinyaga,2026-05-04
Ngurubani Market,Spring Onions,-,-,-,40.00/Kg,60.00/Kg,180.0,Kirinyaga,2026-05-04
Ngurubani Market,Spinach,-,-,-,35.00/Kg,50.00/Kg,325.0,Kirinyaga,2026-05-04
Ngurubani Market,Pumpkin,-,-,-,30.00/Kg,40.00/Kg,2580.0,Kirinyaga,2026-05-04
Ngurubani Market,Green Maize,-,-,-,40.00/Kg,50.00/Kg,2350.0,Kirinyaga,2026-05-04
Ngurubani Market,Kales/Sukuma Wiki,-,-,-,30.00/Kg,45.00/Kg,1250.0,Kirinyaga,2026-05-04
Ngurubani Market,Fresh Peas,On pods,-,-,150.00/Kg,170.00/Kg,345.0,Kirinyaga,2026-05-04
Ngurubani Market,French beans,-,-,-,70.00/Kg,100.00/Kg,320.0,Kirinyaga,2026-05-04
Ngurubani Market,Egg plant (Brinjals),-,-,-,50.00/Kg,80.00/Kg,40.0,Kirinyaga,2026-05-04
Ngurubani Market,Cucumber,-,-,-,60.00/Kg,80.00/Kg,120.0,Kirinyaga,2026-05-04
Ngurubani Market,Dry Onions,-,-,-,90.00/Kg,130.00/Kg,4800.0,Kirinyaga,2026-05-04
Ngurubani Market,Courgette,-,-,-,80.00/Kg,120.00/Kg,135.0,Kirinyaga,2026-05-04
Ngurubani Market,Coriander (Dhania),-,-,-,60.00/Kg,80.00/Kg,132.0,Kirinyaga,2026-05-04
Ngurubani Market,Chillies,-,-,-,50.00/Kg,70.00/Kg,412.0,Kirinyaga,2026-05-04
Ngurubani Market,Carrots,-,-,-,40.00/Kg,60.00/Kg,3250.0,Kirinyaga,2026-05-04
Ngurubani Market,Capsicums,-,-,-,30.00/Kg,50.00/Kg,125.0,Kirinyaga,2026-05-04
Ngurubani Market,Cabbages,-,-,-,22.00/Kg,27.00/Kg,19500.0,Kirinyaga,2026-05-04
Ngurubani Market,Butternuts,-,-,-,32.00/Kg,42.00/Kg,2800.0,Kirinyaga,2026-05-04
Ngurubani Market,Banana (Cooking),-,-,-,30.00/Kg,40.00/Kg,1520.0,Kirinyaga,2026-05-04
Ngurubani Market,Rice,Pishori,-,-,150.00/Kg,170.00/Kg,135000.0,Kirinyaga,2026-05-04
Ngurubani Market,Red Sorghum,-,-,-,86.67/Kg,100.00/Kg,1450.0,Kirinyaga,2026-05-04
Ngurubani Market,Dry Maize,White Maize,-,-,51.67/Kg,60.00/Kg,6580.0,Kirinyaga,2026-05-04
Ngurubani Market,Water Melon,-,-,-,20.00/Kg,25.00/Kg,25800.0,Kirinyaga,2026-05-04
Ngurubani Market,Tree tomato,-,-,-,70.00/Kg,100.00/Kg,213.0,Kirinyaga,2026-05-04
Ngurubani Market,Thorn melon,-,-,-,80.00/Kg,120.00/Kg,325.0,Kirinyaga,2026-05-04
Ngurubani Market,Pineapples,-,-,-,50.00/Kg,70.00/Kg,1250.0,Kirinyaga,2026-05-04
Ngurubani Market,Pawpaw,-,-,-,35.00/Kg,50.00/Kg,250.0,Kirinyaga,2026-05-04
Ngurubani Market,Passion Fruits,-,-,-,160.00/Kg,220.00/Kg,350.0,Kirinyaga,2026-05-04
Ngurubani Market,Lemons,-,-,-,40.00/Kg,60.00/Kg,150.0,Kirinyaga,2026-05-04
Ngurubani Market,Avocado,Local,-,-,50.00/Kg,70.00/Kg,852.0,Kirinyaga,2026-05-04
Ngurubani Market,Pork,-,-,-,650.00/Kg,750.00/Kg,355.0,Kirinyaga,2026-05-04
Ngurubani Market,Meat Beef,-,-,-,650.00/Kg,750.00/Kg,1350.0,Kirinyaga,2026-05-04
Ngurubani Market,Eggs,Exotic/Grade,-,-,420.00/Tray(30),480.00/Tray(30),2250.0,Kirinyaga,2026-05-04
Ngurubani Market,Sweet potatoes,-,-,-,80.00/Kg,100.00/Kg,415.0,Kirinyaga,2026-05-04
Ngurubani Market,White Irish Potatoes,-,-,-,45.00/Kg,50.00/Kg,21500.0,Kirinyaga,2026-05-04
Ngurubani Market,Arrow Root,-,-,-,100.00/Kg,150.00/Kg,1200.0,Kirinyaga,2026-05-04
Ngurubani Market,Pigeon peas,-,-,-,72.22/Kg,90.00/Kg,1580.0,Kirinyaga,2026-05-04
Ngurubani Market,Lentils,-,-,-,188.89/Kg,220.00/Kg,1580.0,Kirinyaga,2026-05-04
Ngurubani Market,Mixed Beans,-,-,-,83.33/Kg,105.00/Kg,520.0,Kirinyaga,2026-05-04
Ngurubani Market,Dolichos lablab (Njahi),-,-,-,86.67/Kg,100.00/Kg,1350.0,Kirinyaga,2026-05-04
Ngurubani Market,Cowpeas,-,-,-,94.44/Kg,150.00/Kg,1580.0,Kirinyaga,2026-05-04
Ngurubani Market,Beans Rosecoco (Nyayo),-,-,-,105.56/Kg,150.00/Kg,3850.0,Kirinyaga,2026-05-04
Ngurubani Market,Beans Red Haricot (Wairimu),-,-,-,97.78/Kg,130.00/Kg,3500.0,Kirinyaga,2026-05-04
Ngurubani Market,Beans (Mwitemania),-,-,-,97.78/Kg,120.00/Kg,2250.0,Kirinyaga,2026-05-04
Ngurubani Market,Beans (Mwezi Moja),-,-,-,94.44/Kg,140.00/Kg,950.0,Kirinyaga,2026-05-04
Ngurubani Market,Beans (Yellow-Green),-,-,-,122.22/Kg,175.00/Kg,2580.0,Kirinyaga,2026-05-04
Ngurubani Market,Fertilizer,NPK,-,-,94.00/Kg,110.00/Kg,188000.0,Kirinyaga,2026-05-04
Ngurubani Market,Fertilizer,DAP,-,-,136.00/Kg,140.00/Kg,135000.0,Kirinyaga,2026-05-04
Ngurubani Market,Fertilizer,CAN,-,-,67.00/Kg,80.00/Kg,68000.0,Kirinyaga,2026-05-04
Chebunyo,Eggs,Indigenous /Kenyeji,-,-,540.00/Tray(30),600.00/Tray(30),10000.0,Bomet,2026-05-04
Chebunyo,Sheep,Dorper,Grade 3,Female,7500.00/Head,-,600.0,Bomet,2026-05-04
Chebunyo,Sheep,Dorper,Grade 3,Male,12000.00/Head,-,600.0,Bomet,2026-05-04
Chebunyo,Goat,Dairy Goats,Grade 3,Male,10000.00/Head,-,600.0,Bomet,2026-05-04
Chebunyo,Goat,Dairy Goats,Grade 3,Male,7500.00/Head,-,500.0,Bomet,2026-05-04
Chebunyo,Chicken,Improved Kienyeji,-,Female,900.00/Head,-,2000.0,Bomet,2026-05-04
Chebunyo,Chicken,Improved Kienyeji,-,Male,1000.00/Head,-,2000.0,Bomet,2026-05-04
Chebunyo,Oranges,-,-,-,61.82/Kg,100.00/Kg,7000.0,Bomet,2026-05-04
Chebunyo,Water Melon,-,-,-,80.00/Kg,120.00/Kg,4000.0,Bomet,2026-05-04
Chebunyo,Dry Maize,White Maize,-,-,50.00/Kg,65.00/Kg,18000.0,Bomet,2026-05-04
Chebunyo,Tomatoes,-,-,-,75.00/Kg,100.00/Kg,16000.0,Bomet,2026-05-04
Chebunyo,Dry Onions,-,-,-,65.00/Kg,90.00/Kg,2400.0,Bomet,2026-05-04
Chebunyo,Cabbages,-,-,-,10.00/Kg,20.00/Kg,15000.0,Bomet,2026-05-04
Butere Livestock Market,Chicken,Improved Kienyeji,-,Female,400.00/Head,-,5.0,Kakamega,2026-05-04
Butere Livestock Market,Chicken,Improved Kienyeji,-,Male,400.00/Head,-,6.0,Kakamega,2026-05-04
Butere Livestock Market,Chicken,Improved Kienyeji,-,Female,800.00/Head,-,11.0,Kakamega,2026-05-04
Butere Livestock Market,Chicken,Improved Kienyeji,-,Male,1100.00/Head,-,9.0,Kakamega,2026-05-04
Butere Livestock Market,Chicken,Improved Kienyeji,-,Female,1000.00/Head,-,13.0,Kakamega,2026-05-04
Butere Livestock Market,Chicken,Improved Kienyeji,-,Male,1400.00/Head,-,7.0,Kakamega,2026-05-04
Butere Livestock Market,Chicken,Indigenous,-,Female,350.00/Head,-,7.0,Kakamega,2026-05-04
Butere Livestock Market,Chicken,Indigenous,-,Female,350.00/Head,-,5.0,Kakamega,2026-05-04
Butere Livestock Market,Chicken,Indigenous,-,Female,750.00/Head,-,15.0,Kakamega,2026-05-04
Butere Livestock Market,Chicken,Indigenous,-,Male,1000.00/Head,-,12.0,Kakamega,2026-05-04
Butere Livestock Market,Chicken,Indigenous,-,Female,900.00/Head,-,25.0,Kakamega,2026-05-04
Butere Livestock Market,Chicken,Indigenous,-,Male,1300.00/Head,-,18.0,Kakamega,2026-05-04
Butere Livestock Market,Tomatoes,-,-,-,121.43/Kg,145.45/Kg,3500.0,Kakamega,2026-05-04
Butere Livestock Market,Banana (Cooking),-,-,-,30.00/Kg,52.63/Kg,120.0,Kakamega,2026-05-04
Butere Livestock Market,Dry Maize,White Maize,-,-,44.44/Kg,52.17/Kg,8370.0,Kakamega,2026-05-04
Butere Livestock Market,Cabbages,-,-,-,30.43/Kg,34.78/Kg,2216.0,Kakamega,2026-05-04
Butere Livestock Market,White Irish Potatoes,-,-,-,57.14/Kg,62.50/Kg,8750.0,Kakamega,2026-05-04
Butere Livestock Market,Sheep,Red Maasai,Grade 1,Female,4000.00/Head,-,3.0,Kakamega,2026-05-04
Vanga,Tuna,Fresh,-,-,200.00/Kg,250.00/Kg,75.0,Kwale,2026-05-04
Butere Livestock Market,Sheep,Red Maasai,Grade 1,Male,3800.00/Head,-,6.0,Kakamega,2026-05-04
Vanga,Jacks/Trevallies(Kolekole),Fresh,-,-,350.00/ Kg,400.00/ Kg,350.0,Kwale,2026-05-04
Vanga,Goatfishes,Fresh,-,-,250.00/Kg,270.00/Kg,25.0,Kwale,2026-05-04
Vanga,Barracuda(Kasumba),Fresh,-,-,220.00/Kg,250.00/Kg,580.0,Kwale,2026-05-04
Butere Livestock Market,Sheep,Red Maasai,Grade 2,Female,4800.00/Head,-,3.0,Kakamega,2026-05-04
Butere Livestock Market,Sheep,Red Maasai,Grade 2,Male,4500.00/Head,-,4.0,Kakamega,2026-05-04
Butere Livestock Market,Sheep,Red Maasai,Grade 1,Female,5500.00/Head,-,3.0,Kakamega,2026-05-04
Butere Livestock Market,Sheep,Red Maasai,Grade 1,Male,5000.00/Head,-,2.0,Kakamega,2026-05-04
Butere Livestock Market,Sheep,Red Maasai,Grade 3,Female,5000.00/Head,-,4.0,Kakamega,2026-05-04
Butere Livestock Market,Sheep,Red Maasai,Grade 3,Male,5500.00/Head,-,2.0,Kakamega,2026-05-04
Butere Livestock Market,Sheep,Red Maasai,Grade 2,Female,5800.00/Head,-,9.0,Kakamega,2026-05-04
Kutus,Carrots,-,-,-,60.00/Kg,80.00/Kg,3500.0,Kirinyaga,2026-05-04
Butere Livestock Market,Sheep,Red Maasai,Grade 2,Male,6000.00/Head,-,8.0,Kakamega,2026-05-04
Butere Livestock Market,Sheep,Red Maasai,Grade 1,Female,6500.00/Head,-,5.0,Kakamega,2026-05-04
Butere Livestock Market,Sheep,Red Maasai,Grade 1,Male,7000.00/Head,-,3.0,Kakamega,2026-05-04
Butere Livestock Market,Sheep,Red Maasai,Grade 3,Female,6500.00/Head,-,6.0,Kakamega,2026-05-04
Butere Livestock Market,Sheep,Red Maasai,Grade 3,Male,6800.00/Head,-,4.0,Kakamega,2026-05-04
Butere Livestock Market,Sheep,Red Maasai,Grade 2,Female,7500.00/Head,-,7.0,Kakamega,2026-05-04
Butere Livestock Market,Sheep,Red Maasai,Grade 2,Male,7200.00/Head,-,5.0,Kakamega,2026-05-04
Butere Livestock Market,Sheep,Red Maasai,Grade 2,Male,7200.00/Head,-,5.0,Kakamega,2026-05-04
Butere Livestock Market,Sheep,Red Maasai,Grade 1,Female,8500.00/Head,-,3.0,Kakamega,2026-05-04
Butere Livestock Market,Sheep,Red Maasai,Grade 1,Male,8000.00/Head,-,5.0,Kakamega,2026-05-04
Butere Livestock Market,Goat,Mixed,Grade 3,Female,4500.00/Head,-,6.0,Kakamega,2026-05-04
Butere Livestock Market,Goat,Mixed,Grade 3,Male,4000.00/Head,-,3.0,Kakamega,2026-05-04
Butere Livestock Market,Goat,Mixed,Grade 2,Female,5000.00/Head,-,2.0,Kakamega,2026-05-04
Butere Livestock Market,Goat,Mixed,Grade 2,Male,4500.00/Head,-,6.0,Kakamega,2026-05-04
Kutus,Arrow Root,-,-,-,70.00/Kg,100.00/Kg,,Kirinyaga,2026-05-04
Kutus,White Irish Potatoes,-,-,-,55.00/Kg,65.00/Kg,,Kirinyaga,2026-05-04
Butere Livestock Market,Goat,Mixed,Grade 1,Female,5500.00/Head,-,6.0,Kakamega,2026-05-04
Butere Livestock Market,Goat,Mixed,Grade 1,Male,5000.00/Head,-,4.0,Kakamega,2026-05-04
Butere Livestock Market,Cattle,Mixed,Grade 3,Female,5500.00/Head,-,3.0,Kakamega,2026-05-04
Kutus,Apples,-,-,-,300.00/Kg,350.00/Kg,,Kirinyaga,2026-05-04
Butere Livestock Market,Goat,Mixed,Grade 3,Male,5000.00/Head,-,5.0,Kakamega,2026-05-04
Kutus,Avocado,Local,-,-,25.00/Kg,35.00/Kg,,Kirinyaga,2026-05-04
Butere Livestock Market,Goat,Mixed,Grade 2,Female,6000.00/Head,-,8.0,Kakamega,2026-05-04
Kutus,Banana (Ripening),-,-,-,15.00/Kg,20.00/Kg,12000.0,Kirinyaga,2026-05-04
Kutus,Oranges,-,-,-,40.00/Kg,90.00/Kg,,Kirinyaga,2026-05-04
Butere Livestock Market,Goat,Mixed,Grade 2,Male,5700.00/Head,-,7.0,Kakamega,2026-05-04
Kutus,Passion Fruits,-,-,-,160.00/Kg,200.00/Kg,,Kirinyaga,2026-05-04
Butere Livestock Market,Goat,Mixed,Grade 1,Female,6500.00/Head,-,4.0,Kakamega,2026-05-04
Kutus,Tree tomato,-,-,-,80.00/Kg,120.00/Kg,250.0,Kirinyaga,2026-05-04
Kutus,Water Melon,-,-,-,25.00/Kg,30.00/Kg,,Kirinyaga,2026-05-04
Butere Livestock Market,Goat,Mixed,Grade 1,Male,6000.00/Head,-,5.0,Kakamega,2026-05-04
Butere Livestock Market,Goat,Mixed,Grade 3,Female,6500.00/Head,-,7.0,Kakamega,2026-05-04
Kutus,Banana (Cooking),-,-,-,15.00/Kg,20.00/Kg,12000.0,Kirinyaga,2026-05-04
Butere Livestock Market,Goat,Mixed,Grade 3,Male,6800.00/Head,-,5.0,Kakamega,2026-05-04
Kutus,Banana (Plantain),-,-,-,70.00/Kg,100.00/Kg,2500.0,Kirinyaga,2026-05-04
Butere Livestock Market,Goat,Mixed,Grade 2,Female,7000.00/Head,-,3.0,Kakamega,2026-05-04
Kutus,Butternuts,-,-,-,30.00/Kg,50.00/Kg,800.0,Kirinyaga,2026-05-04
Butere Livestock Market,Goat,Mixed,Grade 2,Male,7500.00/Head,-,4.0,Kakamega,2026-05-04
Kutus,Cabbages,-,-,-,20.00/Kg,30.00/Kg,,Kirinyaga,2026-05-04
Butere Livestock Market,Goat,Mixed,Grade 1,Female,7500.00/Head,-,6.0,Kakamega,2026-05-04
Kutus,Capsicums,-,-,-,60.00/Kg,80.00/Kg,450.0,Kirinyaga,2026-05-04
Kutus,Carrots,-,-,-,35.00/Kg,50.00/Kg,3500.0,Kirinyaga,2026-05-04
Butere Livestock Market,Goat,Mixed,Grade 1,Male,8000.00/Head,-,5.0,Kakamega,2026-05-04
Butere Livestock Market,Cattle,Mixed,Grade 3,Female,25000.00/Head,-,4.0,Kakamega,2026-05-04
Kutus,Chillies,-,-,-,120.00/Kg,150.00/Kg,80.0,Kirinyaga,2026-05-04
Kutus,Coriander (Dhania),-,-,-,70.00/Kg,130.00/Kg,120.0,Kirinyaga,2026-05-04
Butere Livestock Market,Cattle,Mixed,Grade 3,Male,23000.00/Head,-,3.0,Kakamega,2026-05-04
Butere Livestock Market,Cattle,Mixed,Grade 2,Female,28000.00/Head,-,2.0,Kakamega,2026-05-04
Butere Livestock Market,Cattle,Mixed,Grade 2,Male,25000.00/Head,-,3.0,Kakamega,2026-05-04
Butere Livestock Market,Cattle,Mixed,Grade 1,Female,30000.00/Head,-,4.0,Kakamega,2026-05-04
Butere Livestock Market,Cattle,Mixed,Grade 1,Male,28000.00/Head,-,3.0,Kakamega,2026-05-04
Butere Livestock Market,Cattle,Mixed,Grade 3,Female,35000.00/Head,-,2.0,Kakamega,2026-05-04
Butere Livestock Market,Cattle,Mixed,Grade 3,Male,33000.00/Head,-,6.0,Kakamega,2026-05-04
Butere Livestock Market,Cattle,Mixed,Grade 2,Male,38000.00/Head,-,4.0,Kakamega,2026-05-04
Butere Livestock Market,Cattle,Mixed,Grade 2,Female,40000.00/Head,-,1.0,Kakamega,2026-05-04
Kutus,Courgette,-,-,-,100.00/Kg,120.00/Kg,350.0,Kirinyaga,2026-05-04
Butere Livestock Market,Cattle,Mixed,Grade 1,Female,45000.00/Head,-,3.0,Kakamega,2026-05-04
Butere Livestock Market,Cattle,Mixed,Grade 1,Male,41000.00/Head,-,2.0,Kakamega,2026-05-04
Butere Livestock Market,Cattle,Mixed,Grade 3,Female,38000.00/Head,-,5.0,Kakamega,2026-05-04
Kutus,Cucumber,-,-,-,80.00/Kg,100.00/Kg,1.0,Kirinyaga,2026-05-04
Butere Livestock Market,Cattle,Mixed,Grade 3,Male,42000.00/Head,-,3.0,Kakamega,2026-05-04
Kutus,Dry Onions,-,-,-,120.00/Kg,140.00/Kg,6500.0,Kirinyaga,2026-05-04
Butere Livestock Market,Cattle,Mixed,Grade 2,Female,55000.00/Head,-,2.0,Kakamega,2026-05-04
Kutus,Egg plant (Brinjals),-,-,-,40.00/Kg,50.00/Kg,450.0,Kirinyaga,2026-05-04
Kutus,French beans,-,-,-,60.00/Kg,80.00/Kg,150.0,Kirinyaga,2026-05-04
Kutus,Fresh Peas,On pods,-,-,120.00/Kg,140.00/Kg,2000.0,Kirinyaga,2026-05-04
Butere Livestock Market,Cattle,Mixed,Grade 2,Male,58000.00/Head,-,1.0,Kakamega,2026-05-04
Butere Livestock Market,Cattle,Mixed,Grade 1,Female,66000.00/Head,-,1.0,Kakamega,2026-05-04
Kutus,Garlic,-,-,-,300.00/Kg,400.00/Kg,350.0,Kirinyaga,2026-05-04
Kutus,Ginger,-,-,-,150.00/Kg,200.00/Kg,200.0,Kirinyaga,2026-05-04
Kutus,Green Maize,-,-,-,40.00/Kg,50.00/Kg,1200.0,Kirinyaga,2026-05-04
Butere Livestock Market,Cattle,Mixed,Grade 1,Male,73000.00/Head,-,3.0,Kakamega,2026-05-04
Kutus,Kales/Sukuma Wiki,-,-,-,10.00/Kg,20.00/Kg,1050.0,Kirinyaga,2026-05-04
Butere Livestock Market,Cattle,Zebu,Grade 3,Female,21000.00/Head,-,6.0,Kakamega,2026-05-04
Kutus,Pumpkin,-,-,-,30.00/Kg,50.00/Kg,1250.0,Kirinyaga,2026-05-04
Butere Livestock Market,Cattle,Zebu,Grade 3,Male,17500.00/Head,-,4.0,Kakamega,2026-05-04
Kutus,Spinach,-,-,-,20.00/Kg,30.00/Kg,800.0,Kirinyaga,2026-05-04
Kutus,Spring Onions,-,-,-,90.00/Kg,120.00/Kg,650.0,Kirinyaga,2026-05-04
Butere Livestock Market,Cattle,Zebu,Grade 2,Female,24000.00/Head,-,5.0,Kakamega,2026-05-04
Kutus,Tomatoes,-,-,-,71.43/Kg,85.71/Kg,4500.0,Kirinyaga,2026-05-04
Butere Livestock Market,Cattle,Zebu,Grade 2,Male,22000.00/Head,-,7.0,Kakamega,2026-05-04
Butere Livestock Market,Cattle,Zebu,Grade 1,Female,27000.00/Head,-,2.0,Kakamega,2026-05-04
Butere Livestock Market,Cattle,Zebu,Grade 1,Male,25000.00/Head,-,3.0,Kakamega,2026-05-04
Butere Livestock Market,Cattle,Zebu,Grade 3,Female,30000.00/Head,-,10.0,Kakamega,2026-05-04
Butere Livestock Market,Cattle,Zebu,Grade 3,Male,32000.00/Head,-,8.0,Kakamega,2026-05-04
Butere Livestock Market,Cattle,Zebu,Grade 2,Female,35000.00/Head,-,7.0,Kakamega,2026-05-04
Butere Livestock Market,Cattle,Zebu,Grade 2,Male,38000.00/Head,-,5.0,Kakamega,2026-05-04
Butere Livestock Market,Cattle,Zebu,Grade 1,Female,45000.00/Head,-,3.0,Kakamega,2026-05-04
Butere Livestock Market,Cattle,Zebu,Grade 1,Male,45000.00/Head,-,4.0,Kakamega,2026-05-04
Butere Livestock Market,Cattle,Zebu,Grade 1,Female,31000.00/Head,-,5.0,Kakamega,2026-05-04
Butere Livestock Market,Cattle,Zebu,Grade 3,Female,38000.00/Head,-,6.0,Kakamega,2026-05-04
Butere Livestock Market,Cattle,Zebu,Grade 3,Male,48000.00/Head,-,5.0,Kakamega,2026-05-04
Butere Livestock Market,Cattle,Zebu,Grade 2,Female,43000.00/Head,-,2.0,Kakamega,2026-05-04
Butere Livestock Market,Cattle,Zebu,Grade 2,Male,64000.00/Head,-,1.0,Kakamega,2026-05-04
Butere Livestock Market,Cattle,Zebu,Grade 1,Female,53000.00/Head,-,1.0,Kakamega,2026-05-04
Butere Livestock Market,Cattle,Zebu,Grade 1,Male,70000.00/Head,-,2.0,Kakamega,2026-05-04
Kagio,Green Maize,-,-,-,30.00/Kg,50.00/Kg,3500.0,Kirinyaga,2026-05-04
Kagio,Fresh Peas,On pods,-,-,70.00/Kg,90.00/Kg,700.0,Kirinyaga,2026-05-04
Kagio,French beans,-,-,-,70.00/Kg,100.00/Kg,400.0,Kirinyaga,2026-05-04
Kagio,Egg plant (Brinjals),-,-,-,40.00/Kg,60.00/Kg,200.0,Kirinyaga,2026-05-04
Kagio,Dry Onions,-,-,-,90.00/Kg,120.00/Kg,3000.0,Kirinyaga,2026-05-04
Kagio,Cucumber,-,-,-,30.00/Kg,50.00/Kg,700.0,Kirinyaga,2026-05-04
Kagio,Courgette,-,-,-,50.00/Kg,70.00/Kg,1300.0,Kirinyaga,2026-05-04
Kagio,Coriander (Dhania),-,-,-,20.00/Kg,30.00/Kg,200.0,Kirinyaga,2026-05-04
Kagio,Chillies,-,-,-,40.00/Kg,60.00/Kg,300.0,Kirinyaga,2026-05-04
Kagio,Cauliflower,-,-,-,120.00/Kg,160.00/Kg,100.0,Kirinyaga,2026-05-04
Kagio,Carrots,-,-,-,45.00/Kg,60.00/Kg,2800.0,Kirinyaga,2026-05-04
Kagio,Capsicums,-,-,-,40.00/Kg,60.00/Kg,1200.0,Kirinyaga,2026-05-04
Kagio,Capsicums,-,-,-,180.00/Kg,250.00/Kg,100.0,Kirinyaga,2026-05-04
Kagio,Cabbages,-,-,-,15.00/Kg,20.00/Kg,28000.0,Kirinyaga,2026-05-04
Kagio,Cabbages,-,-,-,15.00/Kg,20.00/Kg,28000.0,Kirinyaga,2026-05-04
Kagio,Butternuts,-,-,-,40.00/Kg,60.00/Kg,2000.0,Kirinyaga,2026-05-04
Kagio,Broccoli,-,-,-,8.00/Kg,120.00/Kg,200.0,Kirinyaga,2026-05-04
Kagio,Banana (Plantain),-,-,-,60.00/Kg,90.00/Kg,400.0,Kirinyaga,2026-05-04
Kagio,Banana (Cooking),-,-,-,30.00/Kg,50.00/Kg,35000.0,Kirinyaga,2026-05-04
Kagio,Pumpkin Leaves,-,-,-,20.00/Kg,30.00/Kg,200.0,Kirinyaga,2026-05-04
Kagio,Cowpea leaves (Kunde),-,-,-,20.00/Kg,30.00/Kg,200.0,Kirinyaga,2026-05-04
Kagio,Black nightshade (Managu/ Osuga),-,-,-,20.00/Kg,30.00/Kg,200.0,Kirinyaga,2026-05-04
Kagio,Amaranthus (Terere),-,-,-,15.00/Kg,25.00/Kg,300.0,Kirinyaga,2026-05-04
Kawangware,Rice,Pishori,-,-,160.00/Kg,180.00/Kg,,Nairobi,2026-05-04
Kawangware,Pearl Rush Millet,-,-,-,122.22/Kg,120.00/Kg,,Nairobi,2026-05-04
Kawangware,Finger Millet,-,-,-,54.00/Kg,90.00/Kg,,Nairobi,2026-05-04
Kawangware,Dry Maize,White Maize,-,-,55.00/Kg,65.00/Kg,,Nairobi,2026-05-04
Kawangware,Lentils,-,-,-,220.00/Kg,250.00/Kg,,Nairobi,2026-05-04
Kawangware,Pigeon peas,-,-,-,100.00/Kg,115.00/Kg,,Nairobi,2026-05-04
Kawangware,Green Grams,Makueni,-,-,155.00/Kg,170.00/Kg,,Nairobi,2026-05-04
Kawangware,Beans Red Haricot (Wairimu),-,-,-,100.00/Kg,110.00/Kg,,Nairobi,2026-05-04
Kawangware,Dolichos lablab (Njahi),-,-,-,75.00/Kg,85.00/Kg,,Nairobi,2026-05-04
Kawangware,Cowpeas,-,-,-,90.00/Kg,120.00/Kg,,Nairobi,2026-05-04
Kawangware,Beans Rosecoco (Nyayo),-,-,-,110.00/Kg,125.00/Kg,,Nairobi,2026-05-04
Kawangware,Beans Rosecoco,-,-,-,115.00/Kg,125.00/Kg,,Nairobi,2026-05-04
Kawangware,Beans (Yellow-Green),-,-,-,110.00/Kg,125.00/Kg,,Nairobi,2026-05-04
Kawangware,Beans (Mwitemania),-,-,-,90.00/Kg,100.00/Kg,,Nairobi,2026-05-04
Kibuye,Cotton,-,-,-,-,72.00/Kg,,Kisumu,2026-05-03
Kibuye,Maize Bran,-,-,-,-,43.00/Kg,,Kisumu,2026-05-03
Kibuye,Sunflower Cake,-,-,-,-,44.00/Kg,,Kisumu,2026-05-03
Kibuye,Wheat Bran,-,-,-,-,33.00/Kg,,Kisumu,2026-05-03
Kibuye,Cow Milk(At collection point),-,-,-,-,70.00/Lt,,Kisumu,2026-05-03
Kibuye,Cow Milk(Processd),-,-,-,-,120.00/Lt,,Kisumu,2026-05-03
Kibuye,Eggs,Indigenous /Kenyeji,-,-,-,750.00/Tray(30),,Kisumu,2026-05-03
Kibuye,Eggs,Exotic/Grade,-,-,-,480.00/Tray(30),,Kisumu,2026-05-03
Kibuye,Honey,Processed,-,-,-,1000.00/Kg,,Kisumu,2026-05-03
Kibuye,Meat Beef,-,-,-,-,800.00/Kg,,Kisumu,2026-05-03
Kibuye,Chicken,Layers,-,Female,650.00/Head,-,,Kisumu,2026-05-03
Kibuye,Chicken,Indigenous,-,Male,2000.00/Head,-,,Kisumu,2026-05-03
Kibuye,Chicken,Improved Kienyeji,-,Male,1500.00/Head,-,,Kisumu,2026-05-03
Kibuye,Chicken,Broiler,-,Male,450.00/Head,-,,Kisumu,2026-05-03
Kibuye,Duck,Black Swedish,Grade 1,Male,-,-,,Kisumu,2026-05-03
Kibuye,Haplochromis,Fresh,-,-,-,120.00/Kg,,Kisumu,2026-05-03
Kibuye,Nile Perch,Fresh,-,-,-,400.00/Kg,,Kisumu,2026-05-03
Kibuye,Omena,Dried,-,-,-,500.00/Kg,,Kisumu,2026-05-03
Kibuye,Protopterus,Fresh,-,-,-,160.00/Kg,,Kisumu,2026-05-03
Kibuye,Tilapia,Fresh,-,-,-,400.00/Kg,,Kisumu,2026-05-03
Kibuye,Nile Perch Skins,-,-,-,-,80.00/Kg,,Kisumu,2026-05-03
Kibuye,Fish Scales,-,-,-,-,40.00/Kg,,Kisumu,2026-05-03
Kibuye,Fish Oil,-,-,-,-,160.00/Kg,,Kisumu,2026-05-03
Kibuye,Fish Maws,-,-,-,-,4000.00/Kg,,Kisumu,2026-05-03
Kibuye,Arrow Root,-,-,-,-,120.00/Kg,,Kisumu,2026-05-03
Kibuye,Cassava Chips (dry),-,-,-,-,90.00/Kg,,Kisumu,2026-05-03
Kibuye,Cassava Fresh,-,-,-,-,150.00/Kg,,Kisumu,2026-05-03
Kibuye,Sweet potatoes,-,-,-,22.50/Kg,120.00/Kg,,Kisumu,2026-05-03
Kibuye,White Irish Potatoes,-,-,-,110.00/Kg,100.00/Kg,,Kisumu,2026-05-03
Kibuye,Avocado,Hass,-,-,-,250.00/Kg,,Kisumu,2026-05-03
Kibuye,Apples,-,-,-,-,200.00/Kg,,Kisumu,2026-05-03
Kibuye,Limes,-,-,-,-,200.00/Kg,,Kisumu,2026-05-03
Kibuye,Mangoes,Local,-,-,-,100.00/Kg,,Kisumu,2026-05-03
Kibuye,Mangoes,Improved,-,-,-,150.00/Kg,,Kisumu,2026-05-03
Kibuye,Oranges,-,-,-,-,180.00/Kg,,Kisumu,2026-05-03
Kibuye,Passion Fruits,-,-,-,-,200.00/Kg,,Kisumu,2026-05-03
Kibuye,Pawpaw,-,-,-,-,70.00/Kg,,Kisumu,2026-05-03
Kibuye,Pineapples,-,-,-,-,107.14/Kg,,Kisumu,2026-05-03
Kibuye,Tangerine (Sandara),-,-,-,-,120.00/Kg,,Kisumu,2026-05-03
Kibuye,Thorn melon,-,-,-,-,120.00/Kg,,Kisumu,2026-05-03
Kibuye,Tree tomato,-,-,-,-,120.00/Kg,,Kisumu,2026-05-03
Kibuye,Water Melon,-,-,-,-,142.86/Kg,,Kisumu,2026-05-03
Kibuye,Wheat Flour,Ajab fortigied Home Baking flour,-,-,-,90.00/Kg,,Kisumu,2026-05-03
Kibuye,Wheat,-,-,-,-,75.00/Kg,,Kisumu,2026-05-03
Kibuye,Rice,Pishori,-,-,-,175.00/Kg,,Kisumu,2026-05-03
Kibuye,Rice,IRR,-,-,-,100.00/Kg,,Kisumu,2026-05-03
Kibuye,Red Sorghum,-,-,-,-,90.00/Kg,,Kisumu,2026-05-03
Kibuye,Paddy Rice,Pishori,-,-,-,60.00/Kg,,Kisumu,2026-05-03
Kibuye,Paddy Rice,IRR,-,-,-,35.00/Kg,,Kisumu,2026-05-03
Kibuye,Maize Flour,Dola,-,-,-,70.00/Kg,,Kisumu,2026-05-03
Kibuye,Finger Millet,-,-,-,-,200.00/Kg,,Kisumu,2026-05-03
Kibuye,Dry Maize,Yellow Maize,-,-,-,65.00/Kg,,Kisumu,2026-05-03
Kibuye,Dry Maize,White Maize,-,-,62.22/Kg,70.00/Kg,,Kisumu,2026-05-03
Kibuye,Indigenous Crotolaria (Mito/Miro),-,-,-,-,70.00/Kg,,Kisumu,2026-05-03
Kibuye,Jute Plant (Murenda),-,-,-,-,70.00/Kg,,Kisumu,2026-05-03
Kibuye,Nderema- Vine Spinach,-,-,-,-,200.00/Kg,,Kisumu,2026-05-03
Kibuye,Pumpkin Leaves,-,-,-,-,200.00/Kg,,Kisumu,2026-05-03
Kibuye,Spider flower (Saga),-,-,-,-,150.00/Kg,,Kisumu,2026-05-03
Kibuye,Ethiopian Kales -Kanzira,-,-,-,-,70.00/Kg,,Kisumu,2026-05-03
Kibuye,Cowpea leaves (Kunde),-,-,-,-,100.00/Kg,,Kisumu,2026-05-03
Kibuye,Black nightshade (Managu/ Osuga),-,-,-,-,150.00/Kg,,Kisumu,2026-05-03
Kibuye,Amaranthus (Terere),-,-,-,-,70.00/Kg,,Kisumu,2026-05-03
Kibuye,Coriander (Dhania),-,-,-,-,100.00/Kg,,Kisumu,2026-05-03
Kibuye,Chillies,-,-,-,-,200.00/Kg,,Kisumu,2026-05-03
Kibuye,Carrots,-,-,-,-,80.00/Kg,,Kisumu,2026-05-03
Kibuye,Capsicums,-,-,-,-,120.00/Kg,,Kisumu,2026-05-03
Kibuye,Cabbages,-,-,-,-,50.00/Kg,,Kisumu,2026-05-03
Kibuye,Butternuts,-,-,-,-,70.00/Kg,,Kisumu,2026-05-03
Kibuye,Banana (Cooking),-,-,-,27.42/Kg,-,,Kisumu,2026-05-03
Kibuye,Dry Onions,-,-,-,-,120.00/Kg,,Kisumu,2026-05-03
Kibuye,Garlic,-,-,-,-,400.00/Kg,,Kisumu,2026-05-03
Kibuye,Ginger,-,-,-,-,150.00/Kg,,Kisumu,2026-05-03
Kibuye,Green Maize,-,-,-,-,90.00/Kg,,Kisumu,2026-05-03
Kibuye,Kales/Sukuma Wiki,-,-,-,-,30.00/Kg,,Kisumu,2026-05-03
Kibuye,Lettuce,-,-,-,-,120.00/Kg,,Kisumu,2026-05-03
Kibuye,Pumpkin,-,-,-,-,321.43/Kg,,Kisumu,2026-05-03
Kibuye,Spinach,-,-,-,-,40.00/Kg,,Kisumu,2026-05-03
Kibuye,Spring Onions,-,-,-,-,70.00/Kg,,Kisumu,2026-05-03
Kibuye,Tomatoes,-,-,-,214.29/Kg,150.00/Kg,,Kisumu,2026-05-03
Kibuye,Beans (Canadian wonder),-,-,-,-,150.00/Kg,,Kisumu,2026-05-03
Kibuye,Beans (Mwezi Moja),-,-,-,-,175.00/Kg,,Kisumu,2026-05-03
Kibuye,Beans (Mwitemania),-,-,-,-,200.00/Kg,,Kisumu,2026-05-03
Kibuye,Beans (Yellow-Green),-,-,-,-,250.00/Kg,,Kisumu,2026-05-03
Kibuye,Beans Red Haricot (Wairimu),-,-,-,-,200.00/Kg,,Kisumu,2026-05-03
Kibuye,Beans Rosecoco,-,-,-,-,200.00/Kg,,Kisumu,2026-05-03
Kibuye,Beans Rosecoco (Nyayo),-,-,-,-,200.00/Kg,,Kisumu,2026-05-03
Kibuye,Cowpeas,-,-,-,-,150.00/Kg,,Kisumu,2026-05-03
Kibuye,Dolichos lablab (Njahi),-,-,-,-,200.00/Kg,,Kisumu,2026-05-03
Kibuye,Green Grams,Makueni,-,-,-,175.00/Kg,,Kisumu,2026-05-03
Kibuye,Green Grams,Local-Special,-,-,-,135.00/Kg,,Kisumu,2026-05-03
Kibuye,Green Grams,Hybrid/ polished,-,-,-,225.00/Kg,,Kisumu,2026-05-03
Kibuye,Ground Nuts,Small Red,-,-,280.00/Kg,350.00/Kg,,Kisumu,2026-05-03
Kibuye,Ground Nuts,Large Brown,-,-,-,270.00/Kg,,Kisumu,2026-05-03
Kibuye,Mixed Beans,-,-,-,-,150.00/Kg,,Kisumu,2026-05-03
Kibuye,Njugu Mawe,-,-,-,-,100.00/Kg,,Kisumu,2026-05-03
Kibuye,Sunflower Seeds,-,-,-,-,45.00/Kg,,Kisumu,2026-05-03
Kibuye,Sunflower Oil,-,-,-,-,450.00/Lt,,Kisumu,2026-05-03
Kibuye,Fertilizer,Urea,-,-,50.00/Kg,-,28000.0,Kisumu,2026-05-03
Kibuye,Fertilizer,NPK,-,-,50.00/Kg,-,28000.0,Kisumu,2026-05-03
Kibuye,Fertilizer,CAN,-,-,50.00/Kg,-,28000.0,Kisumu,2026-05-03
Khayega,Arrow Root,-,-,-,150.00/Kg,150.00/Kg,300.0,Kakamega,2026-05-03
Khayega,Sweet potatoes,-,-,-,60.00/Kg,60.00/Kg,600.0,Kakamega,2026-05-03
Khayega,White Irish Potatoes,-,-,-,57.33/Kg,61.33/Kg,4000.0,Kakamega,2026-05-03
Khayega,Water Melon,-,-,-,66.67/Kg,83.33/Kg,3000.0,Kakamega,2026-05-03
Khayega,Red Sorghum,-,-,-,100.00/Kg,125.00/Kg,315.0,Kakamega,2026-05-03
Khayega,Finger Millet,-,-,-,125.00/Kg,125.00/Kg,900.0,Kakamega,2026-05-03
Khayega,Dry Maize,White Maize,-,-,53.33/Kg,55.56/Kg,11700.0,Kakamega,2026-05-03
Khayega,Spider flower (Saga),-,-,-,60.00/Kg,60.00/Kg,400.0,Kakamega,2026-05-03
Khayega,Ethiopian Kales -Kanzira,-,-,-,31.82/Kg,36.36/Kg,300.0,Kakamega,2026-05-03
Khayega,Cowpea leaves (Kunde),-,-,-,30.00/Kg,35.00/Kg,300.0,Kakamega,2026-05-03
Khayega,Black nightshade (Managu/ Osuga),-,-,-,53.85/Kg,57.69/Kg,700.0,Kakamega,2026-05-03
Khayega,Spinach,-,-,-,40.00/Kg,45.00/Kg,400.0,Kakamega,2026-05-03
Khayega,Tomatoes,-,-,-,90.00/Kg,9.09/Kg,1500.0,Kakamega,2026-05-03
Khayega,Kales/Sukuma Wiki,-,-,-,30.00/Kg,35.00/Kg,400.0,Kakamega,2026-05-03
Khayega,Dry Onions,-,-,-,120.00/Kg,150.00/Kg,1000.0,Kakamega,2026-05-03
Khayega,Cabbages,-,-,-,40.00/Kg,43.33/Kg,3000.0,Kakamega,2026-05-03
Khayega,Mixed Beans,-,-,-,108.70/Kg,121.74/Kg,1170.0,Kakamega,2026-05-03
Khayega,Ground Nuts,Small Red,-,-,241.67/Kg,250.00/Kg,1300.0,Kakamega,2026-05-03
Khayega,Green Grams,Local-Special,-,-,130.43/Kg,130.43/Kg,900.0,Kakamega,2026-05-03
Khayega,Cowpeas,-,-,-,173.91/Kg,195.65/Kg,390.0,Kakamega,2026-05-03
Khayega,Beans Rosecoco (Nyayo),-,-,-,130.43/Kg,130.43/Kg,1100.0,Kakamega,2026-05-03
Khayega,Beans Rosecoco,-,-,-,130.43/Kg,130.43/Kg,1200.0,Kakamega,2026-05-03
Mghange,Dry Maize,White Maize,-,-,-,60.00/Kg,5000.0,Taita-Taveta,2026-05-03
Khayega,Beans (Yellow-Green),-,-,-,139.13/Kg,152.17/Kg,990.0,Kakamega,2026-05-03
Khayega,Fertilizer,DAP,-,-,124.00/Kg,128.00/Kg,2500.0,Kakamega,2026-05-03
Khayega,Fertilizer,CAN,-,-,92.00/Kg,96.00/Kg,5000.0,Kakamega,2026-05-03
Mghange,Okra (Lady's fingers or Gumbo),-,-,-,-,120.00/Kg,100.0,Taita-Taveta,2026-05-03
Mghange,Oranges,-,-,-,-,50.00/Kg,100.0,Taita-Taveta,2026-05-03
Mghange,Pigeon peas,-,-,-,-,180.00/Kg,500.0,Taita-Taveta,2026-05-03
Mghange,Green Grams,Local-Special,-,-,-,200.00/Kg,,Taita-Taveta,2026-05-03
Mghange,Beans Rosecoco,-,-,-,-,180.00/Kg,2000.0,Taita-Taveta,2026-05-03
Mghange,Beans (Yellow-Green),-,-,-,-,180.00/Kg,1500.0,Taita-Taveta,2026-05-03
Mghange,Beans (Mwitemania),-,-,-,-,180.00/Kg,1500.0,Taita-Taveta,2026-05-03
Mghange,Mangoes,Local,-,-,-,60.00/Kg,500.0,Taita-Taveta,2026-05-03
Mghange,White Irish Potatoes,-,-,-,-,80.00/Kg,1500.0,Taita-Taveta,2026-05-03
Mghange,Cassava Fresh,-,-,-,-,70.00/Kg,200.0,Taita-Taveta,2026-05-03
Mghange,Arrow Root,-,-,-,-,720.00/Kg,500.0,Taita-Taveta,2026-05-03
Mghange,Black nightshade (Managu/ Osuga),-,-,-,-,60.00/Kg,200.0,Taita-Taveta,2026-05-03
Mghange,Spinach,-,-,-,-,50.00/Kg,200.0,Taita-Taveta,2026-05-03
Mghange,Banana (Plantain),-,-,-,-,60.00/Kg,1000.0,Taita-Taveta,2026-05-03
Mghange,Banana (Cooking),-,-,-,-,60.00/Kg,600.0,Taita-Taveta,2026-05-03
Mghange,Carrots,-,-,-,-,70.00/Kg,200.0,Taita-Taveta,2026-05-03
Mghange,Capsicums,-,-,-,-,170.00/Kg,200.0,Taita-Taveta,2026-05-03
Mghange,Cabbages,-,-,-,-,60.00/Kg,1000.0,Taita-Taveta,2026-05-03
Mghange,Tomatoes,-,-,-,-,100.00/Kg,2500.0,Taita-Taveta,2026-05-03
Mghange,Dry Onions,-,-,-,-,130.00/Kg,2000.0,Taita-Taveta,2026-05-03
Mumias,Tilapia,Dried,-,-,-,403.23/Kg,,Kakamega,2026-05-03
Mumias,Omena,Dried,-,-,-,521.74/Kg,,Kakamega,2026-05-03
Mumias,Nile Perch,Smoked,-,-,-,312.50/Kg,,Kakamega,2026-05-03
Mumias,White Irish Potatoes,-,-,-,-,90.00/Kg,,Kakamega,2026-05-03
Mumias,Sweet potatoes,-,-,-,-,32.26/Kg,,Kakamega,2026-05-03
Mumias,Red Irish potato,-,-,-,-,80.00/Kg,,Kakamega,2026-05-03
Mumias,Cassava Fresh,-,-,-,-,55.56/Kg,,Kakamega,2026-05-03
Mumias,Cassava Chips (dry),-,-,-,-,62.50/Kg,,Kakamega,2026-05-03
Mumias,Arrow Root,-,-,-,-,71.43/Kg,,Kakamega,2026-05-03
Mumias,Water Melon,-,-,-,-,66.67/Kg,,Kakamega,2026-05-03
Mumias,Thorn melon,-,-,-,-,111.11/Kg,,Kakamega,2026-05-03
Mumias,Pineapples,-,-,-,-,111.11/Kg,,Kakamega,2026-05-03
Mumias,Pawpaw,-,-,-,-,125.00/Kg,,Kakamega,2026-05-03
Mumias,Oranges,-,-,-,-,78.95/Kg,,Kakamega,2026-05-03
Mumias,Mangoes,Improved,-,-,-,0.03/Kg,,Kakamega,2026-05-03
Mumias,Lemons,-,-,-,-,86.96/Kg,,Kakamega,2026-05-03
Mumias,Grapes,Black-Dark,-,-,-,740.00/Kg,,Kakamega,2026-05-03
Mumias,Banana (Ripening),-,-,-,-,153.85/Kg,,Kakamega,2026-05-03
Mumias,Avocado,Local,-,-,-,44.12/Kg,,Kakamega,2026-05-03
Mumias,Apples,-,-,-,-,285.71/Kg,,Kakamega,2026-05-03
Mumias,White Sorghum,-,-,-,-,63.64/kg,,Kakamega,2026-05-03
Mumias,Wheat Flour,Soko All Purpose HBF,-,-,-,82.50/Kg,,Kakamega,2026-05-03
Mumias,Wheat Flour,Pembe All Purpose HBF,-,-,-,87.50/Kg,,Kakamega,2026-05-03
Mumias,Wheat Flour,Ndovu all purpose HBF,-,-,-,82.50/Kg,,Kakamega,2026-05-03
Mumias,Wheat Flour,Exe Mandazi Fortified Wheat Flour,-,-,-,95.00/Kg,,Kakamega,2026-05-03
Mumias,Wheat Flour,Exe Chapati fortified wheat flour,-,-,-,90.00/Kg,,Kakamega,2026-05-03
Mumias,Wheat Flour,Exe All purpose fortified wheat flour,-,-,-,92.50/Kg,,Kakamega,2026-05-03
Mumias,Wheat Flour,Ajab fortigied Home Baking flour,-,-,-,85.00/Kg,,Kakamega,2026-05-03
Mumias,Rice,Pishori,-,-,-,190.00/Kg,,Kakamega,2026-05-03
Mumias,Rice,IRR,-,-,-,170.00/Kg,,Kakamega,2026-05-03
Mumias,Red Sorghum,-,-,-,-,76.19/Kg,,Kakamega,2026-05-03
Mumias,Maize Flour,Soko,-,-,-,82.50/Kg,,Kakamega,2026-05-03
Mumias,Maize Flour,Posho Mill,-,-,-,68.18/Kg,,Kakamega,2026-05-03
Mumias,Maize Flour,Posho Mill,-,-,-,68.18/Kg,,Kakamega,2026-05-03
Mumias,Maize Flour,Pembe,-,-,-,77.50/Kg,,Kakamega,2026-05-03
Mumias,Maize Flour,Jogoo wimbi,-,-,-,145.00/Kg,,Kakamega,2026-05-03
Mumias,Maize Flour,Jogoo,-,-,-,82.50/Kg,,Kakamega,2026-05-03
Mumias,Maize Flour,Hostess,-,-,-,95.00/Kg,,Kakamega,2026-05-03
Mumias,Maize Flour,Amaize,-,-,-,105.00/Kg,,Kakamega,2026-05-03
Mumias,Finger Millet,-,-,-,-,166.67/Kg,,Kakamega,2026-05-03
Mumias,Dry Maize,White Maize,-,-,-,59.09/Kg,,Kakamega,2026-05-03
Mumias,Spider flower (Saga),-,-,-,-,83.33/Kg,,Kakamega,2026-05-03
Mumias,Pumpkin Leaves,-,-,-,-,119.05/Kg,,Kakamega,2026-05-03
Mumias,Jute Plant (Murenda),-,-,-,-,83.33/Kg,,Kakamega,2026-05-03
Mumias,Indigenous Crotolaria (Mito/Miro),-,-,-,-,62.50/Kg,,Kakamega,2026-05-03
Mumias,Ethiopian Kales -Kanzira,-,-,-,-,107.14/Kg,,Kakamega,2026-05-03
Mumias,Cowpea leaves (Kunde),-,-,-,-,55.56/Kg,,Kakamega,2026-05-03
Mumias,Black nightshade (Managu/ Osuga),-,-,-,-,125.00/Kg,,Kakamega,2026-05-03
Mumias,Amaranthus (Terere),-,-,-,-,106.95/Kg,,Kakamega,2026-05-03
Mumias,Tomatoes,-,-,-,-,121.95/Kg,,Kakamega,2026-05-03
Mumias,Spring Onions,-,-,-,-,151.52/Kg,,Kakamega,2026-05-03
Mumias,Spinach,-,-,-,-,57.69/Kg,,Kakamega,2026-05-03
Mumias,Pumpkin,-,-,-,-,62.50/Kg,,Kakamega,2026-05-03
Mumias,Kales/Sukuma Wiki,-,-,-,-,62.50/Kg,,Kakamega,2026-05-03
Mumias,Ginger,-,-,-,-,214.29/Kg,,Kakamega,2026-05-03
Mumias,Garlic,-,-,-,-,483.87/Kg,,Kakamega,2026-05-03
Mumias,Fresh Peas,On pods,-,-,-,111.11/Kg,,Kakamega,2026-05-03
Mumias,Dry Onions,-,-,-,-,138.89/Kg,,Kakamega,2026-05-03
Mumias,Cucumber,-,-,-,-,93.75/Kg,,Kakamega,2026-05-03
Mumias,Coriander (Dhania),-,-,-,-,188.68/Kg,,Kakamega,2026-05-03
Mumias,Chillies,-,-,-,-,125.00/Kg,,Kakamega,2026-05-03
Mumias,Carrots,-,-,-,-,119.05/Kg,,Kakamega,2026-05-03
Mumias,Capsicums,-,-,-,-,142.86/Kg,,Kakamega,2026-05-03
Mumias,Cabbages,-,-,-,-,20.83/Kg,,Kakamega,2026-05-03
Mumias,Butternuts,-,-,-,-,250.00/Kg,,Kakamega,2026-05-03
Mumias,Banana (Plantain),-,-,-,-,55.56/Kg,,Kakamega,2026-05-03
Mumias,Banana (Cooking),-,-,-,-,28.57/Kg,,Kakamega,2026-05-03
Mumias,Njugu Mawe,-,-,-,-,545.45/Kg,,Kakamega,2026-05-03
Mumias,Mixed Beans,-,-,-,-,113.64/Kg,,Kakamega,2026-05-03
Mumias,Lentils,-,-,-,-,480.00/Kg,,Kakamega,2026-05-03
Mumias,Ground Nuts,Small Red,-,-,-,285.71/Kg,,Kakamega,2026-05-03
Mumias,Green Grams,Local-Special,-,-,-,150.00/Kg,,Kakamega,2026-05-03
Mumias,Green Grams,Hybrid/ polished,-,-,-,190.00/Kg,,Kakamega,2026-05-03
Mumias,Dry Peas,-,-,-,-,300.00/Kg,,Kakamega,2026-05-03
Mumias,Dolichos lablab (Njahi),-,-,-,-,280.00/Kg,,Kakamega,2026-05-03
Mumias,Cowpeas,-,-,-,-,152.17/Kg,,Kakamega,2026-05-03
Mumias,Beans Rosecoco,-,-,-,-,173.91/Kg,,Kakamega,2026-05-03
Mumias,Beans Red Haricot (Wairimu),-,-,-,-,125.00/Kg,,Kakamega,2026-05-03
Mumias,Beans (Yellow-Green),-,-,-,-,173.91/Kg,,Kakamega,2026-05-03
Mumias,Beans (Mwitemania),-,-,-,-,159.09/Kg,,Kakamega,2026-05-03
Mumias,Beans (Mwezi Moja),-,-,-,-,300.00/Kg,,Kakamega,2026-05-03
Mumias,Beans (Canadian wonder),-,-,-,-,173.91/Kg,,Kakamega,2026-05-03
Mumias,Fertilizer,Urea,-,-,-,108.00/Kg,,Kakamega,2026-05-03
Mumias,Fertilizer,NPK,-,-,-,114.00/Kg,,Kakamega,2026-05-03
Mumias,Fertilizer,DAP,-,-,-,118.00/Kg,,Kakamega,2026-05-03
Mumias,Fertilizer,CAN,-,-,-,94.00/Kg,,Kakamega,2026-05-03
Mukuyu Market,Cabbages,-,-,-,-,60.00/Kg,,Muranga,2026-05-02
Mukuyu Market,Carrots,-,-,-,-,60.00/Kg,,Muranga,2026-05-02
Mukuyu Market,Dry Onions,-,-,-,-,120.00/Kg,,Muranga,2026-05-02
Mukuyu Market,Spinach,-,-,-,-,50.00/Kg,,Muranga,2026-05-02
Mukuyu Market,Tomatoes,-,-,-,-,90.00/Kg,,Muranga,2026-05-02
Mukuyu Market,Sweet potatoes,-,-,-,-,100.00/Kg,,Muranga,2026-05-02
Mukuyu Market,Arrow Root,-,-,-,-,100.00/Kg,,Muranga,2026-05-02
Makutano Kirinyaga,Sunflower Seeds,-,-,-,60.00/Kg,80.00/Kg,300.0,Kirinyaga,2026-05-02
Makutano Kirinyaga,Lemons,-,-,-,30.00/Kg,50.00/Kg,,Kirinyaga,2026-05-02
Makutano Kirinyaga,Thorn melon,-,-,-,40.00/Kg,60.00/Kg,,Kirinyaga,2026-05-02
Makutano Kirinyaga,Water Melon,-,-,-,15.00/Kg,25.00/Kg,,Kirinyaga,2026-05-02
Makutano Kirinyaga,Paddy Rice,Pishori,-,-,80.00/Kg,85.00/Kg,,Kirinyaga,2026-05-02
Makutano Kirinyaga,Dry Maize,Yellow Maize,-,-,40.00/Kg,45.00/Kg,,Kirinyaga,2026-05-02
Makutano Kirinyaga,Pumpkin Leaves,-,-,-,40.00/Kg,50.00/Kg,,Kirinyaga,2026-05-02
Makutano Kirinyaga,Jute Plant (Murenda),-,-,-,20.00/Kg,30.00/Kg,750.0,Kirinyaga,2026-05-02
Makutano Kirinyaga,Cowpea leaves (Kunde),-,-,-,15.00/Kg,25.00/Kg,850.0,Kirinyaga,2026-05-02
Makutano Kirinyaga,Black nightshade (Managu/ Osuga),-,-,-,35.00/Kg,50.00/Kg,1900.0,Kirinyaga,2026-05-02
Makutano Kirinyaga,Amaranthus (Terere),-,-,-,40.00/Kg,50.00/Kg,950.0,Kirinyaga,2026-05-02
Makutano Kirinyaga,Banana (Cooking),-,-,-,55.00/Kg,70.00/Kg,1800.0,Kirinyaga,2026-05-02
Makutano Kirinyaga,Capsicums,-,-,-,35.00/Kg,50.00/Kg,1800.0,Kirinyaga,2026-05-02
Makutano Kirinyaga,Carrots,-,-,-,55.00/Kg,70.00/Kg,2800.0,Kirinyaga,2026-05-02
Makutano Kirinyaga,Dry Onions,-,-,-,120.00/Kg,140.00/Kg,3600.0,Kirinyaga,2026-05-02
Makutano Kirinyaga,Fresh Peas,On pods,-,-,120.00/Kg,140.00/Kg,3500.0,Kirinyaga,2026-05-02
Makutano Kirinyaga,Garlic,-,-,-,300.00/Kg,350.00/Kg,280.0,Kirinyaga,2026-05-02
Makutano Kirinyaga,Ginger,-,-,-,120.00/Kg,150.00/Kg,680.0,Kirinyaga,2026-05-02
Makutano Kirinyaga,Kales/Sukuma Wiki,-,-,-,30.00/Kg,40.00/Kg,2000.0,Kirinyaga,2026-05-02
Makutano Kirinyaga,Spinach,-,-,-,40.00/Kg,50.00/Kg,2400.0,Kirinyaga,2026-05-02
Makutano Kirinyaga,Spring Onions,-,-,-,60.00/Kg,80.00/Kg,2800.0,Kirinyaga,2026-05-02
Makutano Kirinyaga,Tomatoes,-,-,-,106.67/Kg,116.67/Kg,4800.0,Kirinyaga,2026-05-02
Makutano Kirinyaga,Finger Millet,-,-,-,170.00/Kg,200.00/Kg,1900.0,Kirinyaga,2026-05-02
Makutano Kirinyaga,Dry Maize,White Maize,-,-,38.00/Kg,45.00/Kg,3500.0,Kirinyaga,2026-05-02
Makutano Kirinyaga,Pigeon peas,-,-,-,100.00/Kg,115.00/Kg,1800.0,Kirinyaga,2026-05-02
Makutano Kirinyaga,Mixed Beans,-,-,-,100.00/Kg,120.00/Kg,3200.0,Kirinyaga,2026-05-02
Makutano Kirinyaga,Green Grams,Hybrid/ polished,-,-,120.00/Kg,150.00/Kg,1200.0,Kirinyaga,2026-05-02
Makutano Kirinyaga,Dry Peas,-,-,-,95.00/Kg,120.00/Kg,2400.0,Kirinyaga,2026-05-02
Makutano Kirinyaga,Dolichos lablab (Njahi),-,-,-,80.00/Kg,110.00/Kg,1700.0,Kirinyaga,2026-05-02
Makutano Kirinyaga,Cowpeas,-,-,-,80.00/Kg,120.00/Kg,1800.0,Kirinyaga,2026-05-02
Makutano Kirinyaga,Beans Rosecoco (Nyayo),-,-,-,80.00/Kg,110.00/Kg,1500.0,Kirinyaga,2026-05-02
Makutano Kirinyaga,Beans Red Haricot (Wairimu),-,-,-,80.00/Kg,100.00/Kg,2800.0,Kirinyaga,2026-05-02
Makutano Kirinyaga,Beans (Yellow-Green),-,-,-,120.00/Kg,150.00/Kg,3200.0,Kirinyaga,2026-05-02
Sabatia,Chicken,Improved Kienyeji,-,Female,300.00/Head,-,6.0,Kakamega,2026-05-02
Sabatia,Chicken,Improved Kienyeji,-,Male,300.00/Head,-,4.0,Kakamega,2026-05-02
Sabatia,Chicken,Improved Kienyeji,-,Female,850.00/Head,-,12.0,Kakamega,2026-05-02
Sabatia,Chicken,Improved Kienyeji,-,Male,1100.00/Head,-,8.0,Kakamega,2026-05-02
Sabatia,Chicken,Improved Kienyeji,-,Female,1000.00/Head,-,11.0,Kakamega,2026-05-02
Sabatia,Chicken,Improved Kienyeji,-,Male,1400.00/Head,-,5.0,Kakamega,2026-05-02
Sabatia,Chicken,Indigenous,-,Female,300.00/Head,-,12.0,Kakamega,2026-05-02
Sabatia,Chicken,Indigenous,-,Male,300.00/Head,-,10.0,Kakamega,2026-05-02
Sabatia,Chicken,Indigenous,-,Female,750.00/Head,-,31.0,Kakamega,2026-05-02
Sabatia,Chicken,Indigenous,-,Male,1000.00/Head,-,25.0,Kakamega,2026-05-02
Sabatia,Chicken,Indigenous,-,Female,900.00/Head,-,30.0,Kakamega,2026-05-02
Sabatia,Chicken,Indigenous,-,Male,1300.00/Head,-,21.0,Kakamega,2026-05-02
Sabatia,Tilapia,Fresh,-,-,200.00/Kg,600.00/Kg,550.0,Kakamega,2026-05-02
Sabatia,Dry Onions,-,-,-,100.00/Kg,125.00/Kg,2000.0,Kakamega,2026-05-02
Sabatia,Tomatoes,-,-,-,85.71/Kg,125.00/Kg,3500.0,Kakamega,2026-05-02
Sabatia,Avocado,Local,-,-,20.00/Kg,50.00/Kg,500.0,Kakamega,2026-05-02
Sabatia,Kales/Sukuma Wiki,-,-,-,37.50/Kg,58.33/Kg,1200.0,Kakamega,2026-05-02
Sabatia,White Irish Potatoes,-,-,-,64.29/Kg,62.50/Kg,14400.0,Kakamega,2026-05-02
Sabatia,Sweet potatoes,-,-,-,40.00/Kg,62.50/Kg,500.0,Kakamega,2026-05-02
Sabatia,Cabbages,-,-,-,23.81/Kg,28.57/Kg,5300.0,Kakamega,2026-05-02
Kakamega Town,Tilapia,Fresh,-,-,450.00/Kg,600.00/Kg,10000.0,Kakamega,2026-05-02
Kakamega Town,Tilapia,Fresh,-,-,450.00/Kg,600.00/Kg,10000.0,Kakamega,2026-05-02
Kakamega Town,Sweet potatoes,-,-,-,80.00/Kg,100.00/Kg,1000.0,Kakamega,2026-05-02
Kakamega Town,White Irish Potatoes,-,-,-,50.00/Kg,70.00/Kg,4000.0,Kakamega,2026-05-02
Sabatia,Water Melon,-,-,-,34.78/Kg,43.48/Kg,400.0,Kakamega,2026-05-02
Sabatia,Oranges,-,-,-,30.00/Kg,45.45/Kg,1000.0,Kakamega,2026-05-02
Kakamega Town,Water Melon,-,-,-,50.00/Kg,64.29/Kg,6000.0,Kakamega,2026-05-02
Kakamega Town,Pineapples,-,-,-,100.00/Kg,180.00/Kg,5000.0,Kakamega,2026-05-02
Sabatia,Mangoes,Improved,-,-,25.00/Kg,45.45/Kg,2000.0,Kakamega,2026-05-02
Kakamega Town,Avocado,Local,-,-,80.00/Kg,120.00/Kg,3000.0,Kakamega,2026-05-02
Kakamega Town,Dry Maize,White Maize,-,-,42.22/Kg,60.00/Kg,20000.0,Kakamega,2026-05-02
Sabatia,Beans Red Haricot (Wairimu),-,-,-,133.33/Kg,134.62/Kg,360.0,Kakamega,2026-05-02
Kakamega Town,Black nightshade (Managu/ Osuga),-,-,-,80.00/Kg,120.00/Kg,2000.0,Kakamega,2026-05-02
Sabatia,Mixed Beans,-,-,-,111.11/Kg,107.69/Kg,630.0,Kakamega,2026-05-02
Sabatia,Cowpeas,-,-,-,111.11/Kg,115.38/Kg,360.0,Kakamega,2026-05-02
Sabatia,Green Grams,Local-Special,-,-,124.44/Kg,115.38/Kg,810.0,Kakamega,2026-05-02
Kakamega Town,Kales/Sukuma Wiki,-,-,-,50.00/Kg,80.00/Kg,2000.0,Kakamega,2026-05-02
Sabatia,Ground Nuts,Small Red,-,-,257.78/Kg,285.71/Kg,540.0,Kakamega,2026-05-02
Kakamega Town,Tomatoes,-,-,-,150.00/Kg,200.00/Kg,4000.0,Kakamega,2026-05-02
Kakamega Town,Dry Onions,-,-,-,60.00/Kg,100.00/Kg,6000.0,Kakamega,2026-05-02
Kakamega Town,Carrots,-,-,-,40.00/Kg,60.00/Kg,3000.0,Kakamega,2026-05-02
Kakamega Town,Cabbages,-,-,-,20.00/Kg,40.00/Kg,4000.0,Kakamega,2026-05-02
Sabatia,Beans (Yellow-Green),-,-,-,155.56/Kg,1538.46/Kg,180.0,Kakamega,2026-05-02
Kakamega Town,Mixed Beans,-,-,-,88.89/Kg,120.00/Kg,5000.0,Kakamega,2026-05-02
Kakamega Town,Beans Rosecoco,-,-,-,133.33/Kg,180.00/Kg,9000.0,Kakamega,2026-05-02
Sabatia,Red Sorghum,-,-,-,57.78/Kg,68.18/Kg,540.0,Kakamega,2026-05-02
Sabatia,Finger Millet,-,-,-,124.44/Kg,136.36/Kg,720.0,Kakamega,2026-05-02
Sabatia,Dry Maize,White Maize,-,-,44.44/Kg,47.83/Kg,13500.0,Kakamega,2026-05-02
Kabati - Muranga,Lentils,-,-,-,-,280.00/Kg,,Muranga,2026-05-02
Kabati - Muranga,Dragon Fruit,-,-,-,-,400.00/Kg,,Muranga,2026-05-02
Kabati - Muranga,Pork,-,-,-,-,700.00/Kg,,Muranga,2026-05-02
Kabati - Muranga,Eggs,Exotic/Grade,-,-,-,400.00/Tray(30),,Muranga,2026-05-02
Kabati - Muranga,Cow Milk(At collection point),-,-,-,-,45.00/Lt,,Muranga,2026-05-02
Kabati - Muranga,Cow Milk(At collection point),-,-,-,-,45.00/Lt,,Muranga,2026-05-02
Kabati - Muranga,Water Melon,-,-,-,-,55.00/Kg,,Muranga,2026-05-02
Kabati - Muranga,Tree tomato,-,-,-,-,100.00/Kg,,Muranga,2026-05-02
Kabati - Muranga,Thorn melon,-,-,-,-,60.00/Kg,,Muranga,2026-05-02
Kabati - Muranga,Tangerine (Sandara),-,-,-,-,80.00/Kg,,Muranga,2026-05-02
Kabati - Muranga,Pineapples,-,-,-,-,53.33/Kg,,Muranga,2026-05-02
Kabati - Muranga,Pawpaw,-,-,-,-,80.00/Kg,,Muranga,2026-05-02
Kabati - Muranga,Oranges,-,-,-,-,100.00/Kg,,Muranga,2026-05-02
Kabati - Muranga,Mangoes,Improved,-,-,-,100.00/Kg,,Muranga,2026-05-02
Kabati - Muranga,Lemons,-,-,-,-,70.00/Kg,,Muranga,2026-05-02
Kabati - Muranga,Grapes,White,-,-,-,600.00/Kg,,Muranga,2026-05-02
Kabati - Muranga,Banana (Ripening),-,-,-,-,35.00/Kg,,Muranga,2026-05-02
Kabati - Muranga,Avocado,Hass,-,-,-,80.00/Kg,,Muranga,2026-05-02
Kabati - Muranga,Apples,-,-,-,-,180.00/Kg,,Muranga,2026-05-02
Kabati - Muranga,Black nightshade (Managu/ Osuga),-,-,-,-,35.00/Kg,,Muranga,2026-05-02
Kabati - Muranga,Amaranthus (Terere),-,-,-,-,45.00/Kg,,Muranga,2026-05-02
Kabati - Muranga,Tomatoes,-,-,-,-,50.00/Kg,,Muranga,2026-05-02
Kabati - Muranga,Spinach,-,-,-,-,45.00/Kg,,Muranga,2026-05-02
Kabati - Muranga,Pumpkin,-,-,-,-,53.33/Kg,,Muranga,2026-05-02
Kabati - Muranga,Kales/Sukuma Wiki,-,-,-,-,45.00/Kg,,Muranga,2026-05-02
Kabati - Muranga,Green Maize,-,-,-,-,100.00/Kg,,Muranga,2026-05-02
Kabati - Muranga,Garlic,-,-,-,-,480.00/Kg,,Muranga,2026-05-02
Kabati - Muranga,Fresh Peas,Shelled Peas,-,-,-,250.00/Kg,,Muranga,2026-05-02
Kabati - Muranga,French beans,-,-,-,-,60.00/Kg,,Muranga,2026-05-02
Kabati - Muranga,Cucumber,-,-,-,-,80.00/Kg,,Muranga,2026-05-02
Kabati - Muranga,Coriander (Dhania),-,-,-,-,50.00/Kg,,Muranga,2026-05-02
Kabati - Muranga,Chillies,-,-,-,-,120.00/Kg,,Muranga,2026-05-02
Kabati - Muranga,Carrots,-,-,-,-,70.00/Kg,,Muranga,2026-05-02
Kabati - Muranga,Capsicums,-,-,-,-,80.00/Kg,,Muranga,2026-05-02
Kabati - Muranga,Cabbages,-,-,-,-,50.00/Kg,,Muranga,2026-05-02
Kabati - Muranga,Butternuts,-,-,-,46.67/Kg,60.00/Kg,,Muranga,2026-05-02
Kabati - Muranga,Banana (Plantain),-,-,-,20.00/Kg,40.00/Kg,,Muranga,2026-05-02
Kabati - Muranga,Banana (Cooking),-,-,-,18.00/Kg,35.00/Kg,,Muranga,2026-05-02
Ngurubani Market,Meat Beef,-,-,-,650.00/Kg,750.00/Kg,1420.0,Kirinyaga,2026-05-01
Ngurubani Market,Eggs,Exotic/Grade,-,-,420.00/Tray(30),480.00/Tray(30),2220.0,Kirinyaga,2026-05-01
Ngurubani Market,Pork,-,-,-,650.00/Kg,750.00/Kg,425.0,Kirinyaga,2026-05-01
Ngurubani Market,White Irish Potatoes,-,-,-,45.00/Kg,50.00/Kg,21500.0,Kirinyaga,2026-05-01
Ngurubani Market,Sweet potatoes,-,-,-,80.00/Kg,100.00/Kg,450.0,Kirinyaga,2026-05-01
Ngurubani Market,Arrow Root,-,-,-,100.00/Kg,140.00/Kg,1200.0,Kirinyaga,2026-05-01
Ngurubani Market,Rice,Pishori,-,-,150.00/Kg,170.00/Kg,145000.0,Kirinyaga,2026-05-01
Ngurubani Market,Red Sorghum,-,-,-,91.11/Kg,110.00/Kg,2580.0,Kirinyaga,2026-05-01
Ngurubani Market,Dry Maize,White Maize,-,-,52.22/Kg,60.00/Kg,5680.0,Kirinyaga,2026-05-01
Ngurubani Market,Pumpkin Leaves,-,-,-,20.00/Kg,30.00/Kg,210.0,Kirinyaga,2026-05-01
Ngurubani Market,Cowpea leaves (Kunde),-,-,-,50.00/Kg,70.00/Kg,310.0,Kirinyaga,2026-05-01
Ngurubani Market,Black nightshade (Managu/ Osuga),-,-,-,30.00/Kg,40.00/Kg,325.0,Kirinyaga,2026-05-01
Ngurubani Market,Amaranthus (Terere),-,-,-,25.00/Kg,35.00/Kg,220.0,Kirinyaga,2026-05-01
Ngurubani Market,Thorn melon,-,-,-,80.00/Kg,120.00/Kg,420.0,Kirinyaga,2026-05-01
Ngurubani Market,Water Melon,-,-,-,25.00/Kg,33.00/Kg,24000.0,Kirinyaga,2026-05-01
Ngurubani Market,Tree tomato,-,-,-,70.00/Kg,100.00/Kg,450.0,Kirinyaga,2026-05-01
Ngurubani Market,Pineapples,-,-,-,40.00/Kg,60.00/Kg,680.0,Kirinyaga,2026-05-01
Ngurubani Market,Pawpaw,-,-,-,40.00/Kg,60.00/Kg,220.0,Kirinyaga,2026-05-01
Ngurubani Market,Passion Fruits,-,-,-,150.00/Kg,220.00/Kg,350.0,Kirinyaga,2026-05-01
Ngurubani Market,Oranges,-,-,-,60.00/Kg,80.00/Kg,2200.0,Kirinyaga,2026-05-01
Ngurubani Market,Lemons,-,-,-,50.00/Kg,70.00/Kg,120.0,Kirinyaga,2026-05-01
Ngurubani Market,Avocado,Local,-,-,50.00/Kg,70.00/Kg,2150.0,Kirinyaga,2026-05-01
Ngurubani Market,Lentils,-,-,-,188.89/Kg,220.00/Kg,2150.0,Kirinyaga,2026-05-01
Ngurubani Market,Pigeon peas,-,-,-,72.22/Kg,90.00/Kg,2800.0,Kirinyaga,2026-05-01
Ngurubani Market,Mixed Beans,-,-,-,86.67/Kg,110.00/Kg,2100.0,Kirinyaga,2026-05-01
Ngurubani Market,Green Grams,Hybrid/ polished,-,-,100.00/Kg,150.00/Kg,1850.0,Kirinyaga,2026-05-01
Ngurubani Market,Dolichos lablab (Njahi),-,-,-,83.33/Kg,100.00/Kg,2500.0,Kirinyaga,2026-05-01
Ngurubani Market,Cowpeas,-,-,-,100.00/Kg,140.00/Kg,220.0,Kirinyaga,2026-05-01
Ngurubani Market,Beans Rosecoco (Nyayo),-,-,-,110.00/Kg,160.00/Kg,4200.0,Kirinyaga,2026-05-01
Ngurubani Market,Beans Red Haricot (Wairimu),-,-,-,100.00/Kg,140.00/Kg,5280.0,Kirinyaga,2026-05-01
Ngurubani Market,Beans (Yellow-Green),-,-,-,124.44/Kg,170.00/Kg,4250.0,Kirinyaga,2026-05-01
Ngurubani Market,Beans (Mwitemania),-,-,-,91.11/Kg,120.00/Kg,2580.0,Kirinyaga,2026-05-01
Ngurubani Market,Tomatoes,-,-,-,60.00/Kg,80.00/Kg,1450.0,Kirinyaga,2026-05-01
Ngurubani Market,Spring Onions,-,-,-,40.00/Kg,60.00/Kg,250.0,Kirinyaga,2026-05-01
Ngurubani Market,Spinach,-,-,-,40.00/Kg,50.00/Kg,220.0,Kirinyaga,2026-05-01
Ngurubani Market,Pumpkin,-,-,-,30.00/Kg,40.00/Kg,1650.0,Kirinyaga,2026-05-01
Ngurubani Market,Kales/Sukuma Wiki,-,-,-,20.00/Kg,30.00/Kg,1250.0,Kirinyaga,2026-05-01
Ngurubani Market,Green Maize,-,-,-,40.00/Kg,60.00/Kg,2150.0,Kirinyaga,2026-05-01
Ngurubani Market,French beans,-,-,-,60.00/Kg,80.00/Kg,350.0,Kirinyaga,2026-05-01
Ngurubani Market,Fresh Peas,On pods,-,-,150.00/Kg,170.00/Kg,1500.0,Kirinyaga,2026-05-01
Ngurubani Market,Egg plant (Brinjals),-,-,-,50.00/Kg,80.00/Kg,45.0,Kirinyaga,2026-05-01
Ngurubani Market,Dry Onions,-,-,-,80.00/Kg,120.00/Kg,6500.0,Kirinyaga,2026-05-01
Ngurubani Market,Cucumber,-,-,-,70.00/Kg,100.00/Kg,100.0,Kirinyaga,2026-05-01
Ngurubani Market,Courgette,-,-,-,70.00/Kg,100.00/Kg,180.0,Kirinyaga,2026-05-01
Ngurubani Market,Coriander (Dhania),-,-,-,50.00/Kg,80.00/Kg,220.0,Kirinyaga,2026-05-01
Ngurubani Market,Chillies,-,-,-,50.00/Kg,70.00/Kg,210.0,Kirinyaga,2026-05-01
Ngurubani Market,Carrots,-,-,-,40.00/Kg,70.00/Kg,2250.0,Kirinyaga,2026-05-01
Ngurubani Market,Capsicums,-,-,-,40.00/Kg,60.00/Kg,420.0,Kirinyaga,2026-05-01
Ngurubani Market,Cabbages,-,-,-,20.00/Kg,25.00/Kg,22500.0,Kirinyaga,2026-05-01
Ngurubani Market,Butternuts,-,-,-,35.00/Kg,45.00/Kg,1850.0,Kirinyaga,2026-05-01
Ngurubani Market,Banana (Cooking),-,-,-,25.00/Kg,35.00/Kg,2258.0,Kirinyaga,2026-05-01
Ngurubani Market,Fertilizer,NPK,-,-,92.00/Kg,110.00/Kg,220000.0,Kirinyaga,2026-05-01
Ngurubani Market,Fertilizer,DAP,-,-,136.00/Kg,140.00/Kg,142000.0,Kirinyaga,2026-05-01
Ngurubani Market,Fertilizer,CAN,-,-,66.00/Kg,80.00/Kg,52000.0,Kirinyaga,2026-05-01
Ndanai Market,Eggs,Indigenous /Kenyeji,-,-,540.00/Tray(30),600.00/Tray(30),15000.0,Bomet,2026-05-01
Ndanai Market,Chicken,Indigenous,-,Male,600.00/Head,-,1200.0,Bomet,2026-05-01
Ndanai Market,Chicken,Improved Kienyeji,-,Male,1000.00/Head,-,1500.0,Bomet,2026-05-01
Ndanai Market,Water Melon,-,-,-,90.00/Kg,120.00/Kg,6000.0,Bomet,2026-05-01
Ndanai Market,Oranges,-,-,-,59.09/Kg,100.00/Kg,7000.0,Bomet,2026-05-01
Ndanai Market,Mangoes,Improved,-,-,24.00/Kg,50.00/Kg,8000.0,Bomet,2026-05-01
Ndanai Market,Banana (Ripening),-,-,-,20.00/Kg,50.00/Kg,10000.0,Bomet,2026-05-01
Ndanai Market,Banana (Ripening),-,-,-,20.00/Kg,50.00/Kg,10000.0,Bomet,2026-05-01
Ndanai Market,Dry Maize,White Maize,-,-,48.89/Kg,140.00/Kg,36000.0,Bomet,2026-05-01
Ndanai Market,Spider flower (Saga),-,-,-,60.00/Kg,100.00/Kg,2500.0,Bomet,2026-05-01
Ndanai Market,Black nightshade (Managu/ Osuga),-,-,-,60.00/Kg,100.00/Kg,3500.0,Bomet,2026-05-01
Ndanai Market,Tomatoes,-,-,-,75.00/Kg,100.00/Kg,12800.0,Bomet,2026-05-01
Ndanai Market,Kales/Sukuma Wiki,-,-,-,9.44/Kg,20.00/Kg,3600.0,Bomet,2026-05-01
Ndanai Market,Dry Onions,-,-,-,75.00/Kg,1000.00/Kg,8000.0,Bomet,2026-05-01
Ndanai Market,Cabbages,-,-,-,10.00/Kg,20.00/Kg,12000.0,Bomet,2026-05-01
Ndanai Market,Beans Rosecoco,-,-,-,133.33/Kg,175.00/Kg,9000.0,Bomet,2026-05-01
Kerugoya,White Irish Potatoes,-,-,-,40.00/Kg,75.00/Kg,2300.0,Kirinyaga,2026-05-01
Kerugoya,Water Melon,-,-,-,30.00/Kg,45.00/Kg,300.0,Kirinyaga,2026-05-01
Kerugoya,Tree tomato,-,-,-,100.00/Kg,200.00/Kg,250.0,Kirinyaga,2026-05-01
Kerugoya,Thorn melon,-,-,-,30.00/Kg,60.00/Kg,160.0,Kirinyaga,2026-05-01
Kerugoya,Passion Fruits,-,-,-,170.00/Kg,240.00/Kg,300.0,Kirinyaga,2026-05-01
Kerugoya,Oranges,-,-,-,60.00/Kg,120.00/Kg,300.0,Kirinyaga,2026-05-01
Kerugoya,Banana (Ripening),-,-,-,25.00/Kg,50.00/Kg,300.0,Kirinyaga,2026-05-01
Kerugoya,Rice,Pishori,-,-,160.00/Kg,180.00/Kg,2250.0,Kirinyaga,2026-05-01
Kerugoya,Tomatoes,-,-,-,45.00/Kg,80.00/Kg,1500.0,Kirinyaga,2026-05-01
Kerugoya,Pumpkin,-,-,-,40.00/Kg,80.00/Kg,200.0,Kirinyaga,2026-05-01
Kerugoya,Kales/Sukuma Wiki,-,-,-,20.00/Kg,35.00/Kg,230.0,Kirinyaga,2026-05-01
Kerugoya,Ginger,-,-,-,170.00/Kg,260.00/Kg,200.0,Kirinyaga,2026-05-01
Kerugoya,Ginger,-,-,-,170.00/Kg,260.00/Kg,200.0,Kirinyaga,2026-05-01
Kerugoya,Fresh Peas,On pods,-,-,90.00/Kg,140.00/Kg,400.0,Kirinyaga,2026-05-01
Kerugoya,Dry Onions,-,-,-,75.00/Kg,140.00/Kg,2300.0,Kirinyaga,2026-05-01
Kerugoya,Courgette,-,-,-,80.00/Kg,150.00/Kg,300.0,Kirinyaga,2026-05-01
Kerugoya,Carrots,-,-,-,35.00/Kg,70.00/Kg,480.0,Kirinyaga,2026-05-01
Kerugoya,Capsicums,-,-,-,50.00/Kg,100.00/Kg,250.0,Kirinyaga,2026-05-01
Kerugoya,Capsicums,-,-,-,50.00/Kg,100.00/Kg,250.0,Kirinyaga,2026-05-01
Kerugoya,Cabbages,-,-,-,15.00/Kg,25.00/Kg,350.0,Kirinyaga,2026-05-01
Kerugoya,Butternuts,-,-,-,45.00/Kg,90.00/Kg,180.0,Kirinyaga,2026-05-01
Kerugoya,Banana (Cooking),-,-,-,18.00/Kg,35.00/Kg,780.0,Kirinyaga,2026-05-01
Kerugoya,Pigeon peas,-,-,-,120.00/Kg,150.00/Kg,2350.0,Kirinyaga,2026-05-01
Kerugoya,Mixed Beans,-,-,-,100.00/Kg,140.00/Kg,1150.0,Kirinyaga,2026-05-01
Kerugoya,Lentils,-,-,-,275.00/Kg,330.00/Kg,1250.0,Kirinyaga,2026-05-01
Kerugoya,Ground Nuts,Large Brown,-,-,270.00/Kg,320.00/Kg,800.0,Kirinyaga,2026-05-01
Kerugoya,Green Grams,Makueni,-,-,125.00/Kg,165.00/Kg,1600.0,Kirinyaga,2026-05-01
Kerugoya,Green Grams,Local-Special,-,-,140.00/Kg,180.00/Kg,1550.0,Kirinyaga,2026-05-01
Kerugoya,Green Grams,Hybrid/ polished,-,-,140.00/Kg,185.00/Kg,1400.0,Kirinyaga,2026-05-01
Kerugoya,Dry Peas,-,-,-,175.00/Kg,220.00/Kg,500.0,Kirinyaga,2026-05-01
Kerugoya,Dolichos lablab (Njahi),-,-,-,95.00/Kg,130.00/Kg,1650.0,Kirinyaga,2026-05-01
Kerugoya,Cowpeas,-,-,-,120.00/Kg,150.00/Kg,2200.0,Kirinyaga,2026-05-01
Kerugoya,Beans Rosecoco (Nyayo),-,-,-,145.00/Kg,190.00/Kg,2500.0,Kirinyaga,2026-05-01
Kerugoya,Beans Rosecoco,-,-,-,140.00/Kg,180.00/Kg,2450.0,Kirinyaga,2026-05-01
Kerugoya,Beans Red Haricot (Wairimu),-,-,-,120.00/Kg,150.00/Kg,2650.0,Kirinyaga,2026-05-01
Kerugoya,Beans (Yellow-Green),-,-,-,145.00/Kg,150.00/Kg,1650.0,Kirinyaga,2026-05-01
Kerugoya,Beans (Mwitemania),-,-,-,135.00/Kg,175.00/Kg,2350.0,Kirinyaga,2026-05-01
Kerugoya,Beans (Mwezi Moja),-,-,-,120.00/Kg,160.00/Kg,2600.0,Kirinyaga,2026-05-01
Kerugoya,Beans (Canadian wonder),-,-,-,120.00/Kg,160.00/Kg,2500.0,Kirinyaga,2026-05-01
Gakoromone,Tomatoes,-,-,-,80.00/Kg,100.00/Kg,24000.0,Meru,2026-05-01
Gakoromone,Spinach,-,-,-,35.00/Kg,40.00/Kg,3500.0,Meru,2026-05-01
Gakoromone,Pumpkin,-,-,-,50.00/Kg,60.00/Kg,1000.0,Meru,2026-05-01
Gakoromone,Kales/Sukuma Wiki,-,-,-,25.00/Kg,30.00/Kg,4500.0,Meru,2026-05-01
Gakoromone,Fresh Peas,On pods,-,-,130.00/Kg,140.00/Kg,1000.0,Meru,2026-05-01
Gakoromone,Dry Onions,-,-,-,100.00/Kg,120.00/Kg,30000.0,Meru,2026-05-01
Gakoromone,Courgette,-,-,-,110.00/Kg,100.00/Kg,1500.0,Meru,2026-05-01
Gakoromone,Carrots,-,-,-,31.43/Kg,35.71/Kg,45000.0,Meru,2026-05-01
Gakoromone,Capsicums,-,-,-,60.00/Kg,70.00/Kg,1000.0,Meru,2026-05-01
Gakoromone,Cabbages,-,-,-,16.67/Kg,55.00/Kg,35000.0,Meru,2026-05-01
Gakoromone,Butternuts,-,-,-,40.00/Kg,45.00/Kg,300.0,Meru,2026-05-01
Gakoromone,Banana (Plantain),-,-,-,18.00/Kg,20.00/Kg,20000.0,Meru,2026-05-01
Gakoromone,Banana (Cooking),-,-,-,18.00/Kg,20.00/Kg,18000.0,Meru,2026-05-01
Gakoromone,White Irish Potatoes,-,-,-,82.86/Kg,85.71/Kg,24000.0,Meru,2026-05-01
Gakoromone,Sweet potatoes,-,-,-,32.86/Kg,35.71/Kg,1000.0,Meru,2026-05-01
Gakoromone,Arrow Root,-,-,-,57.14/Kg,64.29/Kg,3000.0,Meru,2026-05-01
Gakoromone,Water Melon,-,-,-,37.00/Kg,45.00/Kg,35000.0,Meru,2026-05-01
Gakoromone,Thorn melon,-,-,-,20.00/Kg,25.00/Kg,200.0,Meru,2026-05-01
Gakoromone,Pawpaw,-,-,-,80.00/Kg,90.00/Kg,800.0,Meru,2026-05-01
Gakoromone,Oranges,-,-,-,80.00/Kg,100.00/Kg,4000.0,Meru,2026-05-01
Malimili Livestock Market,Sheep,Red Maasai,Grade 2,Male,5500.00/Head,-,8.0,Kakamega,2026-05-01
Malimili Livestock Market,Sheep,Red Maasai,Grade 2,Female,7500.00/Head,-,13.0,Kakamega,2026-05-01
Malimili Livestock Market,Sheep,Red Maasai,Grade 2,Male,7000.00/Head,-,7.0,Kakamega,2026-05-01
Malimili Livestock Market,Goat,Mixed,Grade 2,Female,8000.00/Head,-,9.0,Kakamega,2026-05-01
Malimili Livestock Market,Goat,Mixed,Grade 2,Male,7000.00/Head,-,13.0,Kakamega,2026-05-01
Malimili Livestock Market,Goat,Mixed,Grade 2,Female,11000.00/Head,-,11.0,Kakamega,2026-05-01
Malimili Livestock Market,Goat,Mixed,Grade 2,Male,10000.00/Head,-,10.0,Kakamega,2026-05-01
Malimili Livestock Market,Chicken,Indigenous,-,Female,600.00/Head,-,20.0,Kakamega,2026-05-01
Malimili Livestock Market,Chicken,Indigenous,-,Female,800.00/Head,-,40.0,Kakamega,2026-05-01
Malimili Livestock Market,Chicken,Indigenous,-,Male,800.00/Head,-,30.0,Kakamega,2026-05-01
Malimili Livestock Market,Chicken,Indigenous,-,Male,1050.00/Head,-,40.0,Kakamega,2026-05-01
Malimili Livestock Market,Chicken,Improved Kienyeji,-,Female,600.00/Head,-,20.0,Kakamega,2026-05-01
Malimili Livestock Market,Chicken,Improved Kienyeji,-,Female,850.00/Head,-,30.0,Kakamega,2026-05-01
Malimili Livestock Market,Chicken,Improved Kienyeji,-,Male,900.00/Head,-,30.0,Kakamega,2026-05-01
Malimili Livestock Market,Chicken,Improved Kienyeji,-,Male,1100.00/Head,-,20.0,Kakamega,2026-05-01
Malimili Livestock Market,Cattle,Mixed,Grade 3,Female,30000.00/Head,-,22.0,Kakamega,2026-05-01
Malimili Livestock Market,Cattle,Mixed,Grade 3,Female,42000.00/Head,-,14.0,Kakamega,2026-05-01
Malimili Livestock Market,Cattle,Mixed,Grade 3,Female,60000.00/Head,-,18.0,Kakamega,2026-05-01
Malimili Livestock Market,Cattle,Mixed,Grade 3,Male,27000.00/Head,-,26.0,Kakamega,2026-05-01
Malimili Livestock Market,Cattle,Mixed,Grade 3,Male,37000.00/Head,-,15.0,Kakamega,2026-05-01
Malimili Livestock Market,Cattle,Mixed,Grade 3,Male,60000.00/Head,-,10.0,Kakamega,2026-05-01
Malimili Livestock Market,Cattle,Ayrshire,Grade 3,Female,35000.00/Head,-,20.0,Kakamega,2026-05-01
Malimili Livestock Market,Cattle,Ayrshire,Grade 3,Female,55000.00/Head,-,16.0,Kakamega,2026-05-01
Malimili Livestock Market,Cattle,Ayrshire,Grade 3,Female,70000.00/Head,-,12.0,Kakamega,2026-05-01
Malimili Livestock Market,Cattle,Ayrshire,Grade 3,Male,30000.00/Head,-,16.0,Kakamega,2026-05-01
Malimili Livestock Market,Cattle,Ayrshire,Grade 3,Male,50000.00/Head,-,11.0,Kakamega,2026-05-01
Malimili Livestock Market,Cattle,Ayrshire,Grade 3,Male,65000.00/Head,-,8.0,Kakamega,2026-05-01
Mumias,Tilapia,Dried,-,-,-,416.67/Kg,,Kakamega,2026-05-01
Mumias,Omena,Dried,-,-,-,521.74/Kg,,Kakamega,2026-05-01
Mumias,Nile Perch,Smoked,-,-,-,358.97/Kg,,Kakamega,2026-05-01
Mumias,White Irish Potatoes,-,-,-,-,92.00/Kg,,Kakamega,2026-05-01
Mumias,Sweet potatoes,-,-,-,-,32.26/Kg,,Kakamega,2026-05-01
Mumias,Red Irish potato,-,-,-,-,84.00/Kg,,Kakamega,2026-05-01
Mumias,Cassava Fresh,-,-,-,-,71.43/Kg,,Kakamega,2026-05-01
Mumias,Cassava Chips (dry),-,-,-,-,66.67/Kg,,Kakamega,2026-05-01
Mumias,Arrow Root,-,-,-,-,76.92/Kg,,Kakamega,2026-05-01
Mumias,Water Melon,-,-,-,-,93.75/Kg,,Kakamega,2026-05-01
Mumias,Pineapples,-,-,-,-,83.33/Kg,,Kakamega,2026-05-01
Mumias,Passion Fruits,-,-,-,-,238.10/Kg,,Kakamega,2026-05-01
Mumias,Pawpaw,-,-,-,-,80.65/Kg,,Kakamega,2026-05-01
Mumias,Oranges,-,-,-,-,90.91/Kg,,Kakamega,2026-05-01
Mumias,Mangoes,Improved,-,-,-,55.56/Kg,,Kakamega,2026-05-01
Mumias,Lemons,-,-,-,-,64.52/Kg,,Kakamega,2026-05-01
Mumias,Grapes,Black-Dark,-,-,-,760.00/Kg,,Kakamega,2026-05-01
Mumias,Banana (Ripening),-,-,-,-,162.60/Kg,,Kakamega,2026-05-01
Mumias,Avocado,Local,-,-,-,53.57/Kg,,Kakamega,2026-05-01
Mumias,Apples,-,-,-,-,250.00/Kg,,Kakamega,2026-05-01
Mumias,White Sorghum,-,-,-,-,72.73/kg,,Kakamega,2026-05-01
Mumias,Wheat Flour,Soko All Purpose HBF,-,-,-,85.00/Kg,,Kakamega,2026-05-01
Mumias,Wheat Flour,Pembe All Purpose HBF,-,-,-,87.50/Kg,,Kakamega,2026-05-01
Mumias,Wheat Flour,Tropicana HBF,-,-,-,85.00/Kg,,Kakamega,2026-05-01
Mumias,Wheat Flour,Exe Mandazi Fortified Wheat Flour,-,-,-,95.00/Kg,,Kakamega,2026-05-01
Mumias,Wheat Flour,Exe Chapati fortified wheat flour,-,-,-,90.00/Kg,,Kakamega,2026-05-01
Mumias,Wheat Flour,Exe All purpose fortified wheat flour,-,-,-,87.50/Kg,,Kakamega,2026-05-01
Mumias,Wheat Flour,Ajab fortigied Home Baking flour,-,-,-,85.00/Kg,,Kakamega,2026-05-01
Mumias,Rice,Pishori,-,-,-,315.00/Kg,,Kakamega,2026-05-01
Mumias,Red Sorghum,-,-,-,-,71.43/Kg,,Kakamega,2026-05-01
Mumias,Red Sorghum,-,-,-,-,68.18/Kg,,Kakamega,2026-05-01
Mumias,Maize Flour,Soko,-,-,-,82.50/Kg,,Kakamega,2026-05-01
Mumias,Maize Flour,Posho Mill,-,-,-,68.18/Kg,,Kakamega,2026-05-01
Mumias,Maize Flour,Jembe,-,-,-,70.00/Kg,,Kakamega,2026-05-01
Mumias,Maize Flour,Jogoo wimbi,-,-,-,145.00/Kg,,Kakamega,2026-05-01
Mumias,Maize Flour,Jogoo,-,-,-,82.50/Kg,,Kakamega,2026-05-01
Mumias,Maize Flour,Hostess,-,-,-,95.00/Kg,,Kakamega,2026-05-01
Mumias,Maize Flour,Amaize,-,-,-,105.00/Kg,,Kakamega,2026-05-01
Mumias,Finger Millet,-,-,-,-,166.67/Kg,,Kakamega,2026-05-01
Mumias,Dry Maize,White Maize,-,-,-,59.09/Kg,,Kakamega,2026-05-01
Mumias,Spider flower (Saga),-,-,-,-,78.95/Kg,,Kakamega,2026-05-01
Mumias,Pumpkin Leaves,-,-,-,-,117.65/Kg,,Kakamega,2026-05-01
Mumias,Jute Plant (Murenda),-,-,-,-,76.92/Kg,,Kakamega,2026-05-01
Mumias,Indigenous Crotolaria (Mito/Miro),-,-,-,-,58.82/Kg,,Kakamega,2026-05-01
Mumias,Ethiopian Kales -Kanzira,-,-,-,-,100.00/Kg,,Kakamega,2026-05-01
Mumias,Cowpea leaves (Kunde),-,-,-,-,57.69/Kg,,Kakamega,2026-05-01
Mumias,Black nightshade (Managu/ Osuga),-,-,-,-,111.11/Kg,,Kakamega,2026-05-01
Mumias,Amaranthus (Terere),-,-,-,-,114.29/Kg,,Kakamega,2026-05-01
Mumias,Tomatoes,-,-,-,-,116.28/Kg,,Kakamega,2026-05-01
Mumias,Spring Onions,-,-,-,-,156.25/Kg,,Kakamega,2026-05-01
Mumias,Spinach,-,-,-,-,65.22/Kg,,Kakamega,2026-05-01
Mumias,Pumpkin,-,-,-,-,71.43/Kg,,Kakamega,2026-05-01
Mumias,Kales/Sukuma Wiki,-,-,-,-,58.82/Kg,,Kakamega,2026-05-01
Mumias,Ginger,-,-,-,-,250.00/Kg,,Kakamega,2026-05-01
Mumias,Garlic,-,-,-,-,48.39/Kg,,Kakamega,2026-05-01
Mumias,Fresh Peas,On pods,-,-,-,120.00/Kg,,Kakamega,2026-05-01
Mumias,Egg plant (Brinjals),-,-,-,-,125.00/Kg,,Kakamega,2026-05-01
Mumias,Dry Onions,-,-,-,-,142.86/Kg,,Kakamega,2026-05-01
Mumias,Cucumber,-,-,-,-,217.39/Kg,,Kakamega,2026-05-01
Mumias,Coriander (Dhania),-,-,-,-,217.39/Kg,,Kakamega,2026-05-01
Mumias,Chillies,-,-,-,-,125.00/Kg,,Kakamega,2026-05-01
Mumias,Carrots,-,-,-,-,119.05/Kg,,Kakamega,2026-05-01
Mumias,Capsicums,-,-,-,-,121.95/Kg,,Kakamega,2026-05-01
Mumias,Cabbages,-,-,-,-,23.81/Kg,,Kakamega,2026-05-01
Mumias,Butternuts,-,-,-,-,322.58/Kg,,Kakamega,2026-05-01
Mumias,Banana (Plantain),-,-,-,-,52.63/Kg,,Kakamega,2026-05-01
Mumias,Banana (Cooking),-,-,-,-,28.99/Kg,,Kakamega,2026-05-01
Mumias,Njugu Mawe,-,-,-,-,522.73/Kg,,Kakamega,2026-05-01
Mumias,Mixed Beans,-,-,-,-,113.64/Kg,,Kakamega,2026-05-01
Mumias,Lentils,-,-,-,-,460.00/Kg,,Kakamega,2026-05-01
Mumias,Ground Nuts,Small Red,-,-,-,285.71/Kg,,Kakamega,2026-05-01
Mumias,Ground Nuts,Large Brown,-,-,-,300.00/Kg,,Kakamega,2026-05-01
Mumias,Green Grams,Local-Special,-,-,-,156.52/Kg,,Kakamega,2026-05-01
Mumias,Green Grams,Hybrid/ polished,-,-,-,210.00/Kg,,Kakamega,2026-05-01
Mumias,Dry Peas,-,-,-,-,280.00/Kg,,Kakamega,2026-05-01
Mumias,Dolichos lablab (Njahi),-,-,-,-,320.00/Kg,,Kakamega,2026-05-01
Mumias,Cowpeas,-,-,-,-,156.52/Kg,,Kakamega,2026-05-01
Mumias,Beans Rosecoco,-,-,-,-,173.91/Kg,,Kakamega,2026-05-01
Mumias,Beans Red Haricot (Wairimu),-,-,-,-,125.00/Kg,,Kakamega,2026-05-01
Mumias,Beans (Yellow-Green),-,-,-,-,173.91/Kg,,Kakamega,2026-05-01
Mumias,Beans (Mwitemania),-,-,-,-,159.09/Kg,,Kakamega,2026-05-01
Mumias,Beans (Mwezi Moja),-,-,-,-,136.36/Kg,,Kakamega,2026-05-01
Mumias,Beans (Canadian wonder),-,-,-,-,173.91/Kg,,Kakamega,2026-05-01
Mumias,Coconut,-,-,-,-,125.00/Kg,,Kakamega,2026-05-01
Mumias,Fertilizer,Urea,-,-,-,106.00/Kg,,Kakamega,2026-05-01
Mumias,Fertilizer,NPK,-,-,-,114.00/Kg,,Kakamega,2026-05-01
Mumias,Fertilizer,DAP,-,-,-,116.00/Kg,,Kakamega,2026-05-01
Mumias,Fertilizer,CAN,-,-,-,96.00/Kg,,Kakamega,2026-05-01
Katito,Meat Chevon,-,-,-,-,750.00/Kg,3500.0,Kisumu,2026-04-30
Katito,Meat Beef,-,-,-,-,700.00/Kg,7500.0,Kisumu,2026-04-30
Katito,Honey,Crude,-,-,-,1000.00/Kg,1500.0,Kisumu,2026-04-30
Katito,Cow Milk(Processd),-,-,-,120.00/Lt,120.00/Lt,6500.0,Kisumu,2026-04-30
Katito,Cow Milk(At collection point),-,-,-,60.00/Lt,75.00/Lt,1500.0,Kisumu,2026-04-30
Katito,Sheep,Red Maasai,Grade 2,Female,6500.00/Head,-,1200.0,Kisumu,2026-04-30
Katito,Sheep,Red Maasai,Grade 2,Male,6800.00/Head,-,860.0,Kisumu,2026-04-30
Katito,Goat,East African Goat,Grade 2,Male,7200.00/Head,-,1150.0,Kisumu,2026-04-30
Katito,Goat,East African Goat,Grade 2,Male,7800.00/Head,-,1100.0,Kisumu,2026-04-30
Katito,Chicken,Indigenous,-,Female,950.00/Head,-,1200.0,Kisumu,2026-04-30
Katito,Chicken,Indigenous,-,Male,1300.00/Head,-,1600.0,Kisumu,2026-04-30
Katito,Cattle,Zebu,Grade 4,Female,25000.00/Head,-,1200.0,Kisumu,2026-04-30
Katito,Cattle,Zebu,Grade 4,Female,32000.00/Head,-,940.0,Kisumu,2026-04-30
Katito,Cattle,Zebu,Grade 4,Male,38000.00/Head,-,560.0,Kisumu,2026-04-30
Katito,Kales/Sukuma Wiki,-,-,-,46.67/Kg,41.67/Kg,4500.0,Kisumu,2026-04-30
Katito,Cabbages,-,-,-,20.00/Kg,26.67/Kg,2500.0,Kisumu,2026-04-30
Katito,Banana (Cooking),-,-,-,30.56/Kg,38.46/Kg,1500.0,Kisumu,2026-04-30
Katito,Green Grams,Hybrid/ polished,-,-,125.00/Kg,130.43/Kg,2500.0,Kisumu,2026-04-30
Katito,Ground Nuts,Large Brown,-,-,244.44/Kg,239.13/Kg,3500.0,Kisumu,2026-04-30
Katito,Beans Rosecoco,-,-,-,150.00/Kg,152.17/Kg,4500.0,Kisumu,2026-04-30
Katito,Beans (Yellow-Green),-,-,-,150.00/Kg,159.09/Kg,2800.0,Kisumu,2026-04-30
Katito,Maize Flour,Pembe,-,-,-,80.00/Kg,1500.0,Kisumu,2026-04-30
Katito,Wheat Flour,Exe self raising,-,-,-,95.00/Kg,1800.0,Kisumu,2026-04-30
Katito,Wheat Flour,Soko All Purpose HBF,-,-,-,80.00/Kg,,Kisumu,2026-04-30
Katito,Red Sorghum,-,-,-,75.00/Kg,78.26/Kg,3500.0,Kisumu,2026-04-30
Katito,Finger Millet,-,-,-,125.00/Kg,166.67/Kg,2500.0,Kisumu,2026-04-30
Katito,Dry Maize,White Maize,-,-,46.67/Kg,65.22/Kg,7500.0,Kisumu,2026-04-30
Katito,Fertilizer,DAP,-,-,-,120.00/Kg,,Kisumu,2026-04-30
Katito,Fertilizer,CAN,-,-,-,108.00/Kg,3500.0,Kisumu,2026-04-30
Vanga,Octopus (Pweza),Fresh,-,-,420.00/Kg,450.00/Kg,58.0,Kwale,2026-04-30
Vanga,Squid(Ngisi),Fresh,-,-,300.00/Kg,450.00/Kg,150.0,Kwale,2026-04-30
Vanga,Mackerel,Fresh,-,-,250.00/Kg,270.00/Kg,200.0,Kwale,2026-04-30
Vanga,Rabbitfish (Tafi/Tasi),Fresh,-,-,220.00/Kg,250.00/Kg,98.0,Kwale,2026-04-30
Vanga,Scavengers (Changu/Tangu),Fresh,-,-,200.00/Kg,220.00/Kg,28.0,Kwale,2026-04-30
Vanga,Wolf Herrings,Fresh,-,-,180.00/Piece,200.00/Piece,48.0,Kwale,2026-04-30
Vanga,Tuna,Fresh,-,-,250.00/Kg,300.00/Kg,85.0,Kwale,2026-04-30
Kinango,Omena,Dried,-,-,485.71/Kg,550.00/Kg,1750.0,Kwale,2026-04-30
Kinango,White Irish Potatoes,-,-,-,63.16/Kg,100.00/Kg,2500.0,Kwale,2026-04-30
Kinango,Oranges,-,-,-,40.00/Kg,60.00/Kg,1500.0,Kwale,2026-04-30
Kinango,Mangoes,Local,-,-,55.00/Kg,100.00/Kg,6000.0,Kwale,2026-04-30
Kinango,Lemons,-,-,-,45.00/Kg,70.00/Kg,700.0,Kwale,2026-04-30
Kinango,Banana (Ripening),-,-,-,45.00/Kg,65.00/Kg,2000.0,Kwale,2026-04-30
Kinango,Avocado,Local,-,-,60.00/Kg,100.00/Kg,800.0,Kwale,2026-04-30
Kinango,Black nightshade (Managu/ Osuga),-,-,-,48.00/Kg,70.00/Kg,500.0,Kwale,2026-04-30
Kinango,Amaranthus (Terere),-,-,-,38.00/Kg,60.00/Kg,1300.0,Kwale,2026-04-30
Kinango,Tomatoes,-,-,-,133.33/Kg,170.00/Kg,4000.0,Kwale,2026-04-30
Kinango,Kales/Sukuma Wiki,-,-,-,38.00/Kg,65.00/Kg,1600.0,Kwale,2026-04-30
Kinango,Green Maize,-,-,-,48.00/Kg,70.00/Kg,1200.0,Kwale,2026-04-30
Kinango,Ginger,-,-,-,190.00/Kg,250.00/Kg,250.0,Kwale,2026-04-30
Kinango,Garlic,-,-,-,450.00/Kg,550.00/Kg,300.0,Kwale,2026-04-30
Kinango,Egg plant (Brinjals),-,-,-,70.00/Kg,120.00/Kg,700.0,Kwale,2026-04-30
Kinango,Dry Onions,-,-,-,125.00/Kg,200.00/Kg,1200.0,Kwale,2026-04-30
Kinango,Coriander (Dhania),-,-,-,80.00/Kg,120.00/Kg,150.0,Kwale,2026-04-30
Kinango,Chillies,-,-,-,130.00/Kg,170.00/Kg,150.0,Kwale,2026-04-30
Kinango,Carrots,-,-,-,65.00/Kg,100.00/Kg,400.0,Kwale,2026-04-30
Kinango,Capsicums,-,-,-,95.00/Kg,150.00/Kg,600.0,Kwale,2026-04-30
Kinango,Cabbages,-,-,-,23.33/Kg,40.00/Kg,2000.0,Kwale,2026-04-30
Kinango,Banana (Cooking),-,-,-,45.00/Kg,65.00/Kg,600.0,Kwale,2026-04-30
Kawangware,Lentils,-,-,-,220.00/Kg,250.00/Kg,,Nairobi,2026-04-30
Kawangware,Pigeon peas,-,-,-,100.00/Kg,115.00/Kg,,Nairobi,2026-04-30
Kawangware,Green Grams,Makueni,-,-,155.00/Kg,170.00/Kg,,Nairobi,2026-04-30
Kawangware,Beans Red Haricot (Wairimu),-,-,-,100.00/Kg,110.00/Kg,,Nairobi,2026-04-30
Kawangware,Dolichos lablab (Njahi),-,-,-,75.00/Kg,85.00/Kg,,Nairobi,2026-04-30
Kawangware,Cowpeas,-,-,-,90.00/Kg,120.00/Kg,,Nairobi,2026-04-30
Kawangware,Beans Rosecoco (Nyayo),-,-,-,110.00/Kg,125.00/Kg,,Nairobi,2026-04-30
Kawangware,Beans Rosecoco,-,-,-,115.00/Kg,125.00/Kg,,Nairobi,2026-04-30
Kawangware,Beans (Yellow-Green),-,-,-,110.00/Kg,125.00/Kg,,Nairobi,2026-04-30
Kawangware,Beans (Mwitemania),-,-,-,90.00/Kg,100.00/Kg,,Nairobi,2026-04-30
Kawangware,Rice,Pishori,-,-,160.00/Kg,180.00/Kg,,Nairobi,2026-04-30
Kawangware,Pearl Rush Millet,-,-,-,122.22/Kg,120.00/Kg,,Nairobi,2026-04-30
Kawangware,Finger Millet,-,-,-,54.00/Kg,90.00/Kg,,Nairobi,2026-04-30
Kawangware,Dry Maize,White Maize,-,-,55.00/Kg,65.00/Kg,,Nairobi,2026-04-30
Kutus,White Sorghum,-,-,-,77.00/kg,120.00/kg,,Kirinyaga,2026-04-30
Kutus,Paddy Rice,Pishori,-,-,76.00/Kg,78.00/Kg,,Kirinyaga,2026-04-30
Kutus,Red Sorghum,-,-,-,77.00/Kg,120.00/Kg,,Kirinyaga,2026-04-30
Kutus,Dry Maize,Mixed-Traditional,-,-,50.00/Kg,65.00/Kg,,Kirinyaga,2026-04-30
Lubao Livestock Market,Sheep,Red Maasai,Grade 2,Female,8000.00/Head,-,50.0,Kakamega,2026-04-30
Lubao Livestock Market,Sheep,Red Maasai,Grade 2,Male,9000.00/Head,-,80.0,Kakamega,2026-04-30
Lubao Livestock Market,Goat,East African Goat,Grade 2,Female,7500.00/Head,-,70.0,Kakamega,2026-04-30
Lubao Livestock Market,Goat,East African Goat,Grade 2,Male,9000.00/Head,-,120.0,Kakamega,2026-04-30
Lubao Livestock Market,Chicken,Improved Kienyeji,-,Female,700.00/Head,-,100.0,Kakamega,2026-04-30
Lubao Livestock Market,Chicken,Improved Kienyeji,-,Male,800.00/Head,-,150.0,Kakamega,2026-04-30
Lubao Livestock Market,Chicken,Improved Kienyeji,-,Female,800.00/Head,-,200.0,Kakamega,2026-04-30
Lubao Livestock Market,Chicken,Improved Kienyeji,-,Male,1000.00/Head,-,300.0,Kakamega,2026-04-30
Lubao Livestock Market,Cattle,Mixed,Grade 2,Female,25000.00/Head,-,50.0,Kakamega,2026-04-30
Lubao Livestock Market,Cattle,Mixed,Grade 2,Male,30000.00/Head,-,50.0,Kakamega,2026-04-30
Lubao Livestock Market,Cattle,Mixed,Grade 2,Female,-,-,40000.0,Kakamega,2026-04-30
Lubao Livestock Market,Cattle,Mixed,Grade 2,Male,50000.00/Head,-,100.0,Kakamega,2026-04-30
Lubao Livestock Market,Cattle,Mixed,Grade 2,Female,75000.00/Head,-,150.0,Kakamega,2026-04-30
Lubao Livestock Market,Cattle,Mixed,Grade 2,Male,80000.00/Head,-,150.0,Kakamega,2026-04-30
Kutus,Pork,-,-,-,500.00/Kg,650.00/Kg,,Kirinyaga,2026-04-30
Kutus,Meat Beef,-,-,-,650.00/Kg,700.00/Kg,,Kirinyaga,2026-04-30
Kutus,White Irish Potatoes,-,-,-,60.00/Kg,65.00/Kg,5500.0,Kirinyaga,2026-04-30
Kutus,Cassava Fresh,-,-,-,35.00/Kg,50.00/Kg,,Kirinyaga,2026-04-30
Kutus,Cassava Chips (dry),-,-,-,125.00/Kg,150.00/Kg,,Kirinyaga,2026-04-30
Kutus,Arrow Root,-,-,-,70.00/Kg,100.00/Kg,350.0,Kirinyaga,2026-04-30
Kutus,Avocado,Local,-,-,30.00/Kg,50.00/Kg,2500.0,Kirinyaga,2026-04-30
Kutus,Banana (Ripening),-,-,-,15.00/Kg,20.00/Kg,8400.0,Kirinyaga,2026-04-30
Kutus,Oranges,-,-,-,40.00/Kg,60.00/Kg,1200.0,Kirinyaga,2026-04-30
Kutus,Passion Fruits,-,-,-,160.00/Kg,200.00/Kg,250.0,Kirinyaga,2026-04-30
Kutus,Tree tomato,-,-,-,80.00/Kg,130.00/Kg,300.0,Kirinyaga,2026-04-30
Kutus,Water Melon,-,-,-,25.00/Kg,30.00/Kg,2000.0,Kirinyaga,2026-04-30
Kutus,Pumpkin Leaves,-,-,-,30.00/Kg,40.00/Kg,,Kirinyaga,2026-04-30
Kutus,Cowpea leaves (Kunde),-,-,-,15.00/Kg,20.00/Kg,100.0,Kirinyaga,2026-04-30
Kutus,Black nightshade (Managu/ Osuga),-,-,-,30.00/Kg,40.00/Kg,200.0,Kirinyaga,2026-04-30
Kutus,Amaranthus (Terere),-,-,-,15.00/Kg,25.00/Kg,300.0,Kirinyaga,2026-04-30
Kutus,Banana (Cooking),-,-,-,15.00/Kg,20.00/Kg,,Kirinyaga,2026-04-30
Kutus,Banana (Plantain),-,-,-,60.00/Kg,90.00/Kg,2500.0,Kirinyaga,2026-04-30
Kutus,Butternuts,-,-,-,40.00/Kg,50.00/Kg,1500.0,Kirinyaga,2026-04-30
Kutus,Cabbages,-,-,-,20.00/Kg,25.00/Kg,7500.0,Kirinyaga,2026-04-30
Kutus,Capsicums,-,-,-,60.00/Kg,80.00/Kg,350.0,Kirinyaga,2026-04-30
Diani Market,Dry Onions,-,-,-,120.00/Kg,140.00/Kg,5000.0,Kwale,2026-04-30
Diani Market,Kales/Sukuma Wiki,-,-,-,50.00/Kg,70.00/Kg,600.0,Kwale,2026-04-30
Diani Market,Spinach,-,-,-,60.00/Kg,80.00/Kg,550.0,Kwale,2026-04-30
Diani Market,Tomatoes,-,-,-,80.00/Kg,100.00/Kg,6000.0,Kwale,2026-04-30
Kutus,Carrots,-,-,-,40.00/Kg,50.00/Kg,3600.0,Kirinyaga,2026-04-30
Kutus,Chillies,-,-,-,120.00/Kg,150.00/Kg,,Kirinyaga,2026-04-30
Kutus,Coriander (Dhania),-,-,-,70.00/Kg,120.00/Kg,120.0,Kirinyaga,2026-04-30
Kutus,Courgette,-,-,-,100.00/Kg,120.00/Kg,300.0,Kirinyaga,2026-04-30
Kutus,Cucumber,-,-,-,80.00/Kg,100.00/Kg,400.0,Kirinyaga,2026-04-30
Kutus,Dry Onions,-,-,-,120.00/Kg,150.00/Kg,5500.0,Kirinyaga,2026-04-30
Kutus,Egg plant (Brinjals),-,-,-,30.00/Kg,50.00/Kg,480.0,Kirinyaga,2026-04-30
Kutus,French beans,-,-,-,60.00/Kg,80.00/Kg,150.0,Kirinyaga,2026-04-30
Kutus,Fresh Peas,On pods,-,-,130.00/Kg,150.00/Kg,1000.0,Kirinyaga,2026-04-30
Kutus,Ginger,-,-,-,150.00/Kg,220.00/Kg,,Kirinyaga,2026-04-30
Kutus,Garlic,-,-,-,300.00/Kg,400.00/Kg,,Kirinyaga,2026-04-30
Kutus,Garlic,-,-,-,150.00/Kg,220.00/Kg,200.0,Kirinyaga,2026-04-30
Kutus,Green Maize,-,-,-,40.00/Kg,50.00/Kg,1500.0,Kirinyaga,2026-04-30
Kutus,Kales/Sukuma Wiki,-,-,-,10.00/Kg,20.00/Kg,1200.0,Kirinyaga,2026-04-30
Kutus,Okra (Lady's fingers or Gumbo),-,-,-,-,150.00/Kg,20.0,Kirinyaga,2026-04-30
Kutus,Pumpkin,-,-,-,30.00/Kg,50.00/Kg,800.0,Kirinyaga,2026-04-30
Kutus,Spinach,-,-,-,30.00/Kg,50.00/Kg,550.0,Kirinyaga,2026-04-30
Kutus,Spring Onions,-,-,-,90.00/Kg,120.00/Kg,500.0,Kirinyaga,2026-04-30
Kutus,Tomatoes,-,-,-,71.43/Kg,85.71/Kg,3500.0,Kirinyaga,2026-04-30
Kipkaren,Water Melon,-,-,-,200.00/Kg,300.00/Kg,200.0,Kakamega,2026-04-30
Kipkaren,Mangoes,Local,-,-,35.00/Kg,60.00/Kg,100.0,Kakamega,2026-04-30
Kipkaren,Avocado,Local,-,-,30.00/Kg,50.00/Kg,500.0,Kakamega,2026-04-30
Kipkaren,Red Sorghum,-,-,-,130.00/Kg,150.00/Kg,500.0,Kakamega,2026-04-30
Kipkaren,Dry Maize,White Maize,-,-,50.00/Kg,70.00/Kg,10000.0,Kakamega,2026-04-30
Kipkaren,Pumpkin Leaves,-,-,-,100.00/Kg,150.00/Kg,100.0,Kakamega,2026-04-30
Kipkaren,Jute Plant (Murenda),-,-,-,75.00/Kg,100.00/Kg,108.0,Kakamega,2026-04-30
Kipkaren,Cowpea leaves (Kunde),-,-,-,75.00/Kg,100.00/Kg,100.0,Kakamega,2026-04-30
Kipkaren,Amaranthus (Terere),-,-,-,120.00/Kg,150.00/Kg,100.0,Kakamega,2026-04-30
Kipkaren,Green Grams,Local-Special,-,-,100.00/Kg,130.00/Kg,3000.0,Kakamega,2026-04-30
Kipkaren,Beans Rosecoco,-,-,-,80.00/Kg,100.00/Kg,10000.0,Kakamega,2026-04-30
Kipkaren,Beans (Canadian wonder),-,-,-,75.00/Kg,100.00/Kg,5000.0,Kakamega,2026-04-30
Kipkaren,Fertilizer,CAN,-,-,50.00/Kg,70.00/Kg,10000.0,Kakamega,2026-04-30
Makutano Embu,Beans (Mwitemania),-,-,-,90.00/Kg,125.00/Kg,,Embu,2026-04-29
Makutano Embu,Beans (Yellow-Green),-,-,-,120.00/Kg,175.00/Kg,,Embu,2026-04-29
Makutano Embu,Beans Red Haricot (Wairimu),-,-,-,100.00/Kg,140.00/Kg,,Embu,2026-04-29
Makutano Embu,Beans Rosecoco (Nyayo),-,-,-,110.00/Kg,150.00/Kg,,Embu,2026-04-29
Makutano Embu,Cowpeas,-,-,-,100.00/Kg,140.00/Kg,,Embu,2026-04-29
Makutano Embu,Dolichos lablab (Njahi),-,-,-,85.00/Kg,100.00/Kg,,Embu,2026-04-29
Makutano Embu,Green Grams,Hybrid/ polished,-,-,100.00/Kg,150.00/Kg,,Embu,2026-04-29
Makutano Embu,Lentils,-,-,-,190.00/Kg,225.00/Kg,,Embu,2026-04-29
Makutano Embu,Mixed Beans,-,-,-,90.00/Kg,115.00/Kg,,Embu,2026-04-29
Makutano Embu,Pigeon peas,-,-,-,70.00/Kg,90.00/Kg,,Embu,2026-04-29
Makutano Embu,Red Sorghum,-,-,-,90.00/Kg,120.00/Kg,,Embu,2026-04-29
Makutano Embu,Rice,Pishori,-,-,150.00/Kg,170.00/Kg,,Embu,2026-04-29
Makutano Embu,Fertilizer,CAN,-,-,90.00/Kg,94.00/Kg,,Embu,2026-04-29
Makutano Embu,Fertilizer,DAP,-,-,122.00/Kg,126.00/Kg,,Embu,2026-04-29
Makutano Embu,Fertilizer,MOP,-,-,76.00/Kg,80.00/Kg,,Embu,2026-04-29
Makutano Embu,Fertilizer,NPK,-,-,76.00/Kg,80.00/Kg,,Embu,2026-04-29
Makutano Embu,Fertilizer,Sulphate of Ammonia,-,-,68.00/Kg,72.00/Kg,,Embu,2026-04-29
Makutano Embu,Tomatoes,-,-,-,125.00/Kg,133.00/Kg,,Embu,2026-04-29
Makutano Embu,Spring Onions,-,-,-,60.00/Kg,80.00/Kg,,Embu,2026-04-29
Makutano Embu,Spinach,-,-,-,40.00/Kg,50.00/Kg,,Embu,2026-04-29
Makutano Embu,Kales/Sukuma Wiki,-,-,-,28.00/Kg,35.00/Kg,,Embu,2026-04-29
Makutano Embu,Green Maize,-,-,-,40.00/Kg,60.00/Kg,,Embu,2026-04-29
Makutano Embu,Ginger,-,-,-,130.00/Kg,160.00/Kg,,Embu,2026-04-29
Makutano Embu,Garlic,-,-,-,300.00/Kg,360.00/Kg,,Embu,2026-04-29
Makutano Embu,French beans,-,-,-,50.00/Kg,80.00/Kg,,Embu,2026-04-29
Makutano Embu,Egg plant (Brinjals),-,-,-,25.00/Kg,40.00/Kg,,Embu,2026-04-29
Makutano Embu,Dry Onions,-,-,-,80.00/Kg,100.00/Kg,,Embu,2026-04-29
Makutano Embu,Carrots,-,-,-,50.00/Kg,70.00/Kg,,Embu,2026-04-29
Makutano Embu,Capsicums,-,-,-,50.00/Kg,70.00/Kg,,Embu,2026-04-29
Makutano Embu,Amaranthus (Terere),-,-,-,30.00/Kg,40.00/Kg,,Embu,2026-04-29
Makutano Embu,Black nightshade (Managu/ Osuga),-,-,-,45.00/Kg,60.00/Kg,,Embu,2026-04-29
Makutano Embu,Cowpea leaves (Kunde),-,-,-,20.00/Kg,30.00/Kg,,Embu,2026-04-29
Makutano Embu,Jute Plant (Murenda),-,-,-,20.00/Kg,30.00/Kg,,Embu,2026-04-29
Makutano Embu,Pumpkin Leaves,-,-,-,40.00/Kg,50.00/Kg,,Embu,2026-04-29
Makutano Embu,Water Melon,-,-,-,20.00/Kg,30.00/Kg,,Embu,2026-04-29
Makutano Embu,Tree tomato,-,-,-,120.00/Kg,160.00/Kg,,Embu,2026-04-29
Makutano Embu,Thorn melon,-,-,-,30.00/Kg,50.00/Kg,,Embu,2026-04-29
Makutano Embu,Pawpaw,-,-,-,25.00/Kg,40.00/Kg,,Embu,2026-04-29
Makutano Embu,Pineapples,-,-,-,90.00/Kg,130.00/Kg,,Embu,2026-04-29
Makutano Embu,Oranges,-,-,-,25.00/Kg,40.00/Kg,,Embu,2026-04-29
Makutano Embu,Lemons,-,-,-,30.00/Kg,40.00/Kg,,Embu,2026-04-29
Makutano Embu,Avocado,Fuerte,-,-,25.00/Kg,40.00/Kg,,Embu,2026-04-29
Makutano Embu,Arrow Root,-,-,-,80.00/Kg,100.00/Kg,,Embu,2026-04-29
Makutano Embu,Cassava Fresh,-,-,-,40.00/Kg,70.00/Kg,,Embu,2026-04-29
Makutano Embu,Sweet potatoes,-,-,-,70.00/Kg,100.00/Kg,,Embu,2026-04-29
Makutano Embu,Chicken,Improved Kienyeji,-,Male,1200.00/Head,-,,Embu,2026-04-29
Makutano Embu,Chicken,Improved Kienyeji,-,Female,800.00/Head,-,,Embu,2026-04-29
Makutano Embu,Cow Milk(Processd),-,-,-,100.00/Lt,120.00/Lt,,Embu,2026-04-29
Vanga,Halfbeaks,Fresh,-,-,200.00/Kg,220.00/Kg,45.0,Kwale,2026-04-29
Vanga,Goatfishes,Fresh,-,-,220.00/Kg,230.00/Kg,35.0,Kwale,2026-04-29
Vanga,Barracuda(Kasumba),Fresh,-,-,200.00/Kg,220.00/Kg,250.0,Kwale,2026-04-29
Makutano Kirinyaga,Cow Milk(Processd),-,-,-,100.00/Lt,120.00/Lt,300.0,Kirinyaga,2026-04-29
Makutano Kirinyaga,Chicken,Improved Kienyeji,-,Female,800.00/Head,-,250.0,Kirinyaga,2026-04-29
Makutano Kirinyaga,Chicken,Improved Kienyeji,-,Male,1200.00/Head,-,400.0,Kirinyaga,2026-04-29
Makutano Kirinyaga,Sweet potatoes,-,-,-,70.00/Kg,100.00/Kg,900.0,Kirinyaga,2026-04-29
Makutano Kirinyaga,Cassava Fresh,-,-,-,40.00/Kg,70.00/Kg,300.0,Kirinyaga,2026-04-29
Makutano Kirinyaga,Arrow Root,-,-,-,80.00/Kg,100.00/Kg,1200.0,Kirinyaga,2026-04-29
Makutano Kirinyaga,Avocado,Fuerte,-,-,25.00/Kg,40.00/Kg,1200.0,Kirinyaga,2026-04-29
Makutano Kirinyaga,Lemons,-,-,-,30.00/Kg,40.00/Kg,850.0,Kirinyaga,2026-04-29
Makutano Kirinyaga,Oranges,-,-,-,25.00/Kg,40.00/Kg,1700.0,Kirinyaga,2026-04-29
Makutano Kirinyaga,Pineapples,-,-,-,90.00/Kg,130.00/Kg,240.0,Kirinyaga,2026-04-29
Makutano Kirinyaga,Pawpaw,-,-,-,25.00/Kg,40.00/Kg,680.0,Kirinyaga,2026-04-29
Makutano Kirinyaga,Pineapples,-,-,-,30.00/Kg,50.00/Kg,70.0,Kirinyaga,2026-04-29
Makutano Kirinyaga,Pineapples,-,-,-,50.00/Kg,80.00/Kg,60.0,Kirinyaga,2026-04-29
Makutano Kirinyaga,Thorn melon,-,-,-,30.00/Kg,50.00/Kg,650.0,Kirinyaga,2026-04-29
Makutano Kirinyaga,Tree tomato,-,-,-,120.00/Kg,160.00/Kg,380.0,Kirinyaga,2026-04-29
Makutano Kirinyaga,Water Melon,-,-,-,20.00/Kg,30.00/Kg,950.0,Kirinyaga,2026-04-29
Makutano Kirinyaga,Pumpkin Leaves,-,-,-,40.00/Kg,50.00/Kg,1200.0,Kirinyaga,2026-04-29
Makutano Kirinyaga,Jute Plant (Murenda),-,-,-,20.00/Kg,30.00/Kg,1600.0,Kirinyaga,2026-04-29
Makutano Kirinyaga,Cowpea leaves (Kunde),-,-,-,20.00/Kg,30.00/Kg,2650.0,Kirinyaga,2026-04-29
Makutano Kirinyaga,Black nightshade (Managu/ Osuga),-,-,-,45.00/Kg,60.00/Kg,2800.0,Kirinyaga,2026-04-29
Makutano Kirinyaga,Amaranthus (Terere),-,-,-,30.00/Kg,40.00/Kg,1600.0,Kirinyaga,2026-04-29
Makutano Kirinyaga,Capsicums,-,-,-,50.00/Kg,70.00/Kg,,Kirinyaga,2026-04-29
Makutano Kirinyaga,Carrots,-,-,-,50.00/Kg,60.00/Kg,2100.0,Kirinyaga,2026-04-29
Makutano Kirinyaga,Dry Onions,-,-,-,80.00/Kg,100.00/Kg,2200.0,Kirinyaga,2026-04-29
Mukuyu Market,Cowpea leaves (Kunde),-,-,-,30.00/Kg,50.00/Kg,,Muranga,2026-04-29
Makutano Kirinyaga,Dry Onions,-,-,-,90.00/Kg,130.00/Kg,3800.0,Kirinyaga,2026-04-29
Mukuyu Market,Pumpkin Leaves,-,-,-,50.00/Kg,70.00/Kg,,Muranga,2026-04-29
Makutano Kirinyaga,Egg plant (Brinjals),-,-,-,25.00/Kg,40.00/Kg,1300.0,Kirinyaga,2026-04-29
Makutano Kirinyaga,French beans,-,-,-,50.00/Kg,80.00/Kg,360.0,Kirinyaga,2026-04-29
Makutano Kirinyaga,Fresh Peas,On pods,-,-,120.00/Kg,150.00/Kg,2300.0,Kirinyaga,2026-04-29
Mukuyu Market,Arrow Root,-,-,-,-,150.00/Kg,,Muranga,2026-04-29
Mukuyu Market,Sweet potatoes,-,-,-,50.00/Kg,100.00/Kg,,Muranga,2026-04-29
Mukuyu Market,White Irish Potatoes,-,-,-,-,70.00/Kg,,Muranga,2026-04-29
Mukuyu Market,Cow Milk(At collection point),-,-,-,40.00/Lt,42.00/Lt,,Muranga,2026-04-29
Makutano Kirinyaga,Garlic,-,-,-,300.00/Kg,360.00/Kg,350.0,Kirinyaga,2026-04-29
Mukuyu Market,Eggs,Exotic/Grade,-,-,380.00/Tray(30),450.00/Tray(30),,Muranga,2026-04-29
Mukuyu Market,Honey,Crude,-,-,700.00/Kg,800.00/Kg,,Muranga,2026-04-29
Mukuyu Market,Meat Beef,-,-,-,580.00/Kg,600.00/Kg,,Muranga,2026-04-29
Mukuyu Market,Pork,-,-,-,600.00/Kg,700.00/Kg,,Muranga,2026-04-29
Mukuyu Market,Broccoli,-,-,-,170.00/Kg,200.00/Kg,,Muranga,2026-04-29
Makutano Kirinyaga,Ginger,-,-,-,130.00/Kg,160.00/Kg,480.0,Kirinyaga,2026-04-29
Mukuyu Market,Cabbages,-,-,-,25.00/Kg,50.00/Kg,,Muranga,2026-04-29
Mukuyu Market,Capsicums,-,-,-,70.00/Kg,100.00/Kg,,Muranga,2026-04-29
Mukuyu Market,Carrots,-,-,-,45.00/Kg,70.00/Kg,,Muranga,2026-04-29
Mukuyu Market,Chillies,-,-,-,50.00/Kg,100.00/Kg,,Muranga,2026-04-29
Makutano Kirinyaga,Green Maize,-,-,-,40.00/Kg,60.00/Kg,1600.0,Kirinyaga,2026-04-29
Mukuyu Market,Coriander (Dhania),-,-,-,50.00/Kg,100.00/Kg,,Muranga,2026-04-29
Mukuyu Market,Courgette,-,-,-,-,120.00/Kg,,Muranga,2026-04-29
Makutano Kirinyaga,Kales/Sukuma Wiki,-,-,-,28.00/Kg,35.00/Kg,2400.0,Kirinyaga,2026-04-29
Mukuyu Market,Cucumber,-,-,-,-,150.00/Kg,,Muranga,2026-04-29
Mukuyu Market,Dry Onions,-,-,-,-,120.00/Kg,,Muranga,2026-04-29
Mukuyu Market,French beans,-,-,-,-,100.00/Kg,,Muranga,2026-04-29
Makutano Kirinyaga,Spinach,-,-,-,40.00/Kg,50.00/Kg,1800.0,Kirinyaga,2026-04-29
Mukuyu Market,Fresh Peas,On pods,-,-,-,180.00/Kg,,Muranga,2026-04-29
Mukuyu Market,Garlic,-,-,-,-,350.00/Kg,,Muranga,2026-04-29
Mukuyu Market,Ginger,-,-,-,150.00/Kg,250.00/Kg,,Muranga,2026-04-29
Makutano Kirinyaga,Spring Onions,-,-,-,60.00/Kg,80.00/Kg,2800.0,Kirinyaga,2026-04-29
Mukuyu Market,Green Maize,-,-,-,50.00/Kg,75.00/Kg,,Muranga,2026-04-29
Makutano Kirinyaga,Tomatoes,-,-,-,125.00/Kg,133.33/Kg,2000.0,Kirinyaga,2026-04-29
Mukuyu Market,Kales/Sukuma Wiki,-,-,-,15.00/Kg,20.00/Kg,,Muranga,2026-04-29
Mukuyu Market,Spinach,-,-,-,20.00/Kg,30.00/Kg,,Muranga,2026-04-29
Mukuyu Market,Spring Onions,-,-,-,80.00/Kg,100.00/Kg,,Muranga,2026-04-29
Mukuyu Market,Tomatoes,-,-,-,80.00/Kg,100.00/Kg,,Muranga,2026-04-29
Mukuyu Market,Banana (Plantain),-,-,-,70.00/Kg,120.00/Kg,,Muranga,2026-04-29
Mukuyu Market,Banana (Cooking),-,-,-,50.00/Kg,70.00/Kg,,Muranga,2026-04-29
Makutano Kirinyaga,Fertilizer,Sulphate of Ammonia,-,-,68.00/Kg,72.00/Kg,1800.0,Kirinyaga,2026-04-29
Makutano Kirinyaga,Fertilizer,NPK,-,-,76.00/Kg,80.00/Kg,2000.0,Kirinyaga,2026-04-29
Makutano Kirinyaga,Fertilizer,NPK,-,-,76.00/Kg,80.00/Kg,3800.0,Kirinyaga,2026-04-29
Makutano Kirinyaga,Fertilizer,MOP,-,-,76.00/Kg,80.00/Kg,1100.0,Kirinyaga,2026-04-29
Makutano Kirinyaga,Fertilizer,DAP,-,-,122.00/Kg,126.00/Kg,450.0,Kirinyaga,2026-04-29
Makutano Kirinyaga,Fertilizer,DAP,-,-,124.00/Kg,128.00/Kg,800.0,Kirinyaga,2026-04-29
Makutano Kirinyaga,Fertilizer,CAN,-,-,90.00/Kg,94.00/Kg,1200.0,Kirinyaga,2026-04-29
Mulot,Omena,Dried,-,-,350.00/Kg,450.00/Kg,400.0,Bomet,2026-04-29
Mulot,Banana (Ripening),-,-,-,90.00/Kg,120.00/Kg,800.0,Bomet,2026-04-29
Mulot,Water Melon,-,-,-,60.00/Kg,90.00/Kg,350.0,Bomet,2026-04-29
Mulot,Pineapples,-,-,-,120.00/Kg,150.00/Kg,540.0,Bomet,2026-04-29
Mulot,Oranges,-,-,-,60.00/Kg,90.00/Kg,3800.0,Bomet,2026-04-29
Mulot,Kales/Sukuma Wiki,-,-,-,40.00/Kg,100.00/Kg,300.0,Bomet,2026-04-29
Mulot,Spring Onions,-,-,-,30.00/Kg,50.00/Kg,1200.0,Bomet,2026-04-29
Mulot,Tomatoes,-,-,-,132.35/Kg,200.00/Kg,520.0,Bomet,2026-04-29
Mulot,Cabbages,-,-,-,10.00/Kg,15.00/Kg,3300.0,Bomet,2026-04-29
Mulot,Black nightshade (Managu/ Osuga),-,-,-,150.00/Kg,200.00/Kg,800.0,Bomet,2026-04-29
Mulot,White Irish Potatoes,-,-,-,40.00/Kg,80.00/Kg,2700.0,Bomet,2026-04-29
Mulot,Red Irish potato,-,-,-,50.00/Kg,90.00/Kg,1300.0,Bomet,2026-04-29
Mulot,Beans Rosecoco,-,-,-,116.67/Kg,175.00/Kg,540.0,Bomet,2026-04-29
Kawangware,Lentils,-,-,-,220.00/Kg,250.00/Kg,,Nairobi,2026-04-29
Kawangware,Pigeon peas,-,-,-,100.00/Kg,115.00/Kg,,Nairobi,2026-04-29
Kawangware,Green Grams,Makueni,-,-,155.00/Kg,170.00/Kg,,Nairobi,2026-04-29
Kawangware,Beans Red Haricot (Wairimu),-,-,-,100.00/Kg,110.00/Kg,,Nairobi,2026-04-29
Kawangware,Dolichos lablab (Njahi),-,-,-,75.00/Kg,85.00/Kg,,Nairobi,2026-04-29
Kawangware,Cowpeas,-,-,-,90.00/Kg,120.00/Kg,,Nairobi,2026-04-29
Kawangware,Beans Rosecoco (Nyayo),-,-,-,110.00/Kg,125.00/Kg,,Nairobi,2026-04-29
Kawangware,Beans Rosecoco,-,-,-,115.00/Kg,125.00/Kg,,Nairobi,2026-04-29
Kawangware,Beans (Yellow-Green),-,-,-,110.00/Kg,125.00/Kg,,Nairobi,2026-04-29
Kawangware,Beans (Mwitemania),-,-,-,90.00/Kg,100.00/Kg,,Nairobi,2026-04-29
Kawangware,Rice,Pishori,-,-,160.00/Kg,180.00/Kg,,Nairobi,2026-04-29
Kawangware,Pearl Rush Millet,-,-,-,122.22/Kg,120.00/Kg,,Nairobi,2026-04-29
Kawangware,Finger Millet,-,-,-,54.00/Kg,90.00/Kg,,Nairobi,2026-04-29
Kawangware,Dry Maize,White Maize,-,-,55.00/Kg,65.00/Kg,,Nairobi,2026-04-29
Taveta Retail Market,Sweet potatoes,-,-,-,75.00/Kg,90.00/Kg,250.0,Taita-Taveta,2026-04-29
Taveta Retail Market,Cassava Fresh,-,-,-,80.00/Kg,100.00/Kg,300.0,Taita-Taveta,2026-04-29
Taveta Retail Market,Arrow Root,-,-,-,75.00/Kg,100.00/Kg,150.0,Taita-Taveta,2026-04-29
Taveta Retail Market,Water Melon,-,-,-,30.00/Kg,50.00/Kg,560.0,Taita-Taveta,2026-04-29
Taveta Retail Market,Pawpaw,-,-,-,80.00/Kg,100.00/Kg,70.0,Taita-Taveta,2026-04-29
Taveta Retail Market,Oranges,-,-,-,50.00/Kg,70.00/Kg,500.0,Taita-Taveta,2026-04-29
Taveta Retail Market,Banana (Ripening),-,-,-,20.00/Kg,100.00/Kg,200.0,Taita-Taveta,2026-04-29
Taveta Retail Market,Avocado,Fuerte,-,-,80.00/Kg,100.00/Kg,300.0,Taita-Taveta,2026-04-29
Taveta Retail Market,Dry Maize,Mixed-Traditional,-,-,50.00/Kg,55.00/Kg,1000.0,Taita-Taveta,2026-04-29
Taveta Retail Market,Dry Maize,White Maize,-,-,46.00/Kg,50.00/Kg,5000.0,Taita-Taveta,2026-04-29
Taveta Retail Market,Black nightshade (Managu/ Osuga),-,-,-,25.00/Kg,35.00/Kg,50.0,Taita-Taveta,2026-04-29
Taveta Retail Market,Amaranthus (Terere),-,-,-,25.00/Kg,35.00/Kg,70.0,Taita-Taveta,2026-04-29
Taveta Retail Market,Tomatoes,-,-,-,80.00/Kg,100.00/Kg,1000.0,Taita-Taveta,2026-04-29
Taveta Retail Market,Green Maize,-,-,-,20.00/Kg,30.00/Kg,600.0,Taita-Taveta,2026-04-29
Taveta Retail Market,Ginger,-,-,-,100.00/Kg,150.00/Kg,30.0,Taita-Taveta,2026-04-29
Taveta Retail Market,Garlic,-,-,-,500.00/Kg,600.00/Kg,70.0,Taita-Taveta,2026-04-29
Taveta Retail Market,Dry Onions,-,-,-,100.00/Kg,120.00/Kg,400.0,Taita-Taveta,2026-04-29
Taveta Retail Market,Carrots,-,-,-,70.00/Kg,100.00/Kg,300.0,Taita-Taveta,2026-04-29
Taveta Retail Market,Capsicums,-,-,-,70.00/Kg,100.00/Kg,120.0,Taita-Taveta,2026-04-29
Taveta Retail Market,Cabbages,-,-,-,15.00/Kg,23.00/Kg,500.0,Taita-Taveta,2026-04-29
Taveta Retail Market,Banana (Cooking),-,-,-,15.00/Kg,30.00/Kg,1500.0,Taita-Taveta,2026-04-29
Taveta Retail Market,Pigeon peas,-,-,-,95.00/Kg,100.00/Kg,230.0,Taita-Taveta,2026-04-29
Taveta Retail Market,Ground Nuts,Large Brown,-,-,240.00/Kg,300.00/Kg,100.0,Taita-Taveta,2026-04-29
Taveta Retail Market,Green Grams,Makueni,-,-,130.00/Kg,150.00/Kg,250.0,Taita-Taveta,2026-04-29
Taveta Retail Market,Dolichos lablab (Njahi),-,-,-,75.00/Kg,100.00/Kg,200.0,Taita-Taveta,2026-04-29
Taveta Retail Market,Cowpeas,-,-,-,90.00/Kg,100.00/Kg,300.0,Taita-Taveta,2026-04-29
Taveta Retail Market,Beans Rosecoco (Nyayo),-,-,-,95.00/Kg,100.00/Kg,150.0,Taita-Taveta,2026-04-29
Taveta Retail Market,Beans (Yellow-Green),-,-,-,130.00/Kg,140.00/Kg,500.0,Taita-Taveta,2026-04-29
Taveta Retail Market,Beans (Mwitemania),-,-,-,115.00/Kg,120.00/Kg,2000.0,Taita-Taveta,2026-04-29
Taveta Retail Market,Beans (Canadian wonder),-,-,-,105.00/Kg,120.00/Kg,2500.0,Taita-Taveta,2026-04-29
Taveta Retail Market,Coconut,-,-,-,70.00/Kg,100.00/Kg,1200.0,Taita-Taveta,2026-04-29
Taveta Retail Market,Coconut,-,-,-,70.00/Kg,100.00/Kg,1200.0,Taita-Taveta,2026-04-29
Kangeta,White Irish Potatoes,-,-,-,98.00/Kg,100.00/Kg,7000.0,Meru,2026-04-29
Kangeta,Red Sorghum,-,-,-,70.00/Kg,80.00/Kg,500.0,Meru,2026-04-29
Kangeta,Pearl Rush Millet,-,-,-,90.00/Kg,100.00/Kg,450.0,Meru,2026-04-29
Embu Town,Ginger,-,-,-,200.00/Kg,300.00/Kg,1000.0,Embu,2026-04-29
Kangeta,Dry Maize,White Maize,-,-,50.00/Kg,60.00/Kg,1350.0,Meru,2026-04-29
Kangeta,Pigeon peas,-,-,-,100.00/Kg,110.00/Kg,500.0,Meru,2026-04-29
Embu Town,Fresh Peas,On pods,-,-,120.00/Kg,150.00/Kg,1500.0,Embu,2026-04-29
Kangeta,Lentils,-,-,-,200.00/Kg,220.00/Kg,140.0,Meru,2026-04-29
Kangeta,Green Grams,Local-Special,-,-,140.00/Kg,150.00/Kg,500.0,Meru,2026-04-29
Kangeta,Dolichos lablab (Njahi),-,-,-,90.00/Kg,100.00/Kg,900.0,Meru,2026-04-29
Embu Town,Pumpkin Leaves,-,-,-,40.00/Kg,50.00/Kg,500.0,Embu,2026-04-29
Embu Town,White Sorghum,-,-,-,70.00/kg,100.00/kg,1100.0,Embu,2026-04-29
Kangeta,Cowpeas,-,-,-,100.00/Kg,110.00/Kg,600.0,Meru,2026-04-29
Embu Town,Wheat,-,-,-,75.00/Kg,100.00/Kg,500.0,Embu,2026-04-29
Kangeta,Beans (Yellow-Green),-,-,-,140.00/Kg,150.00/Kg,400.0,Meru,2026-04-29
Kangeta,Beans (Mwitemania),-,-,-,110.00/Kg,120.00/Kg,950.0,Meru,2026-04-29
Embu Town,Red Sorghum,-,-,-,66.00/Kg,75.00/Kg,,Embu,2026-04-29
Kangeta,Beans (Mwitemania),-,-,-,140.00/Kg,120.00/Kg,950.0,Meru,2026-04-29
Embu Town,Paddy Rice,Sindano,-,-,130.00/Kg,150.00/Kg,1000.0,Embu,2026-04-29
Embu Town,Finger Millet,-,-,-,115.00/Kg,150.00/Kg,1000.0,Embu,2026-04-29
Embu Town,Dry Maize,White Maize,-,-,50.00/Kg,65.00/Kg,7000.0,Embu,2026-04-29
Embu Town,Pigeon peas,-,-,-,105.00/Kg,125.00/Kg,1300.0,Embu,2026-04-29
Kakamega Town,White Irish Potatoes,-,-,-,50.00/Kg,70.00/Kg,25000.0,Kakamega,2026-04-29
Kangeta,Water Melon,-,-,-,40.00/Kg,45.00/Kg,500.0,Meru,2026-04-29
Embu Town,Njugu Mawe,-,-,-,280.00/Kg,300.00/Kg,500.0,Embu,2026-04-29
Kakamega Town,Wheat,-,-,-,72.22/Kg,100.00/Kg,180.0,Kakamega,2026-04-29
Embu Town,Mixed Beans,-,-,-,83.00/Kg,100.00/Kg,1500.0,Embu,2026-04-29
Kangeta,Tangerine (Sandara),-,-,-,90.00/Kg,100.00/Kg,150.0,Meru,2026-04-29
Kangeta,Pawpaw,-,-,-,30.00/Kg,40.00/Kg,150.0,Meru,2026-04-29
Kakamega Town,Dry Maize,White Maize,-,-,42.22/Kg,60.00/Kg,10000.0,Kakamega,2026-04-29
Kakamega Town,Tomatoes,-,-,-,150.00/Kg,180.00/Kg,5000.0,Kakamega,2026-04-29
Kangeta,Oranges,-,-,-,70.00/Kg,80.00/Kg,250.0,Meru,2026-04-29
Kakamega Town,Dry Onions,-,-,-,80.00/Kg,100.00/Kg,6000.0,Kakamega,2026-04-29
Kangeta,Lemons,-,-,-,80.00/Kg,90.00/Kg,130.0,Meru,2026-04-29
Embu Town,Lentils,-,-,-,300.00/Kg,350.00/Kg,10500.0,Embu,2026-04-29
Kakamega Town,Carrots,-,-,-,40.00/Kg,80.00/Kg,2000.0,Kakamega,2026-04-29
Kangeta,Banana (Ripening),-,-,-,40.00/Kg,50.00/Kg,950.0,Meru,2026-04-29
Embu Town,Ground Nuts,Large Brown,-,-,300.00/Kg,350.00/Kg,12000.0,Embu,2026-04-29
Kakamega Town,Cabbages,-,-,-,23.53/Kg,35.29/Kg,1500.0,Kakamega,2026-04-29
Kangeta,Avocado,Local,-,-,50.00/Kg,60.00/Kg,350.0,Meru,2026-04-29
Kangeta,Apples,-,-,-,140.00/Kg,160.00/Kg,100.0,Meru,2026-04-29
Kakamega Town,Beans Rosecoco,-,-,-,180.00/Kg,220.00/Kg,6000.0,Kakamega,2026-04-29
Embu Town,Green Grams,Local-Special,-,-,135.00/Kg,175.00/Kg,3000.0,Embu,2026-04-29
Kangeta,Tomatoes,-,-,-,80.00/Kg,90.00/Kg,2800.0,Meru,2026-04-29
Kangeta,Spring Onions,-,-,-,70.00/Kg,80.00/Kg,200.0,Meru,2026-04-29
Kangeta,Spinach,-,-,-,40.00/Kg,50.00/Kg,200.0,Meru,2026-04-29
Kangeta,Kales/Sukuma Wiki,-,-,-,30.00/Kg,350.00/Kg,480.0,Meru,2026-04-29
Embu Town,Dolichos lablab (Njahi),-,-,-,80.00/Kg,125.00/Kg,1500.0,Embu,2026-04-29
Kangeta,Green Maize,-,-,-,50.00/Kg,60.00/Kg,700.0,Meru,2026-04-29
Embu Town,Cowpeas,-,-,-,150.00/Kg,125.00/Kg,3000.0,Embu,2026-04-29
Kangeta,Ginger,-,-,-,180.00/Kg,200.00/Kg,100.0,Meru,2026-04-29
Kangeta,Garlic,-,-,-,370.00/Kg,400.00/Kg,100.0,Meru,2026-04-29
Embu Town,Beans Rosecoco,-,-,-,100.00/Kg,125.00/Kg,2800.0,Embu,2026-04-29
Kangeta,Fresh Peas,On pods,-,-,150.00/Kg,160.00/Kg,400.0,Meru,2026-04-29
Kangeta,Fresh Peas,On pods,-,-,130.00/Kg,140.00/Kg,550.0,Meru,2026-04-29
Kangeta,French beans,-,-,-,110.00/Kg,120.00/Kg,20.0,Meru,2026-04-29
Kangeta,Egg plant (Brinjals),-,-,-,90.00/Kg,100.00/Kg,15.0,Meru,2026-04-29
Embu Town,Beans Red Haricot (Wairimu),-,-,-,90.00/Kg,110.00/Kg,1000.0,Embu,2026-04-29
Kangeta,Dry Onions,-,-,-,110.00/Kg,120.00/Kg,2250.0,Meru,2026-04-29
Kangeta,Cucumber,-,-,-,140.00/Kg,150.00/Kg,30.0,Meru,2026-04-29
Embu Town,Beans (Yellow-Green),-,-,-,115.00/Kg,150.00/Kg,1000.0,Embu,2026-04-29
Embu Town,Beans (Mwitemania),-,-,-,115.00/Kg,150.00/Kg,2500.0,Embu,2026-04-29
Kangeta,Courgette,-,-,-,140.00/Kg,150.00/Kg,60.0,Meru,2026-04-29
Kangeta,Coriander (Dhania),-,-,-,120.00/Kg,130.00/Kg,150.0,Meru,2026-04-29
Embu Town,Beans (Mwezi Moja),-,-,-,90.00/Kg,100.00/Kg,1000.0,Embu,2026-04-29
Kangeta,Chillies,-,-,-,180.00/Kg,190.00/Kg,10.0,Meru,2026-04-29
Kangeta,Carrots,-,-,-,40.00/Kg,50.00/Kg,1900.0,Meru,2026-04-29
Embu Town,Yam,-,-,-,80.00/Kg,100.00/Kg,500.0,Embu,2026-04-29
Kangeta,Carrots,-,-,-,50.00/Kg,60.00/Kg,750.0,Meru,2026-04-29
Embu Town,Sweet potatoes,-,-,-,37.00/Kg,100.00/Kg,3000.0,Embu,2026-04-29
Kangeta,Capsicums,-,-,-,60.00/Kg,70.00/Kg,250.0,Meru,2026-04-29
Embu Town,White Irish Potatoes,-,-,-,63.00/Kg,75.00/Kg,63.0,Embu,2026-04-29
Kangeta,Cabbages,-,-,-,15.00/Kg,20.00/Kg,3900.0,Meru,2026-04-29
Kangeta,Butternuts,-,-,-,60.00/Kg,70.00/Kg,80.0,Meru,2026-04-29
Kangeta,Banana (Cooking),-,-,-,25.00/Kg,30.00/Kg,400.0,Meru,2026-04-29
Embu Town,Cassava Fresh,-,-,-,80.00/Kg,120.00/Kg,2000.0,Embu,2026-04-29
Embu Town,Arrow Root,-,-,-,45.00/Kg,100.00/Kg,3000.0,Embu,2026-04-29
Embu Town,Beans (Canadian wonder),-,-,-,115.00/Kg,150.00/Kg,1000.0,Embu,2026-04-29
Diani Market,Spinach,-,-,-,60.00/Kg,80.00/Kg,600.0,Kwale,2026-04-29
Diani Market,Tomatoes,-,-,-,80.00/Kg,100.00/Kg,600.0,Kwale,2026-04-29
Diani Market,Ginger,-,-,-,160.00/Kg,180.00/Kg,450.0,Kwale,2026-04-29
Diani Market,Egg plant (Brinjals),-,-,-,40.00/Kg,80.00/Kg,600.0,Kwale,2026-04-29
Diani Market,Dry Onions,-,-,-,120.00/Kg,140.00/Kg,6000.0,Kwale,2026-04-29
Diani Market,Capsicums,-,-,-,80.00/Kg,100.00/Kg,600.0,Kwale,2026-04-29
Diani Market,Carrots,-,-,-,80.00/Kg,100.00/Kg,600.0,Kwale,2026-04-29
Nairobi Supermarkets,Wheat Flour,Winnie's Pure Health Atta Mark 1,-,-,-,129.50/Kg,,Nairobi,2026-04-29
Nairobi Supermarkets,Wheat Flour,Soko Atta Mark 1,-,-,-,83.50/Kg,,Nairobi,2026-04-29
Nairobi Supermarkets,Wheat Flour,Soko All Purpose HBF,-,-,-,79.00/Kg,,Nairobi,2026-04-29
Nairobi Supermarkets,Wheat Flour,Phulka Atta Mark 1 Chapati Flour,-,-,-,81.00/Kg,,Nairobi,2026-04-29
Nairobi Supermarkets,Wheat Flour,Pembe Atta Mark 1,-,-,-,86.50/Kg,,Nairobi,2026-04-29
Nairobi Supermarkets,Wheat Flour,Pembe All Purpose HBF,-,-,-,83.00/Kg,,Nairobi,2026-04-29
Nairobi Supermarkets,Wheat Flour,Oboma all purpose HBF,-,-,-,78.00/Kg,,Nairobi,2026-04-29
Nairobi Supermarkets,Wheat Flour,Nutra Meal Atta Mark 1,-,-,-,135.00/Kg,,Nairobi,2026-04-29
Nairobi Supermarkets,Wheat Flour,Ndovu all purpose HBF,-,-,-,80.00/Kg,,Nairobi,2026-04-29
Nairobi Supermarkets,Wheat Flour,Mama Home Baking Flour,-,-,-,78.50/Kg,,Nairobi,2026-04-29
Nairobi Supermarkets,Wheat Flour,Kifaru All Purpose HBF,-,-,-,74.50/Kg,,Nairobi,2026-04-29
Nairobi Supermarkets,Wheat Flour,Golden All Purpose,-,-,-,85.50/Kg,,Nairobi,2026-04-29
Nairobi Supermarkets,Wheat Flour,Exe self raising,-,-,-,90.00/Kg,,Nairobi,2026-04-29
Nairobi Supermarkets,Wheat Flour,Exe Mandazi Fortified Wheat Flour,-,-,-,89.50/Kg,,Nairobi,2026-04-29
Nairobi Supermarkets,Wheat Flour,Exe Chapati fortified wheat flour,-,-,-,86.50/Kg,,Nairobi,2026-04-29
Nairobi Supermarkets,Wheat Flour,Exe brown bread,-,-,-,89.50/Kg,,Nairobi,2026-04-29
Nairobi Supermarkets,Wheat Flour,Exe Atta Mark 1,-,-,-,90.00/Kg,,Nairobi,2026-04-29
Nairobi Supermarkets,Wheat Flour,Exe All purpose fortified wheat flour,-,-,-,83.00/Kg,,Nairobi,2026-04-29
Nairobi Supermarkets,Wheat Flour,Elliots self raising flour,-,-,-,90.50/Kg,,Nairobi,2026-04-29
Nairobi Supermarkets,Wheat Flour,Elliots all purpose HBK,-,-,-,81.50/Kg,,Nairobi,2026-04-29
Nairobi Supermarkets,Wheat Flour,Dola premium all pupose,-,-,-,82.00/Kg,,Nairobi,2026-04-29
Nairobi Supermarkets,Wheat Flour,Dola Atta Mark 1,-,-,-,85.00/Kg,,Nairobi,2026-04-29
Nairobi Supermarkets,Wheat Flour,Chapati Afya,-,-,-,135.50/Kg,,Nairobi,2026-04-29
Nairobi Supermarkets,Wheat Flour,Ajab fortofied self raising,-,-,-,85.50/Kg,,Nairobi,2026-04-29
Nairobi Supermarkets,Wheat Flour,Ajab fortigied Home Baking flour,-,-,-,85.50/Kg,,Nairobi,2026-04-29
Nairobi Supermarkets,Wheat Flour,Ajab fortified mandazi flour,-,-,-,84.50/Kg,,Nairobi,2026-04-29
Nairobi Supermarkets,Wheat Flour,210 Home baking flour,-,-,-,78.00/Kg,,Nairobi,2026-04-29
Nairobi Supermarkets,Wheat Flour,210 Atta Mark 1,-,-,-,78.00/Kg,,Nairobi,2026-04-29
Nairobi Supermarkets,Maize Flour,Taifa,-,-,-,77.50/Kg,,Nairobi,2026-04-29
Nairobi Supermarkets,Maize Flour,Soko,-,-,-,81.00/Kg,,Nairobi,2026-04-29
Nairobi Supermarkets,Maize Flour,Raha Premium,-,-,-,98.50/Kg,,Nairobi,2026-04-29
Nairobi Supermarkets,Maize Flour,Pembe,-,-,-,81.50/Kg,,Nairobi,2026-04-29
Nairobi Supermarkets,Maize Flour,Oryx,-,-,-,83.50/Kg,,Nairobi,2026-04-29
Nairobi Supermarkets,Maize Flour,Ndovu,-,-,-,70.50/Kg,,Nairobi,2026-04-29
Nairobi Supermarkets,Maize Flour,Mama,-,-,-,73.50/Kg,,Nairobi,2026-04-29
Nairobi Supermarkets,Maize Flour,Kifaru,-,-,-,72.50/Kg,,Nairobi,2026-04-29
Nairobi Supermarkets,Maize Flour,Jogoo wimbi,-,-,-,140.00/Kg,,Nairobi,2026-04-29
Nairobi Supermarkets,Maize Flour,Jogoo,-,-,-,81.50/Kg,,Nairobi,2026-04-29
Nairobi Supermarkets,Maize Flour,Hostess,-,-,-,92.50/Kg,,Nairobi,2026-04-29
Nairobi Supermarkets,Maize Flour,Equatorial afya ugali,-,-,-,142.50/Kg,,Nairobi,2026-04-29
Nairobi Supermarkets,Maize Flour,Dola,-,-,-,80.00/Kg,,Nairobi,2026-04-29
Nairobi Supermarkets,Maize Flour,Cosmo,-,-,-,68.00/Kg,,Nairobi,2026-04-29
Nairobi Supermarkets,Maize Flour,Amaize,-,-,-,96.00/Kg,,Nairobi,2026-04-29
Nairobi Supermarkets,Maize Flour,Ajab,-,-,-,79.50/Kg,,Nairobi,2026-04-29
Nairobi Supermarkets,Maize Flour,210(two ten),-,-,-,76.00/Kg,,Nairobi,2026-04-29
Kabati - Muranga,Pork,-,-,-,-,700.00/Kg,,Muranga,2026-04-29
Kabati - Muranga,Eggs,Exotic/Grade,-,-,-,400.00/Tray(30),,Muranga,2026-04-29
Kabati - Muranga,Cow Milk(Processd),-,-,-,-,110.00/Lt,,Muranga,2026-04-29
Kabati - Muranga,Cow Milk(At collection point),-,-,-,45.00/Lt,70.00/Lt,,Muranga,2026-04-29
Kabati - Muranga,Pumpkin Leaves,-,-,-,25.00/Kg,40.00/Kg,,Muranga,2026-04-29
Kabati - Muranga,Cowpea leaves (Kunde),-,-,-,25.00/Kg,40.00/Kg,,Muranga,2026-04-29
Kabati - Muranga,Black nightshade (Managu/ Osuga),-,-,-,25.00/Kg,40.00/Kg,,Muranga,2026-04-29
Kabati - Muranga,Amaranthus (Terere),-,-,-,25.00/Kg,40.00/Kg,,Muranga,2026-04-29
Kabati - Muranga,Yam,-,-,-,80.00/Kg,100.00/Kg,,Muranga,2026-04-29
Kabati - Muranga,White Irish Potatoes,-,-,-,-,80.00/Kg,,Muranga,2026-04-29
Kabati - Muranga,Sweet potatoes,-,-,-,80.00/Kg,100.00/Kg,,Muranga,2026-04-29
Kabati - Muranga,Arrow Root,-,-,-,80.00/Kg,100.00/Kg,,Muranga,2026-04-29
Kabati - Muranga,Water Melon,-,-,-,-,55.00/Kg,,Muranga,2026-04-29
Kabati - Muranga,Tree tomato,-,-,-,80.00/Kg,100.00/Kg,,Muranga,2026-04-29
Kabati - Muranga,Thorn melon,-,-,-,-,60.00/Kg,,Muranga,2026-04-29
Kabati - Muranga,Tangerine (Sandara),-,-,-,70.00/Kg,100.00/Kg,,Muranga,2026-04-29
Kabati - Muranga,Pineapples,-,-,-,-,53.33/Kg,,Muranga,2026-04-29
Kabati - Muranga,Passion Fruits,-,-,-,80.00/Kg,100.00/Kg,,Muranga,2026-04-29
Kabati - Muranga,Oranges,-,-,-,-,100.00/Kg,,Muranga,2026-04-29
Kabati - Muranga,Mangoes,Improved,-,-,-,120.00/Kg,,Muranga,2026-04-29
Kabati - Muranga,Lemons,-,-,-,-,80.00/Kg,,Muranga,2026-04-29
Kabati - Muranga,Grapes,White,-,-,480.00/Kg,600.00/Kg,,Muranga,2026-04-29
Kabati - Muranga,Grapes,Red,-,-,-,600.00/Kg,,Muranga,2026-04-29
Kabati - Muranga,Banana (Ripening),-,-,-,-,35.00/Kg,,Muranga,2026-04-29
Kabati - Muranga,Avocado,Hass,-,-,-,120.00/Kg,,Muranga,2026-04-29
Makunga Market,Cattle,Zebu,Grade 2,Female,43500.00/Head,-,11.0,Kakamega,2026-04-29
Kabati - Muranga,Apples,-,-,-,-,180.00/Kg,,Muranga,2026-04-29
Makunga Market,Sheep,Red Maasai,Grade 2,Female,4300.00/Head,-,6.0,Kakamega,2026-04-29
Kabati - Muranga,Tomatoes,-,-,-,-,40.00/Kg,,Muranga,2026-04-29
Makunga Market,Sheep,Red Maasai,Grade 2,Male,6300.00/Head,-,9.0,Kakamega,2026-04-29
Kabati - Muranga,Spring Onions,-,-,-,-,70.00/Kg,,Muranga,2026-04-29
Kabati - Muranga,Pumpkin,-,-,-,-,100.00/Kg,,Muranga,2026-04-29
Kabati - Muranga,Kales/Sukuma Wiki,-,-,-,-,45.00/Kg,,Muranga,2026-04-29
Makunga Market,Sheep,Red Maasai,Grade 2,Male,6650.00/Head,-,6.0,Kakamega,2026-04-29
Kabati - Muranga,Ginger,-,-,-,-,480.00/Kg,,Muranga,2026-04-29
Kabati - Muranga,Garlic,-,-,-,-,480.00/Kg,,Muranga,2026-04-29
Makunga Market,Sheep,Red Maasai,Grade 2,Female,7400.00/Head,-,9.0,Kakamega,2026-04-29
Kabati - Muranga,French beans,-,-,-,-,65.00/Kg,,Muranga,2026-04-29
Kabati - Muranga,Dry Onions,-,-,-,-,70.00/Kg,,Muranga,2026-04-29
Kabati - Muranga,Coriander (Dhania),-,-,-,-,45.00/Kg,,Muranga,2026-04-29
Makunga Market,Sheep,Red Maasai,Grade 2,Male,9100.00/Head,-,13.0,Kakamega,2026-04-29
Kabati - Muranga,Chillies,-,-,-,-,100.00/Kg,,Muranga,2026-04-29
Kabati - Muranga,Carrots,-,-,-,-,60.00/Kg,,Muranga,2026-04-29
Kabati - Muranga,Capsicums,-,-,-,-,80.00/Kg,,Muranga,2026-04-29
Kabati - Muranga,Cabbages,-,-,-,-,45.00/Kg,,Muranga,2026-04-29
Kabati - Muranga,Butternuts,-,-,-,-,100.00/Kg,,Muranga,2026-04-29
Kabati - Muranga,Banana (Plantain),-,-,-,22.00/Kg,40.00/Kg,,Muranga,2026-04-29
Kabati - Muranga,Banana (Cooking),-,-,-,18.00/Kg,35.00/Kg,,Muranga,2026-04-29
Makunga Market,Goat,East African Goat,Grade 2,Female,6300.00/Head,-,16.0,Kakamega,2026-04-29
Makunga Market,Goat,East African Goat,Grade 2,Female,7600.00/Head,-,6.0,Kakamega,2026-04-29
Makunga Market,Goat,East African Goat,Grade 2,Female,7600.00/Head,-,6.0,Kakamega,2026-04-29
Makunga Market,Goat,East African Goat,Grade 2,Male,7650.00/Head,-,12.0,Kakamega,2026-04-29
Makunga Market,Goat,East African Goat,Grade 2,Male,6200.00/Head,-,9.0,Kakamega,2026-04-29
Makunga Market,Goat,East African Goat,Grade 2,Female,4600.00/Head,-,6.0,Kakamega,2026-04-29
Makunga Market,Duck,Black Swedish,Grade 2,Male,-,-,3.0,Kakamega,2026-04-29
Makunga Market,Chicken,Indigenous,-,Female,1100.00/Head,-,19.0,Kakamega,2026-04-29
Makunga Market,Chicken,Indigenous,-,Female,620.00/Head,-,23.0,Kakamega,2026-04-29
Makunga Market,Chicken,Indigenous,-,Female,420.00/Head,-,11.0,Kakamega,2026-04-29
Makunga Market,Chicken,Indigenous,-,Male,380.00/Head,-,13.0,Kakamega,2026-04-29
Makunga Market,Chicken,Indigenous,-,Male,920.00/Head,-,26.0,Kakamega,2026-04-29
Makunga Market,Chicken,Indigenous,-,Male,1460.00/Head,-,23.0,Kakamega,2026-04-29
Makunga Market,Chicken,Improved Kienyeji,-,Female,590.00/Head,-,16.0,Kakamega,2026-04-29
Makunga Market,Chicken,Improved Kienyeji,-,Male,1380.00/Head,-,9.0,Kakamega,2026-04-29
Makunga Market,Chicken,Broiler,-,Male,580.00/Head,-,22.0,Kakamega,2026-04-29
Makunga Market,Cattle,Zebu,Grade 2,Female,48600.00/Head,-,16.0,Kakamega,2026-04-29
Makunga Market,Cattle,Zebu,Grade 3,Female,44300.00/Head,-,13.0,Kakamega,2026-04-29
Makunga Market,Cattle,Zebu,Grade 2,Female,42000.00/Head,-,17.0,Kakamega,2026-04-29
Makunga Market,Cattle,Zebu,Grade 3,Female,-,-,42600.0,Kakamega,2026-04-29
Makunga Market,Cattle,Zebu,Grade 2,Female,32700.00/Head,-,21.0,Kakamega,2026-04-29
Makunga Market,Cattle,Zebu,Grade 3,Female,18300.00/Head,-,7.0,Kakamega,2026-04-29
Makunga Market,Cattle,Zebu,Grade 3,Male,18000.00/Head,-,11.0,Kakamega,2026-04-29
Makunga Market,Cattle,Zebu,Grade 2,Male,23000.00/Head,-,16.0,Kakamega,2026-04-29
Makunga Market,Cattle,Zebu,Grade 3,Male,29000.00/Head,-,7.0,Kakamega,2026-04-29
Makunga Market,Cattle,Zebu,Grade 2,Male,37000.00/Head,-,21.0,Kakamega,2026-04-29
Makunga Market,Cattle,Zebu,Grade 3,Male,46000.00/Head,-,11.0,Kakamega,2026-04-29
Makunga Market,Cattle,Zebu,Grade 2,Male,62000.00/Head,-,17.0,Kakamega,2026-04-29
Makunga Market,Cattle,Ayrshire,Grade 2,Female,48000.00/Head,-,4.0,Kakamega,2026-04-29
Makunga Market,Cattle,Friesian,Grade 2,Male,72000.00/Head,-,3.0,Kakamega,2026-04-29
Makunga Market,Cattle,Ayrshire,Grade 2,Female,64000.00/Head,-,4.0,Kakamega,2026-04-29
Makunga Market,Cattle,Ayrshire,Grade 2,Male,72000.00/Head,-,2.0,Kakamega,2026-04-29
Embu Town,Avocado,Local,-,-,50.00/Kg,100.00/Kg,1000.0,Embu,2026-04-29
Embu Town,Avocado,Fuerte,-,-,100.00/Kg,150.00/Kg,1000.0,Embu,2026-04-29
Embu Town,Lemons,-,-,-,100.00/Kg,150.00/Kg,500.0,Embu,2026-04-29
Embu Town,Tangerine (Sandara),-,-,-,60.00/Kg,100.00/Kg,1000.0,Embu,2026-04-29
Embu Town,Water Melon,-,-,-,30.00/Kg,40.00/Kg,5000.0,Embu,2026-04-29
Embu Town,Tree tomato,-,-,-,100.00/Kg,120.00/Kg,1000.0,Embu,2026-04-29
Embu Town,Pawpaw,-,-,-,60.00/Kg,70.00/Kg,1000.0,Embu,2026-04-29
Embu Town,Passion Fruits,-,-,-,100.00/Kg,130.00/Kg,,Embu,2026-04-29
Embu Town,Oranges,-,-,-,60.00/Kg,100.00/Kg,1000.0,Embu,2026-04-29
Embu Town,Tomatoes,-,-,-,76.00/Kg,100.00/Kg,4000.0,Embu,2026-04-29
Embu Town,Spring Onions,-,-,-,70.00/Kg,80.00/Kg,1000.0,Embu,2026-04-29
Embu Town,Okra (Lady's fingers or Gumbo),-,-,-,200.00/Kg,300.00/Kg,500.0,Embu,2026-04-29
Embu Town,Spinach,-,-,-,50.00/Kg,70.00/Kg,500.0,Embu,2026-04-29
Embu Town,Pumpkin,-,-,-,80.00/Kg,100.00/Kg,500.0,Embu,2026-04-29
Embu Town,Kales/Sukuma Wiki,-,-,-,20.00/Kg,30.00/Kg,1000.0,Embu,2026-04-29
Embu Town,Green Maize,-,-,-,50.00/Kg,100.00/Kg,4000.0,Embu,2026-04-29
Embu Town,French beans,-,-,-,80.00/Kg,100.00/Kg,1000.0,Embu,2026-04-29
Embu Town,Dry Onions,-,-,-,100.00/Kg,120.00/Kg,3000.0,Embu,2026-04-29
Embu Town,Cucumber,-,-,-,100.00/Kg,150.00/Kg,500.0,Embu,2026-04-29
Embu Town,Courgette,-,-,-,80.00/Kg,120.00/Kg,1000.0,Embu,2026-04-29
Embu Town,Coriander (Dhania),-,-,-,70.00/Kg,100.00/Kg,1000.0,Embu,2026-04-29
Embu Town,Chillies,-,-,-,200.00/Kg,300.00/Kg,500.0,Embu,2026-04-29
Embu Town,Carrots,-,-,-,50.00/Kg,60.00/Kg,3000.0,Embu,2026-04-29
Embu Town,Cauliflower,-,-,-,50.00/Kg,60.00/Kg,3000.0,Embu,2026-04-29
Embu Town,Cabbages,-,-,-,10.00/Kg,15.00/Kg,25000.0,Embu,2026-04-29
Embu Town,Butternuts,-,-,-,120.00/Kg,150.00/Kg,1000.0,Embu,2026-04-29
Embu Town,Banana (Cooking),-,-,-,15.00/Kg,20.00/Kg,8000.0,Embu,2026-04-29
Kerugoya,Tomatoes,-,-,-,40.00/Kg,80.00/Kg,1600.0,Kirinyaga,2026-04-28
Kerugoya,Pumpkin,-,-,-,35.00/Kg,80.00/Kg,180.0,Kirinyaga,2026-04-28
Kerugoya,Kales/Sukuma Wiki,-,-,-,20.00/Kg,35.00/Kg,230.0,Kirinyaga,2026-04-28
Kerugoya,Ginger,-,-,-,180.00/Kg,270.00/Kg,200.0,Kirinyaga,2026-04-28
Kerugoya,Fresh Peas,On pods,-,-,80.00/Kg,140.00/Kg,350.0,Kirinyaga,2026-04-28
Kerugoya,Dry Onions,-,-,-,70.00/Kg,140.00/Kg,2300.0,Kirinyaga,2026-04-28
Kerugoya,Courgette,-,-,-,70.00/Kg,140.00/Kg,400.0,Kirinyaga,2026-04-28
Kerugoya,Carrots,-,-,-,30.00/Kg,60.00/Kg,400.0,Kirinyaga,2026-04-28
Kerugoya,Capsicums,-,-,-,45.00/Kg,90.00/Kg,300.0,Kirinyaga,2026-04-28
Kerugoya,Cabbages,-,-,-,18.00/Kg,25.00/Kg,360.0,Kirinyaga,2026-04-28
Kerugoya,Banana (Cooking),-,-,-,20.00/Kg,40.00/Kg,780.0,Kirinyaga,2026-04-28
Kerugoya,Water Melon,-,-,-,25.00/Kg,40.00/Kg,350.0,Kirinyaga,2026-04-28
Kerugoya,Tree tomato,-,-,-,100.00/Kg,200.00/Kg,250.0,Kirinyaga,2026-04-28
Kerugoya,Thorn melon,-,-,-,30.00/Kg,60.00/Kg,160.0,Kirinyaga,2026-04-28
Kerugoya,Pawpaw,-,-,-,40.00/Kg,80.00/Kg,150.0,Kirinyaga,2026-04-28
Kerugoya,Passion Fruits,-,-,-,170.00/Kg,240.00/Kg,300.0,Kirinyaga,2026-04-28
Kerugoya,Oranges,-,-,-,60.00/Kg,100.00/Kg,350.0,Kirinyaga,2026-04-28
Kerugoya,Banana (Ripening),-,-,-,20.00/Kg,40.00/Kg,800.0,Kirinyaga,2026-04-28
Kerugoya,Rice,Pishori,-,-,160.00/Kg,180.00/Kg,2300.0,Kirinyaga,2026-04-28
Kerugoya,Dry Maize,Mixed-Traditional,-,-,55.00/Kg,75.00/Kg,4600.0,Kirinyaga,2026-04-28
Holo,Eggs,Indigenous /Kenyeji,-,-,20.00/Tray(30),25.00/Tray(30),,Kisumu,2026-04-28
Holo,Pork,-,-,-,-,600.00/Kg,,Kisumu,2026-04-28
Holo,Meat Beef,-,-,-,-,700.00/Kg,,Kisumu,2026-04-28
Holo,Honey,Crude,-,-,-,600.00/Kg,,Kisumu,2026-04-28
Holo,Eggs,Exotic/Grade,-,-,16.00/Tray(30),17.50/Tray(30),,Kisumu,2026-04-28
Holo,Cow Milk(At collection point),-,-,-,-,80.00/Lt,,Kisumu,2026-04-28
Holo,Sheep,Red Maasai,Grade 3,Male,7500.00/Head,-,,Kisumu,2026-04-28
Holo,Goat,East African Goat,Grade 3,Male,6500.00/Head,-,,Kisumu,2026-04-28
Holo,Chicken,Layers,-,Male,450.00/Head,-,,Kisumu,2026-04-28
Holo,Chicken,Indigenous,-,Male,1000.00/Head,-,,Kisumu,2026-04-28
Holo,Chicken,Improved Kienyeji,-,Male,1200.00/Head,-,,Kisumu,2026-04-28
Holo,Chicken,Broiler,-,Male,550.00/Head,-,,Kisumu,2026-04-28
Holo,Cattle,Mixed,Grade 3,Male,40000.00/Head,-,,Kisumu,2026-04-28
Holo,Prawns,Dried,-,-,-,35.00/Kg,,Kisumu,2026-04-28
Holo,Tilapia,Fresh,-,-,-,450.00/Kg,,Kisumu,2026-04-28
Holo,Omena,Dried,-,-,-,375.00/Kg,,Kisumu,2026-04-28
Holo,Nile Perch,Fresh,-,-,-,420.00/Kg,,Kisumu,2026-04-28
Kathonzweni,Goat,Mixed,Grade 1,Female,5000.00/Head,-,23.0,Makueni,2026-04-28
Kathonzweni,Goat,Mixed,Grade 1,Female,8000.00/Head,-,85.0,Makueni,2026-04-28
Holo,White Irish Potatoes,-,-,-,104.00/Kg,100.00/Kg,,Kisumu,2026-04-28
Holo,Sweet potatoes,-,-,-,-,100.00/Kg,,Kisumu,2026-04-28
Holo,Cassava Fresh,-,-,-,-,100.00/Kg,,Kisumu,2026-04-28
Kathonzweni,Goat,Mixed,Grade 1,Male,7500.00/Head,-,100.0,Makueni,2026-04-28
Holo,Cassava Chips (dry),-,-,-,-,75.00/Kg,,Kisumu,2026-04-28
Holo,Arrow Root,-,-,-,-,150.00/Kg,,Kisumu,2026-04-28
Holo,Water Melon,-,-,-,-,166.67/Kg,,Kisumu,2026-04-28
Kathonzweni,Goat,Mixed,Grade 1,Male,13500.00/Head,-,92.0,Makueni,2026-04-28
Holo,Thorn melon,-,-,-,-,200.00/Kg,,Kisumu,2026-04-28
Holo,Tangerine (Sandara),-,-,-,-,180.00/Kg,,Kisumu,2026-04-28
Holo,Pawpaw,-,-,-,-,100.00/Kg,,Kisumu,2026-04-28
Kathonzweni,Cattle,Mixed,Grade 2,Female,30000.00/Head,-,45.0,Makueni,2026-04-28
Holo,Oranges,-,-,-,-,220.00/Kg,,Kisumu,2026-04-28
Holo,Mangoes,Local,-,-,-,100.00/Kg,,Kisumu,2026-04-28
Kathonzweni,Cattle,Mixed,Grade 2,Female,45000.00/Head,-,120.0,Makueni,2026-04-28
Kathonzweni,Cattle,Mixed,Grade 2,Male,35000.00/Head,-,260.0,Makueni,2026-04-28
Holo,Mangoes,Improved,-,-,-,150.00/Kg,,Kisumu,2026-04-28
Holo,Limes,-,-,-,-,200.00/Kg,,Kisumu,2026-04-28
Kathonzweni,Cattle,Mixed,Grade 2,Male,80000.00/Head,-,200.0,Makueni,2026-04-28
Holo,Lemons,-,-,-,-,200.00/Kg,,Kisumu,2026-04-28
Holo,Avocado,Local,-,-,-,100.00/Kg,,Kisumu,2026-04-28
Holo,Avocado,Hass,-,-,-,150.00/Kg,,Kisumu,2026-04-28
Holo,White Sorghum,-,-,-,57.78/kg,75.00/kg,,Kisumu,2026-04-28
Holo,Rice,Pishori,-,-,172.00/Kg,250.00/Kg,,Kisumu,2026-04-28
Holo,Red Sorghum,-,-,-,57.78/Kg,75.00/Kg,,Kisumu,2026-04-28
Holo,Maize Flour,Dola,-,-,-,80.00/Kg,,Kisumu,2026-04-28
Holo,Maize Flour,Ajab,-,-,84.58/Kg,90.00/Kg,,Kisumu,2026-04-28
Holo,Finger Millet,-,-,-,133.33/Kg,175.00/Kg,,Kisumu,2026-04-28
Holo,Dry Maize,White Maize,-,-,46.67/Kg,65.00/Kg,,Kisumu,2026-04-28
Holo,Dry Maize,Yellow Maize,-,-,-,75.00/Kg,,Kisumu,2026-04-28
Holo,Dry Maize,White Maize,-,-,46.67/Kg,130.00/Kg,,Kisumu,2026-04-28
Holo,Spider flower (Saga),-,-,-,-,80.00/Kg,,Kisumu,2026-04-28
Holo,Pumpkin Leaves,-,-,-,-,70.00/Kg,,Kisumu,2026-04-28
Holo,Jute Plant (Murenda),-,-,-,-,70.00/Kg,,Kisumu,2026-04-28
Holo,Indigenous Crotolaria (Mito/Miro),-,-,-,-,80.00/Kg,,Kisumu,2026-04-28
Holo,Ethiopian Kales -Kanzira,-,-,-,-,70.00/Kg,,Kisumu,2026-04-28
Holo,Cowpea leaves (Kunde),-,-,-,-,60.00/Kg,,Kisumu,2026-04-28
Holo,Black nightshade (Managu/ Osuga),-,-,-,-,80.00/Kg,,Kisumu,2026-04-28
Holo,Amaranthus (Terere),-,-,-,-,70.00/Kg,,Kisumu,2026-04-28
Holo,Tomatoes,-,-,-,214.29/Kg,150.00/Kg,,Kisumu,2026-04-28
Holo,Spring Onions,-,-,-,62.50/Kg,70.00/Kg,,Kisumu,2026-04-28
Holo,Spinach,-,-,-,-,60.00/Kg,,Kisumu,2026-04-28
Holo,Kales/Sukuma Wiki,-,-,-,40.00/Kg,50.00/Kg,,Kisumu,2026-04-28
Holo,Green Maize,-,-,-,-,120.00/Kg,,Kisumu,2026-04-28
Holo,Ginger,-,-,-,-,150.00/Kg,,Kisumu,2026-04-28
Holo,Garlic,-,-,-,-,400.00/Kg,,Kisumu,2026-04-28
Holo,Egg plant (Brinjals),-,-,-,-,120.00/Kg,,Kisumu,2026-04-28
Holo,Dry Onions,-,-,-,115.56/Kg,130.00/Kg,,Kisumu,2026-04-28
Holo,Cucumber,-,-,-,-,150.00/Kg,,Kisumu,2026-04-28
Holo,Coriander (Dhania),-,-,-,-,150.00/Kg,,Kisumu,2026-04-28
Holo,Chillies,-,-,-,-,140.00/Kg,,Kisumu,2026-04-28
Holo,Carrots,-,-,-,-,80.00/Kg,,Kisumu,2026-04-28
Holo,Capsicums,-,-,-,-,120.00/Kg,,Kisumu,2026-04-28
Holo,Cabbages,-,-,-,-,80.00/Kg,,Kisumu,2026-04-28
Holo,Butternuts,-,-,-,-,150.00/Kg,,Kisumu,2026-04-28
Holo,Banana (Plantain),-,-,-,-,183.33/Kg,,Kisumu,2026-04-28
Holo,Banana (Cooking),-,-,-,-,32.69/Kg,,Kisumu,2026-04-28
Holo,Mixed Beans,-,-,-,133.33/Kg,175.00/Kg,,Kisumu,2026-04-28
Holo,Ground Nuts,Small Red,-,-,288.89/Kg,350.00/Kg,,Kisumu,2026-04-28
Holo,Ground Nuts,Large Brown,-,-,244.44/Kg,300.00/Kg,,Kisumu,2026-04-28
Holo,Green Grams,Local-Special,-,-,155.56/Kg,200.00/Kg,,Kisumu,2026-04-28
Holo,Green Grams,Hybrid/ polished,-,-,177.78/Kg,225.00/Kg,,Kisumu,2026-04-28
Holo,Cowpeas,-,-,-,155.56/Kg,200.00/Kg,,Kisumu,2026-04-28
Holo,Beans Rosecoco (Nyayo),-,-,-,177.78/Kg,225.00/Kg,,Kisumu,2026-04-28
Holo,Beans Rosecoco,-,-,-,200.00/Kg,250.00/Kg,,Kisumu,2026-04-28
Holo,Beans Red Haricot (Wairimu),-,-,-,177.78/Kg,225.00/Kg,,Kisumu,2026-04-28
Holo,Beans (Yellow-Green),-,-,-,200.00/Kg,250.00/Kg,,Kisumu,2026-04-28
Holo,Beans (Mwezi Moja),-,-,-,177.78/Kg,225.00/Kg,,Kisumu,2026-04-28
Holo,Beans (Canadian wonder),-,-,-,177.78/Kg,225.00/Kg,,Kisumu,2026-04-28
Holo,Fertilizer,CAN,-,-,97.00/Kg,100.00/Kg,,Kisumu,2026-04-28
Holo,Fertilizer,DAP,-,-,130.00/Kg,150.00/Kg,,Kisumu,2026-04-28
Kathonzweni,Chicken,Indigenous,-,Female,700.00/Head,-,200.0,Makueni,2026-04-28
Kathonzweni,Chicken,Indigenous,-,Male,1000.00/Head,-,180.0,Makueni,2026-04-28
Kathonzweni,Sheep,Blackhead Persian,Grade 1,Female,5000.00/Head,-,10.0,Makueni,2026-04-28
Kathonzweni,Sheep,Blackhead Persian,Grade 1,Female,7500.00/Head,-,20.0,Makueni,2026-04-28
Kathonzweni,Sheep,Blackhead Persian,Grade 1,Male,4000.00/Head,-,30.0,Makueni,2026-04-28
Kawangware,Lentils,-,-,-,220.00/Kg,250.00/Kg,,Nairobi,2026-04-28
Kawangware,Pigeon peas,-,-,-,100.00/Kg,115.00/Kg,,Nairobi,2026-04-28
Kathonzweni,Sheep,Blackhead Persian,Grade 1,Male,9000.00/Head,-,40.0,Makueni,2026-04-28
Kawangware,Green Grams,Makueni,-,-,155.00/Kg,170.00/Kg,,Nairobi,2026-04-28
Kathonzweni,Donkey,-,-,Female,4000.00/Head,-,3.0,Makueni,2026-04-28
Kawangware,Beans Red Haricot (Wairimu),-,-,-,100.00/Kg,110.00/Kg,,Nairobi,2026-04-28
Kawangware,Dolichos lablab (Njahi),-,-,-,75.00/Kg,85.00/Kg,,Nairobi,2026-04-28
Kathonzweni,Donkey,-,-,Female,7500.00/Head,-,6.0,Makueni,2026-04-28
Kathonzweni,Donkey,-,-,Male,5000.00/Head,-,6.0,Makueni,2026-04-28
Kawangware,Cowpeas,-,-,-,90.00/Kg,120.00/Kg,,Nairobi,2026-04-28
Kathonzweni,Donkey,-,-,Male,7000.00/Head,-,10.0,Makueni,2026-04-28
Kawangware,Beans Rosecoco (Nyayo),-,-,-,110.00/Kg,125.00/Kg,,Nairobi,2026-04-28
Kawangware,Beans Rosecoco,-,-,-,115.00/Kg,125.00/Kg,,Nairobi,2026-04-28
Kawangware,Beans (Yellow-Green),-,-,-,110.00/Kg,125.00/Kg,,Nairobi,2026-04-28
Kawangware,Beans (Mwitemania),-,-,-,90.00/Kg,100.00/Kg,,Nairobi,2026-04-28
Kawangware,Rice,Pishori,-,-,160.00/Kg,180.00/Kg,,Nairobi,2026-04-28
Kawangware,Pearl Rush Millet,-,-,-,122.22/Kg,120.00/Kg,,Nairobi,2026-04-28
Kawangware,Finger Millet,-,-,-,54.00/Kg,90.00/Kg,,Nairobi,2026-04-28
Kawangware,Dry Maize,White Maize,-,-,55.00/Kg,65.00/Kg,,Nairobi,2026-04-28
Ngurubani Market,Water Melon,-,-,-,25.00/Kg,35.00/Kg,23500.0,Kirinyaga,2026-04-28
Ngurubani Market,Tree tomato,-,-,-,70.00/Kg,100.00/Kg,280.0,Kirinyaga,2026-04-28
Ngurubani Market,Thorn melon,-,-,-,80.00/Kg,120.00/Kg,255.0,Kirinyaga,2026-04-28
Ngurubani Market,Pineapples,-,-,-,50.00/Kg,70.00/Kg,1250.0,Kirinyaga,2026-04-28
Ngurubani Market,Pawpaw,-,-,-,40.00/Kg,60.00/Kg,135.0,Kirinyaga,2026-04-28
Ngurubani Market,Passion Fruits,-,-,-,150.00/Kg,220.00/Kg,250.0,Kirinyaga,2026-04-28
Ngurubani Market,Oranges,-,-,-,70.00/Kg,100.00/Kg,1400.0,Kirinyaga,2026-04-28
Kathonzweni,Sweet potatoes,-,-,-,150.00/Kg,250.00/Kg,1000.0,Makueni,2026-04-28
Ngurubani Market,Lemons,-,-,-,40.00/Kg,60.00/Kg,200.0,Kirinyaga,2026-04-28
Ngurubani Market,Avocado,Local,-,-,65.00/Kg,85.00/Kg,1450.0,Kirinyaga,2026-04-28
Kathonzweni,Red Irish potato,-,-,-,60.00/Kg,70.00/Kg,21000.0,Makueni,2026-04-28
Ngurubani Market,Pork,-,-,-,650.00/Kg,750.00/Kg,450.0,Kirinyaga,2026-04-28
Ngurubani Market,Meat Beef,-,-,-,650.00/Kg,750.00/Kg,420.0,Kirinyaga,2026-04-28
Ngurubani Market,Eggs,Exotic/Grade,-,-,420.00/Tray(30),480.00/Tray(30),2580.0,Kirinyaga,2026-04-28
Ngurubani Market,Rice,Pishori,-,-,150.00/Kg,170.00/Kg,137500.0,Kirinyaga,2026-04-28
Kathonzweni,Cassava Fresh,-,-,-,33.33/Kg,50.00/Kg,600.0,Makueni,2026-04-28
Ngurubani Market,Red Sorghum,-,-,-,90.00/Kg,2.22/Kg,2200.0,Kirinyaga,2026-04-28
Ngurubani Market,Dry Maize,White Maize,-,-,52.22/Kg,60.00/Kg,4580.0,Kirinyaga,2026-04-28
Kathonzweni,Arrow Root,-,-,-,150.00/Kg,240.00/Kg,600.0,Makueni,2026-04-28
Ngurubani Market,White Irish Potatoes,-,-,-,46.00/Kg,50.00/Kg,21000.0,Kirinyaga,2026-04-28
Ngurubani Market,Sweet potatoes,-,-,-,80.00/Kg,120.00/Kg,250.0,Kirinyaga,2026-04-28
Ngurubani Market,Arrow Root,-,-,-,100.00/Kg,140.00/Kg,300.0,Kirinyaga,2026-04-28
Kathonzweni,Water Melon,-,-,-,30.00/Kg,50.00/Kg,1000.0,Makueni,2026-04-28
Ngurubani Market,Tomatoes,-,-,-,70.00/Kg,170.00/Kg,850.0,Kirinyaga,2026-04-28
Kathonzweni,Thorn melon,-,-,-,80.00/Kg,120.00/Kg,80.0,Makueni,2026-04-28
Ngurubani Market,Spring Onions,-,-,-,40.00/Kg,70.00/Kg,250.0,Kirinyaga,2026-04-28
Ngurubani Market,Spinach,-,-,-,40.00/Kg,50.00/Kg,250.0,Kirinyaga,2026-04-28
Kathonzweni,Pawpaw,-,-,-,53.33/Kg,80.00/Kg,50.0,Makueni,2026-04-28
Ngurubani Market,Pumpkin,-,-,-,25.00/Kg,35.00/Kg,2500.0,Kirinyaga,2026-04-28
Ngurubani Market,Green Maize,-,-,-,40.00/Kg,60.00/Kg,3520.0,Kirinyaga,2026-04-28
Ngurubani Market,Fresh Peas,On pods,-,-,150.00/Kg,170.00/Kg,450.0,Kirinyaga,2026-04-28
Ngurubani Market,French beans,-,-,-,50.00/Kg,70.00/Kg,215.0,Kirinyaga,2026-04-28
Kathonzweni,Oranges,-,-,-,60.00/Kg,80.00/Kg,500.0,Makueni,2026-04-28
Ngurubani Market,Egg plant (Brinjals),-,-,-,40.00/Kg,70.00/Kg,50.0,Kirinyaga,2026-04-28
Ngurubani Market,Cucumber,-,-,-,80.00/Kg,120.00/Kg,120.0,Kirinyaga,2026-04-28
Ngurubani Market,Courgette,-,-,-,50.00/Kg,80.00/Kg,215.0,Kirinyaga,2026-04-28
Kathonzweni,Lemons,-,-,-,20.00/Kg,50.00/Kg,250.0,Makueni,2026-04-28
Ngurubani Market,Coriander (Dhania),-,-,-,50.00/Kg,70.00/Kg,150.0,Kirinyaga,2026-04-28
Ngurubani Market,Chillies,-,-,-,50.00/Kg,70.00/Kg,150.0,Kirinyaga,2026-04-28
Kathonzweni,Banana (Ripening),-,-,-,40.00/Kg,80.00/Kg,9000.0,Makueni,2026-04-28
Ngurubani Market,Carrots,-,-,-,40.00/Kg,60.00/Kg,3850.0,Kirinyaga,2026-04-28
Ngurubani Market,Capsicums,-,-,-,40.00/Kg,60.00/Kg,350.0,Kirinyaga,2026-04-28
Kathonzweni,Avocado,Local,-,-,20.00/Kg,40.00/Kg,1500.0,Makueni,2026-04-28
Ngurubani Market,Cabbages,-,-,-,20.00/Kg,25.00/Kg,24500.0,Kirinyaga,2026-04-28
Ngurubani Market,Butternuts,-,-,-,30.00/Kg,45.00/Kg,3580.0,Kirinyaga,2026-04-28
Ngurubani Market,Banana (Cooking),-,-,-,25.00/Kg,35.00/Kg,2580.0,Kirinyaga,2026-04-28
Kathonzweni,Apples,-,-,-,200.00/Kg,300.00/Kg,150.0,Makueni,2026-04-28
Ngurubani Market,Pumpkin Leaves,-,-,-,25.00/Kg,30.00/Kg,120.0,Kirinyaga,2026-04-28
Ngurubani Market,Cowpea leaves (Kunde),-,-,-,30.00/Kg,50.00/Kg,250.0,Kirinyaga,2026-04-28
Ngurubani Market,Black nightshade (Managu/ Osuga),-,-,-,30.00/Kg,40.00/Kg,520.0,Kirinyaga,2026-04-28
Kathonzweni,Wheat,-,-,-,60.00/Kg,70.00/Kg,500.0,Makueni,2026-04-28
Ngurubani Market,Amaranthus (Terere),-,-,-,25.00/Kg,35.00/Kg,450.0,Kirinyaga,2026-04-28
Ngurubani Market,Pigeon peas,-,-,-,70.00/Kg,90.00/Kg,2200.0,Kirinyaga,2026-04-28
Ngundune,Meat Chevon,-,-,-,700.00/Kg,800.00/Kg,250.0,Meru,2026-04-28
Ngundune,Meat Beef,-,-,-,600.00/Kg,700.00/Kg,3500.0,Meru,2026-04-28
Ngurubani Market,Mixed Beans,-,-,-,91.11/Kg,115.00/Kg,1700.0,Kirinyaga,2026-04-28
Kathonzweni,Red Sorghum,-,-,-,60.00/Kg,70.00/Kg,600.0,Makueni,2026-04-28
Ngundune,Eggs,Indigenous /Kenyeji,-,-,450.00/Tray(30),600.00/Tray(30),15.0,Meru,2026-04-28
Ngundune,Eggs,Exotic/Grade,-,-,380.00/Tray(30),450.00/Tray(30),150.0,Meru,2026-04-28
Ngurubani Market,Lentils,-,-,-,188.89/Kg,225.00/Kg,2120.0,Kirinyaga,2026-04-28
Ngurubani Market,Green Grams,Hybrid/ polished,-,-,100.00/Kg,150.00/Kg,2500.0,Kirinyaga,2026-04-28
Ngundune,Cow Milk(Processd),-,-,-,94.00/Lt,120.00/Lt,1500.0,Meru,2026-04-28
Ngundune,Cow Milk(At collection point),-,-,-,70.00/Lt,80.00/Lt,450.0,Meru,2026-04-28
Ngurubani Market,Dolichos lablab (Njahi),-,-,-,83.33/Kg,100.00/Kg,1500.0,Kirinyaga,2026-04-28
Ngundune,Sheep,Dorper,Grade 2,Male,12000.00/Head,-,50.0,Meru,2026-04-28
Kathonzweni,Dry Maize,White Maize,-,-,50.00/Kg,55.00/Kg,6000.0,Makueni,2026-04-28
Ngundune,Sheep,Blackhead Persian,Grade 2,Male,7000.00/Head,-,60.0,Meru,2026-04-28
Ngundune,Goat,Mixed,Grade 3,Female,3000.00/Head,-,35.0,Meru,2026-04-28
Ngundune,Goat,Mixed,Grade 3,Female,6000.00/Head,-,50.0,Meru,2026-04-28
Ngurubani Market,Cowpeas,-,-,-,100.00/Kg,140.00/Kg,1350.0,Kirinyaga,2026-04-28
Ngundune,Goat,East African Goat,Grade 2,Male,12000.00/Head,-,80.0,Meru,2026-04-28
Ngundune,Goat,East African Goat,Grade 2,Male,15000.00/Head,-,150.0,Meru,2026-04-28
Kathonzweni,Pumpkin Leaves,-,-,-,60.00/Kg,80.00/Kg,100.0,Makueni,2026-04-28
Ngurubani Market,Beans Rosecoco (Nyayo),-,-,-,108.89/Kg,150.00/Kg,3250.0,Kirinyaga,2026-04-28
Ngundune,Goat,Dairy Goats,Grade 2,Male,15000.00/Head,-,5.0,Meru,2026-04-28
Ngundune,Cattle,Other,Grade 4,Male,25000.00/Head,-,35.0,Meru,2026-04-28
Kathonzweni,Cowpea leaves (Kunde),-,-,-,40.00/Kg,60.00/Kg,300.0,Makueni,2026-04-28
Ngurubani Market,Beans Red Haricot (Wairimu),-,-,-,100.00/Kg,140.00/Kg,6580.0,Kirinyaga,2026-04-28
Ngurubani Market,Beans (Yellow-Green),-,-,-,122.22/Kg,175.00/Kg,5280.0,Kirinyaga,2026-04-28
Kathonzweni,Black nightshade (Managu/ Osuga),-,-,-,30.00/Kg,50.00/Kg,200.0,Makueni,2026-04-28
Ngurubani Market,Beans (Mwitemania),-,-,-,91.11/Kg,125.00/Kg,4500.0,Kirinyaga,2026-04-28
Ngurubani Market,Fertilizer,NPK,-,-,95.00/Kg,110.00/Kg,185800.0,Kirinyaga,2026-04-28
Kathonzweni,Tomatoes,-,-,-,100.00/Kg,120.00/Kg,5000.0,Makueni,2026-04-28
Ngurubani Market,Fertilizer,DAP,-,-,136.00/Kg,140.00/Kg,125000.0,Kirinyaga,2026-04-28
Ngurubani Market,Fertilizer,CAN,-,-,66.00/Kg,80.00/Kg,52000.0,Kirinyaga,2026-04-28
Kathonzweni,Spinach,-,-,-,80.00/Kg,140.00/Kg,300.0,Makueni,2026-04-28
Kathonzweni,Okra (Lady's fingers or Gumbo),-,-,-,160.00/Kg,240.00/Kg,80.0,Makueni,2026-04-28
Kathonzweni,Kales/Sukuma Wiki,-,-,-,40.00/Kg,80.00/Kg,950.0,Makueni,2026-04-28
Kathonzweni,Green Maize,-,-,-,100.00/Kg,150.00/Kg,500.0,Makueni,2026-04-28
Kathonzweni,Ginger,-,-,-,300.00/Kg,400.00/Kg,200.0,Makueni,2026-04-28
Kathonzweni,Garlic,-,-,-,360.00/Kg,440.00/Kg,100.0,Makueni,2026-04-28
Kathonzweni,Egg plant (Brinjals),-,-,-,100.00/Kg,150.00/Kg,250.0,Makueni,2026-04-28
Kathonzweni,Dry Onions,-,-,-,110.00/Kg,140.00/Kg,2000.0,Makueni,2026-04-28
Kathonzweni,Cucumber,-,-,-,240.00/Kg,320.00/Kg,40.0,Makueni,2026-04-28
Kathonzweni,Courgette,-,-,-,240.00/Kg,320.00/Kg,30.0,Makueni,2026-04-28
Kathonzweni,Coriander (Dhania),-,-,-,200.00/Kg,400.00/Kg,100.0,Makueni,2026-04-28
Kathonzweni,Chillies,-,-,-,120.00/Kg,240.00/Kg,80.0,Makueni,2026-04-28
Maua,Spring Onions,-,-,-,80.00/Kg,100.00/Kg,2200.0,Meru,2026-04-28
Kathonzweni,Carrots,-,-,-,60.00/Kg,80.00/Kg,450.0,Makueni,2026-04-28
Ngundune,Cattle,Boran,Grade 2,Male,92000.00/Head,-,150.0,Meru,2026-04-28
Maua,Capsicums,-,-,-,80.00/Kg,100.00/Kg,2000.0,Meru,2026-04-28
Ngundune,Cattle,Boran,Grade 3,Male,35000.00/Head,-,50.0,Meru,2026-04-28
Kathonzweni,Capsicums,-,-,-,60.00/Kg,150.00/Kg,400.0,Makueni,2026-04-28
Maua,Dry Onions,-,-,-,60.00/Kg,800.00/Kg,8000.0,Meru,2026-04-28
Ngundune,Cattle,Boran,Grade 3,Female,65000.00/Head,-,30.0,Meru,2026-04-28
Kathonzweni,Cabbages,-,-,-,25.00/Kg,35.00/Kg,14000.0,Makueni,2026-04-28
Ngundune,Cattle,Boran,Grade 2,Castrate,85000.00/Head,-,60.0,Meru,2026-04-28
Ngundune,Cattle,Boran,Grade 2,Male,85000.00/Head,-,100.0,Meru,2026-04-28
Kathonzweni,Butternuts,-,-,-,150.00/Kg,200.00/Kg,80.0,Makueni,2026-04-28
Maua,Tomatoes,-,-,-,50.00/Kg,70.00/Kg,15000.0,Meru,2026-04-28
Kathonzweni,Banana (Cooking),-,-,-,50.00/Kg,80.00/Kg,400.0,Makueni,2026-04-28
Maua,Garlic,-,-,-,320.00/Kg,400.00/Kg,1600.0,Meru,2026-04-28
Kathonzweni,Pigeon peas,-,-,-,100.00/Kg,110.00/Kg,600.0,Makueni,2026-04-28
Kathonzweni,Mixed Beans,-,-,-,100.00/Kg,110.00/Kg,5000.0,Makueni,2026-04-28
Maua,Butternuts,-,-,-,60.00/Kg,80.00/Kg,2000.0,Meru,2026-04-28
Kathonzweni,Green Grams,Makueni,-,-,100.00/Kg,110.00/Kg,450.0,Makueni,2026-04-28
Maua,Carrots,-,-,-,45.00/Kg,60.00/Kg,7000.0,Meru,2026-04-28
Kathonzweni,Cowpeas,-,-,-,90.00/Kg,100.00/Kg,900.0,Makueni,2026-04-28
Maua,Fresh Peas,On pods,-,-,100.00/Kg,160.00/Kg,1800.0,Meru,2026-04-28
Maua,Cabbages,-,-,-,15.00/Kg,25.00/Kg,9000.0,Meru,2026-04-28
Maua,Thorn melon,-,-,-,20.00/Kg,30.00/Kg,100.0,Meru,2026-04-28
Maua,Apples,-,-,-,322.22/Kg,440.00/Kg,360.0,Meru,2026-04-28
Nkubu,White Irish Potatoes,-,-,-,60.00/Kg,100.00/Kg,1900.0,Meru,2026-04-28
Nkubu,Oranges,-,-,-,55.56/Kg,100.00/Kg,900.0,Meru,2026-04-28
Nkubu,Pearl Rush Millet,-,-,-,122.22/Kg,120.00/Kg,810.0,Meru,2026-04-28
Maua,Pawpaw,-,-,-,30.00/Kg,25.00/Kg,3200.0,Meru,2026-04-28
Nkubu,Finger Millet,-,-,-,88.89/Kg,100.00/Kg,360.0,Meru,2026-04-28
Maua,Banana (Ripening),-,-,-,20.00/Kg,20.00/Kg,2400.0,Meru,2026-04-28
Maua,Oranges,-,-,-,60.00/Kg,100.00/Kg,6000.0,Meru,2026-04-28
Nkubu,Dry Maize,Mixed-Traditional,-,-,44.44/Kg,50.00/Kg,900.0,Meru,2026-04-28
Nkubu,Tomatoes,-,-,-,18.00/Kg,100.00/Kg,5000.0,Meru,2026-04-28
Nkubu,Dry Onions,-,-,-,90.00/Kg,100.00/Kg,1840.0,Meru,2026-04-28
Maua,Water Melon,-,-,-,30.00/Kg,35.00/Kg,4800.0,Meru,2026-04-28
Nkubu,Carrots,-,-,-,28.57/Kg,50.00/Kg,2100.0,Meru,2026-04-28
Nkubu,Cabbages,-,-,-,4.00/Kg,30.00/Kg,9000.0,Meru,2026-04-28
Nkubu,Pigeon peas,-,-,-,88.89/Kg,120.00/Kg,720.0,Meru,2026-04-28
Nkubu,Lentils,-,-,-,200.00/Kg,250.00/Kg,600.0,Meru,2026-04-28
Nkubu,Green Grams,Hybrid/ polished,-,-,144.44/Kg,150.00/Kg,720.0,Meru,2026-04-28
Nkubu,Dry Peas,-,-,-,144.44/Kg,170.00/Kg,630.0,Meru,2026-04-28
Nkubu,Dolichos lablab (Njahi),-,-,-,88.89/Kg,120.00/Kg,630.0,Meru,2026-04-28
Maua,Pigeon peas,-,-,-,100.00/Kg,120.00/Kg,4500.0,Meru,2026-04-28
Nkubu,Cowpeas,-,-,-,100.00/Kg,120.00/Kg,810.0,Meru,2026-04-28
Maua,Green Grams,Hybrid/ polished,-,-,144.44/Kg,160.00/Kg,8100.0,Meru,2026-04-28
Nkubu,Beans Rosecoco,-,-,-,111.11/Kg,130.00/Kg,540.0,Meru,2026-04-28
Nkubu,Beans Red Haricot (Wairimu),-,-,-,111.11/Kg,120.00/Kg,720.0,Meru,2026-04-28
Nkubu,Beans (Yellow-Green),-,-,-,133.33/Kg,150.00/Kg,720.0,Meru,2026-04-28
Maua,Cowpeas,-,-,-,100.00/Kg,120.00/Kg,2700.0,Meru,2026-04-28
Maua,Dolichos lablab (Njahi),-,-,-,88.89/Kg,100.00/Kg,6300.0,Meru,2026-04-28
Nkubu,Beans (Mwitemania),-,-,-,111.11/Kg,120.00/Kg,990.0,Meru,2026-04-28
Nkubu,Beans (Mwezi Moja),-,-,-,111.11/Kg,120.00/Kg,450.0,Meru,2026-04-28
Maua,Dry Peas,-,-,-,166.67/Kg,200.00/Kg,1800.0,Meru,2026-04-28
Maua,Beans Red Haricot (Wairimu),-,-,-,116.67/Kg,140.00/Kg,1890.0,Meru,2026-04-28
Mogogosiek Market,Omena,Dried,-,-,180.00/Kg,250.00/Kg,1500.0,Bomet,2026-04-28
Mogogosiek Market,White Irish Potatoes,-,-,-,40.00/Kg,60.00/Kg,9000.0,Bomet,2026-04-28
Mogogosiek Market,Sweet potatoes,-,-,-,100.00/Kg,130.00/Kg,3000.0,Bomet,2026-04-28
Maua,Mixed Beans,-,-,-,88.89/Kg,100.00/Kg,8100.0,Meru,2026-04-28
Mogogosiek Market,Red Irish potato,-,-,-,40.00/Kg,60.00/Kg,6000.0,Bomet,2026-04-28
Mogogosiek Market,Dry Maize,White Maize,-,-,54.17/Kg,62.50/Kg,10800.0,Bomet,2026-04-28
Maua,Beans (Yellow-Green),-,-,-,122.22/Kg,150.00/Kg,1080.0,Meru,2026-04-28
Mogogosiek Market,Spider flower (Saga),-,-,-,200.00/Kg,250.00/Kg,1500.0,Bomet,2026-04-28
Mogogosiek Market,Black nightshade (Managu/ Osuga),-,-,-,200.00/Kg,250.00/Kg,1200.0,Bomet,2026-04-28
Maua,Beans Rosecoco (Nyayo),-,-,-,133.33/Kg,150.00/Kg,1800.0,Meru,2026-04-28
Mogogosiek Market,Capsicums,-,-,-,50.00/Kg,80.00/Kg,500.0,Bomet,2026-04-28
Maua,Beans (Mwitemania),-,-,-,111.11/Kg,130.00/Kg,6300.0,Meru,2026-04-28
Mogogosiek Market,Cabbages,-,-,-,15.00/Kg,20.00/Kg,6000.0,Bomet,2026-04-28
Mogogosiek Market,Banana (Cooking),-,-,-,80.00/Kg,100.00/Kg,800.0,Bomet,2026-04-28
Maua,Rice,Pishori,-,-,160.00/Kg,180.00/Kg,6000.0,Meru,2026-04-28
Mogogosiek Market,Beans Rosecoco,-,-,-,150.00/Kg,200.00/Kg,8000.0,Bomet,2026-04-28
Mogogosiek Market,Beans (Yellow-Green),-,-,-,150.00/Kg,180.00/Kg,8000.0,Bomet,2026-04-28
Maua,Rice,IRR,-,-,120.00/Kg,140.00/Kg,3000.0,Meru,2026-04-28
Mogogosiek Market,Beans (Mwezi Moja),-,-,-,100.00/Kg,150.00/Kg,7000.0,Bomet,2026-04-28
Maua,Rice,Sindano,-,-,140.00/Kg,160.00/Kg,4500.0,Meru,2026-04-28
Maua,Wheat,-,-,-,88.89/Kg,100.00/Kg,990.0,Meru,2026-04-28
Voi Retail,Oranges,-,-,-,-,10.00/Kg,20.0,Taita-Taveta,2026-04-28
Voi Retail,Mangoes,Improved,-,-,-,50.00/Kg,20.0,Taita-Taveta,2026-04-28
Voi Retail,Lemons,-,-,-,-,10.00/Kg,40.0,Taita-Taveta,2026-04-28
Voi Retail,Avocado,Fuerte,-,-,-,40.00/Kg,40.0,Taita-Taveta,2026-04-28
Voi Retail,Apples,-,-,-,-,40.00/Kg,60.0,Taita-Taveta,2026-04-28
Voi Retail,Pumpkin Leaves,-,-,-,-,100.00/Kg,20.0,Taita-Taveta,2026-04-28
Voi Retail,Cowpea leaves (Kunde),-,-,-,-,80.00/Kg,50.0,Taita-Taveta,2026-04-28
Maua,White Sorghum,-,-,-,80.00/kg,90.00/kg,1800.0,Meru,2026-04-28
Voi Retail,Amaranthus (Terere),-,-,-,-,100.00/Kg,50.0,Taita-Taveta,2026-04-28
Maua,Red Sorghum,-,-,-,90.00/Kg,100.00/Kg,1600.0,Meru,2026-04-28
Voi Retail,White Irish Potatoes,-,-,-,-,80.00/Kg,130.0,Taita-Taveta,2026-04-28
Voi Retail,Cassava Fresh,-,-,-,-,90.00/Kg,50.0,Taita-Taveta,2026-04-28
Voi Retail,Arrow Root,-,-,-,-,120.00/Kg,80.0,Taita-Taveta,2026-04-28
Maua,Pearl Rush Millet,-,-,-,90.00/Kg,110.00/Kg,2500.0,Meru,2026-04-28
Voi Retail,Tomatoes,-,-,-,-,140.00/Kg,120.0,Taita-Taveta,2026-04-28
Voi Retail,Spinach,-,-,-,-,100.00/Kg,50.0,Taita-Taveta,2026-04-28
Voi Retail,Okra (Lady's fingers or Gumbo),-,-,-,-,140.00/Kg,20.0,Taita-Taveta,2026-04-28
Voi Retail,Kales/Sukuma Wiki,-,-,-,-,80.00/Kg,50.0,Taita-Taveta,2026-04-28
Voi Retail,Ginger,-,-,-,-,250.00/Kg,20.0,Taita-Taveta,2026-04-28
Voi Retail,Garlic,-,-,-,-,550.00/Kg,120.0,Taita-Taveta,2026-04-28
Voi Retail,Fresh Peas,Shelled Peas,-,-,-,160.00/Kg,50.0,Taita-Taveta,2026-04-28
Voi Retail,French beans,-,-,-,-,120.00/Kg,50.0,Taita-Taveta,2026-04-28
Voi Retail,Dry Onions,-,-,-,-,100.00/Kg,40.0,Taita-Taveta,2026-04-28
Voi Retail,Coriander (Dhania),-,-,-,-,50.00/Kg,20.0,Taita-Taveta,2026-04-28
Voi Retail,Carrots,-,-,-,-,100.00/Kg,30.0,Taita-Taveta,2026-04-28
Voi Retail,Capsicums,-,-,-,-,120.00/Kg,20.0,Taita-Taveta,2026-04-28
Voi Retail,Butternuts,-,-,-,-,80.00/Kg,30.0,Taita-Taveta,2026-04-28
Maua,Finger Millet,-,-,-,120.00/Kg,150.00/Kg,1900.0,Meru,2026-04-28
Voi Retail,Cabbages,-,-,-,-,80.00/Kg,50.0,Taita-Taveta,2026-04-28
Voi Retail,Broccoli,-,-,-,-,120.00/Kg,20.0,Taita-Taveta,2026-04-28
Maua,Dry Maize,White Maize,-,-,55.56/Kg,60.00/Kg,7200.0,Meru,2026-04-28
Voi Retail,Banana (Plantain),-,-,-,-,10.00/Kg,120.0,Taita-Taveta,2026-04-28
Voi Retail,Banana (Cooking),-,-,-,-,10.00/Kg,100.0,Taita-Taveta,2026-04-28
Kapkwen,Chicken,Indigenous,-,Female,850.00/Head,-,1200.0,Bomet,2026-04-28
Kapkwen,Chicken,Indigenous,-,Male,1000.00/Head,-,1500.0,Bomet,2026-04-28
Kapkwen,Cattle,Friesian,Grade 2,Female,78000.00/Head,-,112.0,Bomet,2026-04-28
Kapkwen,Cattle,Friesian,Grade 2,Male,80000.00/Head,-,130.0,Bomet,2026-04-28
Kapkwen,Cattle,Ayrshire,Grade 2,Female,75000.00/Head,-,103.0,Bomet,2026-04-28
Kapkwen,Cattle,Ayrshire,Grade 2,Male,78000.00/Head,-,120.0,Bomet,2026-04-28
Kapkwen,Dry Maize,White Maize,-,-,47.78/Kg,70.00/Kg,360000.0,Bomet,2026-04-28
Kapkwen,Tomatoes,-,-,-,30.00/Kg,50.00/Kg,240000.0,Bomet,2026-04-28
Kapkwen,Fresh Peas,On pods,-,-,60.00/Kg,100.00/Kg,14000.0,Bomet,2026-04-28
Kapkwen,Dry Onions,-,-,-,90.00/Kg,160.00/Kg,120000.0,Bomet,2026-04-28
Kapkwen,Carrots,-,-,-,40.00/Kg,80.00/Kg,1000.0,Bomet,2026-04-28
Kapkwen,Cabbages,-,-,-,15.00/Kg,25.00/Kg,13000.0,Bomet,2026-04-28
Kapkwen,Butternuts,-,-,-,50.00/Kg,75.00/Kg,1200.0,Bomet,2026-04-28
Kapkwen,Beans Rosecoco,-,-,-,150.00/Kg,175.00/Kg,13000.0,Bomet,2026-04-28
Voi Wholesale,Black nightshade (Managu/ Osuga),-,-,-,60.00/Kg,-,700.0,Taita-Taveta,2026-04-28
Voi Wholesale,Amaranthus (Terere),-,-,-,60.00/Kg,-,600.0,Taita-Taveta,2026-04-28
Voi Wholesale,Oranges,-,-,-,80.00/Kg,-,500.0,Taita-Taveta,2026-04-28
Voi Wholesale,Mangoes,Improved,-,-,30.00/Kg,-,1500.0,Taita-Taveta,2026-04-28
Chumvini Livestock Market,Sheep,Blackhead Persian,Grade 2,Female,15000.00/Head,-,9.0,Taita-Taveta,2026-04-28
Chumvini Livestock Market,Sheep,Blackhead Persian,Grade 2,Male,13000.00/Head,-,6.0,Taita-Taveta,2026-04-28
Voi Wholesale,Sweet potatoes,-,-,-,50.00/Kg,-,2850.0,Taita-Taveta,2026-04-28
Chumvini Livestock Market,Goat,Galla,Grade 1,Female,20000.00/Head,-,4.0,Taita-Taveta,2026-04-28
Chumvini Livestock Market,Goat,Galla,Grade 1,Male,30000.00/Head,-,3.0,Taita-Taveta,2026-04-28
Chumvini Livestock Market,Goat,Mixed,Grade 2,Female,9500.00/Head,-,103.0,Taita-Taveta,2026-04-28
Chumvini Livestock Market,Goat,Mixed,Grade 2,Male,10000.00/Head,-,118.0,Taita-Taveta,2026-04-28
Chumvini Livestock Market,Cattle,Mixed,Grade 2,Female,56000.00/Head,-,3.0,Taita-Taveta,2026-04-28
Voi Wholesale,White Irish Potatoes,-,-,-,54.74/Kg,-,9500.0,Taita-Taveta,2026-04-28
Voi Wholesale,Banana (Ripening),-,-,-,40.00/Kg,-,400.0,Taita-Taveta,2026-04-28
Voi Wholesale,Avocado,Local,-,-,30.00/Kg,-,300.0,Taita-Taveta,2026-04-28
Chumvini Livestock Market,Chicken,Indigenous,-,Female,1100.00/Head,-,84.0,Taita-Taveta,2026-04-28
Chumvini Livestock Market,Chicken,Indigenous,-,Male,1500.00/Head,-,146.0,Taita-Taveta,2026-04-28
Voi Wholesale,Tomatoes,-,-,-,80.00/Kg,-,1750.0,Taita-Taveta,2026-04-28
Voi Wholesale,Tomatoes,-,-,-,80.00/Kg,-,3500.0,Taita-Taveta,2026-04-28
Voi Wholesale,Okra (Lady's fingers or Gumbo),-,-,-,80.00/Kg,-,400.0,Taita-Taveta,2026-04-28
Voi Wholesale,Spinach,-,-,-,60.00/Kg,-,900.0,Taita-Taveta,2026-04-28
Voi Wholesale,Kales/Sukuma Wiki,-,-,-,35.00/Kg,-,1200.0,Taita-Taveta,2026-04-28
Voi Wholesale,Green Maize,-,-,-,60.00/Kg,-,350.0,Taita-Taveta,2026-04-28
Voi Wholesale,Ginger,-,-,-,160.00/Kg,-,550.0,Taita-Taveta,2026-04-28
Voi Wholesale,Garlic,-,-,-,360.00/Kg,-,500.0,Taita-Taveta,2026-04-28
Voi Wholesale,Fresh Peas,Shelled Peas,-,-,100.00/Kg,-,50.0,Taita-Taveta,2026-04-28
Voi Wholesale,Fresh Peas,On pods,-,-,80.00/Kg,-,500.0,Taita-Taveta,2026-04-28
Voi Wholesale,Cabbages,-,-,-,11.25/Kg,-,5400.0,Taita-Taveta,2026-04-28
Voi Wholesale,Banana (Cooking),-,-,-,32.50/Kg,-,2400.0,Taita-Taveta,2026-04-28
Voi Wholesale,Banana (Cooking),-,-,-,40.00/Kg,-,2100.0,Taita-Taveta,2026-04-28
Kerugoya,Green Grams,Makueni,-,-,140.00/Kg,180.00/Kg,1600.0,Kirinyaga,2026-04-28
Kerugoya,Green Grams,Local-Special,-,-,125.00/Kg,160.00/Kg,1500.0,Kirinyaga,2026-04-28
Kerugoya,Green Grams,Hybrid/ polished,-,-,145.00/Kg,190.00/Kg,1450.0,Kirinyaga,2026-04-28
Kerugoya,Dry Peas,-,-,-,175.00/Kg,220.00/Kg,500.0,Kirinyaga,2026-04-28
Kerugoya,Dolichos lablab (Njahi),-,-,-,100.00/Kg,130.00/Kg,1650.0,Kirinyaga,2026-04-28
Kerugoya,Beans Rosecoco (Nyayo),-,-,-,140.00/Kg,180.00/Kg,2500.0,Kirinyaga,2026-04-28
Kerugoya,Beans Rosecoco,-,-,-,140.00/Kg,180.00/Kg,2450.0,Kirinyaga,2026-04-28
Kerugoya,Beans Red Haricot (Wairimu),-,-,-,120.00/Kg,150.00/Kg,2650.0,Kirinyaga,2026-04-28
Kerugoya,Beans (Yellow-Green),-,-,-,145.00/Kg,200.00/Kg,1650.0,Kirinyaga,2026-04-28
Kerugoya,Cowpeas,-,-,-,120.00/Kg,150.00/Kg,2250.0,Kirinyaga,2026-04-28
Kerugoya,Beans (Mwitemania),-,-,-,135.00/Kg,170.00/Kg,2350.0,Kirinyaga,2026-04-28
Kerugoya,Beans (Mwezi Moja),-,-,-,120.00/Kg,160.00/Kg,2600.0,Kirinyaga,2026-04-28
Kerugoya,Beans (Canadian wonder),-,-,-,125.00/Kg,160.00/Kg,2500.0,Kirinyaga,2026-04-28
Nkubu,Dry Onions,-,-,-,90.00/Kg,120.00/Kg,1440.0,Meru,2026-05-05
Nkubu,Carrots,-,-,-,28.57/Kg,50.00/Kg,1750.0,Meru,2026-05-05
Nkubu,Cabbages,-,-,-,4.00/Kg,30.00/Kg,8000.0,Meru,2026-05-05
Nkubu,Pigeon peas,-,-,-,88.89/Kg,120.00/Kg,630.0,Meru,2026-05-05
Nkubu,Lentils,-,-,-,200.00/Kg,250.00/Kg,750.0,Meru,2026-05-05
Nkubu,Green Grams,Hybrid/ polished,-,-,144.44/Kg,150.00/Kg,900.0,Meru,2026-05-05
Nkubu,Dry Peas,-,-,-,144.44/Kg,170.00/Kg,720.0,Meru,2026-05-05
Nkubu,Dolichos lablab (Njahi),-,-,-,144.44/Kg,150.00/Kg,900.0,Meru,2026-05-05
Nkubu,Cowpeas,-,-,-,100.00/Kg,120.00/Kg,630.0,Meru,2026-05-05
Nkubu,Beans Rosecoco,-,-,-,111.11/Kg,130.00/Kg,720.0,Meru,2026-05-05
Nkubu,Beans Red Haricot (Wairimu),-,-,-,111.11/Kg,120.00/Kg,630.0,Meru,2026-05-05
Nkubu,Beans (Yellow-Green),-,-,-,133.33/Kg,150.00/Kg,630.0,Meru,2026-05-05
Nkubu,Beans (Mwitemania),-,-,-,111.11/Kg,120.00/Kg,720.0,Meru,2026-05-05
Nkubu,Beans (Mwezi Moja),-,-,-,111.11/Kg,120.00/Kg,630.0,Meru,2026-05-05
Voi Wholesale,Black nightshade (Managu/ Osuga),-,-,-,60.00/Kg,-,750.0,Taita-Taveta,2026-05-05
Voi Wholesale,Amaranthus (Terere),-,-,-,60.00/Kg,-,600.0,Taita-Taveta,2026-05-05
Voi Wholesale,Oranges,-,-,-,80.00/Kg,-,400.0,Taita-Taveta,2026-05-05
Voi Wholesale,Avocado,Local,-,-,30.00/Kg,-,1500.0,Taita-Taveta,2026-05-05
Voi Wholesale,Tomatoes,-,-,-,73.33/Kg,-,2250.0,Taita-Taveta,2026-05-05
Voi Wholesale,Tomatoes,-,-,-,73.33/Kg,-,4500.0,Taita-Taveta,2026-05-05
Voi Wholesale,Spinach,-,-,-,60.00/Kg,-,800.0,Taita-Taveta,2026-05-05
Voi Wholesale,Kales/Sukuma Wiki,-,-,-,30.00/Kg,-,1200.0,Taita-Taveta,2026-05-05
Voi Wholesale,Green Maize,-,-,-,60.00/Kg,-,200.0,Taita-Taveta,2026-05-05
Voi Wholesale,Fresh Peas,Shelled Peas,-,-,90.00/Kg,-,50.0,Taita-Taveta,2026-05-05
Voi Wholesale,Fresh Peas,On pods,-,-,50.00/Kg,-,1200.0,Taita-Taveta,2026-05-05
Voi Wholesale,Dry Onions,-,-,-,7.69/Kg,-,3000.0,Taita-Taveta,2026-05-05
Voi Wholesale,Carrots,-,-,-,50.00/Kg,-,700.0,Taita-Taveta,2026-05-05
Voi Wholesale,Cabbages,-,-,-,15.00/Kg,-,400.0,Taita-Taveta,2026-05-05
Voi Wholesale,Cabbages,-,-,-,12.50/Kg,-,6000.0,Taita-Taveta,2026-05-05
Voi Wholesale,Banana (Cooking),-,-,-,36.67/Kg,-,1800.0,Taita-Taveta,2026-05-05
Voi Wholesale,Banana (Cooking),-,-,-,32.50/Kg,-,2400.0,Taita-Taveta,2026-05-05
Voi Wholesale,White Irish Potatoes,-,-,-,52.17/Kg,-,8100.0,Taita-Taveta,2026-05-05
Voi Wholesale,Arrow Root,-,-,-,100.00/Kg,-,3500.0,Taita-Taveta,2026-05-05
Voi Wholesale,Cassava Fresh,-,-,-,50.00/Kg,-,500.0,Taita-Taveta,2026-05-05
Voi Wholesale,Sweet potatoes,-,-,-,52.63/Kg,-,2500.0,Taita-Taveta,2026-05-05
Voi Wholesale,Arrow Root,-,-,-,100.00/Kg,-,3500.0,Taita-Taveta,2026-05-05
Ngurubani Market,Pumpkin Leaves,-,-,-,20.00/Kg,30.00/Kg,250.0,Kirinyaga,2026-05-04
Ngurubani Market,Black nightshade (Managu/ Osuga),-,-,-,35.00/Kg,50.00/Kg,520.0,Kirinyaga,2026-05-04
Ngurubani Market,Cowpea leaves (Kunde),-,-,-,35.00/Kg,50.00/Kg,145.0,Kirinyaga,2026-05-04
Ngurubani Market,Amaranthus (Terere),-,-,-,30.00/Kg,40.00/Kg,320.0,Kirinyaga,2026-05-04
Ngurubani Market,Tomatoes,-,-,-,75.00/Kg,85.00/Kg,950.0,Kirinyaga,2026-05-04
Ngurubani Market,Spring Onions,-,-,-,40.00/Kg,60.00/Kg,180.0,Kirinyaga,2026-05-04
Ngurubani Market,Spinach,-,-,-,35.00/Kg,50.00/Kg,325.0,Kirinyaga,2026-05-04
Ngurubani Market,Pumpkin,-,-,-,30.00/Kg,40.00/Kg,2580.0,Kirinyaga,2026-05-04
Ngurubani Market,Green Maize,-,-,-,40.00/Kg,50.00/Kg,2350.0,Kirinyaga,2026-05-04
Ngurubani Market,Kales/Sukuma Wiki,-,-,-,30.00/Kg,45.00/Kg,1250.0,Kirinyaga,2026-05-04
Ngurubani Market,Fresh Peas,On pods,-,-,150.00/Kg,170.00/Kg,345.0,Kirinyaga,2026-05-04
Ngurubani Market,French beans,-,-,-,70.00/Kg,100.00/Kg,320.0,Kirinyaga,2026-05-04
Ngurubani Market,Egg plant (Brinjals),-,-,-,50.00/Kg,80.00/Kg,40.0,Kirinyaga,2026-05-04
Ngurubani Market,Cucumber,-,-,-,60.00/Kg,80.00/Kg,120.0,Kirinyaga,2026-05-04
Ngurubani Market,Dry Onions,-,-,-,90.00/Kg,130.00/Kg,4800.0,Kirinyaga,2026-05-04
Ngurubani Market,Courgette,-,-,-,80.00/Kg,120.00/Kg,135.0,Kirinyaga,2026-05-04
Ngurubani Market,Coriander (Dhania),-,-,-,60.00/Kg,80.00/Kg,132.0,Kirinyaga,2026-05-04
Ngurubani Market,Chillies,-,-,-,50.00/Kg,70.00/Kg,412.0,Kirinyaga,2026-05-04
Ngurubani Market,Carrots,-,-,-,40.00/Kg,60.00/Kg,3250.0,Kirinyaga,2026-05-04
Ngurubani Market,Capsicums,-,-,-,30.00/Kg,50.00/Kg,125.0,Kirinyaga,2026-05-04
Ngurubani Market,Cabbages,-,-,-,22.00/Kg,27.00/Kg,19500.0,Kirinyaga,2026-05-04
Ngurubani Market,Butternuts,-,-,-,32.00/Kg,42.00/Kg,2800.0,Kirinyaga,2026-05-04
Ngurubani Market,Banana (Cooking),-,-,-,30.00/Kg,40.00/Kg,1520.0,Kirinyaga,2026-05-04
Ngurubani Market,Rice,Pishori,-,-,150.00/Kg,170.00/Kg,135000.0,Kirinyaga,2026-05-04
Ngurubani Market,Red Sorghum,-,-,-,86.67/Kg,100.00/Kg,1450.0,Kirinyaga,2026-05-04
Ngurubani Market,Dry Maize,White Maize,-,-,51.67/Kg,60.00/Kg,6580.0,Kirinyaga,2026-05-04
Ngurubani Market,Water Melon,-,-,-,20.00/Kg,25.00/Kg,25800.0,Kirinyaga,2026-05-04
Ngurubani Market,Tree tomato,-,-,-,70.00/Kg,100.00/Kg,213.0,Kirinyaga,2026-05-04
Ngurubani Market,Thorn melon,-,-,-,80.00/Kg,120.00/Kg,325.0,Kirinyaga,2026-05-04
Ngurubani Market,Pineapples,-,-,-,50.00/Kg,70.00/Kg,1250.0,Kirinyaga,2026-05-04
Ngurubani Market,Pawpaw,-,-,-,35.00/Kg,50.00/Kg,250.0,Kirinyaga,2026-05-04
Ngurubani Market,Passion Fruits,-,-,-,160.00/Kg,220.00/Kg,350.0,Kirinyaga,2026-05-04
Ngurubani Market,Lemons,-,-,-,40.00/Kg,60.00/Kg,150.0,Kirinyaga,2026-05-04
Ngurubani Market,Avocado,Local,-,-,50.00/Kg,70.00/Kg,852.0,Kirinyaga,2026-05-04
Ngurubani Market,Pork,-,-,-,650.00/Kg,750.00/Kg,355.0,Kirinyaga,2026-05-04
Ngurubani Market,Meat Beef,-,-,-,650.00/Kg,750.00/Kg,1350.0,Kirinyaga,2026-05-04
Ngurubani Market,Eggs,Exotic/Grade,-,-,420.00/Tray(30),480.00/Tray(30),2250.0,Kirinyaga,2026-05-04
Ngurubani Market,Sweet potatoes,-,-,-,80.00/Kg,100.00/Kg,415.0,Kirinyaga,2026-05-04
Ngurubani Market,White Irish Potatoes,-,-,-,45.00/Kg,50.00/Kg,21500.0,Kirinyaga,2026-05-04
Ngurubani Market,Arrow Root,-,-,-,100.00/Kg,150.00/Kg,1200.0,Kirinyaga,2026-05-04
Ngurubani Market,Pigeon peas,-,-,-,72.22/Kg,90.00/Kg,1580.0,Kirinyaga,2026-05-04
Ngurubani Market,Lentils,-,-,-,188.89/Kg,220.00/Kg,1580.0,Kirinyaga,2026-05-04
Ngurubani Market,Mixed Beans,-,-,-,83.33/Kg,105.00/Kg,520.0,Kirinyaga,2026-05-04
Ngurubani Market,Dolichos lablab (Njahi),-,-,-,86.67/Kg,100.00/Kg,1350.0,Kirinyaga,2026-05-04
Ngurubani Market,Cowpeas,-,-,-,94.44/Kg,150.00/Kg,1580.0,Kirinyaga,2026-05-04
Ngurubani Market,Beans Rosecoco (Nyayo),-,-,-,105.56/Kg,150.00/Kg,3850.0,Kirinyaga,2026-05-04
Ngurubani Market,Beans Red Haricot (Wairimu),-,-,-,97.78/Kg,130.00/Kg,3500.0,Kirinyaga,2026-05-04
Ngurubani Market,Beans (Mwitemania),-,-,-,97.78/Kg,120.00/Kg,2250.0,Kirinyaga,2026-05-04
Ngurubani Market,Beans (Mwezi Moja),-,-,-,94.44/Kg,140.00/Kg,950.0,Kirinyaga,2026-05-04
Ngurubani Market,Beans (Yellow-Green),-,-,-,122.22/Kg,175.00/Kg,2580.0,Kirinyaga,2026-05-04
Ngurubani Market,Fertilizer,NPK,-,-,94.00/Kg,110.00/Kg,188000.0,Kirinyaga,2026-05-04
Ngurubani Market,Fertilizer,DAP,-,-,136.00/Kg,140.00/Kg,135000.0,Kirinyaga,2026-05-04
Ngurubani Market,Fertilizer,CAN,-,-,67.00/Kg,80.00/Kg,68000.0,Kirinyaga,2026-05-04
Chebunyo,Eggs,Indigenous /Kenyeji,-,-,540.00/Tray(30),600.00/Tray(30),10000.0,Bomet,2026-05-04
Chebunyo,Sheep,Dorper,Grade 3,Female,7500.00/Head,-,600.0,Bomet,2026-05-04
Chebunyo,Sheep,Dorper,Grade 3,Male,12000.00/Head,-,600.0,Bomet,2026-05-04
Chebunyo,Goat,Dairy Goats,Grade 3,Male,10000.00/Head,-,600.0,Bomet,2026-05-04
Chebunyo,Goat,Dairy Goats,Grade 3,Male,7500.00/Head,-,500.0,Bomet,2026-05-04
Chebunyo,Chicken,Improved Kienyeji,-,Female,900.00/Head,-,2000.0,Bomet,2026-05-04
Chebunyo,Chicken,Improved Kienyeji,-,Male,1000.00/Head,-,2000.0,Bomet,2026-05-04
Chebunyo,Oranges,-,-,-,61.82/Kg,100.00/Kg,7000.0,Bomet,2026-05-04
Chebunyo,Water Melon,-,-,-,80.00/Kg,120.00/Kg,4000.0,Bomet,2026-05-04
Chebunyo,Dry Maize,White Maize,-,-,50.00/Kg,65.00/Kg,18000.0,Bomet,2026-05-04
Chebunyo,Tomatoes,-,-,-,75.00/Kg,100.00/Kg,16000.0,Bomet,2026-05-04
Chebunyo,Dry Onions,-,-,-,65.00/Kg,90.00/Kg,2400.0,Bomet,2026-05-04
Chebunyo,Cabbages,-,-,-,10.00/Kg,20.00/Kg,15000.0,Bomet,2026-05-04
Butere Livestock Market,Chicken,Improved Kienyeji,-,Female,400.00/Head,-,5.0,Kakamega,2026-05-04
Butere Livestock Market,Chicken,Improved Kienyeji,-,Male,400.00/Head,-,6.0,Kakamega,2026-05-04
Butere Livestock Market,Chicken,Improved Kienyeji,-,Female,800.00/Head,-,11.0,Kakamega,2026-05-04
Butere Livestock Market,Chicken,Improved Kienyeji,-,Male,1100.00/Head,-,9.0,Kakamega,2026-05-04
Butere Livestock Market,Chicken,Improved Kienyeji,-,Female,1000.00/Head,-,13.0,Kakamega,2026-05-04
Butere Livestock Market,Chicken,Improved Kienyeji,-,Male,1400.00/Head,-,7.0,Kakamega,2026-05-04
Butere Livestock Market,Chicken,Indigenous,-,Female,350.00/Head,-,7.0,Kakamega,2026-05-04
Butere Livestock Market,Chicken,Indigenous,-,Female,350.00/Head,-,5.0,Kakamega,2026-05-04
Butere Livestock Market,Chicken,Indigenous,-,Female,750.00/Head,-,15.0,Kakamega,2026-05-04
Butere Livestock Market,Chicken,Indigenous,-,Male,1000.00/Head,-,12.0,Kakamega,2026-05-04
Butere Livestock Market,Chicken,Indigenous,-,Female,900.00/Head,-,25.0,Kakamega,2026-05-04
Butere Livestock Market,Chicken,Indigenous,-,Male,1300.00/Head,-,18.0,Kakamega,2026-05-04
Butere Livestock Market,Tomatoes,-,-,-,121.43/Kg,145.45/Kg,3500.0,Kakamega,2026-05-04
Butere Livestock Market,Banana (Cooking),-,-,-,30.00/Kg,52.63/Kg,120.0,Kakamega,2026-05-04
Butere Livestock Market,Dry Maize,White Maize,-,-,44.44/Kg,52.17/Kg,8370.0,Kakamega,2026-05-04
Butere Livestock Market,Cabbages,-,-,-,30.43/Kg,34.78/Kg,2216.0,Kakamega,2026-05-04
Butere Livestock Market,White Irish Potatoes,-,-,-,57.14/Kg,62.50/Kg,8750.0,Kakamega,2026-05-04
Butere Livestock Market,Sheep,Red Maasai,Grade 1,Female,4000.00/Head,-,3.0,Kakamega,2026-05-04
Vanga,Tuna,Fresh,-,-,200.00/Kg,250.00/Kg,75.0,Kwale,2026-05-04
Butere Livestock Market,Sheep,Red Maasai,Grade 1,Male,3800.00/Head,-,6.0,Kakamega,2026-05-04
Vanga,Jacks/Trevallies(Kolekole),Fresh,-,-,350.00/ Kg,400.00/ Kg,350.0,Kwale,2026-05-04
Vanga,Goatfishes,Fresh,-,-,250.00/Kg,270.00/Kg,25.0,Kwale,2026-05-04
Vanga,Barracuda(Kasumba),Fresh,-,-,220.00/Kg,250.00/Kg,580.0,Kwale,2026-05-04
Butere Livestock Market,Sheep,Red Maasai,Grade 2,Female,4800.00/Head,-,3.0,Kakamega,2026-05-04
Butere Livestock Market,Sheep,Red Maasai,Grade 2,Male,4500.00/Head,-,4.0,Kakamega,2026-05-04
Butere Livestock Market,Sheep,Red Maasai,Grade 1,Female,5500.00/Head,-,3.0,Kakamega,2026-05-04
Butere Livestock Market,Sheep,Red Maasai,Grade 1,Male,5000.00/Head,-,2.0,Kakamega,2026-05-04
Butere Livestock Market,Sheep,Red Maasai,Grade 3,Female,5000.00/Head,-,4.0,Kakamega,2026-05-04
Butere Livestock Market,Sheep,Red Maasai,Grade 3,Male,5500.00/Head,-,2.0,Kakamega,2026-05-04
Butere Livestock Market,Sheep,Red Maasai,Grade 2,Female,5800.00/Head,-,9.0,Kakamega,2026-05-04
Kutus,Carrots,-,-,-,60.00/Kg,80.00/Kg,3500.0,Kirinyaga,2026-05-04
Butere Livestock Market,Sheep,Red Maasai,Grade 2,Male,6000.00/Head,-,8.0,Kakamega,2026-05-04
Butere Livestock Market,Sheep,Red Maasai,Grade 1,Female,6500.00/Head,-,5.0,Kakamega,2026-05-04
Butere Livestock Market,Sheep,Red Maasai,Grade 1,Male,7000.00/Head,-,3.0,Kakamega,2026-05-04
Butere Livestock Market,Sheep,Red Maasai,Grade 3,Female,6500.00/Head,-,6.0,Kakamega,2026-05-04
Butere Livestock Market,Sheep,Red Maasai,Grade 3,Male,6800.00/Head,-,4.0,Kakamega,2026-05-04
Butere Livestock Market,Sheep,Red Maasai,Grade 2,Female,7500.00/Head,-,7.0,Kakamega,2026-05-04
Butere Livestock Market,Sheep,Red Maasai,Grade 2,Male,7200.00/Head,-,5.0,Kakamega,2026-05-04
Butere Livestock Market,Sheep,Red Maasai,Grade 2,Male,7200.00/Head,-,5.0,Kakamega,2026-05-04
Butere Livestock Market,Sheep,Red Maasai,Grade 1,Female,8500.00/Head,-,3.0,Kakamega,2026-05-04
Butere Livestock Market,Sheep,Red Maasai,Grade 1,Male,8000.00/Head,-,5.0,Kakamega,2026-05-04
Butere Livestock Market,Goat,Mixed,Grade 3,Female,4500.00/Head,-,6.0,Kakamega,2026-05-04
Butere Livestock Market,Goat,Mixed,Grade 3,Male,4000.00/Head,-,3.0,Kakamega,2026-05-04
Butere Livestock Market,Goat,Mixed,Grade 2,Female,5000.00/Head,-,2.0,Kakamega,2026-05-04
Butere Livestock Market,Goat,Mixed,Grade 2,Male,4500.00/Head,-,6.0,Kakamega,2026-05-04
Kutus,Arrow Root,-,-,-,70.00/Kg,100.00/Kg,,Kirinyaga,2026-05-04
Kutus,White Irish Potatoes,-,-,-,55.00/Kg,65.00/Kg,,Kirinyaga,2026-05-04
Butere Livestock Market,Goat,Mixed,Grade 1,Female,5500.00/Head,-,6.0,Kakamega,2026-05-04
Butere Livestock Market,Goat,Mixed,Grade 1,Male,5000.00/Head,-,4.0,Kakamega,2026-05-04
Butere Livestock Market,Cattle,Mixed,Grade 3,Female,5500.00/Head,-,3.0,Kakamega,2026-05-04
Kutus,Apples,-,-,-,300.00/Kg,350.00/Kg,,Kirinyaga,2026-05-04
Butere Livestock Market,Goat,Mixed,Grade 3,Male,5000.00/Head,-,5.0,Kakamega,2026-05-04
Kutus,Avocado,Local,-,-,25.00/Kg,35.00/Kg,,Kirinyaga,2026-05-04
Butere Livestock Market,Goat,Mixed,Grade 2,Female,6000.00/Head,-,8.0,Kakamega,2026-05-04
Kutus,Banana (Ripening),-,-,-,15.00/Kg,20.00/Kg,12000.0,Kirinyaga,2026-05-04
Kutus,Oranges,-,-,-,40.00/Kg,90.00/Kg,,Kirinyaga,2026-05-04
Butere Livestock Market,Goat,Mixed,Grade 2,Male,5700.00/Head,-,7.0,Kakamega,2026-05-04
Kutus,Passion Fruits,-,-,-,160.00/Kg,200.00/Kg,,Kirinyaga,2026-05-04
Butere Livestock Market,Goat,Mixed,Grade 1,Female,6500.00/Head,-,4.0,Kakamega,2026-05-04
Kutus,Tree tomato,-,-,-,80.00/Kg,120.00/Kg,250.0,Kirinyaga,2026-05-04
Kutus,Water Melon,-,-,-,25.00/Kg,30.00/Kg,,Kirinyaga,2026-05-04
Butere Livestock Market,Goat,Mixed,Grade 1,Male,6000.00/Head,-,5.0,Kakamega,2026-05-04
Butere Livestock Market,Goat,Mixed,Grade 3,Female,6500.00/Head,-,7.0,Kakamega,2026-05-04
Kutus,Banana (Cooking),-,-,-,15.00/Kg,20.00/Kg,12000.0,Kirinyaga,2026-05-04
Butere Livestock Market,Goat,Mixed,Grade 3,Male,6800.00/Head,-,5.0,Kakamega,2026-05-04
Kutus,Banana (Plantain),-,-,-,70.00/Kg,100.00/Kg,2500.0,Kirinyaga,2026-05-04
Butere Livestock Market,Goat,Mixed,Grade 2,Female,7000.00/Head,-,3.0,Kakamega,2026-05-04
Kutus,Butternuts,-,-,-,30.00/Kg,50.00/Kg,800.0,Kirinyaga,2026-05-04
Butere Livestock Market,Goat,Mixed,Grade 2,Male,7500.00/Head,-,4.0,Kakamega,2026-05-04
Kutus,Cabbages,-,-,-,20.00/Kg,30.00/Kg,,Kirinyaga,2026-05-04
Butere Livestock Market,Goat,Mixed,Grade 1,Female,7500.00/Head,-,6.0,Kakamega,2026-05-04
Kutus,Capsicums,-,-,-,60.00/Kg,80.00/Kg,450.0,Kirinyaga,2026-05-04
Kutus,Carrots,-,-,-,35.00/Kg,50.00/Kg,3500.0,Kirinyaga,2026-05-04
Butere Livestock Market,Goat,Mixed,Grade 1,Male,8000.00/Head,-,5.0,Kakamega,2026-05-04
Butere Livestock Market,Cattle,Mixed,Grade 3,Female,25000.00/Head,-,4.0,Kakamega,2026-05-04
Kutus,Chillies,-,-,-,120.00/Kg,150.00/Kg,80.0,Kirinyaga,2026-05-04
Kutus,Coriander (Dhania),-,-,-,70.00/Kg,130.00/Kg,120.0,Kirinyaga,2026-05-04
Butere Livestock Market,Cattle,Mixed,Grade 3,Male,23000.00/Head,-,3.0,Kakamega,2026-05-04
Butere Livestock Market,Cattle,Mixed,Grade 2,Female,28000.00/Head,-,2.0,Kakamega,2026-05-04
Butere Livestock Market,Cattle,Mixed,Grade 2,Male,25000.00/Head,-,3.0,Kakamega,2026-05-04
Butere Livestock Market,Cattle,Mixed,Grade 1,Female,30000.00/Head,-,4.0,Kakamega,2026-05-04
Butere Livestock Market,Cattle,Mixed,Grade 1,Male,28000.00/Head,-,3.0,Kakamega,2026-05-04
Butere Livestock Market,Cattle,Mixed,Grade 3,Female,35000.00/Head,-,2.0,Kakamega,2026-05-04
Butere Livestock Market,Cattle,Mixed,Grade 3,Male,33000.00/Head,-,6.0,Kakamega,2026-05-04
Butere Livestock Market,Cattle,Mixed,Grade 2,Male,38000.00/Head,-,4.0,Kakamega,2026-05-04
Butere Livestock Market,Cattle,Mixed,Grade 2,Female,40000.00/Head,-,1.0,Kakamega,2026-05-04
Kutus,Courgette,-,-,-,100.00/Kg,120.00/Kg,350.0,Kirinyaga,2026-05-04
Butere Livestock Market,Cattle,Mixed,Grade 1,Female,45000.00/Head,-,3.0,Kakamega,2026-05-04
Butere Livestock Market,Cattle,Mixed,Grade 1,Male,41000.00/Head,-,2.0,Kakamega,2026-05-04
Butere Livestock Market,Cattle,Mixed,Grade 3,Female,38000.00/Head,-,5.0,Kakamega,2026-05-04
Kutus,Cucumber,-,-,-,80.00/Kg,100.00/Kg,1.0,Kirinyaga,2026-05-04
Butere Livestock Market,Cattle,Mixed,Grade 3,Male,42000.00/Head,-,3.0,Kakamega,2026-05-04
Kutus,Dry Onions,-,-,-,120.00/Kg,140.00/Kg,6500.0,Kirinyaga,2026-05-04
Butere Livestock Market,Cattle,Mixed,Grade 2,Female,55000.00/Head,-,2.0,Kakamega,2026-05-04
Kutus,Egg plant (Brinjals),-,-,-,40.00/Kg,50.00/Kg,450.0,Kirinyaga,2026-05-04
Kutus,French beans,-,-,-,60.00/Kg,80.00/Kg,150.0,Kirinyaga,2026-05-04
Kutus,Fresh Peas,On pods,-,-,120.00/Kg,140.00/Kg,2000.0,Kirinyaga,2026-05-04
Butere Livestock Market,Cattle,Mixed,Grade 2,Male,58000.00/Head,-,1.0,Kakamega,2026-05-04
Butere Livestock Market,Cattle,Mixed,Grade 1,Female,66000.00/Head,-,1.0,Kakamega,2026-05-04
Kutus,Garlic,-,-,-,300.00/Kg,400.00/Kg,350.0,Kirinyaga,2026-05-04
Kutus,Ginger,-,-,-,150.00/Kg,200.00/Kg,200.0,Kirinyaga,2026-05-04
Kutus,Green Maize,-,-,-,40.00/Kg,50.00/Kg,1200.0,Kirinyaga,2026-05-04
Butere Livestock Market,Cattle,Mixed,Grade 1,Male,73000.00/Head,-,3.0,Kakamega,2026-05-04
Kutus,Kales/Sukuma Wiki,-,-,-,10.00/Kg,20.00/Kg,1050.0,Kirinyaga,2026-05-04
Butere Livestock Market,Cattle,Zebu,Grade 3,Female,21000.00/Head,-,6.0,Kakamega,2026-05-04
Kutus,Pumpkin,-,-,-,30.00/Kg,50.00/Kg,1250.0,Kirinyaga,2026-05-04
Butere Livestock Market,Cattle,Zebu,Grade 3,Male,17500.00/Head,-,4.0,Kakamega,2026-05-04
Kutus,Spinach,-,-,-,20.00/Kg,30.00/Kg,800.0,Kirinyaga,2026-05-04
Kutus,Spring Onions,-,-,-,90.00/Kg,120.00/Kg,650.0,Kirinyaga,2026-05-04
Butere Livestock Market,Cattle,Zebu,Grade 2,Female,24000.00/Head,-,5.0,Kakamega,2026-05-04
Kutus,Tomatoes,-,-,-,71.43/Kg,85.71/Kg,4500.0,Kirinyaga,2026-05-04
Butere Livestock Market,Cattle,Zebu,Grade 2,Male,22000.00/Head,-,7.0,Kakamega,2026-05-04
Butere Livestock Market,Cattle,Zebu,Grade 1,Female,27000.00/Head,-,2.0,Kakamega,2026-05-04
Butere Livestock Market,Cattle,Zebu,Grade 1,Male,25000.00/Head,-,3.0,Kakamega,2026-05-04
Butere Livestock Market,Cattle,Zebu,Grade 3,Female,30000.00/Head,-,10.0,Kakamega,2026-05-04
Butere Livestock Market,Cattle,Zebu,Grade 3,Male,32000.00/Head,-,8.0,Kakamega,2026-05-04
Butere Livestock Market,Cattle,Zebu,Grade 2,Female,35000.00/Head,-,7.0,Kakamega,2026-05-04
Butere Livestock Market,Cattle,Zebu,Grade 2,Male,38000.00/Head,-,5.0,Kakamega,2026-05-04
Butere Livestock Market,Cattle,Zebu,Grade 1,Female,45000.00/Head,-,3.0,Kakamega,2026-05-04
Butere Livestock Market,Cattle,Zebu,Grade 1,Male,45000.00/Head,-,4.0,Kakamega,2026-05-04
Butere Livestock Market,Cattle,Zebu,Grade 1,Female,31000.00/Head,-,5.0,Kakamega,2026-05-04
Butere Livestock Market,Cattle,Zebu,Grade 3,Female,38000.00/Head,-,6.0,Kakamega,2026-05-04
Butere Livestock Market,Cattle,Zebu,Grade 3,Male,48000.00/Head,-,5.0,Kakamega,2026-05-04
Butere Livestock Market,Cattle,Zebu,Grade 2,Female,43000.00/Head,-,2.0,Kakamega,2026-05-04
Butere Livestock Market,Cattle,Zebu,Grade 2,Male,64000.00/Head,-,1.0,Kakamega,2026-05-04
Butere Livestock Market,Cattle,Zebu,Grade 1,Female,53000.00/Head,-,1.0,Kakamega,2026-05-04
Butere Livestock Market,Cattle,Zebu,Grade 1,Male,70000.00/Head,-,2.0,Kakamega,2026-05-04
Kagio,Green Maize,-,-,-,30.00/Kg,50.00/Kg,3500.0,Kirinyaga,2026-05-04
Kagio,Fresh Peas,On pods,-,-,70.00/Kg,90.00/Kg,700.0,Kirinyaga,2026-05-04
Kagio,French beans,-,-,-,70.00/Kg,100.00/Kg,400.0,Kirinyaga,2026-05-04
Kagio,Egg plant (Brinjals),-,-,-,40.00/Kg,60.00/Kg,200.0,Kirinyaga,2026-05-04
Kagio,Dry Onions,-,-,-,90.00/Kg,120.00/Kg,3000.0,Kirinyaga,2026-05-04
Kagio,Cucumber,-,-,-,30.00/Kg,50.00/Kg,700.0,Kirinyaga,2026-05-04
Kagio,Courgette,-,-,-,50.00/Kg,70.00/Kg,1300.0,Kirinyaga,2026-05-04
Kagio,Coriander (Dhania),-,-,-,20.00/Kg,30.00/Kg,200.0,Kirinyaga,2026-05-04
Kagio,Chillies,-,-,-,40.00/Kg,60.00/Kg,300.0,Kirinyaga,2026-05-04
Kagio,Cauliflower,-,-,-,120.00/Kg,160.00/Kg,100.0,Kirinyaga,2026-05-04
Kagio,Carrots,-,-,-,45.00/Kg,60.00/Kg,2800.0,Kirinyaga,2026-05-04
Kagio,Capsicums,-,-,-,40.00/Kg,60.00/Kg,1200.0,Kirinyaga,2026-05-04
Kagio,Capsicums,-,-,-,180.00/Kg,250.00/Kg,100.0,Kirinyaga,2026-05-04
Kagio,Cabbages,-,-,-,15.00/Kg,20.00/Kg,28000.0,Kirinyaga,2026-05-04
Kagio,Cabbages,-,-,-,15.00/Kg,20.00/Kg,28000.0,Kirinyaga,2026-05-04
Kagio,Butternuts,-,-,-,40.00/Kg,60.00/Kg,2000.0,Kirinyaga,2026-05-04
Kagio,Broccoli,-,-,-,8.00/Kg,120.00/Kg,200.0,Kirinyaga,2026-05-04
Kagio,Banana (Plantain),-,-,-,60.00/Kg,90.00/Kg,400.0,Kirinyaga,2026-05-04
Kagio,Banana (Cooking),-,-,-,30.00/Kg,50.00/Kg,35000.0,Kirinyaga,2026-05-04
Kagio,Pumpkin Leaves,-,-,-,20.00/Kg,30.00/Kg,200.0,Kirinyaga,2026-05-04
Kagio,Cowpea leaves (Kunde),-,-,-,20.00/Kg,30.00/Kg,200.0,Kirinyaga,2026-05-04
Kagio,Black nightshade (Managu/ Osuga),-,-,-,20.00/Kg,30.00/Kg,200.0,Kirinyaga,2026-05-04
Kagio,Amaranthus (Terere),-,-,-,15.00/Kg,25.00/Kg,300.0,Kirinyaga,2026-05-04
Kawangware,Rice,Pishori,-,-,160.00/Kg,180.00/Kg,,Nairobi,2026-05-04
Kawangware,Pearl Rush Millet,-,-,-,122.22/Kg,120.00/Kg,,Nairobi,2026-05-04
Kawangware,Finger Millet,-,-,-,54.00/Kg,90.00/Kg,,Nairobi,2026-05-04
Kawangware,Dry Maize,White Maize,-,-,55.00/Kg,65.00/Kg,,Nairobi,2026-05-04
Kawangware,Lentils,-,-,-,220.00/Kg,250.00/Kg,,Nairobi,2026-05-04
Kawangware,Pigeon peas,-,-,-,100.00/Kg,115.00/Kg,,Nairobi,2026-05-04
Kawangware,Green Grams,Makueni,-,-,155.00/Kg,170.00/Kg,,Nairobi,2026-05-04
Kawangware,Beans Red Haricot (Wairimu),-,-,-,100.00/Kg,110.00/Kg,,Nairobi,2026-05-04
Kawangware,Dolichos lablab (Njahi),-,-,-,75.00/Kg,85.00/Kg,,Nairobi,2026-05-04
Kawangware,Cowpeas,-,-,-,90.00/Kg,120.00/Kg,,Nairobi,2026-05-04
Kawangware,Beans Rosecoco (Nyayo),-,-,-,110.00/Kg,125.00/Kg,,Nairobi,2026-05-04
Kawangware,Beans Rosecoco,-,-,-,115.00/Kg,125.00/Kg,,Nairobi,2026-05-04
Kawangware,Beans (Yellow-Green),-,-,-,110.00/Kg,125.00/Kg,,Nairobi,2026-05-04
Kawangware,Beans (Mwitemania),-,-,-,90.00/Kg,100.00/Kg,,Nairobi,2026-05-04
Kibuye,Cotton,-,-,-,-,72.00/Kg,,Kisumu,2026-05-03
Kibuye,Maize Bran,-,-,-,-,43.00/Kg,,Kisumu,2026-05-03
Kibuye,Sunflower Cake,-,-,-,-,44.00/Kg,,Kisumu,2026-05-03
Kibuye,Wheat Bran,-,-,-,-,33.00/Kg,,Kisumu,2026-05-03
Kibuye,Cow Milk(At collection point),-,-,-,-,70.00/Lt,,Kisumu,2026-05-03
Kibuye,Cow Milk(Processd),-,-,-,-,120.00/Lt,,Kisumu,2026-05-03
Kibuye,Eggs,Indigenous /Kenyeji,-,-,-,750.00/Tray(30),,Kisumu,2026-05-03
Kibuye,Eggs,Exotic/Grade,-,-,-,480.00/Tray(30),,Kisumu,2026-05-03
Kibuye,Honey,Processed,-,-,-,1000.00/Kg,,Kisumu,2026-05-03
Kibuye,Meat Beef,-,-,-,-,800.00/Kg,,Kisumu,2026-05-03
Kibuye,Chicken,Layers,-,Female,650.00/Head,-,,Kisumu,2026-05-03
Kibuye,Chicken,Indigenous,-,Male,2000.00/Head,-,,Kisumu,2026-05-03
Kibuye,Chicken,Improved Kienyeji,-,Male,1500.00/Head,-,,Kisumu,2026-05-03
Kibuye,Chicken,Broiler,-,Male,450.00/Head,-,,Kisumu,2026-05-03
Kibuye,Duck,Black Swedish,Grade 1,Male,-,-,,Kisumu,2026-05-03
Kibuye,Haplochromis,Fresh,-,-,-,120.00/Kg,,Kisumu,2026-05-03
Kibuye,Nile Perch,Fresh,-,-,-,400.00/Kg,,Kisumu,2026-05-03
Kibuye,Omena,Dried,-,-,-,500.00/Kg,,Kisumu,2026-05-03
Kibuye,Protopterus,Fresh,-,-,-,160.00/Kg,,Kisumu,2026-05-03
Kibuye,Tilapia,Fresh,-,-,-,400.00/Kg,,Kisumu,2026-05-03
Kibuye,Nile Perch Skins,-,-,-,-,80.00/Kg,,Kisumu,2026-05-03
Kibuye,Fish Scales,-,-,-,-,40.00/Kg,,Kisumu,2026-05-03
Kibuye,Fish Oil,-,-,-,-,160.00/Kg,,Kisumu,2026-05-03
Kibuye,Fish Maws,-,-,-,-,4000.00/Kg,,Kisumu,2026-05-03
Kibuye,Arrow Root,-,-,-,-,120.00/Kg,,Kisumu,2026-05-03
Kibuye,Cassava Chips (dry),-,-,-,-,90.00/Kg,,Kisumu,2026-05-03
Kibuye,Cassava Fresh,-,-,-,-,150.00/Kg,,Kisumu,2026-05-03
Kibuye,Sweet potatoes,-,-,-,22.50/Kg,120.00/Kg,,Kisumu,2026-05-03
Kibuye,White Irish Potatoes,-,-,-,110.00/Kg,100.00/Kg,,Kisumu,2026-05-03
Kibuye,Avocado,Hass,-,-,-,250.00/Kg,,Kisumu,2026-05-03
Kibuye,Apples,-,-,-,-,200.00/Kg,,Kisumu,2026-05-03
Kibuye,Limes,-,-,-,-,200.00/Kg,,Kisumu,2026-05-03
Kibuye,Mangoes,Local,-,-,-,100.00/Kg,,Kisumu,2026-05-03
Kibuye,Mangoes,Improved,-,-,-,150.00/Kg,,Kisumu,2026-05-03
Kibuye,Oranges,-,-,-,-,180.00/Kg,,Kisumu,2026-05-03
Kibuye,Passion Fruits,-,-,-,-,200.00/Kg,,Kisumu,2026-05-03
Kibuye,Pawpaw,-,-,-,-,70.00/Kg,,Kisumu,2026-05-03
Kibuye,Pineapples,-,-,-,-,107.14/Kg,,Kisumu,2026-05-03
Kibuye,Tangerine (Sandara),-,-,-,-,120.00/Kg,,Kisumu,2026-05-03
Kibuye,Thorn melon,-,-,-,-,120.00/Kg,,Kisumu,2026-05-03
Kibuye,Tree tomato,-,-,-,-,120.00/Kg,,Kisumu,2026-05-03
Kibuye,Water Melon,-,-,-,-,142.86/Kg,,Kisumu,2026-05-03
Kibuye,Wheat Flour,Ajab fortigied Home Baking flour,-,-,-,90.00/Kg,,Kisumu,2026-05-03
Kibuye,Wheat,-,-,-,-,75.00/Kg,,Kisumu,2026-05-03
Kibuye,Rice,Pishori,-,-,-,175.00/Kg,,Kisumu,2026-05-03
Kibuye,Rice,IRR,-,-,-,100.00/Kg,,Kisumu,2026-05-03
Kibuye,Red Sorghum,-,-,-,-,90.00/Kg,,Kisumu,2026-05-03
Kibuye,Paddy Rice,Pishori,-,-,-,60.00/Kg,,Kisumu,2026-05-03
Kibuye,Paddy Rice,IRR,-,-,-,35.00/Kg,,Kisumu,2026-05-03
Kibuye,Maize Flour,Dola,-,-,-,70.00/Kg,,Kisumu,2026-05-03
Kibuye,Finger Millet,-,-,-,-,200.00/Kg,,Kisumu,2026-05-03
Kibuye,Dry Maize,Yellow Maize,-,-,-,65.00/Kg,,Kisumu,2026-05-03
Kibuye,Dry Maize,White Maize,-,-,62.22/Kg,70.00/Kg,,Kisumu,2026-05-03
Kibuye,Indigenous Crotolaria (Mito/Miro),-,-,-,-,70.00/Kg,,Kisumu,2026-05-03
Kibuye,Jute Plant (Murenda),-,-,-,-,70.00/Kg,,Kisumu,2026-05-03
Kibuye,Nderema- Vine Spinach,-,-,-,-,200.00/Kg,,Kisumu,2026-05-03
Kibuye,Pumpkin Leaves,-,-,-,-,200.00/Kg,,Kisumu,2026-05-03
Kibuye,Spider flower (Saga),-,-,-,-,150.00/Kg,,Kisumu,2026-05-03
Kibuye,Ethiopian Kales -Kanzira,-,-,-,-,70.00/Kg,,Kisumu,2026-05-03
Kibuye,Cowpea leaves (Kunde),-,-,-,-,100.00/Kg,,Kisumu,2026-05-03
Kibuye,Black nightshade (Managu/ Osuga),-,-,-,-,150.00/Kg,,Kisumu,2026-05-03
Kibuye,Amaranthus (Terere),-,-,-,-,70.00/Kg,,Kisumu,2026-05-03
Kibuye,Coriander (Dhania),-,-,-,-,100.00/Kg,,Kisumu,2026-05-03
Kibuye,Chillies,-,-,-,-,200.00/Kg,,Kisumu,2026-05-03
Kibuye,Carrots,-,-,-,-,80.00/Kg,,Kisumu,2026-05-03
Kibuye,Capsicums,-,-,-,-,120.00/Kg,,Kisumu,2026-05-03
Kibuye,Cabbages,-,-,-,-,50.00/Kg,,Kisumu,2026-05-03
Kibuye,Butternuts,-,-,-,-,70.00/Kg,,Kisumu,2026-05-03
Kibuye,Banana (Cooking),-,-,-,27.42/Kg,-,,Kisumu,2026-05-03
Kibuye,Dry Onions,-,-,-,-,120.00/Kg,,Kisumu,2026-05-03
Kibuye,Garlic,-,-,-,-,400.00/Kg,,Kisumu,2026-05-03
Kibuye,Ginger,-,-,-,-,150.00/Kg,,Kisumu,2026-05-03
Kibuye,Green Maize,-,-,-,-,90.00/Kg,,Kisumu,2026-05-03
Kibuye,Kales/Sukuma Wiki,-,-,-,-,30.00/Kg,,Kisumu,2026-05-03
Kibuye,Lettuce,-,-,-,-,120.00/Kg,,Kisumu,2026-05-03
Kibuye,Pumpkin,-,-,-,-,321.43/Kg,,Kisumu,2026-05-03
Kibuye,Spinach,-,-,-,-,40.00/Kg,,Kisumu,2026-05-03
Kibuye,Spring Onions,-,-,-,-,70.00/Kg,,Kisumu,2026-05-03
Kibuye,Tomatoes,-,-,-,214.29/Kg,150.00/Kg,,Kisumu,2026-05-03
Kibuye,Beans (Canadian wonder),-,-,-,-,150.00/Kg,,Kisumu,2026-05-03
Kibuye,Beans (Mwezi Moja),-,-,-,-,175.00/Kg,,Kisumu,2026-05-03
Kibuye,Beans (Mwitemania),-,-,-,-,200.00/Kg,,Kisumu,2026-05-03
Kibuye,Beans (Yellow-Green),-,-,-,-,250.00/Kg,,Kisumu,2026-05-03
Kibuye,Beans Red Haricot (Wairimu),-,-,-,-,200.00/Kg,,Kisumu,2026-05-03
Kibuye,Beans Rosecoco,-,-,-,-,200.00/Kg,,Kisumu,2026-05-03
Kibuye,Beans Rosecoco (Nyayo),-,-,-,-,200.00/Kg,,Kisumu,2026-05-03
Kibuye,Cowpeas,-,-,-,-,150.00/Kg,,Kisumu,2026-05-03
Kibuye,Dolichos lablab (Njahi),-,-,-,-,200.00/Kg,,Kisumu,2026-05-03
Kibuye,Green Grams,Makueni,-,-,-,175.00/Kg,,Kisumu,2026-05-03
Kibuye,Green Grams,Local-Special,-,-,-,135.00/Kg,,Kisumu,2026-05-03
Kibuye,Green Grams,Hybrid/ polished,-,-,-,225.00/Kg,,Kisumu,2026-05-03
Kibuye,Ground Nuts,Small Red,-,-,280.00/Kg,350.00/Kg,,Kisumu,2026-05-03
Kibuye,Ground Nuts,Large Brown,-,-,-,270.00/Kg,,Kisumu,2026-05-03
Kibuye,Mixed Beans,-,-,-,-,150.00/Kg,,Kisumu,2026-05-03
Kibuye,Njugu Mawe,-,-,-,-,100.00/Kg,,Kisumu,2026-05-03
Kibuye,Sunflower Seeds,-,-,-,-,45.00/Kg,,Kisumu,2026-05-03
Kibuye,Sunflower Oil,-,-,-,-,450.00/Lt,,Kisumu,2026-05-03
Kibuye,Fertilizer,Urea,-,-,50.00/Kg,-,28000.0,Kisumu,2026-05-03
Kibuye,Fertilizer,NPK,-,-,50.00/Kg,-,28000.0,Kisumu,2026-05-03
Kibuye,Fertilizer,CAN,-,-,50.00/Kg,-,28000.0,Kisumu,2026-05-03
Khayega,Arrow Root,-,-,-,150.00/Kg,150.00/Kg,300.0,Kakamega,2026-05-03
Khayega,Sweet potatoes,-,-,-,60.00/Kg,60.00/Kg,600.0,Kakamega,2026-05-03
Khayega,White Irish Potatoes,-,-,-,57.33/Kg,61.33/Kg,4000.0,Kakamega,2026-05-03
Khayega,Water Melon,-,-,-,66.67/Kg,83.33/Kg,3000.0,Kakamega,2026-05-03
Khayega,Red Sorghum,-,-,-,100.00/Kg,125.00/Kg,315.0,Kakamega,2026-05-03
Khayega,Finger Millet,-,-,-,125.00/Kg,125.00/Kg,900.0,Kakamega,2026-05-03
Khayega,Dry Maize,White Maize,-,-,53.33/Kg,55.56/Kg,11700.0,Kakamega,2026-05-03
Khayega,Spider flower (Saga),-,-,-,60.00/Kg,60.00/Kg,400.0,Kakamega,2026-05-03
Khayega,Ethiopian Kales -Kanzira,-,-,-,31.82/Kg,36.36/Kg,300.0,Kakamega,2026-05-03
Khayega,Cowpea leaves (Kunde),-,-,-,30.00/Kg,35.00/Kg,300.0,Kakamega,2026-05-03
Khayega,Black nightshade (Managu/ Osuga),-,-,-,53.85/Kg,57.69/Kg,700.0,Kakamega,2026-05-03
Khayega,Spinach,-,-,-,40.00/Kg,45.00/Kg,400.0,Kakamega,2026-05-03
Khayega,Tomatoes,-,-,-,90.00/Kg,9.09/Kg,1500.0,Kakamega,2026-05-03
Khayega,Kales/Sukuma Wiki,-,-,-,30.00/Kg,35.00/Kg,400.0,Kakamega,2026-05-03
Khayega,Dry Onions,-,-,-,120.00/Kg,150.00/Kg,1000.0,Kakamega,2026-05-03
Khayega,Cabbages,-,-,-,40.00/Kg,43.33/Kg,3000.0,Kakamega,2026-05-03
Khayega,Mixed Beans,-,-,-,108.70/Kg,121.74/Kg,1170.0,Kakamega,2026-05-03
Khayega,Ground Nuts,Small Red,-,-,241.67/Kg,250.00/Kg,1300.0,Kakamega,2026-05-03
Khayega,Green Grams,Local-Special,-,-,130.43/Kg,130.43/Kg,900.0,Kakamega,2026-05-03
Khayega,Cowpeas,-,-,-,173.91/Kg,195.65/Kg,390.0,Kakamega,2026-05-03
Khayega,Beans Rosecoco (Nyayo),-,-,-,130.43/Kg,130.43/Kg,1100.0,Kakamega,2026-05-03
Khayega,Beans Rosecoco,-,-,-,130.43/Kg,130.43/Kg,1200.0,Kakamega,2026-05-03
Mghange,Dry Maize,White Maize,-,-,-,60.00/Kg,5000.0,Taita-Taveta,2026-05-03
Khayega,Beans (Yellow-Green),-,-,-,139.13/Kg,152.17/Kg,990.0,Kakamega,2026-05-03
Khayega,Fertilizer,DAP,-,-,124.00/Kg,128.00/Kg,2500.0,Kakamega,2026-05-03
Khayega,Fertilizer,CAN,-,-,92.00/Kg,96.00/Kg,5000.0,Kakamega,2026-05-03
Mghange,Okra (Lady's fingers or Gumbo),-,-,-,-,120.00/Kg,100.0,Taita-Taveta,2026-05-03
Mghange,Oranges,-,-,-,-,50.00/Kg,100.0,Taita-Taveta,2026-05-03
Mghange,Pigeon peas,-,-,-,-,180.00/Kg,500.0,Taita-Taveta,2026-05-03
Mghange,Green Grams,Local-Special,-,-,-,200.00/Kg,,Taita-Taveta,2026-05-03
Mghange,Beans Rosecoco,-,-,-,-,180.00/Kg,2000.0,Taita-Taveta,2026-05-03
Mghange,Beans (Yellow-Green),-,-,-,-,180.00/Kg,1500.0,Taita-Taveta,2026-05-03
Mghange,Beans (Mwitemania),-,-,-,-,180.00/Kg,1500.0,Taita-Taveta,2026-05-03
Mghange,Mangoes,Local,-,-,-,60.00/Kg,500.0,Taita-Taveta,2026-05-03
Mghange,White Irish Potatoes,-,-,-,-,80.00/Kg,1500.0,Taita-Taveta,2026-05-03
Mghange,Cassava Fresh,-,-,-,-,70.00/Kg,200.0,Taita-Taveta,2026-05-03
Mghange,Arrow Root,-,-,-,-,720.00/Kg,500.0,Taita-Taveta,2026-05-03
Mghange,Black nightshade (Managu/ Osuga),-,-,-,-,60.00/Kg,200.0,Taita-Taveta,2026-05-03
Mghange,Spinach,-,-,-,-,50.00/Kg,200.0,Taita-Taveta,2026-05-03
Mghange,Banana (Plantain),-,-,-,-,60.00/Kg,1000.0,Taita-Taveta,2026-05-03
Mghange,Banana (Cooking),-,-,-,-,60.00/Kg,600.0,Taita-Taveta,2026-05-03
Mghange,Carrots,-,-,-,-,70.00/Kg,200.0,Taita-Taveta,2026-05-03
Mghange,Capsicums,-,-,-,-,170.00/Kg,200.0,Taita-Taveta,2026-05-03
Mghange,Cabbages,-,-,-,-,60.00/Kg,1000.0,Taita-Taveta,2026-05-03
Mghange,Tomatoes,-,-,-,-,100.00/Kg,2500.0,Taita-Taveta,2026-05-03
Mghange,Dry Onions,-,-,-,-,130.00/Kg,2000.0,Taita-Taveta,2026-05-03
Mumias,Tilapia,Dried,-,-,-,403.23/Kg,,Kakamega,2026-05-03
Mumias,Omena,Dried,-,-,-,521.74/Kg,,Kakamega,2026-05-03
Mumias,Nile Perch,Smoked,-,-,-,312.50/Kg,,Kakamega,2026-05-03
Mumias,White Irish Potatoes,-,-,-,-,90.00/Kg,,Kakamega,2026-05-03
Mumias,Sweet potatoes,-,-,-,-,32.26/Kg,,Kakamega,2026-05-03
Mumias,Red Irish potato,-,-,-,-,80.00/Kg,,Kakamega,2026-05-03
Mumias,Cassava Fresh,-,-,-,-,55.56/Kg,,Kakamega,2026-05-03
Mumias,Cassava Chips (dry),-,-,-,-,62.50/Kg,,Kakamega,2026-05-03
Mumias,Arrow Root,-,-,-,-,71.43/Kg,,Kakamega,2026-05-03
Mumias,Water Melon,-,-,-,-,66.67/Kg,,Kakamega,2026-05-03
Mumias,Thorn melon,-,-,-,-,111.11/Kg,,Kakamega,2026-05-03
Mumias,Pineapples,-,-,-,-,111.11/Kg,,Kakamega,2026-05-03
Mumias,Pawpaw,-,-,-,-,125.00/Kg,,Kakamega,2026-05-03
Mumias,Oranges,-,-,-,-,78.95/Kg,,Kakamega,2026-05-03
Mumias,Mangoes,Improved,-,-,-,0.03/Kg,,Kakamega,2026-05-03
Mumias,Lemons,-,-,-,-,86.96/Kg,,Kakamega,2026-05-03
Mumias,Grapes,Black-Dark,-,-,-,740.00/Kg,,Kakamega,2026-05-03
Mumias,Banana (Ripening),-,-,-,-,153.85/Kg,,Kakamega,2026-05-03
Mumias,Avocado,Local,-,-,-,44.12/Kg,,Kakamega,2026-05-03
Mumias,Apples,-,-,-,-,285.71/Kg,,Kakamega,2026-05-03
Mumias,White Sorghum,-,-,-,-,63.64/kg,,Kakamega,2026-05-03
Mumias,Wheat Flour,Soko All Purpose HBF,-,-,-,82.50/Kg,,Kakamega,2026-05-03
Mumias,Wheat Flour,Pembe All Purpose HBF,-,-,-,87.50/Kg,,Kakamega,2026-05-03
Mumias,Wheat Flour,Ndovu all purpose HBF,-,-,-,82.50/Kg,,Kakamega,2026-05-03
Mumias,Wheat Flour,Exe Mandazi Fortified Wheat Flour,-,-,-,95.00/Kg,,Kakamega,2026-05-03
Mumias,Wheat Flour,Exe Chapati fortified wheat flour,-,-,-,90.00/Kg,,Kakamega,2026-05-03
Mumias,Wheat Flour,Exe All purpose fortified wheat flour,-,-,-,92.50/Kg,,Kakamega,2026-05-03
Mumias,Wheat Flour,Ajab fortigied Home Baking flour,-,-,-,85.00/Kg,,Kakamega,2026-05-03
Mumias,Rice,Pishori,-,-,-,190.00/Kg,,Kakamega,2026-05-03
Mumias,Rice,IRR,-,-,-,170.00/Kg,,Kakamega,2026-05-03
Mumias,Red Sorghum,-,-,-,-,76.19/Kg,,Kakamega,2026-05-03
Mumias,Maize Flour,Soko,-,-,-,82.50/Kg,,Kakamega,2026-05-03
Mumias,Maize Flour,Posho Mill,-,-,-,68.18/Kg,,Kakamega,2026-05-03
Mumias,Maize Flour,Posho Mill,-,-,-,68.18/Kg,,Kakamega,2026-05-03
Mumias,Maize Flour,Pembe,-,-,-,77.50/Kg,,Kakamega,2026-05-03
Mumias,Maize Flour,Jogoo wimbi,-,-,-,145.00/Kg,,Kakamega,2026-05-03
Mumias,Maize Flour,Jogoo,-,-,-,82.50/Kg,,Kakamega,2026-05-03
Mumias,Maize Flour,Hostess,-,-,-,95.00/Kg,,Kakamega,2026-05-03
Mumias,Maize Flour,Amaize,-,-,-,105.00/Kg,,Kakamega,2026-05-03
Mumias,Finger Millet,-,-,-,-,166.67/Kg,,Kakamega,2026-05-03
Mumias,Dry Maize,White Maize,-,-,-,59.09/Kg,,Kakamega,2026-05-03
Mumias,Spider flower (Saga),-,-,-,-,83.33/Kg,,Kakamega,2026-05-03
Mumias,Pumpkin Leaves,-,-,-,-,119.05/Kg,,Kakamega,2026-05-03
Mumias,Jute Plant (Murenda),-,-,-,-,83.33/Kg,,Kakamega,2026-05-03
Mumias,Indigenous Crotolaria (Mito/Miro),-,-,-,-,62.50/Kg,,Kakamega,2026-05-03
Mumias,Ethiopian Kales -Kanzira,-,-,-,-,107.14/Kg,,Kakamega,2026-05-03
Mumias,Cowpea leaves (Kunde),-,-,-,-,55.56/Kg,,Kakamega,2026-05-03
Mumias,Black nightshade (Managu/ Osuga),-,-,-,-,125.00/Kg,,Kakamega,2026-05-03
Mumias,Amaranthus (Terere),-,-,-,-,106.95/Kg,,Kakamega,2026-05-03
Mumias,Tomatoes,-,-,-,-,121.95/Kg,,Kakamega,2026-05-03
Mumias,Spring Onions,-,-,-,-,151.52/Kg,,Kakamega,2026-05-03
Mumias,Spinach,-,-,-,-,57.69/Kg,,Kakamega,2026-05-03
Mumias,Pumpkin,-,-,-,-,62.50/Kg,,Kakamega,2026-05-03
Mumias,Kales/Sukuma Wiki,-,-,-,-,62.50/Kg,,Kakamega,2026-05-03
Mumias,Ginger,-,-,-,-,214.29/Kg,,Kakamega,2026-05-03
Mumias,Garlic,-,-,-,-,483.87/Kg,,Kakamega,2026-05-03
Mumias,Fresh Peas,On pods,-,-,-,111.11/Kg,,Kakamega,2026-05-03
Mumias,Dry Onions,-,-,-,-,138.89/Kg,,Kakamega,2026-05-03
Mumias,Cucumber,-,-,-,-,93.75/Kg,,Kakamega,2026-05-03
Mumias,Coriander (Dhania),-,-,-,-,188.68/Kg,,Kakamega,2026-05-03
Mumias,Chillies,-,-,-,-,125.00/Kg,,Kakamega,2026-05-03
Mumias,Carrots,-,-,-,-,119.05/Kg,,Kakamega,2026-05-03
Mumias,Capsicums,-,-,-,-,142.86/Kg,,Kakamega,2026-05-03
Mumias,Cabbages,-,-,-,-,20.83/Kg,,Kakamega,2026-05-03
Mumias,Butternuts,-,-,-,-,250.00/Kg,,Kakamega,2026-05-03
Mumias,Banana (Plantain),-,-,-,-,55.56/Kg,,Kakamega,2026-05-03
Mumias,Banana (Cooking),-,-,-,-,28.57/Kg,,Kakamega,2026-05-03
Mumias,Njugu Mawe,-,-,-,-,545.45/Kg,,Kakamega,2026-05-03
Mumias,Mixed Beans,-,-,-,-,113.64/Kg,,Kakamega,2026-05-03
Mumias,Lentils,-,-,-,-,480.00/Kg,,Kakamega,2026-05-03
Mumias,Ground Nuts,Small Red,-,-,-,285.71/Kg,,Kakamega,2026-05-03
Mumias,Green Grams,Local-Special,-,-,-,150.00/Kg,,Kakamega,2026-05-03
Mumias,Green Grams,Hybrid/ polished,-,-,-,190.00/Kg,,Kakamega,2026-05-03
Mumias,Dry Peas,-,-,-,-,300.00/Kg,,Kakamega,2026-05-03
Mumias,Dolichos lablab (Njahi),-,-,-,-,280.00/Kg,,Kakamega,2026-05-03
Mumias,Cowpeas,-,-,-,-,152.17/Kg,,Kakamega,2026-05-03
Mumias,Beans Rosecoco,-,-,-,-,173.91/Kg,,Kakamega,2026-05-03
Mumias,Beans Red Haricot (Wairimu),-,-,-,-,125.00/Kg,,Kakamega,2026-05-03
Mumias,Beans (Yellow-Green),-,-,-,-,173.91/Kg,,Kakamega,2026-05-03
Mumias,Beans (Mwitemania),-,-,-,-,159.09/Kg,,Kakamega,2026-05-03
Mumias,Beans (Mwezi Moja),-,-,-,-,300.00/Kg,,Kakamega,2026-05-03
Mumias,Beans (Canadian wonder),-,-,-,-,173.91/Kg,,Kakamega,2026-05-03
Mumias,Fertilizer,Urea,-,-,-,108.00/Kg,,Kakamega,2026-05-03
Mumias,Fertilizer,NPK,-,-,-,114.00/Kg,,Kakamega,2026-05-03
Mumias,Fertilizer,DAP,-,-,-,118.00/Kg,,Kakamega,2026-05-03
Mumias,Fertilizer,CAN,-,-,-,94.00/Kg,,Kakamega,2026-05-03
Mukuyu Market,Cabbages,-,-,-,-,60.00/Kg,,Muranga,2026-05-02
Mukuyu Market,Carrots,-,-,-,-,60.00/Kg,,Muranga,2026-05-02
Mukuyu Market,Dry Onions,-,-,-,-,120.00/Kg,,Muranga,2026-05-02
Mukuyu Market,Spinach,-,-,-,-,50.00/Kg,,Muranga,2026-05-02
Mukuyu Market,Tomatoes,-,-,-,-,90.00/Kg,,Muranga,2026-05-02
Mukuyu Market,Sweet potatoes,-,-,-,-,100.00/Kg,,Muranga,2026-05-02
Mukuyu Market,Arrow Root,-,-,-,-,100.00/Kg,,Muranga,2026-05-02
Makutano Kirinyaga,Sunflower Seeds,-,-,-,60.00/Kg,80.00/Kg,300.0,Kirinyaga,2026-05-02
Makutano Kirinyaga,Lemons,-,-,-,30.00/Kg,50.00/Kg,,Kirinyaga,2026-05-02
Makutano Kirinyaga,Thorn melon,-,-,-,40.00/Kg,60.00/Kg,,Kirinyaga,2026-05-02
Makutano Kirinyaga,Water Melon,-,-,-,15.00/Kg,25.00/Kg,,Kirinyaga,2026-05-02
Makutano Kirinyaga,Paddy Rice,Pishori,-,-,80.00/Kg,85.00/Kg,,Kirinyaga,2026-05-02
Makutano Kirinyaga,Dry Maize,Yellow Maize,-,-,40.00/Kg,45.00/Kg,,Kirinyaga,2026-05-02
Makutano Kirinyaga,Pumpkin Leaves,-,-,-,40.00/Kg,50.00/Kg,,Kirinyaga,2026-05-02
Makutano Kirinyaga,Jute Plant (Murenda),-,-,-,20.00/Kg,30.00/Kg,750.0,Kirinyaga,2026-05-02
Makutano Kirinyaga,Cowpea leaves (Kunde),-,-,-,15.00/Kg,25.00/Kg,850.0,Kirinyaga,2026-05-02
Makutano Kirinyaga,Black nightshade (Managu/ Osuga),-,-,-,35.00/Kg,50.00/Kg,1900.0,Kirinyaga,2026-05-02
Makutano Kirinyaga,Amaranthus (Terere),-,-,-,40.00/Kg,50.00/Kg,950.0,Kirinyaga,2026-05-02
Makutano Kirinyaga,Banana (Cooking),-,-,-,55.00/Kg,70.00/Kg,1800.0,Kirinyaga,2026-05-02
Makutano Kirinyaga,Capsicums,-,-,-,35.00/Kg,50.00/Kg,1800.0,Kirinyaga,2026-05-02
Makutano Kirinyaga,Carrots,-,-,-,55.00/Kg,70.00/Kg,2800.0,Kirinyaga,2026-05-02
Makutano Kirinyaga,Dry Onions,-,-,-,120.00/Kg,140.00/Kg,3600.0,Kirinyaga,2026-05-02
Makutano Kirinyaga,Fresh Peas,On pods,-,-,120.00/Kg,140.00/Kg,3500.0,Kirinyaga,2026-05-02
Makutano Kirinyaga,Garlic,-,-,-,300.00/Kg,350.00/Kg,280.0,Kirinyaga,2026-05-02
Makutano Kirinyaga,Ginger,-,-,-,120.00/Kg,150.00/Kg,680.0,Kirinyaga,2026-05-02
Makutano Kirinyaga,Kales/Sukuma Wiki,-,-,-,30.00/Kg,40.00/Kg,2000.0,Kirinyaga,2026-05-02
Makutano Kirinyaga,Spinach,-,-,-,40.00/Kg,50.00/Kg,2400.0,Kirinyaga,2026-05-02
Makutano Kirinyaga,Spring Onions,-,-,-,60.00/Kg,80.00/Kg,2800.0,Kirinyaga,2026-05-02
Makutano Kirinyaga,Tomatoes,-,-,-,106.67/Kg,116.67/Kg,4800.0,Kirinyaga,2026-05-02
Makutano Kirinyaga,Finger Millet,-,-,-,170.00/Kg,200.00/Kg,1900.0,Kirinyaga,2026-05-02
Makutano Kirinyaga,Dry Maize,White Maize,-,-,38.00/Kg,45.00/Kg,3500.0,Kirinyaga,2026-05-02
Makutano Kirinyaga,Pigeon peas,-,-,-,100.00/Kg,115.00/Kg,1800.0,Kirinyaga,2026-05-02
Makutano Kirinyaga,Mixed Beans,-,-,-,100.00/Kg,120.00/Kg,3200.0,Kirinyaga,2026-05-02
Makutano Kirinyaga,Green Grams,Hybrid/ polished,-,-,120.00/Kg,150.00/Kg,1200.0,Kirinyaga,2026-05-02
Makutano Kirinyaga,Dry Peas,-,-,-,95.00/Kg,120.00/Kg,2400.0,Kirinyaga,2026-05-02
Makutano Kirinyaga,Dolichos lablab (Njahi),-,-,-,80.00/Kg,110.00/Kg,1700.0,Kirinyaga,2026-05-02
Makutano Kirinyaga,Cowpeas,-,-,-,80.00/Kg,120.00/Kg,1800.0,Kirinyaga,2026-05-02
Makutano Kirinyaga,Beans Rosecoco (Nyayo),-,-,-,80.00/Kg,110.00/Kg,1500.0,Kirinyaga,2026-05-02
Makutano Kirinyaga,Beans Red Haricot (Wairimu),-,-,-,80.00/Kg,100.00/Kg,2800.0,Kirinyaga,2026-05-02
Makutano Kirinyaga,Beans (Yellow-Green),-,-,-,120.00/Kg,150.00/Kg,3200.0,Kirinyaga,2026-05-02
Sabatia,Chicken,Improved Kienyeji,-,Female,300.00/Head,-,6.0,Kakamega,2026-05-02
Sabatia,Chicken,Improved Kienyeji,-,Male,300.00/Head,-,4.0,Kakamega,2026-05-02
Sabatia,Chicken,Improved Kienyeji,-,Female,850.00/Head,-,12.0,Kakamega,2026-05-02
Sabatia,Chicken,Improved Kienyeji,-,Male,1100.00/Head,-,8.0,Kakamega,2026-05-02
Sabatia,Chicken,Improved Kienyeji,-,Female,1000.00/Head,-,11.0,Kakamega,2026-05-02
Sabatia,Chicken,Improved Kienyeji,-,Male,1400.00/Head,-,5.0,Kakamega,2026-05-02
Sabatia,Chicken,Indigenous,-,Female,300.00/Head,-,12.0,Kakamega,2026-05-02
Sabatia,Chicken,Indigenous,-,Male,300.00/Head,-,10.0,Kakamega,2026-05-02
Sabatia,Chicken,Indigenous,-,Female,750.00/Head,-,31.0,Kakamega,2026-05-02
Sabatia,Chicken,Indigenous,-,Male,1000.00/Head,-,25.0,Kakamega,2026-05-02
Sabatia,Chicken,Indigenous,-,Female,900.00/Head,-,30.0,Kakamega,2026-05-02
Sabatia,Chicken,Indigenous,-,Male,1300.00/Head,-,21.0,Kakamega,2026-05-02
Sabatia,Tilapia,Fresh,-,-,200.00/Kg,600.00/Kg,550.0,Kakamega,2026-05-02
Sabatia,Dry Onions,-,-,-,100.00/Kg,125.00/Kg,2000.0,Kakamega,2026-05-02
Sabatia,Tomatoes,-,-,-,85.71/Kg,125.00/Kg,3500.0,Kakamega,2026-05-02
Sabatia,Avocado,Local,-,-,20.00/Kg,50.00/Kg,500.0,Kakamega,2026-05-02
Sabatia,Kales/Sukuma Wiki,-,-,-,37.50/Kg,58.33/Kg,1200.0,Kakamega,2026-05-02
Sabatia,White Irish Potatoes,-,-,-,64.29/Kg,62.50/Kg,14400.0,Kakamega,2026-05-02
Sabatia,Sweet potatoes,-,-,-,40.00/Kg,62.50/Kg,500.0,Kakamega,2026-05-02
Sabatia,Cabbages,-,-,-,23.81/Kg,28.57/Kg,5300.0,Kakamega,2026-05-02
Kakamega Town,Tilapia,Fresh,-,-,450.00/Kg,600.00/Kg,10000.0,Kakamega,2026-05-02
Kakamega Town,Tilapia,Fresh,-,-,450.00/Kg,600.00/Kg,10000.0,Kakamega,2026-05-02
Kakamega Town,Sweet potatoes,-,-,-,80.00/Kg,100.00/Kg,1000.0,Kakamega,2026-05-02
Kakamega Town,White Irish Potatoes,-,-,-,50.00/Kg,70.00/Kg,4000.0,Kakamega,2026-05-02
Sabatia,Water Melon,-,-,-,34.78/Kg,43.48/Kg,400.0,Kakamega,2026-05-02
Sabatia,Oranges,-,-,-,30.00/Kg,45.45/Kg,1000.0,Kakamega,2026-05-02
Kakamega Town,Water Melon,-,-,-,50.00/Kg,64.29/Kg,6000.0,Kakamega,2026-05-02
Kakamega Town,Pineapples,-,-,-,100.00/Kg,180.00/Kg,5000.0,Kakamega,2026-05-02
Sabatia,Mangoes,Improved,-,-,25.00/Kg,45.45/Kg,2000.0,Kakamega,2026-05-02
Kakamega Town,Avocado,Local,-,-,80.00/Kg,120.00/Kg,3000.0,Kakamega,2026-05-02
Kakamega Town,Dry Maize,White Maize,-,-,42.22/Kg,60.00/Kg,20000.0,Kakamega,2026-05-02
Sabatia,Beans Red Haricot (Wairimu),-,-,-,133.33/Kg,134.62/Kg,360.0,Kakamega,2026-05-02
Kakamega Town,Black nightshade (Managu/ Osuga),-,-,-,80.00/Kg,120.00/Kg,2000.0,Kakamega,2026-05-02
Sabatia,Mixed Beans,-,-,-,111.11/Kg,107.69/Kg,630.0,Kakamega,2026-05-02
Sabatia,Cowpeas,-,-,-,111.11/Kg,115.38/Kg,360.0,Kakamega,2026-05-02
Sabatia,Green Grams,Local-Special,-,-,124.44/Kg,115.38/Kg,810.0,Kakamega,2026-05-02
Kakamega Town,Kales/Sukuma Wiki,-,-,-,50.00/Kg,80.00/Kg,2000.0,Kakamega,2026-05-02
Sabatia,Ground Nuts,Small Red,-,-,257.78/Kg,285.71/Kg,540.0,Kakamega,2026-05-02
Kakamega Town,Tomatoes,-,-,-,150.00/Kg,200.00/Kg,4000.0,Kakamega,2026-05-02
Kakamega Town,Dry Onions,-,-,-,60.00/Kg,100.00/Kg,6000.0,Kakamega,2026-05-02
Kakamega Town,Carrots,-,-,-,40.00/Kg,60.00/Kg,3000.0,Kakamega,2026-05-02
Kakamega Town,Cabbages,-,-,-,20.00/Kg,40.00/Kg,4000.0,Kakamega,2026-05-02
Sabatia,Beans (Yellow-Green),-,-,-,155.56/Kg,1538.46/Kg,180.0,Kakamega,2026-05-02
Kakamega Town,Mixed Beans,-,-,-,88.89/Kg,120.00/Kg,5000.0,Kakamega,2026-05-02
Kakamega Town,Beans Rosecoco,-,-,-,133.33/Kg,180.00/Kg,9000.0,Kakamega,2026-05-02
Sabatia,Red Sorghum,-,-,-,57.78/Kg,68.18/Kg,540.0,Kakamega,2026-05-02
Sabatia,Finger Millet,-,-,-,124.44/Kg,136.36/Kg,720.0,Kakamega,2026-05-02
Sabatia,Dry Maize,White Maize,-,-,44.44/Kg,47.83/Kg,13500.0,Kakamega,2026-05-02
Kabati - Muranga,Lentils,-,-,-,-,280.00/Kg,,Muranga,2026-05-02
Kabati - Muranga,Dragon Fruit,-,-,-,-,400.00/Kg,,Muranga,2026-05-02
Kabati - Muranga,Pork,-,-,-,-,700.00/Kg,,Muranga,2026-05-02
Kabati - Muranga,Eggs,Exotic/Grade,-,-,-,400.00/Tray(30),,Muranga,2026-05-02
Kabati - Muranga,Cow Milk(At collection point),-,-,-,-,45.00/Lt,,Muranga,2026-05-02
Kabati - Muranga,Cow Milk(At collection point),-,-,-,-,45.00/Lt,,Muranga,2026-05-02
Kabati - Muranga,Water Melon,-,-,-,-,55.00/Kg,,Muranga,2026-05-02
Kabati - Muranga,Tree tomato,-,-,-,-,100.00/Kg,,Muranga,2026-05-02
Kabati - Muranga,Thorn melon,-,-,-,-,60.00/Kg,,Muranga,2026-05-02
Kabati - Muranga,Tangerine (Sandara),-,-,-,-,80.00/Kg,,Muranga,2026-05-02
Kabati - Muranga,Pineapples,-,-,-,-,53.33/Kg,,Muranga,2026-05-02
Kabati - Muranga,Pawpaw,-,-,-,-,80.00/Kg,,Muranga,2026-05-02
Kabati - Muranga,Oranges,-,-,-,-,100.00/Kg,,Muranga,2026-05-02
Kabati - Muranga,Mangoes,Improved,-,-,-,100.00/Kg,,Muranga,2026-05-02
Kabati - Muranga,Lemons,-,-,-,-,70.00/Kg,,Muranga,2026-05-02
Kabati - Muranga,Grapes,White,-,-,-,600.00/Kg,,Muranga,2026-05-02
Kabati - Muranga,Banana (Ripening),-,-,-,-,35.00/Kg,,Muranga,2026-05-02
Kabati - Muranga,Avocado,Hass,-,-,-,80.00/Kg,,Muranga,2026-05-02
Kabati - Muranga,Apples,-,-,-,-,180.00/Kg,,Muranga,2026-05-02
Kabati - Muranga,Black nightshade (Managu/ Osuga),-,-,-,-,35.00/Kg,,Muranga,2026-05-02
Kabati - Muranga,Amaranthus (Terere),-,-,-,-,45.00/Kg,,Muranga,2026-05-02
Kabati - Muranga,Tomatoes,-,-,-,-,50.00/Kg,,Muranga,2026-05-02
Kabati - Muranga,Spinach,-,-,-,-,45.00/Kg,,Muranga,2026-05-02
Kabati - Muranga,Pumpkin,-,-,-,-,53.33/Kg,,Muranga,2026-05-02
Kabati - Muranga,Kales/Sukuma Wiki,-,-,-,-,45.00/Kg,,Muranga,2026-05-02
Kabati - Muranga,Green Maize,-,-,-,-,100.00/Kg,,Muranga,2026-05-02
Kabati - Muranga,Garlic,-,-,-,-,480.00/Kg,,Muranga,2026-05-02
Kabati - Muranga,Fresh Peas,Shelled Peas,-,-,-,250.00/Kg,,Muranga,2026-05-02
Kabati - Muranga,French beans,-,-,-,-,60.00/Kg,,Muranga,2026-05-02
Kabati - Muranga,Cucumber,-,-,-,-,80.00/Kg,,Muranga,2026-05-02
Kabati - Muranga,Coriander (Dhania),-,-,-,-,50.00/Kg,,Muranga,2026-05-02
Kabati - Muranga,Chillies,-,-,-,-,120.00/Kg,,Muranga,2026-05-02
Kabati - Muranga,Carrots,-,-,-,-,70.00/Kg,,Muranga,2026-05-02
Kabati - Muranga,Capsicums,-,-,-,-,80.00/Kg,,Muranga,2026-05-02
Kabati - Muranga,Cabbages,-,-,-,-,50.00/Kg,,Muranga,2026-05-02
Kabati - Muranga,Butternuts,-,-,-,46.67/Kg,60.00/Kg,,Muranga,2026-05-02
Kabati - Muranga,Banana (Plantain),-,-,-,20.00/Kg,40.00/Kg,,Muranga,2026-05-02
Kabati - Muranga,Banana (Cooking),-,-,-,18.00/Kg,35.00/Kg,,Muranga,2026-05-02
Ngurubani Market,Meat Beef,-,-,-,650.00/Kg,750.00/Kg,1420.0,Kirinyaga,2026-05-01
Ngurubani Market,Eggs,Exotic/Grade,-,-,420.00/Tray(30),480.00/Tray(30),2220.0,Kirinyaga,2026-05-01
Ngurubani Market,Pork,-,-,-,650.00/Kg,750.00/Kg,425.0,Kirinyaga,2026-05-01
Ngurubani Market,White Irish Potatoes,-,-,-,45.00/Kg,50.00/Kg,21500.0,Kirinyaga,2026-05-01
Ngurubani Market,Sweet potatoes,-,-,-,80.00/Kg,100.00/Kg,450.0,Kirinyaga,2026-05-01
Ngurubani Market,Arrow Root,-,-,-,100.00/Kg,140.00/Kg,1200.0,Kirinyaga,2026-05-01
Ngurubani Market,Rice,Pishori,-,-,150.00/Kg,170.00/Kg,145000.0,Kirinyaga,2026-05-01
Ngurubani Market,Red Sorghum,-,-,-,91.11/Kg,110.00/Kg,2580.0,Kirinyaga,2026-05-01
Ngurubani Market,Dry Maize,White Maize,-,-,52.22/Kg,60.00/Kg,5680.0,Kirinyaga,2026-05-01
Ngurubani Market,Pumpkin Leaves,-,-,-,20.00/Kg,30.00/Kg,210.0,Kirinyaga,2026-05-01
Ngurubani Market,Cowpea leaves (Kunde),-,-,-,50.00/Kg,70.00/Kg,310.0,Kirinyaga,2026-05-01
Ngurubani Market,Black nightshade (Managu/ Osuga),-,-,-,30.00/Kg,40.00/Kg,325.0,Kirinyaga,2026-05-01
Ngurubani Market,Amaranthus (Terere),-,-,-,25.00/Kg,35.00/Kg,220.0,Kirinyaga,2026-05-01
Ngurubani Market,Thorn melon,-,-,-,80.00/Kg,120.00/Kg,420.0,Kirinyaga,2026-05-01
Ngurubani Market,Water Melon,-,-,-,25.00/Kg,33.00/Kg,24000.0,Kirinyaga,2026-05-01
Ngurubani Market,Tree tomato,-,-,-,70.00/Kg,100.00/Kg,450.0,Kirinyaga,2026-05-01
Ngurubani Market,Pineapples,-,-,-,40.00/Kg,60.00/Kg,680.0,Kirinyaga,2026-05-01
Ngurubani Market,Pawpaw,-,-,-,40.00/Kg,60.00/Kg,220.0,Kirinyaga,2026-05-01
Ngurubani Market,Passion Fruits,-,-,-,150.00/Kg,220.00/Kg,350.0,Kirinyaga,2026-05-01
Ngurubani Market,Oranges,-,-,-,60.00/Kg,80.00/Kg,2200.0,Kirinyaga,2026-05-01
Ngurubani Market,Lemons,-,-,-,50.00/Kg,70.00/Kg,120.0,Kirinyaga,2026-05-01
Ngurubani Market,Avocado,Local,-,-,50.00/Kg,70.00/Kg,2150.0,Kirinyaga,2026-05-01
Ngurubani Market,Lentils,-,-,-,188.89/Kg,220.00/Kg,2150.0,Kirinyaga,2026-05-01
Ngurubani Market,Pigeon peas,-,-,-,72.22/Kg,90.00/Kg,2800.0,Kirinyaga,2026-05-01
Ngurubani Market,Mixed Beans,-,-,-,86.67/Kg,110.00/Kg,2100.0,Kirinyaga,2026-05-01
Ngurubani Market,Green Grams,Hybrid/ polished,-,-,100.00/Kg,150.00/Kg,1850.0,Kirinyaga,2026-05-01
Ngurubani Market,Dolichos lablab (Njahi),-,-,-,83.33/Kg,100.00/Kg,2500.0,Kirinyaga,2026-05-01
Ngurubani Market,Cowpeas,-,-,-,100.00/Kg,140.00/Kg,220.0,Kirinyaga,2026-05-01
Ngurubani Market,Beans Rosecoco (Nyayo),-,-,-,110.00/Kg,160.00/Kg,4200.0,Kirinyaga,2026-05-01
Ngurubani Market,Beans Red Haricot (Wairimu),-,-,-,100.00/Kg,140.00/Kg,5280.0,Kirinyaga,2026-05-01
Ngurubani Market,Beans (Yellow-Green),-,-,-,124.44/Kg,170.00/Kg,4250.0,Kirinyaga,2026-05-01
Ngurubani Market,Beans (Mwitemania),-,-,-,91.11/Kg,120.00/Kg,2580.0,Kirinyaga,2026-05-01
Ngurubani Market,Tomatoes,-,-,-,60.00/Kg,80.00/Kg,1450.0,Kirinyaga,2026-05-01
Ngurubani Market,Spring Onions,-,-,-,40.00/Kg,60.00/Kg,250.0,Kirinyaga,2026-05-01
Ngurubani Market,Spinach,-,-,-,40.00/Kg,50.00/Kg,220.0,Kirinyaga,2026-05-01
Ngurubani Market,Pumpkin,-,-,-,30.00/Kg,40.00/Kg,1650.0,Kirinyaga,2026-05-01
Ngurubani Market,Kales/Sukuma Wiki,-,-,-,20.00/Kg,30.00/Kg,1250.0,Kirinyaga,2026-05-01
Ngurubani Market,Green Maize,-,-,-,40.00/Kg,60.00/Kg,2150.0,Kirinyaga,2026-05-01
Ngurubani Market,French beans,-,-,-,60.00/Kg,80.00/Kg,350.0,Kirinyaga,2026-05-01
Ngurubani Market,Fresh Peas,On pods,-,-,150.00/Kg,170.00/Kg,1500.0,Kirinyaga,2026-05-01
Ngurubani Market,Egg plant (Brinjals),-,-,-,50.00/Kg,80.00/Kg,45.0,Kirinyaga,2026-05-01
Ngurubani Market,Dry Onions,-,-,-,80.00/Kg,120.00/Kg,6500.0,Kirinyaga,2026-05-01
Ngurubani Market,Cucumber,-,-,-,70.00/Kg,100.00/Kg,100.0,Kirinyaga,2026-05-01
Ngurubani Market,Courgette,-,-,-,70.00/Kg,100.00/Kg,180.0,Kirinyaga,2026-05-01
Ngurubani Market,Coriander (Dhania),-,-,-,50.00/Kg,80.00/Kg,220.0,Kirinyaga,2026-05-01
Ngurubani Market,Chillies,-,-,-,50.00/Kg,70.00/Kg,210.0,Kirinyaga,2026-05-01
Ngurubani Market,Carrots,-,-,-,40.00/Kg,70.00/Kg,2250.0,Kirinyaga,2026-05-01
Ngurubani Market,Capsicums,-,-,-,40.00/Kg,60.00/Kg,420.0,Kirinyaga,2026-05-01
Ngurubani Market,Cabbages,-,-,-,20.00/Kg,25.00/Kg,22500.0,Kirinyaga,2026-05-01
Ngurubani Market,Butternuts,-,-,-,35.00/Kg,45.00/Kg,1850.0,Kirinyaga,2026-05-01
Ngurubani Market,Banana (Cooking),-,-,-,25.00/Kg,35.00/Kg,2258.0,Kirinyaga,2026-05-01
Ngurubani Market,Fertilizer,NPK,-,-,92.00/Kg,110.00/Kg,220000.0,Kirinyaga,2026-05-01
Ngurubani Market,Fertilizer,DAP,-,-,136.00/Kg,140.00/Kg,142000.0,Kirinyaga,2026-05-01
Ngurubani Market,Fertilizer,CAN,-,-,66.00/Kg,80.00/Kg,52000.0,Kirinyaga,2026-05-01
Ndanai Market,Eggs,Indigenous /Kenyeji,-,-,540.00/Tray(30),600.00/Tray(30),15000.0,Bomet,2026-05-01
Ndanai Market,Chicken,Indigenous,-,Male,600.00/Head,-,1200.0,Bomet,2026-05-01
Ndanai Market,Chicken,Improved Kienyeji,-,Male,1000.00/Head,-,1500.0,Bomet,2026-05-01
Ndanai Market,Water Melon,-,-,-,90.00/Kg,120.00/Kg,6000.0,Bomet,2026-05-01
Ndanai Market,Oranges,-,-,-,59.09/Kg,100.00/Kg,7000.0,Bomet,2026-05-01
Ndanai Market,Mangoes,Improved,-,-,24.00/Kg,50.00/Kg,8000.0,Bomet,2026-05-01
Ndanai Market,Banana (Ripening),-,-,-,20.00/Kg,50.00/Kg,10000.0,Bomet,2026-05-01
Ndanai Market,Banana (Ripening),-,-,-,20.00/Kg,50.00/Kg,10000.0,Bomet,2026-05-01
Ndanai Market,Dry Maize,White Maize,-,-,48.89/Kg,140.00/Kg,36000.0,Bomet,2026-05-01
Ndanai Market,Spider flower (Saga),-,-,-,60.00/Kg,100.00/Kg,2500.0,Bomet,2026-05-01
Ndanai Market,Black nightshade (Managu/ Osuga),-,-,-,60.00/Kg,100.00/Kg,3500.0,Bomet,2026-05-01
Ndanai Market,Tomatoes,-,-,-,75.00/Kg,100.00/Kg,12800.0,Bomet,2026-05-01
Ndanai Market,Kales/Sukuma Wiki,-,-,-,9.44/Kg,20.00/Kg,3600.0,Bomet,2026-05-01
Ndanai Market,Dry Onions,-,-,-,75.00/Kg,1000.00/Kg,8000.0,Bomet,2026-05-01
Ndanai Market,Cabbages,-,-,-,10.00/Kg,20.00/Kg,12000.0,Bomet,2026-05-01
Ndanai Market,Beans Rosecoco,-,-,-,133.33/Kg,175.00/Kg,9000.0,Bomet,2026-05-01
Kerugoya,White Irish Potatoes,-,-,-,40.00/Kg,75.00/Kg,2300.0,Kirinyaga,2026-05-01
Kerugoya,Water Melon,-,-,-,30.00/Kg,45.00/Kg,300.0,Kirinyaga,2026-05-01
Kerugoya,Tree tomato,-,-,-,100.00/Kg,200.00/Kg,250.0,Kirinyaga,2026-05-01
Kerugoya,Thorn melon,-,-,-,30.00/Kg,60.00/Kg,160.0,Kirinyaga,2026-05-01
Kerugoya,Passion Fruits,-,-,-,170.00/Kg,240.00/Kg,300.0,Kirinyaga,2026-05-01
Kerugoya,Oranges,-,-,-,60.00/Kg,120.00/Kg,300.0,Kirinyaga,2026-05-01
Kerugoya,Banana (Ripening),-,-,-,25.00/Kg,50.00/Kg,300.0,Kirinyaga,2026-05-01
Kerugoya,Rice,Pishori,-,-,160.00/Kg,180.00/Kg,2250.0,Kirinyaga,2026-05-01
Kerugoya,Tomatoes,-,-,-,45.00/Kg,80.00/Kg,1500.0,Kirinyaga,2026-05-01
Kerugoya,Pumpkin,-,-,-,40.00/Kg,80.00/Kg,200.0,Kirinyaga,2026-05-01
Kerugoya,Kales/Sukuma Wiki,-,-,-,20.00/Kg,35.00/Kg,230.0,Kirinyaga,2026-05-01
Kerugoya,Ginger,-,-,-,170.00/Kg,260.00/Kg,200.0,Kirinyaga,2026-05-01
Kerugoya,Ginger,-,-,-,170.00/Kg,260.00/Kg,200.0,Kirinyaga,2026-05-01
Kerugoya,Fresh Peas,On pods,-,-,90.00/Kg,140.00/Kg,400.0,Kirinyaga,2026-05-01
Kerugoya,Dry Onions,-,-,-,75.00/Kg,140.00/Kg,2300.0,Kirinyaga,2026-05-01
Kerugoya,Courgette,-,-,-,80.00/Kg,150.00/Kg,300.0,Kirinyaga,2026-05-01
Kerugoya,Carrots,-,-,-,35.00/Kg,70.00/Kg,480.0,Kirinyaga,2026-05-01
Kerugoya,Capsicums,-,-,-,50.00/Kg,100.00/Kg,250.0,Kirinyaga,2026-05-01
Kerugoya,Capsicums,-,-,-,50.00/Kg,100.00/Kg,250.0,Kirinyaga,2026-05-01
Kerugoya,Cabbages,-,-,-,15.00/Kg,25.00/Kg,350.0,Kirinyaga,2026-05-01
Kerugoya,Butternuts,-,-,-,45.00/Kg,90.00/Kg,180.0,Kirinyaga,2026-05-01
Kerugoya,Banana (Cooking),-,-,-,18.00/Kg,35.00/Kg,780.0,Kirinyaga,2026-05-01
Kerugoya,Pigeon peas,-,-,-,120.00/Kg,150.00/Kg,2350.0,Kirinyaga,2026-05-01
Kerugoya,Mixed Beans,-,-,-,100.00/Kg,140.00/Kg,1150.0,Kirinyaga,2026-05-01
Kerugoya,Lentils,-,-,-,275.00/Kg,330.00/Kg,1250.0,Kirinyaga,2026-05-01
Kerugoya,Ground Nuts,Large Brown,-,-,270.00/Kg,320.00/Kg,800.0,Kirinyaga,2026-05-01
Kerugoya,Green Grams,Makueni,-,-,125.00/Kg,165.00/Kg,1600.0,Kirinyaga,2026-05-01
Kerugoya,Green Grams,Local-Special,-,-,140.00/Kg,180.00/Kg,1550.0,Kirinyaga,2026-05-01
Kerugoya,Green Grams,Hybrid/ polished,-,-,140.00/Kg,185.00/Kg,1400.0,Kirinyaga,2026-05-01
Kerugoya,Dry Peas,-,-,-,175.00/Kg,220.00/Kg,500.0,Kirinyaga,2026-05-01
Kerugoya,Dolichos lablab (Njahi),-,-,-,95.00/Kg,130.00/Kg,1650.0,Kirinyaga,2026-05-01
Kerugoya,Cowpeas,-,-,-,120.00/Kg,150.00/Kg,2200.0,Kirinyaga,2026-05-01
Kerugoya,Beans Rosecoco (Nyayo),-,-,-,145.00/Kg,190.00/Kg,2500.0,Kirinyaga,2026-05-01
Kerugoya,Beans Rosecoco,-,-,-,140.00/Kg,180.00/Kg,2450.0,Kirinyaga,2026-05-01
Kerugoya,Beans Red Haricot (Wairimu),-,-,-,120.00/Kg,150.00/Kg,2650.0,Kirinyaga,2026-05-01
Kerugoya,Beans (Yellow-Green),-,-,-,145.00/Kg,150.00/Kg,1650.0,Kirinyaga,2026-05-01
Kerugoya,Beans (Mwitemania),-,-,-,135.00/Kg,175.00/Kg,2350.0,Kirinyaga,2026-05-01
Kerugoya,Beans (Mwezi Moja),-,-,-,120.00/Kg,160.00/Kg,2600.0,Kirinyaga,2026-05-01
Kerugoya,Beans (Canadian wonder),-,-,-,120.00/Kg,160.00/Kg,2500.0,Kirinyaga,2026-05-01
Gakoromone,Tomatoes,-,-,-,80.00/Kg,100.00/Kg,24000.0,Meru,2026-05-01
Gakoromone,Spinach,-,-,-,35.00/Kg,40.00/Kg,3500.0,Meru,2026-05-01
Gakoromone,Pumpkin,-,-,-,50.00/Kg,60.00/Kg,1000.0,Meru,2026-05-01
Gakoromone,Kales/Sukuma Wiki,-,-,-,25.00/Kg,30.00/Kg,4500.0,Meru,2026-05-01
Gakoromone,Fresh Peas,On pods,-,-,130.00/Kg,140.00/Kg,1000.0,Meru,2026-05-01
Gakoromone,Dry Onions,-,-,-,100.00/Kg,120.00/Kg,30000.0,Meru,2026-05-01
Gakoromone,Courgette,-,-,-,110.00/Kg,100.00/Kg,1500.0,Meru,2026-05-01
Gakoromone,Carrots,-,-,-,31.43/Kg,35.71/Kg,45000.0,Meru,2026-05-01
Gakoromone,Capsicums,-,-,-,60.00/Kg,70.00/Kg,1000.0,Meru,2026-05-01
Gakoromone,Cabbages,-,-,-,16.67/Kg,55.00/Kg,35000.0,Meru,2026-05-01
Gakoromone,Butternuts,-,-,-,40.00/Kg,45.00/Kg,300.0,Meru,2026-05-01
Gakoromone,Banana (Plantain),-,-,-,18.00/Kg,20.00/Kg,20000.0,Meru,2026-05-01
Gakoromone,Banana (Cooking),-,-,-,18.00/Kg,20.00/Kg,18000.0,Meru,2026-05-01
Gakoromone,White Irish Potatoes,-,-,-,82.86/Kg,85.71/Kg,24000.0,Meru,2026-05-01
Gakoromone,Sweet potatoes,-,-,-,32.86/Kg,35.71/Kg,1000.0,Meru,2026-05-01
Gakoromone,Arrow Root,-,-,-,57.14/Kg,64.29/Kg,3000.0,Meru,2026-05-01
Gakoromone,Water Melon,-,-,-,37.00/Kg,45.00/Kg,35000.0,Meru,2026-05-01
Gakoromone,Thorn melon,-,-,-,20.00/Kg,25.00/Kg,200.0,Meru,2026-05-01
Gakoromone,Pawpaw,-,-,-,80.00/Kg,90.00/Kg,800.0,Meru,2026-05-01
Gakoromone,Oranges,-,-,-,80.00/Kg,100.00/Kg,4000.0,Meru,2026-05-01
Malimili Livestock Market,Sheep,Red Maasai,Grade 2,Male,5500.00/Head,-,8.0,Kakamega,2026-05-01
Malimili Livestock Market,Sheep,Red Maasai,Grade 2,Female,7500.00/Head,-,13.0,Kakamega,2026-05-01
Malimili Livestock Market,Sheep,Red Maasai,Grade 2,Male,7000.00/Head,-,7.0,Kakamega,2026-05-01
Malimili Livestock Market,Goat,Mixed,Grade 2,Female,8000.00/Head,-,9.0,Kakamega,2026-05-01
Malimili Livestock Market,Goat,Mixed,Grade 2,Male,7000.00/Head,-,13.0,Kakamega,2026-05-01
Malimili Livestock Market,Goat,Mixed,Grade 2,Female,11000.00/Head,-,11.0,Kakamega,2026-05-01
Malimili Livestock Market,Goat,Mixed,Grade 2,Male,10000.00/Head,-,10.0,Kakamega,2026-05-01
Malimili Livestock Market,Chicken,Indigenous,-,Female,600.00/Head,-,20.0,Kakamega,2026-05-01
Malimili Livestock Market,Chicken,Indigenous,-,Female,800.00/Head,-,40.0,Kakamega,2026-05-01
Malimili Livestock Market,Chicken,Indigenous,-,Male,800.00/Head,-,30.0,Kakamega,2026-05-01
Malimili Livestock Market,Chicken,Indigenous,-,Male,1050.00/Head,-,40.0,Kakamega,2026-05-01
Malimili Livestock Market,Chicken,Improved Kienyeji,-,Female,600.00/Head,-,20.0,Kakamega,2026-05-01
Malimili Livestock Market,Chicken,Improved Kienyeji,-,Female,850.00/Head,-,30.0,Kakamega,2026-05-01
Malimili Livestock Market,Chicken,Improved Kienyeji,-,Male,900.00/Head,-,30.0,Kakamega,2026-05-01
Malimili Livestock Market,Chicken,Improved Kienyeji,-,Male,1100.00/Head,-,20.0,Kakamega,2026-05-01
Malimili Livestock Market,Cattle,Mixed,Grade 3,Female,30000.00/Head,-,22.0,Kakamega,2026-05-01
Malimili Livestock Market,Cattle,Mixed,Grade 3,Female,42000.00/Head,-,14.0,Kakamega,2026-05-01
Malimili Livestock Market,Cattle,Mixed,Grade 3,Female,60000.00/Head,-,18.0,Kakamega,2026-05-01
Malimili Livestock Market,Cattle,Mixed,Grade 3,Male,27000.00/Head,-,26.0,Kakamega,2026-05-01
Malimili Livestock Market,Cattle,Mixed,Grade 3,Male,37000.00/Head,-,15.0,Kakamega,2026-05-01
Malimili Livestock Market,Cattle,Mixed,Grade 3,Male,60000.00/Head,-,10.0,Kakamega,2026-05-01
Malimili Livestock Market,Cattle,Ayrshire,Grade 3,Female,35000.00/Head,-,20.0,Kakamega,2026-05-01
Malimili Livestock Market,Cattle,Ayrshire,Grade 3,Female,55000.00/Head,-,16.0,Kakamega,2026-05-01
Malimili Livestock Market,Cattle,Ayrshire,Grade 3,Female,70000.00/Head,-,12.0,Kakamega,2026-05-01
Malimili Livestock Market,Cattle,Ayrshire,Grade 3,Male,30000.00/Head,-,16.0,Kakamega,2026-05-01
Malimili Livestock Market,Cattle,Ayrshire,Grade 3,Male,50000.00/Head,-,11.0,Kakamega,2026-05-01
Malimili Livestock Market,Cattle,Ayrshire,Grade 3,Male,65000.00/Head,-,8.0,Kakamega,2026-05-01
Mumias,Tilapia,Dried,-,-,-,416.67/Kg,,Kakamega,2026-05-01
Mumias,Omena,Dried,-,-,-,521.74/Kg,,Kakamega,2026-05-01
Mumias,Nile Perch,Smoked,-,-,-,358.97/Kg,,Kakamega,2026-05-01
Mumias,White Irish Potatoes,-,-,-,-,92.00/Kg,,Kakamega,2026-05-01
Mumias,Sweet potatoes,-,-,-,-,32.26/Kg,,Kakamega,2026-05-01
Mumias,Red Irish potato,-,-,-,-,84.00/Kg,,Kakamega,2026-05-01
Mumias,Cassava Fresh,-,-,-,-,71.43/Kg,,Kakamega,2026-05-01
Mumias,Cassava Chips (dry),-,-,-,-,66.67/Kg,,Kakamega,2026-05-01
Mumias,Arrow Root,-,-,-,-,76.92/Kg,,Kakamega,2026-05-01
Mumias,Water Melon,-,-,-,-,93.75/Kg,,Kakamega,2026-05-01
Mumias,Pineapples,-,-,-,-,83.33/Kg,,Kakamega,2026-05-01
Mumias,Passion Fruits,-,-,-,-,238.10/Kg,,Kakamega,2026-05-01
Mumias,Pawpaw,-,-,-,-,80.65/Kg,,Kakamega,2026-05-01
Mumias,Oranges,-,-,-,-,90.91/Kg,,Kakamega,2026-05-01
Mumias,Mangoes,Improved,-,-,-,55.56/Kg,,Kakamega,2026-05-01
Mumias,Lemons,-,-,-,-,64.52/Kg,,Kakamega,2026-05-01
Mumias,Grapes,Black-Dark,-,-,-,760.00/Kg,,Kakamega,2026-05-01
Mumias,Banana (Ripening),-,-,-,-,162.60/Kg,,Kakamega,2026-05-01
Mumias,Avocado,Local,-,-,-,53.57/Kg,,Kakamega,2026-05-01
Mumias,Apples,-,-,-,-,250.00/Kg,,Kakamega,2026-05-01
Mumias,White Sorghum,-,-,-,-,72.73/kg,,Kakamega,2026-05-01
Mumias,Wheat Flour,Soko All Purpose HBF,-,-,-,85.00/Kg,,Kakamega,2026-05-01
Mumias,Wheat Flour,Pembe All Purpose HBF,-,-,-,87.50/Kg,,Kakamega,2026-05-01
Mumias,Wheat Flour,Tropicana HBF,-,-,-,85.00/Kg,,Kakamega,2026-05-01
Mumias,Wheat Flour,Exe Mandazi Fortified Wheat Flour,-,-,-,95.00/Kg,,Kakamega,2026-05-01
Mumias,Wheat Flour,Exe Chapati fortified wheat flour,-,-,-,90.00/Kg,,Kakamega,2026-05-01
Mumias,Wheat Flour,Exe All purpose fortified wheat flour,-,-,-,87.50/Kg,,Kakamega,2026-05-01
Mumias,Wheat Flour,Ajab fortigied Home Baking flour,-,-,-,85.00/Kg,,Kakamega,2026-05-01
Mumias,Rice,Pishori,-,-,-,315.00/Kg,,Kakamega,2026-05-01
Mumias,Red Sorghum,-,-,-,-,71.43/Kg,,Kakamega,2026-05-01
Mumias,Red Sorghum,-,-,-,-,68.18/Kg,,Kakamega,2026-05-01
Mumias,Maize Flour,Soko,-,-,-,82.50/Kg,,Kakamega,2026-05-01
Mumias,Maize Flour,Posho Mill,-,-,-,68.18/Kg,,Kakamega,2026-05-01
Mumias,Maize Flour,Jembe,-,-,-,70.00/Kg,,Kakamega,2026-05-01
Mumias,Maize Flour,Jogoo wimbi,-,-,-,145.00/Kg,,Kakamega,2026-05-01
Mumias,Maize Flour,Jogoo,-,-,-,82.50/Kg,,Kakamega,2026-05-01
Mumias,Maize Flour,Hostess,-,-,-,95.00/Kg,,Kakamega,2026-05-01
Mumias,Maize Flour,Amaize,-,-,-,105.00/Kg,,Kakamega,2026-05-01
Mumias,Finger Millet,-,-,-,-,166.67/Kg,,Kakamega,2026-05-01
Mumias,Dry Maize,White Maize,-,-,-,59.09/Kg,,Kakamega,2026-05-01
Mumias,Spider flower (Saga),-,-,-,-,78.95/Kg,,Kakamega,2026-05-01
Mumias,Pumpkin Leaves,-,-,-,-,117.65/Kg,,Kakamega,2026-05-01
Mumias,Jute Plant (Murenda),-,-,-,-,76.92/Kg,,Kakamega,2026-05-01
Mumias,Indigenous Crotolaria (Mito/Miro),-,-,-,-,58.82/Kg,,Kakamega,2026-05-01
Mumias,Ethiopian Kales -Kanzira,-,-,-,-,100.00/Kg,,Kakamega,2026-05-01
Mumias,Cowpea leaves (Kunde),-,-,-,-,57.69/Kg,,Kakamega,2026-05-01
Mumias,Black nightshade (Managu/ Osuga),-,-,-,-,111.11/Kg,,Kakamega,2026-05-01
Mumias,Amaranthus (Terere),-,-,-,-,114.29/Kg,,Kakamega,2026-05-01
Mumias,Tomatoes,-,-,-,-,116.28/Kg,,Kakamega,2026-05-01
Mumias,Spring Onions,-,-,-,-,156.25/Kg,,Kakamega,2026-05-01
Mumias,Spinach,-,-,-,-,65.22/Kg,,Kakamega,2026-05-01
Mumias,Pumpkin,-,-,-,-,71.43/Kg,,Kakamega,2026-05-01
Mumias,Kales/Sukuma Wiki,-,-,-,-,58.82/Kg,,Kakamega,2026-05-01
Mumias,Ginger,-,-,-,-,250.00/Kg,,Kakamega,2026-05-01
Mumias,Garlic,-,-,-,-,48.39/Kg,,Kakamega,2026-05-01
Mumias,Fresh Peas,On pods,-,-,-,120.00/Kg,,Kakamega,2026-05-01
Mumias,Egg plant (Brinjals),-,-,-,-,125.00/Kg,,Kakamega,2026-05-01
Mumias,Dry Onions,-,-,-,-,142.86/Kg,,Kakamega,2026-05-01
Mumias,Cucumber,-,-,-,-,217.39/Kg,,Kakamega,2026-05-01
Mumias,Coriander (Dhania),-,-,-,-,217.39/Kg,,Kakamega,2026-05-01
Mumias,Chillies,-,-,-,-,125.00/Kg,,Kakamega,2026-05-01
Mumias,Carrots,-,-,-,-,119.05/Kg,,Kakamega,2026-05-01
Mumias,Capsicums,-,-,-,-,121.95/Kg,,Kakamega,2026-05-01
Mumias,Cabbages,-,-,-,-,23.81/Kg,,Kakamega,2026-05-01
Mumias,Butternuts,-,-,-,-,322.58/Kg,,Kakamega,2026-05-01
Mumias,Banana (Plantain),-,-,-,-,52.63/Kg,,Kakamega,2026-05-01
Mumias,Banana (Cooking),-,-,-,-,28.99/Kg,,Kakamega,2026-05-01
Mumias,Njugu Mawe,-,-,-,-,522.73/Kg,,Kakamega,2026-05-01
Mumias,Mixed Beans,-,-,-,-,113.64/Kg,,Kakamega,2026-05-01
Mumias,Lentils,-,-,-,-,460.00/Kg,,Kakamega,2026-05-01
Mumias,Ground Nuts,Small Red,-,-,-,285.71/Kg,,Kakamega,2026-05-01
Mumias,Ground Nuts,Large Brown,-,-,-,300.00/Kg,,Kakamega,2026-05-01
Mumias,Green Grams,Local-Special,-,-,-,156.52/Kg,,Kakamega,2026-05-01
Mumias,Green Grams,Hybrid/ polished,-,-,-,210.00/Kg,,Kakamega,2026-05-01
Mumias,Dry Peas,-,-,-,-,280.00/Kg,,Kakamega,2026-05-01
Mumias,Dolichos lablab (Njahi),-,-,-,-,320.00/Kg,,Kakamega,2026-05-01
Mumias,Cowpeas,-,-,-,-,156.52/Kg,,Kakamega,2026-05-01
Mumias,Beans Rosecoco,-,-,-,-,173.91/Kg,,Kakamega,2026-05-01
Mumias,Beans Red Haricot (Wairimu),-,-,-,-,125.00/Kg,,Kakamega,2026-05-01
Mumias,Beans (Yellow-Green),-,-,-,-,173.91/Kg,,Kakamega,2026-05-01
Mumias,Beans (Mwitemania),-,-,-,-,159.09/Kg,,Kakamega,2026-05-01
Mumias,Beans (Mwezi Moja),-,-,-,-,136.36/Kg,,Kakamega,2026-05-01
Mumias,Beans (Canadian wonder),-,-,-,-,173.91/Kg,,Kakamega,2026-05-01
Mumias,Coconut,-,-,-,-,125.00/Kg,,Kakamega,2026-05-01
Mumias,Fertilizer,Urea,-,-,-,106.00/Kg,,Kakamega,2026-05-01
Mumias,Fertilizer,NPK,-,-,-,114.00/Kg,,Kakamega,2026-05-01
Mumias,Fertilizer,DAP,-,-,-,116.00/Kg,,Kakamega,2026-05-01
Mumias,Fertilizer,CAN,-,-,-,96.00/Kg,,Kakamega,2026-05-01
Katito,Meat Chevon,-,-,-,-,750.00/Kg,3500.0,Kisumu,2026-04-30
Katito,Meat Beef,-,-,-,-,700.00/Kg,7500.0,Kisumu,2026-04-30
Katito,Honey,Crude,-,-,-,1000.00/Kg,1500.0,Kisumu,2026-04-30
Katito,Cow Milk(Processd),-,-,-,120.00/Lt,120.00/Lt,6500.0,Kisumu,2026-04-30
Katito,Cow Milk(At collection point),-,-,-,60.00/Lt,75.00/Lt,1500.0,Kisumu,2026-04-30
Katito,Sheep,Red Maasai,Grade 2,Female,6500.00/Head,-,1200.0,Kisumu,2026-04-30
Katito,Sheep,Red Maasai,Grade 2,Male,6800.00/Head,-,860.0,Kisumu,2026-04-30
Katito,Goat,East African Goat,Grade 2,Male,7200.00/Head,-,1150.0,Kisumu,2026-04-30
Katito,Goat,East African Goat,Grade 2,Male,7800.00/Head,-,1100.0,Kisumu,2026-04-30
Katito,Chicken,Indigenous,-,Female,950.00/Head,-,1200.0,Kisumu,2026-04-30
Katito,Chicken,Indigenous,-,Male,1300.00/Head,-,1600.0,Kisumu,2026-04-30
Katito,Cattle,Zebu,Grade 4,Female,25000.00/Head,-,1200.0,Kisumu,2026-04-30
Katito,Cattle,Zebu,Grade 4,Female,32000.00/Head,-,940.0,Kisumu,2026-04-30
Katito,Cattle,Zebu,Grade 4,Male,38000.00/Head,-,560.0,Kisumu,2026-04-30
Katito,Kales/Sukuma Wiki,-,-,-,46.67/Kg,41.67/Kg,4500.0,Kisumu,2026-04-30
Katito,Cabbages,-,-,-,20.00/Kg,26.67/Kg,2500.0,Kisumu,2026-04-30
Katito,Banana (Cooking),-,-,-,30.56/Kg,38.46/Kg,1500.0,Kisumu,2026-04-30
Katito,Green Grams,Hybrid/ polished,-,-,125.00/Kg,130.43/Kg,2500.0,Kisumu,2026-04-30
Katito,Ground Nuts,Large Brown,-,-,244.44/Kg,239.13/Kg,3500.0,Kisumu,2026-04-30
Katito,Beans Rosecoco,-,-,-,150.00/Kg,152.17/Kg,4500.0,Kisumu,2026-04-30
Katito,Beans (Yellow-Green),-,-,-,150.00/Kg,159.09/Kg,2800.0,Kisumu,2026-04-30
Katito,Maize Flour,Pembe,-,-,-,80.00/Kg,1500.0,Kisumu,2026-04-30
Katito,Wheat Flour,Exe self raising,-,-,-,95.00/Kg,1800.0,Kisumu,2026-04-30
Katito,Wheat Flour,Soko All Purpose HBF,-,-,-,80.00/Kg,,Kisumu,2026-04-30
Katito,Red Sorghum,-,-,-,75.00/Kg,78.26/Kg,3500.0,Kisumu,2026-04-30
Katito,Finger Millet,-,-,-,125.00/Kg,166.67/Kg,2500.0,Kisumu,2026-04-30
Katito,Dry Maize,White Maize,-,-,46.67/Kg,65.22/Kg,7500.0,Kisumu,2026-04-30
Katito,Fertilizer,DAP,-,-,-,120.00/Kg,,Kisumu,2026-04-30
Katito,Fertilizer,CAN,-,-,-,108.00/Kg,3500.0,Kisumu,2026-04-30
Vanga,Octopus (Pweza),Fresh,-,-,420.00/Kg,450.00/Kg,58.0,Kwale,2026-04-30
Vanga,Squid(Ngisi),Fresh,-,-,300.00/Kg,450.00/Kg,150.0,Kwale,2026-04-30
Vanga,Mackerel,Fresh,-,-,250.00/Kg,270.00/Kg,200.0,Kwale,2026-04-30
Vanga,Rabbitfish (Tafi/Tasi),Fresh,-,-,220.00/Kg,250.00/Kg,98.0,Kwale,2026-04-30
Vanga,Scavengers (Changu/Tangu),Fresh,-,-,200.00/Kg,220.00/Kg,28.0,Kwale,2026-04-30
Vanga,Wolf Herrings,Fresh,-,-,180.00/Piece,200.00/Piece,48.0,Kwale,2026-04-30
Vanga,Tuna,Fresh,-,-,250.00/Kg,300.00/Kg,85.0,Kwale,2026-04-30
Kinango,Omena,Dried,-,-,485.71/Kg,550.00/Kg,1750.0,Kwale,2026-04-30
Kinango,White Irish Potatoes,-,-,-,63.16/Kg,100.00/Kg,2500.0,Kwale,2026-04-30
Kinango,Oranges,-,-,-,40.00/Kg,60.00/Kg,1500.0,Kwale,2026-04-30
Kinango,Mangoes,Local,-,-,55.00/Kg,100.00/Kg,6000.0,Kwale,2026-04-30
Kinango,Lemons,-,-,-,45.00/Kg,70.00/Kg,700.0,Kwale,2026-04-30
Kinango,Banana (Ripening),-,-,-,45.00/Kg,65.00/Kg,2000.0,Kwale,2026-04-30
Kinango,Avocado,Local,-,-,60.00/Kg,100.00/Kg,800.0,Kwale,2026-04-30
Kinango,Black nightshade (Managu/ Osuga),-,-,-,48.00/Kg,70.00/Kg,500.0,Kwale,2026-04-30
Kinango,Amaranthus (Terere),-,-,-,38.00/Kg,60.00/Kg,1300.0,Kwale,2026-04-30
Kinango,Tomatoes,-,-,-,133.33/Kg,170.00/Kg,4000.0,Kwale,2026-04-30
Kinango,Kales/Sukuma Wiki,-,-,-,38.00/Kg,65.00/Kg,1600.0,Kwale,2026-04-30
Kinango,Green Maize,-,-,-,48.00/Kg,70.00/Kg,1200.0,Kwale,2026-04-30
Kinango,Ginger,-,-,-,190.00/Kg,250.00/Kg,250.0,Kwale,2026-04-30
Kinango,Garlic,-,-,-,450.00/Kg,550.00/Kg,300.0,Kwale,2026-04-30
Kinango,Egg plant (Brinjals),-,-,-,70.00/Kg,120.00/Kg,700.0,Kwale,2026-04-30
Kinango,Dry Onions,-,-,-,125.00/Kg,200.00/Kg,1200.0,Kwale,2026-04-30
Kinango,Coriander (Dhania),-,-,-,80.00/Kg,120.00/Kg,150.0,Kwale,2026-04-30
Kinango,Chillies,-,-,-,130.00/Kg,170.00/Kg,150.0,Kwale,2026-04-30
Kinango,Carrots,-,-,-,65.00/Kg,100.00/Kg,400.0,Kwale,2026-04-30
Kinango,Capsicums,-,-,-,95.00/Kg,150.00/Kg,600.0,Kwale,2026-04-30
Kinango,Cabbages,-,-,-,23.33/Kg,40.00/Kg,2000.0,Kwale,2026-04-30
Kinango,Banana (Cooking),-,-,-,45.00/Kg,65.00/Kg,600.0,Kwale,2026-04-30
Kawangware,Lentils,-,-,-,220.00/Kg,250.00/Kg,,Nairobi,2026-04-30
Kawangware,Pigeon peas,-,-,-,100.00/Kg,115.00/Kg,,Nairobi,2026-04-30
Kawangware,Green Grams,Makueni,-,-,155.00/Kg,170.00/Kg,,Nairobi,2026-04-30
Kawangware,Beans Red Haricot (Wairimu),-,-,-,100.00/Kg,110.00/Kg,,Nairobi,2026-04-30
Kawangware,Dolichos lablab (Njahi),-,-,-,75.00/Kg,85.00/Kg,,Nairobi,2026-04-30
Kawangware,Cowpeas,-,-,-,90.00/Kg,120.00/Kg,,Nairobi,2026-04-30
Kawangware,Beans Rosecoco (Nyayo),-,-,-,110.00/Kg,125.00/Kg,,Nairobi,2026-04-30
Kawangware,Beans Rosecoco,-,-,-,115.00/Kg,125.00/Kg,,Nairobi,2026-04-30
Kawangware,Beans (Yellow-Green),-,-,-,110.00/Kg,125.00/Kg,,Nairobi,2026-04-30
Kawangware,Beans (Mwitemania),-,-,-,90.00/Kg,100.00/Kg,,Nairobi,2026-04-30
Kawangware,Rice,Pishori,-,-,160.00/Kg,180.00/Kg,,Nairobi,2026-04-30
Kawangware,Pearl Rush Millet,-,-,-,122.22/Kg,120.00/Kg,,Nairobi,2026-04-30
Kawangware,Finger Millet,-,-,-,54.00/Kg,90.00/Kg,,Nairobi,2026-04-30
Kawangware,Dry Maize,White Maize,-,-,55.00/Kg,65.00/Kg,,Nairobi,2026-04-30
Kutus,White Sorghum,-,-,-,77.00/kg,120.00/kg,,Kirinyaga,2026-04-30
Kutus,Paddy Rice,Pishori,-,-,76.00/Kg,78.00/Kg,,Kirinyaga,2026-04-30
Kutus,Red Sorghum,-,-,-,77.00/Kg,120.00/Kg,,Kirinyaga,2026-04-30
Kutus,Dry Maize,Mixed-Traditional,-,-,50.00/Kg,65.00/Kg,,Kirinyaga,2026-04-30
Lubao Livestock Market,Sheep,Red Maasai,Grade 2,Female,8000.00/Head,-,50.0,Kakamega,2026-04-30
Lubao Livestock Market,Sheep,Red Maasai,Grade 2,Male,9000.00/Head,-,80.0,Kakamega,2026-04-30
Lubao Livestock Market,Goat,East African Goat,Grade 2,Female,7500.00/Head,-,70.0,Kakamega,2026-04-30
Lubao Livestock Market,Goat,East African Goat,Grade 2,Male,9000.00/Head,-,120.0,Kakamega,2026-04-30
Lubao Livestock Market,Chicken,Improved Kienyeji,-,Female,700.00/Head,-,100.0,Kakamega,2026-04-30
Lubao Livestock Market,Chicken,Improved Kienyeji,-,Male,800.00/Head,-,150.0,Kakamega,2026-04-30
Lubao Livestock Market,Chicken,Improved Kienyeji,-,Female,800.00/Head,-,200.0,Kakamega,2026-04-30
Lubao Livestock Market,Chicken,Improved Kienyeji,-,Male,1000.00/Head,-,300.0,Kakamega,2026-04-30
Lubao Livestock Market,Cattle,Mixed,Grade 2,Female,25000.00/Head,-,50.0,Kakamega,2026-04-30
Lubao Livestock Market,Cattle,Mixed,Grade 2,Male,30000.00/Head,-,50.0,Kakamega,2026-04-30
Lubao Livestock Market,Cattle,Mixed,Grade 2,Female,-,-,40000.0,Kakamega,2026-04-30
Lubao Livestock Market,Cattle,Mixed,Grade 2,Male,50000.00/Head,-,100.0,Kakamega,2026-04-30
Lubao Livestock Market,Cattle,Mixed,Grade 2,Female,75000.00/Head,-,150.0,Kakamega,2026-04-30
Lubao Livestock Market,Cattle,Mixed,Grade 2,Male,80000.00/Head,-,150.0,Kakamega,2026-04-30
Kutus,Pork,-,-,-,500.00/Kg,650.00/Kg,,Kirinyaga,2026-04-30
Kutus,Meat Beef,-,-,-,650.00/Kg,700.00/Kg,,Kirinyaga,2026-04-30
Kutus,White Irish Potatoes,-,-,-,60.00/Kg,65.00/Kg,5500.0,Kirinyaga,2026-04-30
Kutus,Cassava Fresh,-,-,-,35.00/Kg,50.00/Kg,,Kirinyaga,2026-04-30
Kutus,Cassava Chips (dry),-,-,-,125.00/Kg,150.00/Kg,,Kirinyaga,2026-04-30
Kutus,Arrow Root,-,-,-,70.00/Kg,100.00/Kg,350.0,Kirinyaga,2026-04-30
Kutus,Avocado,Local,-,-,30.00/Kg,50.00/Kg,2500.0,Kirinyaga,2026-04-30
Kutus,Banana (Ripening),-,-,-,15.00/Kg,20.00/Kg,8400.0,Kirinyaga,2026-04-30
Kutus,Oranges,-,-,-,40.00/Kg,60.00/Kg,1200.0,Kirinyaga,2026-04-30
Kutus,Passion Fruits,-,-,-,160.00/Kg,200.00/Kg,250.0,Kirinyaga,2026-04-30
Kutus,Tree tomato,-,-,-,80.00/Kg,130.00/Kg,300.0,Kirinyaga,2026-04-30
Kutus,Water Melon,-,-,-,25.00/Kg,30.00/Kg,2000.0,Kirinyaga,2026-04-30
Kutus,Pumpkin Leaves,-,-,-,30.00/Kg,40.00/Kg,,Kirinyaga,2026-04-30
Kutus,Cowpea leaves (Kunde),-,-,-,15.00/Kg,20.00/Kg,100.0,Kirinyaga,2026-04-30
Kutus,Black nightshade (Managu/ Osuga),-,-,-,30.00/Kg,40.00/Kg,200.0,Kirinyaga,2026-04-30
Kutus,Amaranthus (Terere),-,-,-,15.00/Kg,25.00/Kg,300.0,Kirinyaga,2026-04-30
Kutus,Banana (Cooking),-,-,-,15.00/Kg,20.00/Kg,,Kirinyaga,2026-04-30
Kutus,Banana (Plantain),-,-,-,60.00/Kg,90.00/Kg,2500.0,Kirinyaga,2026-04-30
Kutus,Butternuts,-,-,-,40.00/Kg,50.00/Kg,1500.0,Kirinyaga,2026-04-30
Kutus,Cabbages,-,-,-,20.00/Kg,25.00/Kg,7500.0,Kirinyaga,2026-04-30
Kutus,Capsicums,-,-,-,60.00/Kg,80.00/Kg,350.0,Kirinyaga,2026-04-30
Diani Market,Dry Onions,-,-,-,120.00/Kg,140.00/Kg,5000.0,Kwale,2026-04-30
Diani Market,Kales/Sukuma Wiki,-,-,-,50.00/Kg,70.00/Kg,600.0,Kwale,2026-04-30
Diani Market,Spinach,-,-,-,60.00/Kg,80.00/Kg,550.0,Kwale,2026-04-30
Diani Market,Tomatoes,-,-,-,80.00/Kg,100.00/Kg,6000.0,Kwale,2026-04-30
Kutus,Carrots,-,-,-,40.00/Kg,50.00/Kg,3600.0,Kirinyaga,2026-04-30
Kutus,Chillies,-,-,-,120.00/Kg,150.00/Kg,,Kirinyaga,2026-04-30
Kutus,Coriander (Dhania),-,-,-,70.00/Kg,120.00/Kg,120.0,Kirinyaga,2026-04-30
Kutus,Courgette,-,-,-,100.00/Kg,120.00/Kg,300.0,Kirinyaga,2026-04-30
Kutus,Cucumber,-,-,-,80.00/Kg,100.00/Kg,400.0,Kirinyaga,2026-04-30
Kutus,Dry Onions,-,-,-,120.00/Kg,150.00/Kg,5500.0,Kirinyaga,2026-04-30
Kutus,Egg plant (Brinjals),-,-,-,30.00/Kg,50.00/Kg,480.0,Kirinyaga,2026-04-30
Kutus,French beans,-,-,-,60.00/Kg,80.00/Kg,150.0,Kirinyaga,2026-04-30
Kutus,Fresh Peas,On pods,-,-,130.00/Kg,150.00/Kg,1000.0,Kirinyaga,2026-04-30
Kutus,Ginger,-,-,-,150.00/Kg,220.00/Kg,,Kirinyaga,2026-04-30
Kutus,Garlic,-,-,-,300.00/Kg,400.00/Kg,,Kirinyaga,2026-04-30
Kutus,Garlic,-,-,-,150.00/Kg,220.00/Kg,200.0,Kirinyaga,2026-04-30
Kutus,Green Maize,-,-,-,40.00/Kg,50.00/Kg,1500.0,Kirinyaga,2026-04-30
Kutus,Kales/Sukuma Wiki,-,-,-,10.00/Kg,20.00/Kg,1200.0,Kirinyaga,2026-04-30
Kutus,Okra (Lady's fingers or Gumbo),-,-,-,-,150.00/Kg,20.0,Kirinyaga,2026-04-30
Kutus,Pumpkin,-,-,-,30.00/Kg,50.00/Kg,800.0,Kirinyaga,2026-04-30
Kutus,Spinach,-,-,-,30.00/Kg,50.00/Kg,550.0,Kirinyaga,2026-04-30
Kutus,Spring Onions,-,-,-,90.00/Kg,120.00/Kg,500.0,Kirinyaga,2026-04-30
Kutus,Tomatoes,-,-,-,71.43/Kg,85.71/Kg,3500.0,Kirinyaga,2026-04-30
Kipkaren,Water Melon,-,-,-,200.00/Kg,300.00/Kg,200.0,Kakamega,2026-04-30
Kipkaren,Mangoes,Local,-,-,35.00/Kg,60.00/Kg,100.0,Kakamega,2026-04-30
Kipkaren,Avocado,Local,-,-,30.00/Kg,50.00/Kg,500.0,Kakamega,2026-04-30
Kipkaren,Red Sorghum,-,-,-,130.00/Kg,150.00/Kg,500.0,Kakamega,2026-04-30
Kipkaren,Dry Maize,White Maize,-,-,50.00/Kg,70.00/Kg,10000.0,Kakamega,2026-04-30
Kipkaren,Pumpkin Leaves,-,-,-,100.00/Kg,150.00/Kg,100.0,Kakamega,2026-04-30
Kipkaren,Jute Plant (Murenda),-,-,-,75.00/Kg,100.00/Kg,108.0,Kakamega,2026-04-30
Kipkaren,Cowpea leaves (Kunde),-,-,-,75.00/Kg,100.00/Kg,100.0,Kakamega,2026-04-30
Kipkaren,Amaranthus (Terere),-,-,-,120.00/Kg,150.00/Kg,100.0,Kakamega,2026-04-30
Kipkaren,Green Grams,Local-Special,-,-,100.00/Kg,130.00/Kg,3000.0,Kakamega,2026-04-30
Kipkaren,Beans Rosecoco,-,-,-,80.00/Kg,100.00/Kg,10000.0,Kakamega,2026-04-30
Kipkaren,Beans (Canadian wonder),-,-,-,75.00/Kg,100.00/Kg,5000.0,Kakamega,2026-04-30
Kipkaren,Fertilizer,CAN,-,-,50.00/Kg,70.00/Kg,10000.0,Kakamega,2026-04-30
Makutano Embu,Beans (Mwitemania),-,-,-,90.00/Kg,125.00/Kg,,Embu,2026-04-29
Makutano Embu,Beans (Yellow-Green),-,-,-,120.00/Kg,175.00/Kg,,Embu,2026-04-29
Makutano Embu,Beans Red Haricot (Wairimu),-,-,-,100.00/Kg,140.00/Kg,,Embu,2026-04-29
Makutano Embu,Beans Rosecoco (Nyayo),-,-,-,110.00/Kg,150.00/Kg,,Embu,2026-04-29
Makutano Embu,Cowpeas,-,-,-,100.00/Kg,140.00/Kg,,Embu,2026-04-29
Makutano Embu,Dolichos lablab (Njahi),-,-,-,85.00/Kg,100.00/Kg,,Embu,2026-04-29
Makutano Embu,Green Grams,Hybrid/ polished,-,-,100.00/Kg,150.00/Kg,,Embu,2026-04-29
Makutano Embu,Lentils,-,-,-,190.00/Kg,225.00/Kg,,Embu,2026-04-29
Makutano Embu,Mixed Beans,-,-,-,90.00/Kg,115.00/Kg,,Embu,2026-04-29
Makutano Embu,Pigeon peas,-,-,-,70.00/Kg,90.00/Kg,,Embu,2026-04-29
Makutano Embu,Red Sorghum,-,-,-,90.00/Kg,120.00/Kg,,Embu,2026-04-29
Makutano Embu,Rice,Pishori,-,-,150.00/Kg,170.00/Kg,,Embu,2026-04-29
Makutano Embu,Fertilizer,CAN,-,-,90.00/Kg,94.00/Kg,,Embu,2026-04-29
Makutano Embu,Fertilizer,DAP,-,-,122.00/Kg,126.00/Kg,,Embu,2026-04-29
Makutano Embu,Fertilizer,MOP,-,-,76.00/Kg,80.00/Kg,,Embu,2026-04-29
Makutano Embu,Fertilizer,NPK,-,-,76.00/Kg,80.00/Kg,,Embu,2026-04-29
Makutano Embu,Fertilizer,Sulphate of Ammonia,-,-,68.00/Kg,72.00/Kg,,Embu,2026-04-29
Makutano Embu,Tomatoes,-,-,-,125.00/Kg,133.00/Kg,,Embu,2026-04-29
Makutano Embu,Spring Onions,-,-,-,60.00/Kg,80.00/Kg,,Embu,2026-04-29
Makutano Embu,Spinach,-,-,-,40.00/Kg,50.00/Kg,,Embu,2026-04-29
Makutano Embu,Kales/Sukuma Wiki,-,-,-,28.00/Kg,35.00/Kg,,Embu,2026-04-29
Makutano Embu,Green Maize,-,-,-,40.00/Kg,60.00/Kg,,Embu,2026-04-29
Makutano Embu,Ginger,-,-,-,130.00/Kg,160.00/Kg,,Embu,2026-04-29
Makutano Embu,Garlic,-,-,-,300.00/Kg,360.00/Kg,,Embu,2026-04-29
Makutano Embu,French beans,-,-,-,50.00/Kg,80.00/Kg,,Embu,2026-04-29
Makutano Embu,Egg plant (Brinjals),-,-,-,25.00/Kg,40.00/Kg,,Embu,2026-04-29
Makutano Embu,Dry Onions,-,-,-,80.00/Kg,100.00/Kg,,Embu,2026-04-29
Makutano Embu,Carrots,-,-,-,50.00/Kg,70.00/Kg,,Embu,2026-04-29
Makutano Embu,Capsicums,-,-,-,50.00/Kg,70.00/Kg,,Embu,2026-04-29
Makutano Embu,Amaranthus (Terere),-,-,-,30.00/Kg,40.00/Kg,,Embu,2026-04-29
Makutano Embu,Black nightshade (Managu/ Osuga),-,-,-,45.00/Kg,60.00/Kg,,Embu,2026-04-29
Makutano Embu,Cowpea leaves (Kunde),-,-,-,20.00/Kg,30.00/Kg,,Embu,2026-04-29
Makutano Embu,Jute Plant (Murenda),-,-,-,20.00/Kg,30.00/Kg,,Embu,2026-04-29
Makutano Embu,Pumpkin Leaves,-,-,-,40.00/Kg,50.00/Kg,,Embu,2026-04-29
Makutano Embu,Water Melon,-,-,-,20.00/Kg,30.00/Kg,,Embu,2026-04-29
Makutano Embu,Tree tomato,-,-,-,120.00/Kg,160.00/Kg,,Embu,2026-04-29
Makutano Embu,Thorn melon,-,-,-,30.00/Kg,50.00/Kg,,Embu,2026-04-29
Makutano Embu,Pawpaw,-,-,-,25.00/Kg,40.00/Kg,,Embu,2026-04-29
Makutano Embu,Pineapples,-,-,-,90.00/Kg,130.00/Kg,,Embu,2026-04-29
Makutano Embu,Oranges,-,-,-,25.00/Kg,40.00/Kg,,Embu,2026-04-29
Makutano Embu,Lemons,-,-,-,30.00/Kg,40.00/Kg,,Embu,2026-04-29
Makutano Embu,Avocado,Fuerte,-,-,25.00/Kg,40.00/Kg,,Embu,2026-04-29
Makutano Embu,Arrow Root,-,-,-,80.00/Kg,100.00/Kg,,Embu,2026-04-29
Makutano Embu,Cassava Fresh,-,-,-,40.00/Kg,70.00/Kg,,Embu,2026-04-29
Makutano Embu,Sweet potatoes,-,-,-,70.00/Kg,100.00/Kg,,Embu,2026-04-29
Makutano Embu,Chicken,Improved Kienyeji,-,Male,1200.00/Head,-,,Embu,2026-04-29
Makutano Embu,Chicken,Improved Kienyeji,-,Female,800.00/Head,-,,Embu,2026-04-29
Makutano Embu,Cow Milk(Processd),-,-,-,100.00/Lt,120.00/Lt,,Embu,2026-04-29
Vanga,Halfbeaks,Fresh,-,-,200.00/Kg,220.00/Kg,45.0,Kwale,2026-04-29
Vanga,Goatfishes,Fresh,-,-,220.00/Kg,230.00/Kg,35.0,Kwale,2026-04-29
Vanga,Barracuda(Kasumba),Fresh,-,-,200.00/Kg,220.00/Kg,250.0,Kwale,2026-04-29
Makutano Kirinyaga,Cow Milk(Processd),-,-,-,100.00/Lt,120.00/Lt,300.0,Kirinyaga,2026-04-29
Makutano Kirinyaga,Chicken,Improved Kienyeji,-,Female,800.00/Head,-,250.0,Kirinyaga,2026-04-29
Makutano Kirinyaga,Chicken,Improved Kienyeji,-,Male,1200.00/Head,-,400.0,Kirinyaga,2026-04-29
Makutano Kirinyaga,Sweet potatoes,-,-,-,70.00/Kg,100.00/Kg,900.0,Kirinyaga,2026-04-29
Makutano Kirinyaga,Cassava Fresh,-,-,-,40.00/Kg,70.00/Kg,300.0,Kirinyaga,2026-04-29
Makutano Kirinyaga,Arrow Root,-,-,-,80.00/Kg,100.00/Kg,1200.0,Kirinyaga,2026-04-29
Makutano Kirinyaga,Avocado,Fuerte,-,-,25.00/Kg,40.00/Kg,1200.0,Kirinyaga,2026-04-29
Makutano Kirinyaga,Lemons,-,-,-,30.00/Kg,40.00/Kg,850.0,Kirinyaga,2026-04-29
Makutano Kirinyaga,Oranges,-,-,-,25.00/Kg,40.00/Kg,1700.0,Kirinyaga,2026-04-29
Makutano Kirinyaga,Pineapples,-,-,-,90.00/Kg,130.00/Kg,240.0,Kirinyaga,2026-04-29
Makutano Kirinyaga,Pawpaw,-,-,-,25.00/Kg,40.00/Kg,680.0,Kirinyaga,2026-04-29
Makutano Kirinyaga,Pineapples,-,-,-,30.00/Kg,50.00/Kg,70.0,Kirinyaga,2026-04-29
Makutano Kirinyaga,Pineapples,-,-,-,50.00/Kg,80.00/Kg,60.0,Kirinyaga,2026-04-29
Makutano Kirinyaga,Thorn melon,-,-,-,30.00/Kg,50.00/Kg,650.0,Kirinyaga,2026-04-29
Makutano Kirinyaga,Tree tomato,-,-,-,120.00/Kg,160.00/Kg,380.0,Kirinyaga,2026-04-29
Makutano Kirinyaga,Water Melon,-,-,-,20.00/Kg,30.00/Kg,950.0,Kirinyaga,2026-04-29
Makutano Kirinyaga,Pumpkin Leaves,-,-,-,40.00/Kg,50.00/Kg,1200.0,Kirinyaga,2026-04-29
Makutano Kirinyaga,Jute Plant (Murenda),-,-,-,20.00/Kg,30.00/Kg,1600.0,Kirinyaga,2026-04-29
Makutano Kirinyaga,Cowpea leaves (Kunde),-,-,-,20.00/Kg,30.00/Kg,2650.0,Kirinyaga,2026-04-29
Makutano Kirinyaga,Black nightshade (Managu/ Osuga),-,-,-,45.00/Kg,60.00/Kg,2800.0,Kirinyaga,2026-04-29
Makutano Kirinyaga,Amaranthus (Terere),-,-,-,30.00/Kg,40.00/Kg,1600.0,Kirinyaga,2026-04-29
Makutano Kirinyaga,Capsicums,-,-,-,50.00/Kg,70.00/Kg,,Kirinyaga,2026-04-29
Makutano Kirinyaga,Carrots,-,-,-,50.00/Kg,60.00/Kg,2100.0,Kirinyaga,2026-04-29
Makutano Kirinyaga,Dry Onions,-,-,-,80.00/Kg,100.00/Kg,2200.0,Kirinyaga,2026-04-29
Mukuyu Market,Cowpea leaves (Kunde),-,-,-,30.00/Kg,50.00/Kg,,Muranga,2026-04-29
Makutano Kirinyaga,Dry Onions,-,-,-,90.00/Kg,130.00/Kg,3800.0,Kirinyaga,2026-04-29
Mukuyu Market,Pumpkin Leaves,-,-,-,50.00/Kg,70.00/Kg,,Muranga,2026-04-29
Makutano Kirinyaga,Egg plant (Brinjals),-,-,-,25.00/Kg,40.00/Kg,1300.0,Kirinyaga,2026-04-29
Makutano Kirinyaga,French beans,-,-,-,50.00/Kg,80.00/Kg,360.0,Kirinyaga,2026-04-29
Makutano Kirinyaga,Fresh Peas,On pods,-,-,120.00/Kg,150.00/Kg,2300.0,Kirinyaga,2026-04-29
Mukuyu Market,Arrow Root,-,-,-,-,150.00/Kg,,Muranga,2026-04-29
Mukuyu Market,Sweet potatoes,-,-,-,50.00/Kg,100.00/Kg,,Muranga,2026-04-29
Mukuyu Market,White Irish Potatoes,-,-,-,-,70.00/Kg,,Muranga,2026-04-29
Mukuyu Market,Cow Milk(At collection point),-,-,-,40.00/Lt,42.00/Lt,,Muranga,2026-04-29
Makutano Kirinyaga,Garlic,-,-,-,300.00/Kg,360.00/Kg,350.0,Kirinyaga,2026-04-29
Mukuyu Market,Eggs,Exotic/Grade,-,-,380.00/Tray(30),450.00/Tray(30),,Muranga,2026-04-29
Mukuyu Market,Honey,Crude,-,-,700.00/Kg,800.00/Kg,,Muranga,2026-04-29
Mukuyu Market,Meat Beef,-,-,-,580.00/Kg,600.00/Kg,,Muranga,2026-04-29
Mukuyu Market,Pork,-,-,-,600.00/Kg,700.00/Kg,,Muranga,2026-04-29
Mukuyu Market,Broccoli,-,-,-,170.00/Kg,200.00/Kg,,Muranga,2026-04-29
Makutano Kirinyaga,Ginger,-,-,-,130.00/Kg,160.00/Kg,480.0,Kirinyaga,2026-04-29
Mukuyu Market,Cabbages,-,-,-,25.00/Kg,50.00/Kg,,Muranga,2026-04-29
Mukuyu Market,Capsicums,-,-,-,70.00/Kg,100.00/Kg,,Muranga,2026-04-29
Mukuyu Market,Carrots,-,-,-,45.00/Kg,70.00/Kg,,Muranga,2026-04-29
Mukuyu Market,Chillies,-,-,-,50.00/Kg,100.00/Kg,,Muranga,2026-04-29
Makutano Kirinyaga,Green Maize,-,-,-,40.00/Kg,60.00/Kg,1600.0,Kirinyaga,2026-04-29
Mukuyu Market,Coriander (Dhania),-,-,-,50.00/Kg,100.00/Kg,,Muranga,2026-04-29
Mukuyu Market,Courgette,-,-,-,-,120.00/Kg,,Muranga,2026-04-29
Makutano Kirinyaga,Kales/Sukuma Wiki,-,-,-,28.00/Kg,35.00/Kg,2400.0,Kirinyaga,2026-04-29
Mukuyu Market,Cucumber,-,-,-,-,150.00/Kg,,Muranga,2026-04-29
Mukuyu Market,Dry Onions,-,-,-,-,120.00/Kg,,Muranga,2026-04-29
Mukuyu Market,French beans,-,-,-,-,100.00/Kg,,Muranga,2026-04-29
Makutano Kirinyaga,Spinach,-,-,-,40.00/Kg,50.00/Kg,1800.0,Kirinyaga,2026-04-29
Mukuyu Market,Fresh Peas,On pods,-,-,-,180.00/Kg,,Muranga,2026-04-29
Mukuyu Market,Garlic,-,-,-,-,350.00/Kg,,Muranga,2026-04-29
Mukuyu Market,Ginger,-,-,-,150.00/Kg,250.00/Kg,,Muranga,2026-04-29
Makutano Kirinyaga,Spring Onions,-,-,-,60.00/Kg,80.00/Kg,2800.0,Kirinyaga,2026-04-29
Mukuyu Market,Green Maize,-,-,-,50.00/Kg,75.00/Kg,,Muranga,2026-04-29
Makutano Kirinyaga,Tomatoes,-,-,-,125.00/Kg,133.33/Kg,2000.0,Kirinyaga,2026-04-29
Mukuyu Market,Kales/Sukuma Wiki,-,-,-,15.00/Kg,20.00/Kg,,Muranga,2026-04-29
Mukuyu Market,Spinach,-,-,-,20.00/Kg,30.00/Kg,,Muranga,2026-04-29
Mukuyu Market,Spring Onions,-,-,-,80.00/Kg,100.00/Kg,,Muranga,2026-04-29
Mukuyu Market,Tomatoes,-,-,-,80.00/Kg,100.00/Kg,,Muranga,2026-04-29
Mukuyu Market,Banana (Plantain),-,-,-,70.00/Kg,120.00/Kg,,Muranga,2026-04-29
Mukuyu Market,Banana (Cooking),-,-,-,50.00/Kg,70.00/Kg,,Muranga,2026-04-29
Makutano Kirinyaga,Fertilizer,Sulphate of Ammonia,-,-,68.00/Kg,72.00/Kg,1800.0,Kirinyaga,2026-04-29
Makutano Kirinyaga,Fertilizer,NPK,-,-,76.00/Kg,80.00/Kg,2000.0,Kirinyaga,2026-04-29
Makutano Kirinyaga,Fertilizer,NPK,-,-,76.00/Kg,80.00/Kg,3800.0,Kirinyaga,2026-04-29
Makutano Kirinyaga,Fertilizer,MOP,-,-,76.00/Kg,80.00/Kg,1100.0,Kirinyaga,2026-04-29
Makutano Kirinyaga,Fertilizer,DAP,-,-,122.00/Kg,126.00/Kg,450.0,Kirinyaga,2026-04-29
Makutano Kirinyaga,Fertilizer,DAP,-,-,124.00/Kg,128.00/Kg,800.0,Kirinyaga,2026-04-29
Makutano Kirinyaga,Fertilizer,CAN,-,-,90.00/Kg,94.00/Kg,1200.0,Kirinyaga,2026-04-29
Mulot,Omena,Dried,-,-,350.00/Kg,450.00/Kg,400.0,Bomet,2026-04-29
Mulot,Banana (Ripening),-,-,-,90.00/Kg,120.00/Kg,800.0,Bomet,2026-04-29
Mulot,Water Melon,-,-,-,60.00/Kg,90.00/Kg,350.0,Bomet,2026-04-29
Mulot,Pineapples,-,-,-,120.00/Kg,150.00/Kg,540.0,Bomet,2026-04-29
Mulot,Oranges,-,-,-,60.00/Kg,90.00/Kg,3800.0,Bomet,2026-04-29
Mulot,Kales/Sukuma Wiki,-,-,-,40.00/Kg,100.00/Kg,300.0,Bomet,2026-04-29
Mulot,Spring Onions,-,-,-,30.00/Kg,50.00/Kg,1200.0,Bomet,2026-04-29
Mulot,Tomatoes,-,-,-,132.35/Kg,200.00/Kg,520.0,Bomet,2026-04-29
Mulot,Cabbages,-,-,-,10.00/Kg,15.00/Kg,3300.0,Bomet,2026-04-29
Mulot,Black nightshade (Managu/ Osuga),-,-,-,150.00/Kg,200.00/Kg,800.0,Bomet,2026-04-29
Mulot,White Irish Potatoes,-,-,-,40.00/Kg,80.00/Kg,2700.0,Bomet,2026-04-29
Mulot,Red Irish potato,-,-,-,50.00/Kg,90.00/Kg,1300.0,Bomet,2026-04-29
Mulot,Beans Rosecoco,-,-,-,116.67/Kg,175.00/Kg,540.0,Bomet,2026-04-29
Kawangware,Lentils,-,-,-,220.00/Kg,250.00/Kg,,Nairobi,2026-04-29
Kawangware,Pigeon peas,-,-,-,100.00/Kg,115.00/Kg,,Nairobi,2026-04-29
Kawangware,Green Grams,Makueni,-,-,155.00/Kg,170.00/Kg,,Nairobi,2026-04-29
Kawangware,Beans Red Haricot (Wairimu),-,-,-,100.00/Kg,110.00/Kg,,Nairobi,2026-04-29
Kawangware,Dolichos lablab (Njahi),-,-,-,75.00/Kg,85.00/Kg,,Nairobi,2026-04-29
Kawangware,Cowpeas,-,-,-,90.00/Kg,120.00/Kg,,Nairobi,2026-04-29
Kawangware,Beans Rosecoco (Nyayo),-,-,-,110.00/Kg,125.00/Kg,,Nairobi,2026-04-29
Kawangware,Beans Rosecoco,-,-,-,115.00/Kg,125.00/Kg,,Nairobi,2026-04-29
Kawangware,Beans (Yellow-Green),-,-,-,110.00/Kg,125.00/Kg,,Nairobi,2026-04-29
Kawangware,Beans (Mwitemania),-,-,-,90.00/Kg,100.00/Kg,,Nairobi,2026-04-29
Kawangware,Rice,Pishori,-,-,160.00/Kg,180.00/Kg,,Nairobi,2026-04-29
Kawangware,Pearl Rush Millet,-,-,-,122.22/Kg,120.00/Kg,,Nairobi,2026-04-29
Kawangware,Finger Millet,-,-,-,54.00/Kg,90.00/Kg,,Nairobi,2026-04-29
Kawangware,Dry Maize,White Maize,-,-,55.00/Kg,65.00/Kg,,Nairobi,2026-04-29
Taveta Retail Market,Sweet potatoes,-,-,-,75.00/Kg,90.00/Kg,250.0,Taita-Taveta,2026-04-29
Taveta Retail Market,Cassava Fresh,-,-,-,80.00/Kg,100.00/Kg,300.0,Taita-Taveta,2026-04-29
Taveta Retail Market,Arrow Root,-,-,-,75.00/Kg,100.00/Kg,150.0,Taita-Taveta,2026-04-29
Taveta Retail Market,Water Melon,-,-,-,30.00/Kg,50.00/Kg,560.0,Taita-Taveta,2026-04-29
Taveta Retail Market,Pawpaw,-,-,-,80.00/Kg,100.00/Kg,70.0,Taita-Taveta,2026-04-29
Taveta Retail Market,Oranges,-,-,-,50.00/Kg,70.00/Kg,500.0,Taita-Taveta,2026-04-29
Taveta Retail Market,Banana (Ripening),-,-,-,20.00/Kg,100.00/Kg,200.0,Taita-Taveta,2026-04-29
Taveta Retail Market,Avocado,Fuerte,-,-,80.00/Kg,100.00/Kg,300.0,Taita-Taveta,2026-04-29
Taveta Retail Market,Dry Maize,Mixed-Traditional,-,-,50.00/Kg,55.00/Kg,1000.0,Taita-Taveta,2026-04-29
Taveta Retail Market,Dry Maize,White Maize,-,-,46.00/Kg,50.00/Kg,5000.0,Taita-Taveta,2026-04-29
Taveta Retail Market,Black nightshade (Managu/ Osuga),-,-,-,25.00/Kg,35.00/Kg,50.0,Taita-Taveta,2026-04-29
Taveta Retail Market,Amaranthus (Terere),-,-,-,25.00/Kg,35.00/Kg,70.0,Taita-Taveta,2026-04-29
Taveta Retail Market,Tomatoes,-,-,-,80.00/Kg,100.00/Kg,1000.0,Taita-Taveta,2026-04-29
Taveta Retail Market,Green Maize,-,-,-,20.00/Kg,30.00/Kg,600.0,Taita-Taveta,2026-04-29
Taveta Retail Market,Ginger,-,-,-,100.00/Kg,150.00/Kg,30.0,Taita-Taveta,2026-04-29
Taveta Retail Market,Garlic,-,-,-,500.00/Kg,600.00/Kg,70.0,Taita-Taveta,2026-04-29
Taveta Retail Market,Dry Onions,-,-,-,100.00/Kg,120.00/Kg,400.0,Taita-Taveta,2026-04-29
Taveta Retail Market,Carrots,-,-,-,70.00/Kg,100.00/Kg,300.0,Taita-Taveta,2026-04-29
Taveta Retail Market,Capsicums,-,-,-,70.00/Kg,100.00/Kg,120.0,Taita-Taveta,2026-04-29
Taveta Retail Market,Cabbages,-,-,-,15.00/Kg,23.00/Kg,500.0,Taita-Taveta,2026-04-29
Taveta Retail Market,Banana (Cooking),-,-,-,15.00/Kg,30.00/Kg,1500.0,Taita-Taveta,2026-04-29
Taveta Retail Market,Pigeon peas,-,-,-,95.00/Kg,100.00/Kg,230.0,Taita-Taveta,2026-04-29
Taveta Retail Market,Ground Nuts,Large Brown,-,-,240.00/Kg,300.00/Kg,100.0,Taita-Taveta,2026-04-29
Taveta Retail Market,Green Grams,Makueni,-,-,130.00/Kg,150.00/Kg,250.0,Taita-Taveta,2026-04-29
Taveta Retail Market,Dolichos lablab (Njahi),-,-,-,75.00/Kg,100.00/Kg,200.0,Taita-Taveta,2026-04-29
Taveta Retail Market,Cowpeas,-,-,-,90.00/Kg,100.00/Kg,300.0,Taita-Taveta,2026-04-29
Taveta Retail Market,Beans Rosecoco (Nyayo),-,-,-,95.00/Kg,100.00/Kg,150.0,Taita-Taveta,2026-04-29
Taveta Retail Market,Beans (Yellow-Green),-,-,-,130.00/Kg,140.00/Kg,500.0,Taita-Taveta,2026-04-29
Taveta Retail Market,Beans (Mwitemania),-,-,-,115.00/Kg,120.00/Kg,2000.0,Taita-Taveta,2026-04-29
Taveta Retail Market,Beans (Canadian wonder),-,-,-,105.00/Kg,120.00/Kg,2500.0,Taita-Taveta,2026-04-29
Taveta Retail Market,Coconut,-,-,-,70.00/Kg,100.00/Kg,1200.0,Taita-Taveta,2026-04-29
Taveta Retail Market,Coconut,-,-,-,70.00/Kg,100.00/Kg,1200.0,Taita-Taveta,2026-04-29
Kangeta,White Irish Potatoes,-,-,-,98.00/Kg,100.00/Kg,7000.0,Meru,2026-04-29
Kangeta,Red Sorghum,-,-,-,70.00/Kg,80.00/Kg,500.0,Meru,2026-04-29
Kangeta,Pearl Rush Millet,-,-,-,90.00/Kg,100.00/Kg,450.0,Meru,2026-04-29
Embu Town,Ginger,-,-,-,200.00/Kg,300.00/Kg,1000.0,Embu,2026-04-29
Kangeta,Dry Maize,White Maize,-,-,50.00/Kg,60.00/Kg,1350.0,Meru,2026-04-29
Kangeta,Pigeon peas,-,-,-,100.00/Kg,110.00/Kg,500.0,Meru,2026-04-29
Embu Town,Fresh Peas,On pods,-,-,120.00/Kg,150.00/Kg,1500.0,Embu,2026-04-29
Kangeta,Lentils,-,-,-,200.00/Kg,220.00/Kg,140.0,Meru,2026-04-29
Kangeta,Green Grams,Local-Special,-,-,140.00/Kg,150.00/Kg,500.0,Meru,2026-04-29
Kangeta,Dolichos lablab (Njahi),-,-,-,90.00/Kg,100.00/Kg,900.0,Meru,2026-04-29
Embu Town,Pumpkin Leaves,-,-,-,40.00/Kg,50.00/Kg,500.0,Embu,2026-04-29
Embu Town,White Sorghum,-,-,-,70.00/kg,100.00/kg,1100.0,Embu,2026-04-29
Kangeta,Cowpeas,-,-,-,100.00/Kg,110.00/Kg,600.0,Meru,2026-04-29
Embu Town,Wheat,-,-,-,75.00/Kg,100.00/Kg,500.0,Embu,2026-04-29
Kangeta,Beans (Yellow-Green),-,-,-,140.00/Kg,150.00/Kg,400.0,Meru,2026-04-29
Kangeta,Beans (Mwitemania),-,-,-,110.00/Kg,120.00/Kg,950.0,Meru,2026-04-29
Embu Town,Red Sorghum,-,-,-,66.00/Kg,75.00/Kg,,Embu,2026-04-29
Kangeta,Beans (Mwitemania),-,-,-,140.00/Kg,120.00/Kg,950.0,Meru,2026-04-29
Embu Town,Paddy Rice,Sindano,-,-,130.00/Kg,150.00/Kg,1000.0,Embu,2026-04-29
Embu Town,Finger Millet,-,-,-,115.00/Kg,150.00/Kg,1000.0,Embu,2026-04-29
Embu Town,Dry Maize,White Maize,-,-,50.00/Kg,65.00/Kg,7000.0,Embu,2026-04-29
Embu Town,Pigeon peas,-,-,-,105.00/Kg,125.00/Kg,1300.0,Embu,2026-04-29
Kakamega Town,White Irish Potatoes,-,-,-,50.00/Kg,70.00/Kg,25000.0,Kakamega,2026-04-29
Kangeta,Water Melon,-,-,-,40.00/Kg,45.00/Kg,500.0,Meru,2026-04-29
Embu Town,Njugu Mawe,-,-,-,280.00/Kg,300.00/Kg,500.0,Embu,2026-04-29
Kakamega Town,Wheat,-,-,-,72.22/Kg,100.00/Kg,180.0,Kakamega,2026-04-29
Embu Town,Mixed Beans,-,-,-,83.00/Kg,100.00/Kg,1500.0,Embu,2026-04-29
Kangeta,Tangerine (Sandara),-,-,-,90.00/Kg,100.00/Kg,150.0,Meru,2026-04-29
Kangeta,Pawpaw,-,-,-,30.00/Kg,40.00/Kg,150.0,Meru,2026-04-29
Kakamega Town,Dry Maize,White Maize,-,-,42.22/Kg,60.00/Kg,10000.0,Kakamega,2026-04-29
Kakamega Town,Tomatoes,-,-,-,150.00/Kg,180.00/Kg,5000.0,Kakamega,2026-04-29
Kangeta,Oranges,-,-,-,70.00/Kg,80.00/Kg,250.0,Meru,2026-04-29
Kakamega Town,Dry Onions,-,-,-,80.00/Kg,100.00/Kg,6000.0,Kakamega,2026-04-29
Kangeta,Lemons,-,-,-,80.00/Kg,90.00/Kg,130.0,Meru,2026-04-29
Embu Town,Lentils,-,-,-,300.00/Kg,350.00/Kg,10500.0,Embu,2026-04-29
Kakamega Town,Carrots,-,-,-,40.00/Kg,80.00/Kg,2000.0,Kakamega,2026-04-29
Kangeta,Banana (Ripening),-,-,-,40.00/Kg,50.00/Kg,950.0,Meru,2026-04-29
Embu Town,Ground Nuts,Large Brown,-,-,300.00/Kg,350.00/Kg,12000.0,Embu,2026-04-29
Kakamega Town,Cabbages,-,-,-,23.53/Kg,35.29/Kg,1500.0,Kakamega,2026-04-29
Kangeta,Avocado,Local,-,-,50.00/Kg,60.00/Kg,350.0,Meru,2026-04-29
Kangeta,Apples,-,-,-,140.00/Kg,160.00/Kg,100.0,Meru,2026-04-29
Kakamega Town,Beans Rosecoco,-,-,-,180.00/Kg,220.00/Kg,6000.0,Kakamega,2026-04-29
Embu Town,Green Grams,Local-Special,-,-,135.00/Kg,175.00/Kg,3000.0,Embu,2026-04-29
Kangeta,Tomatoes,-,-,-,80.00/Kg,90.00/Kg,2800.0,Meru,2026-04-29
Kangeta,Spring Onions,-,-,-,70.00/Kg,80.00/Kg,200.0,Meru,2026-04-29
Kangeta,Spinach,-,-,-,40.00/Kg,50.00/Kg,200.0,Meru,2026-04-29
Kangeta,Kales/Sukuma Wiki,-,-,-,30.00/Kg,350.00/Kg,480.0,Meru,2026-04-29
Embu Town,Dolichos lablab (Njahi),-,-,-,80.00/Kg,125.00/Kg,1500.0,Embu,2026-04-29
Kangeta,Green Maize,-,-,-,50.00/Kg,60.00/Kg,700.0,Meru,2026-04-29
Embu Town,Cowpeas,-,-,-,150.00/Kg,125.00/Kg,3000.0,Embu,2026-04-29
Kangeta,Ginger,-,-,-,180.00/Kg,200.00/Kg,100.0,Meru,2026-04-29
Kangeta,Garlic,-,-,-,370.00/Kg,400.00/Kg,100.0,Meru,2026-04-29
Embu Town,Beans Rosecoco,-,-,-,100.00/Kg,125.00/Kg,2800.0,Embu,2026-04-29
Kangeta,Fresh Peas,On pods,-,-,150.00/Kg,160.00/Kg,400.0,Meru,2026-04-29
Kangeta,Fresh Peas,On pods,-,-,130.00/Kg,140.00/Kg,550.0,Meru,2026-04-29
Kangeta,French beans,-,-,-,110.00/Kg,120.00/Kg,20.0,Meru,2026-04-29
Kangeta,Egg plant (Brinjals),-,-,-,90.00/Kg,100.00/Kg,15.0,Meru,2026-04-29
Embu Town,Beans Red Haricot (Wairimu),-,-,-,90.00/Kg,110.00/Kg,1000.0,Embu,2026-04-29
Kangeta,Dry Onions,-,-,-,110.00/Kg,120.00/Kg,2250.0,Meru,2026-04-29
Kangeta,Cucumber,-,-,-,140.00/Kg,150.00/Kg,30.0,Meru,2026-04-29
Embu Town,Beans (Yellow-Green),-,-,-,115.00/Kg,150.00/Kg,1000.0,Embu,2026-04-29
Embu Town,Beans (Mwitemania),-,-,-,115.00/Kg,150.00/Kg,2500.0,Embu,2026-04-29
Kangeta,Courgette,-,-,-,140.00/Kg,150.00/Kg,60.0,Meru,2026-04-29
Kangeta,Coriander (Dhania),-,-,-,120.00/Kg,130.00/Kg,150.0,Meru,2026-04-29
Embu Town,Beans (Mwezi Moja),-,-,-,90.00/Kg,100.00/Kg,1000.0,Embu,2026-04-29
Kangeta,Chillies,-,-,-,180.00/Kg,190.00/Kg,10.0,Meru,2026-04-29
Kangeta,Carrots,-,-,-,40.00/Kg,50.00/Kg,1900.0,Meru,2026-04-29
Embu Town,Yam,-,-,-,80.00/Kg,100.00/Kg,500.0,Embu,2026-04-29
Kangeta,Carrots,-,-,-,50.00/Kg,60.00/Kg,750.0,Meru,2026-04-29
Embu Town,Sweet potatoes,-,-,-,37.00/Kg,100.00/Kg,3000.0,Embu,2026-04-29
Kangeta,Capsicums,-,-,-,60.00/Kg,70.00/Kg,250.0,Meru,2026-04-29
Embu Town,White Irish Potatoes,-,-,-,63.00/Kg,75.00/Kg,63.0,Embu,2026-04-29
Kangeta,Cabbages,-,-,-,15.00/Kg,20.00/Kg,3900.0,Meru,2026-04-29
Kangeta,Butternuts,-,-,-,60.00/Kg,70.00/Kg,80.0,Meru,2026-04-29
Kangeta,Banana (Cooking),-,-,-,25.00/Kg,30.00/Kg,400.0,Meru,2026-04-29
Embu Town,Cassava Fresh,-,-,-,80.00/Kg,120.00/Kg,2000.0,Embu,2026-04-29
Embu Town,Arrow Root,-,-,-,45.00/Kg,100.00/Kg,3000.0,Embu,2026-04-29
Embu Town,Beans (Canadian wonder),-,-,-,115.00/Kg,150.00/Kg,1000.0,Embu,2026-04-29
Diani Market,Spinach,-,-,-,60.00/Kg,80.00/Kg,600.0,Kwale,2026-04-29
Diani Market,Tomatoes,-,-,-,80.00/Kg,100.00/Kg,600.0,Kwale,2026-04-29
Diani Market,Ginger,-,-,-,160.00/Kg,180.00/Kg,450.0,Kwale,2026-04-29
Diani Market,Egg plant (Brinjals),-,-,-,40.00/Kg,80.00/Kg,600.0,Kwale,2026-04-29
Diani Market,Dry Onions,-,-,-,120.00/Kg,140.00/Kg,6000.0,Kwale,2026-04-29
Diani Market,Capsicums,-,-,-,80.00/Kg,100.00/Kg,600.0,Kwale,2026-04-29
Diani Market,Carrots,-,-,-,80.00/Kg,100.00/Kg,600.0,Kwale,2026-04-29
Nairobi Supermarkets,Wheat Flour,Winnie's Pure Health Atta Mark 1,-,-,-,129.50/Kg,,Nairobi,2026-04-29
Nairobi Supermarkets,Wheat Flour,Soko Atta Mark 1,-,-,-,83.50/Kg,,Nairobi,2026-04-29
Nairobi Supermarkets,Wheat Flour,Soko All Purpose HBF,-,-,-,79.00/Kg,,Nairobi,2026-04-29
Nairobi Supermarkets,Wheat Flour,Phulka Atta Mark 1 Chapati Flour,-,-,-,81.00/Kg,,Nairobi,2026-04-29
Nairobi Supermarkets,Wheat Flour,Pembe Atta Mark 1,-,-,-,86.50/Kg,,Nairobi,2026-04-29
Nairobi Supermarkets,Wheat Flour,Pembe All Purpose HBF,-,-,-,83.00/Kg,,Nairobi,2026-04-29
Nairobi Supermarkets,Wheat Flour,Oboma all purpose HBF,-,-,-,78.00/Kg,,Nairobi,2026-04-29
Nairobi Supermarkets,Wheat Flour,Nutra Meal Atta Mark 1,-,-,-,135.00/Kg,,Nairobi,2026-04-29
Nairobi Supermarkets,Wheat Flour,Ndovu all purpose HBF,-,-,-,80.00/Kg,,Nairobi,2026-04-29
Nairobi Supermarkets,Wheat Flour,Mama Home Baking Flour,-,-,-,78.50/Kg,,Nairobi,2026-04-29
Nairobi Supermarkets,Wheat Flour,Kifaru All Purpose HBF,-,-,-,74.50/Kg,,Nairobi,2026-04-29
Nairobi Supermarkets,Wheat Flour,Golden All Purpose,-,-,-,85.50/Kg,,Nairobi,2026-04-29
Nairobi Supermarkets,Wheat Flour,Exe self raising,-,-,-,90.00/Kg,,Nairobi,2026-04-29
Nairobi Supermarkets,Wheat Flour,Exe Mandazi Fortified Wheat Flour,-,-,-,89.50/Kg,,Nairobi,2026-04-29
Nairobi Supermarkets,Wheat Flour,Exe Chapati fortified wheat flour,-,-,-,86.50/Kg,,Nairobi,2026-04-29
Nairobi Supermarkets,Wheat Flour,Exe brown bread,-,-,-,89.50/Kg,,Nairobi,2026-04-29
Nairobi Supermarkets,Wheat Flour,Exe Atta Mark 1,-,-,-,90.00/Kg,,Nairobi,2026-04-29
Nairobi Supermarkets,Wheat Flour,Exe All purpose fortified wheat flour,-,-,-,83.00/Kg,,Nairobi,2026-04-29
Nairobi Supermarkets,Wheat Flour,Elliots self raising flour,-,-,-,90.50/Kg,,Nairobi,2026-04-29
Nairobi Supermarkets,Wheat Flour,Elliots all purpose HBK,-,-,-,81.50/Kg,,Nairobi,2026-04-29
Nairobi Supermarkets,Wheat Flour,Dola premium all pupose,-,-,-,82.00/Kg,,Nairobi,2026-04-29
Nairobi Supermarkets,Wheat Flour,Dola Atta Mark 1,-,-,-,85.00/Kg,,Nairobi,2026-04-29
Nairobi Supermarkets,Wheat Flour,Chapati Afya,-,-,-,135.50/Kg,,Nairobi,2026-04-29
Nairobi Supermarkets,Wheat Flour,Ajab fortofied self raising,-,-,-,85.50/Kg,,Nairobi,2026-04-29
Nairobi Supermarkets,Wheat Flour,Ajab fortigied Home Baking flour,-,-,-,85.50/Kg,,Nairobi,2026-04-29
Nairobi Supermarkets,Wheat Flour,Ajab fortified mandazi flour,-,-,-,84.50/Kg,,Nairobi,2026-04-29
Nairobi Supermarkets,Wheat Flour,210 Home baking flour,-,-,-,78.00/Kg,,Nairobi,2026-04-29
Nairobi Supermarkets,Wheat Flour,210 Atta Mark 1,-,-,-,78.00/Kg,,Nairobi,2026-04-29
Nairobi Supermarkets,Maize Flour,Taifa,-,-,-,77.50/Kg,,Nairobi,2026-04-29
Nairobi Supermarkets,Maize Flour,Soko,-,-,-,81.00/Kg,,Nairobi,2026-04-29
Nairobi Supermarkets,Maize Flour,Raha Premium,-,-,-,98.50/Kg,,Nairobi,2026-04-29
Nairobi Supermarkets,Maize Flour,Pembe,-,-,-,81.50/Kg,,Nairobi,2026-04-29
Nairobi Supermarkets,Maize Flour,Oryx,-,-,-,83.50/Kg,,Nairobi,2026-04-29
Nairobi Supermarkets,Maize Flour,Ndovu,-,-,-,70.50/Kg,,Nairobi,2026-04-29
Nairobi Supermarkets,Maize Flour,Mama,-,-,-,73.50/Kg,,Nairobi,2026-04-29
Nairobi Supermarkets,Maize Flour,Kifaru,-,-,-,72.50/Kg,,Nairobi,2026-04-29
Nairobi Supermarkets,Maize Flour,Jogoo wimbi,-,-,-,140.00/Kg,,Nairobi,2026-04-29
Nairobi Supermarkets,Maize Flour,Jogoo,-,-,-,81.50/Kg,,Nairobi,2026-04-29
Nairobi Supermarkets,Maize Flour,Hostess,-,-,-,92.50/Kg,,Nairobi,2026-04-29
Nairobi Supermarkets,Maize Flour,Equatorial afya ugali,-,-,-,142.50/Kg,,Nairobi,2026-04-29
Nairobi Supermarkets,Maize Flour,Dola,-,-,-,80.00/Kg,,Nairobi,2026-04-29
Nairobi Supermarkets,Maize Flour,Cosmo,-,-,-,68.00/Kg,,Nairobi,2026-04-29
Nairobi Supermarkets,Maize Flour,Amaize,-,-,-,96.00/Kg,,Nairobi,2026-04-29
Nairobi Supermarkets,Maize Flour,Ajab,-,-,-,79.50/Kg,,Nairobi,2026-04-29
Nairobi Supermarkets,Maize Flour,210(two ten),-,-,-,76.00/Kg,,Nairobi,2026-04-29
Kabati - Muranga,Pork,-,-,-,-,700.00/Kg,,Muranga,2026-04-29
Kabati - Muranga,Eggs,Exotic/Grade,-,-,-,400.00/Tray(30),,Muranga,2026-04-29
Kabati - Muranga,Cow Milk(Processd),-,-,-,-,110.00/Lt,,Muranga,2026-04-29
Kabati - Muranga,Cow Milk(At collection point),-,-,-,45.00/Lt,70.00/Lt,,Muranga,2026-04-29
Kabati - Muranga,Pumpkin Leaves,-,-,-,25.00/Kg,40.00/Kg,,Muranga,2026-04-29
Kabati - Muranga,Cowpea leaves (Kunde),-,-,-,25.00/Kg,40.00/Kg,,Muranga,2026-04-29
Kabati - Muranga,Black nightshade (Managu/ Osuga),-,-,-,25.00/Kg,40.00/Kg,,Muranga,2026-04-29
Kabati - Muranga,Amaranthus (Terere),-,-,-,25.00/Kg,40.00/Kg,,Muranga,2026-04-29
Kabati - Muranga,Yam,-,-,-,80.00/Kg,100.00/Kg,,Muranga,2026-04-29
Kabati - Muranga,White Irish Potatoes,-,-,-,-,80.00/Kg,,Muranga,2026-04-29
Kabati - Muranga,Sweet potatoes,-,-,-,80.00/Kg,100.00/Kg,,Muranga,2026-04-29
Kabati - Muranga,Arrow Root,-,-,-,80.00/Kg,100.00/Kg,,Muranga,2026-04-29
Kabati - Muranga,Water Melon,-,-,-,-,55.00/Kg,,Muranga,2026-04-29
Kabati - Muranga,Tree tomato,-,-,-,80.00/Kg,100.00/Kg,,Muranga,2026-04-29
Kabati - Muranga,Thorn melon,-,-,-,-,60.00/Kg,,Muranga,2026-04-29
Kabati - Muranga,Tangerine (Sandara),-,-,-,70.00/Kg,100.00/Kg,,Muranga,2026-04-29
Kabati - Muranga,Pineapples,-,-,-,-,53.33/Kg,,Muranga,2026-04-29
Kabati - Muranga,Passion Fruits,-,-,-,80.00/Kg,100.00/Kg,,Muranga,2026-04-29
Kabati - Muranga,Oranges,-,-,-,-,100.00/Kg,,Muranga,2026-04-29
Kabati - Muranga,Mangoes,Improved,-,-,-,120.00/Kg,,Muranga,2026-04-29
Kabati - Muranga,Lemons,-,-,-,-,80.00/Kg,,Muranga,2026-04-29
Kabati - Muranga,Grapes,White,-,-,480.00/Kg,600.00/Kg,,Muranga,2026-04-29
Kabati - Muranga,Grapes,Red,-,-,-,600.00/Kg,,Muranga,2026-04-29
Kabati - Muranga,Banana (Ripening),-,-,-,-,35.00/Kg,,Muranga,2026-04-29
Kabati - Muranga,Avocado,Hass,-,-,-,120.00/Kg,,Muranga,2026-04-29
Makunga Market,Cattle,Zebu,Grade 2,Female,43500.00/Head,-,11.0,Kakamega,2026-04-29
Kabati - Muranga,Apples,-,-,-,-,180.00/Kg,,Muranga,2026-04-29
Makunga Market,Sheep,Red Maasai,Grade 2,Female,4300.00/Head,-,6.0,Kakamega,2026-04-29
Kabati - Muranga,Tomatoes,-,-,-,-,40.00/Kg,,Muranga,2026-04-29
Makunga Market,Sheep,Red Maasai,Grade 2,Male,6300.00/Head,-,9.0,Kakamega,2026-04-29
Kabati - Muranga,Spring Onions,-,-,-,-,70.00/Kg,,Muranga,2026-04-29
Kabati - Muranga,Pumpkin,-,-,-,-,100.00/Kg,,Muranga,2026-04-29
Kabati - Muranga,Kales/Sukuma Wiki,-,-,-,-,45.00/Kg,,Muranga,2026-04-29
Makunga Market,Sheep,Red Maasai,Grade 2,Male,6650.00/Head,-,6.0,Kakamega,2026-04-29
Kabati - Muranga,Ginger,-,-,-,-,480.00/Kg,,Muranga,2026-04-29
Kabati - Muranga,Garlic,-,-,-,-,480.00/Kg,,Muranga,2026-04-29
Makunga Market,Sheep,Red Maasai,Grade 2,Female,7400.00/Head,-,9.0,Kakamega,2026-04-29
Kabati - Muranga,French beans,-,-,-,-,65.00/Kg,,Muranga,2026-04-29
Kabati - Muranga,Dry Onions,-,-,-,-,70.00/Kg,,Muranga,2026-04-29
Kabati - Muranga,Coriander (Dhania),-,-,-,-,45.00/Kg,,Muranga,2026-04-29
Makunga Market,Sheep,Red Maasai,Grade 2,Male,9100.00/Head,-,13.0,Kakamega,2026-04-29
Kabati - Muranga,Chillies,-,-,-,-,100.00/Kg,,Muranga,2026-04-29
Kabati - Muranga,Carrots,-,-,-,-,60.00/Kg,,Muranga,2026-04-29
Kabati - Muranga,Capsicums,-,-,-,-,80.00/Kg,,Muranga,2026-04-29
Kabati - Muranga,Cabbages,-,-,-,-,45.00/Kg,,Muranga,2026-04-29
Kabati - Muranga,Butternuts,-,-,-,-,100.00/Kg,,Muranga,2026-04-29
Kabati - Muranga,Banana (Plantain),-,-,-,22.00/Kg,40.00/Kg,,Muranga,2026-04-29
Kabati - Muranga,Banana (Cooking),-,-,-,18.00/Kg,35.00/Kg,,Muranga,2026-04-29
Makunga Market,Goat,East African Goat,Grade 2,Female,6300.00/Head,-,16.0,Kakamega,2026-04-29
Makunga Market,Goat,East African Goat,Grade 2,Female,7600.00/Head,-,6.0,Kakamega,2026-04-29
Makunga Market,Goat,East African Goat,Grade 2,Female,7600.00/Head,-,6.0,Kakamega,2026-04-29
Makunga Market,Goat,East African Goat,Grade 2,Male,7650.00/Head,-,12.0,Kakamega,2026-04-29
Makunga Market,Goat,East African Goat,Grade 2,Male,6200.00/Head,-,9.0,Kakamega,2026-04-29
Makunga Market,Goat,East African Goat,Grade 2,Female,4600.00/Head,-,6.0,Kakamega,2026-04-29
Makunga Market,Duck,Black Swedish,Grade 2,Male,-,-,3.0,Kakamega,2026-04-29
Makunga Market,Chicken,Indigenous,-,Female,1100.00/Head,-,19.0,Kakamega,2026-04-29
Makunga Market,Chicken,Indigenous,-,Female,620.00/Head,-,23.0,Kakamega,2026-04-29
Makunga Market,Chicken,Indigenous,-,Female,420.00/Head,-,11.0,Kakamega,2026-04-29
Makunga Market,Chicken,Indigenous,-,Male,380.00/Head,-,13.0,Kakamega,2026-04-29
Makunga Market,Chicken,Indigenous,-,Male,920.00/Head,-,26.0,Kakamega,2026-04-29
Makunga Market,Chicken,Indigenous,-,Male,1460.00/Head,-,23.0,Kakamega,2026-04-29
Makunga Market,Chicken,Improved Kienyeji,-,Female,590.00/Head,-,16.0,Kakamega,2026-04-29
Makunga Market,Chicken,Improved Kienyeji,-,Male,1380.00/Head,-,9.0,Kakamega,2026-04-29
Makunga Market,Chicken,Broiler,-,Male,580.00/Head,-,22.0,Kakamega,2026-04-29
Makunga Market,Cattle,Zebu,Grade 2,Female,48600.00/Head,-,16.0,Kakamega,2026-04-29
Makunga Market,Cattle,Zebu,Grade 3,Female,44300.00/Head,-,13.0,Kakamega,2026-04-29
Makunga Market,Cattle,Zebu,Grade 2,Female,42000.00/Head,-,17.0,Kakamega,2026-04-29
Makunga Market,Cattle,Zebu,Grade 3,Female,-,-,42600.0,Kakamega,2026-04-29
Makunga Market,Cattle,Zebu,Grade 2,Female,32700.00/Head,-,21.0,Kakamega,2026-04-29
Makunga Market,Cattle,Zebu,Grade 3,Female,18300.00/Head,-,7.0,Kakamega,2026-04-29
Makunga Market,Cattle,Zebu,Grade 3,Male,18000.00/Head,-,11.0,Kakamega,2026-04-29
Makunga Market,Cattle,Zebu,Grade 2,Male,23000.00/Head,-,16.0,Kakamega,2026-04-29
Makunga Market,Cattle,Zebu,Grade 3,Male,29000.00/Head,-,7.0,Kakamega,2026-04-29
Makunga Market,Cattle,Zebu,Grade 2,Male,37000.00/Head,-,21.0,Kakamega,2026-04-29
Makunga Market,Cattle,Zebu,Grade 3,Male,46000.00/Head,-,11.0,Kakamega,2026-04-29
Makunga Market,Cattle,Zebu,Grade 2,Male,62000.00/Head,-,17.0,Kakamega,2026-04-29
Makunga Market,Cattle,Ayrshire,Grade 2,Female,48000.00/Head,-,4.0,Kakamega,2026-04-29
Makunga Market,Cattle,Friesian,Grade 2,Male,72000.00/Head,-,3.0,Kakamega,2026-04-29
Makunga Market,Cattle,Ayrshire,Grade 2,Female,64000.00/Head,-,4.0,Kakamega,2026-04-29
Makunga Market,Cattle,Ayrshire,Grade 2,Male,72000.00/Head,-,2.0,Kakamega,2026-04-29
Embu Town,Avocado,Local,-,-,50.00/Kg,100.00/Kg,1000.0,Embu,2026-04-29
Embu Town,Avocado,Fuerte,-,-,100.00/Kg,150.00/Kg,1000.0,Embu,2026-04-29
Embu Town,Lemons,-,-,-,100.00/Kg,150.00/Kg,500.0,Embu,2026-04-29
Embu Town,Tangerine (Sandara),-,-,-,60.00/Kg,100.00/Kg,1000.0,Embu,2026-04-29
Embu Town,Water Melon,-,-,-,30.00/Kg,40.00/Kg,5000.0,Embu,2026-04-29
Embu Town,Tree tomato,-,-,-,100.00/Kg,120.00/Kg,1000.0,Embu,2026-04-29
Embu Town,Pawpaw,-,-,-,60.00/Kg,70.00/Kg,1000.0,Embu,2026-04-29
Embu Town,Passion Fruits,-,-,-,100.00/Kg,130.00/Kg,,Embu,2026-04-29
Embu Town,Oranges,-,-,-,60.00/Kg,100.00/Kg,1000.0,Embu,2026-04-29
Embu Town,Tomatoes,-,-,-,76.00/Kg,100.00/Kg,4000.0,Embu,2026-04-29
Embu Town,Spring Onions,-,-,-,70.00/Kg,80.00/Kg,1000.0,Embu,2026-04-29
Embu Town,Okra (Lady's fingers or Gumbo),-,-,-,200.00/Kg,300.00/Kg,500.0,Embu,2026-04-29
Embu Town,Spinach,-,-,-,50.00/Kg,70.00/Kg,500.0,Embu,2026-04-29
Embu Town,Pumpkin,-,-,-,80.00/Kg,100.00/Kg,500.0,Embu,2026-04-29
Embu Town,Kales/Sukuma Wiki,-,-,-,20.00/Kg,30.00/Kg,1000.0,Embu,2026-04-29
Embu Town,Green Maize,-,-,-,50.00/Kg,100.00/Kg,4000.0,Embu,2026-04-29
Embu Town,French beans,-,-,-,80.00/Kg,100.00/Kg,1000.0,Embu,2026-04-29
Embu Town,Dry Onions,-,-,-,100.00/Kg,120.00/Kg,3000.0,Embu,2026-04-29
Embu Town,Cucumber,-,-,-,100.00/Kg,150.00/Kg,500.0,Embu,2026-04-29
Embu Town,Courgette,-,-,-,80.00/Kg,120.00/Kg,1000.0,Embu,2026-04-29
Embu Town,Coriander (Dhania),-,-,-,70.00/Kg,100.00/Kg,1000.0,Embu,2026-04-29
Embu Town,Chillies,-,-,-,200.00/Kg,300.00/Kg,500.0,Embu,2026-04-29
Embu Town,Carrots,-,-,-,50.00/Kg,60.00/Kg,3000.0,Embu,2026-04-29
Embu Town,Cauliflower,-,-,-,50.00/Kg,60.00/Kg,3000.0,Embu,2026-04-29
Embu Town,Cabbages,-,-,-,10.00/Kg,15.00/Kg,25000.0,Embu,2026-04-29
Embu Town,Butternuts,-,-,-,120.00/Kg,150.00/Kg,1000.0,Embu,2026-04-29
Embu Town,Banana (Cooking),-,-,-,15.00/Kg,20.00/Kg,8000.0,Embu,2026-04-29
Kerugoya,Tomatoes,-,-,-,40.00/Kg,80.00/Kg,1600.0,Kirinyaga,2026-04-28
Kerugoya,Pumpkin,-,-,-,35.00/Kg,80.00/Kg,180.0,Kirinyaga,2026-04-28
Kerugoya,Kales/Sukuma Wiki,-,-,-,20.00/Kg,35.00/Kg,230.0,Kirinyaga,2026-04-28
Kerugoya,Ginger,-,-,-,180.00/Kg,270.00/Kg,200.0,Kirinyaga,2026-04-28
Kerugoya,Fresh Peas,On pods,-,-,80.00/Kg,140.00/Kg,350.0,Kirinyaga,2026-04-28
Kerugoya,Dry Onions,-,-,-,70.00/Kg,140.00/Kg,2300.0,Kirinyaga,2026-04-28
Kerugoya,Courgette,-,-,-,70.00/Kg,140.00/Kg,400.0,Kirinyaga,2026-04-28
Kerugoya,Carrots,-,-,-,30.00/Kg,60.00/Kg,400.0,Kirinyaga,2026-04-28
Kerugoya,Capsicums,-,-,-,45.00/Kg,90.00/Kg,300.0,Kirinyaga,2026-04-28
Kerugoya,Cabbages,-,-,-,18.00/Kg,25.00/Kg,360.0,Kirinyaga,2026-04-28
Kerugoya,Banana (Cooking),-,-,-,20.00/Kg,40.00/Kg,780.0,Kirinyaga,2026-04-28
Kerugoya,Water Melon,-,-,-,25.00/Kg,40.00/Kg,350.0,Kirinyaga,2026-04-28
Kerugoya,Tree tomato,-,-,-,100.00/Kg,200.00/Kg,250.0,Kirinyaga,2026-04-28
Kerugoya,Thorn melon,-,-,-,30.00/Kg,60.00/Kg,160.0,Kirinyaga,2026-04-28
Kerugoya,Pawpaw,-,-,-,40.00/Kg,80.00/Kg,150.0,Kirinyaga,2026-04-28
Kerugoya,Passion Fruits,-,-,-,170.00/Kg,240.00/Kg,300.0,Kirinyaga,2026-04-28
Kerugoya,Oranges,-,-,-,60.00/Kg,100.00/Kg,350.0,Kirinyaga,2026-04-28
Kerugoya,Banana (Ripening),-,-,-,20.00/Kg,40.00/Kg,800.0,Kirinyaga,2026-04-28
Kerugoya,Rice,Pishori,-,-,160.00/Kg,180.00/Kg,2300.0,Kirinyaga,2026-04-28
Kerugoya,Dry Maize,Mixed-Traditional,-,-,55.00/Kg,75.00/Kg,4600.0,Kirinyaga,2026-04-28
Holo,Eggs,Indigenous /Kenyeji,-,-,20.00/Tray(30),25.00/Tray(30),,Kisumu,2026-04-28
Holo,Pork,-,-,-,-,600.00/Kg,,Kisumu,2026-04-28
Holo,Meat Beef,-,-,-,-,700.00/Kg,,Kisumu,2026-04-28
Holo,Honey,Crude,-,-,-,600.00/Kg,,Kisumu,2026-04-28
Holo,Eggs,Exotic/Grade,-,-,16.00/Tray(30),17.50/Tray(30),,Kisumu,2026-04-28
Holo,Cow Milk(At collection point),-,-,-,-,80.00/Lt,,Kisumu,2026-04-28
Holo,Sheep,Red Maasai,Grade 3,Male,7500.00/Head,-,,Kisumu,2026-04-28
Holo,Goat,East African Goat,Grade 3,Male,6500.00/Head,-,,Kisumu,2026-04-28
Holo,Chicken,Layers,-,Male,450.00/Head,-,,Kisumu,2026-04-28
Holo,Chicken,Indigenous,-,Male,1000.00/Head,-,,Kisumu,2026-04-28
Holo,Chicken,Improved Kienyeji,-,Male,1200.00/Head,-,,Kisumu,2026-04-28
Holo,Chicken,Broiler,-,Male,550.00/Head,-,,Kisumu,2026-04-28
Holo,Cattle,Mixed,Grade 3,Male,40000.00/Head,-,,Kisumu,2026-04-28
Holo,Prawns,Dried,-,-,-,35.00/Kg,,Kisumu,2026-04-28
Holo,Tilapia,Fresh,-,-,-,450.00/Kg,,Kisumu,2026-04-28
Holo,Omena,Dried,-,-,-,375.00/Kg,,Kisumu,2026-04-28
Holo,Nile Perch,Fresh,-,-,-,420.00/Kg,,Kisumu,2026-04-28
Kathonzweni,Goat,Mixed,Grade 1,Female,5000.00/Head,-,23.0,Makueni,2026-04-28
Kathonzweni,Goat,Mixed,Grade 1,Female,8000.00/Head,-,85.0,Makueni,2026-04-28
Holo,White Irish Potatoes,-,-,-,104.00/Kg,100.00/Kg,,Kisumu,2026-04-28
Holo,Sweet potatoes,-,-,-,-,100.00/Kg,,Kisumu,2026-04-28
Holo,Cassava Fresh,-,-,-,-,100.00/Kg,,Kisumu,2026-04-28
Kathonzweni,Goat,Mixed,Grade 1,Male,7500.00/Head,-,100.0,Makueni,2026-04-28
Holo,Cassava Chips (dry),-,-,-,-,75.00/Kg,,Kisumu,2026-04-28
Holo,Arrow Root,-,-,-,-,150.00/Kg,,Kisumu,2026-04-28
Holo,Water Melon,-,-,-,-,166.67/Kg,,Kisumu,2026-04-28
Kathonzweni,Goat,Mixed,Grade 1,Male,13500.00/Head,-,92.0,Makueni,2026-04-28
Holo,Thorn melon,-,-,-,-,200.00/Kg,,Kisumu,2026-04-28
Holo,Tangerine (Sandara),-,-,-,-,180.00/Kg,,Kisumu,2026-04-28
Holo,Pawpaw,-,-,-,-,100.00/Kg,,Kisumu,2026-04-28
Kathonzweni,Cattle,Mixed,Grade 2,Female,30000.00/Head,-,45.0,Makueni,2026-04-28
Holo,Oranges,-,-,-,-,220.00/Kg,,Kisumu,2026-04-28
Holo,Mangoes,Local,-,-,-,100.00/Kg,,Kisumu,2026-04-28
Kathonzweni,Cattle,Mixed,Grade 2,Female,45000.00/Head,-,120.0,Makueni,2026-04-28
Kathonzweni,Cattle,Mixed,Grade 2,Male,35000.00/Head,-,260.0,Makueni,2026-04-28
Holo,Mangoes,Improved,-,-,-,150.00/Kg,,Kisumu,2026-04-28
Holo,Limes,-,-,-,-,200.00/Kg,,Kisumu,2026-04-28
Kathonzweni,Cattle,Mixed,Grade 2,Male,80000.00/Head,-,200.0,Makueni,2026-04-28
Holo,Lemons,-,-,-,-,200.00/Kg,,Kisumu,2026-04-28
Holo,Avocado,Local,-,-,-,100.00/Kg,,Kisumu,2026-04-28
Holo,Avocado,Hass,-,-,-,150.00/Kg,,Kisumu,2026-04-28
Holo,White Sorghum,-,-,-,57.78/kg,75.00/kg,,Kisumu,2026-04-28
Holo,Rice,Pishori,-,-,172.00/Kg,250.00/Kg,,Kisumu,2026-04-28
Holo,Red Sorghum,-,-,-,57.78/Kg,75.00/Kg,,Kisumu,2026-04-28
Holo,Maize Flour,Dola,-,-,-,80.00/Kg,,Kisumu,2026-04-28
Holo,Maize Flour,Ajab,-,-,84.58/Kg,90.00/Kg,,Kisumu,2026-04-28
Holo,Finger Millet,-,-,-,133.33/Kg,175.00/Kg,,Kisumu,2026-04-28
Holo,Dry Maize,White Maize,-,-,46.67/Kg,65.00/Kg,,Kisumu,2026-04-28
Holo,Dry Maize,Yellow Maize,-,-,-,75.00/Kg,,Kisumu,2026-04-28
Holo,Dry Maize,White Maize,-,-,46.67/Kg,130.00/Kg,,Kisumu,2026-04-28
Holo,Spider flower (Saga),-,-,-,-,80.00/Kg,,Kisumu,2026-04-28
Holo,Pumpkin Leaves,-,-,-,-,70.00/Kg,,Kisumu,2026-04-28
Holo,Jute Plant (Murenda),-,-,-,-,70.00/Kg,,Kisumu,2026-04-28
Holo,Indigenous Crotolaria (Mito/Miro),-,-,-,-,80.00/Kg,,Kisumu,2026-04-28
Holo,Ethiopian Kales -Kanzira,-,-,-,-,70.00/Kg,,Kisumu,2026-04-28
Holo,Cowpea leaves (Kunde),-,-,-,-,60.00/Kg,,Kisumu,2026-04-28
Holo,Black nightshade (Managu/ Osuga),-,-,-,-,80.00/Kg,,Kisumu,2026-04-28
Holo,Amaranthus (Terere),-,-,-,-,70.00/Kg,,Kisumu,2026-04-28
Holo,Tomatoes,-,-,-,214.29/Kg,150.00/Kg,,Kisumu,2026-04-28
Holo,Spring Onions,-,-,-,62.50/Kg,70.00/Kg,,Kisumu,2026-04-28
Holo,Spinach,-,-,-,-,60.00/Kg,,Kisumu,2026-04-28
Holo,Kales/Sukuma Wiki,-,-,-,40.00/Kg,50.00/Kg,,Kisumu,2026-04-28
Holo,Green Maize,-,-,-,-,120.00/Kg,,Kisumu,2026-04-28
Holo,Ginger,-,-,-,-,150.00/Kg,,Kisumu,2026-04-28
Holo,Garlic,-,-,-,-,400.00/Kg,,Kisumu,2026-04-28
Holo,Egg plant (Brinjals),-,-,-,-,120.00/Kg,,Kisumu,2026-04-28
Holo,Dry Onions,-,-,-,115.56/Kg,130.00/Kg,,Kisumu,2026-04-28
Holo,Cucumber,-,-,-,-,150.00/Kg,,Kisumu,2026-04-28
Holo,Coriander (Dhania),-,-,-,-,150.00/Kg,,Kisumu,2026-04-28
Holo,Chillies,-,-,-,-,140.00/Kg,,Kisumu,2026-04-28
Holo,Carrots,-,-,-,-,80.00/Kg,,Kisumu,2026-04-28
Holo,Capsicums,-,-,-,-,120.00/Kg,,Kisumu,2026-04-28
Holo,Cabbages,-,-,-,-,80.00/Kg,,Kisumu,2026-04-28
Holo,Butternuts,-,-,-,-,150.00/Kg,,Kisumu,2026-04-28
Holo,Banana (Plantain),-,-,-,-,183.33/Kg,,Kisumu,2026-04-28
Holo,Banana (Cooking),-,-,-,-,32.69/Kg,,Kisumu,2026-04-28
Holo,Mixed Beans,-,-,-,133.33/Kg,175.00/Kg,,Kisumu,2026-04-28
Holo,Ground Nuts,Small Red,-,-,288.89/Kg,350.00/Kg,,Kisumu,2026-04-28
Holo,Ground Nuts,Large Brown,-,-,244.44/Kg,300.00/Kg,,Kisumu,2026-04-28
Holo,Green Grams,Local-Special,-,-,155.56/Kg,200.00/Kg,,Kisumu,2026-04-28
Holo,Green Grams,Hybrid/ polished,-,-,177.78/Kg,225.00/Kg,,Kisumu,2026-04-28
Holo,Cowpeas,-,-,-,155.56/Kg,200.00/Kg,,Kisumu,2026-04-28
Holo,Beans Rosecoco (Nyayo),-,-,-,177.78/Kg,225.00/Kg,,Kisumu,2026-04-28
Holo,Beans Rosecoco,-,-,-,200.00/Kg,250.00/Kg,,Kisumu,2026-04-28
Holo,Beans Red Haricot (Wairimu),-,-,-,177.78/Kg,225.00/Kg,,Kisumu,2026-04-28
Holo,Beans (Yellow-Green),-,-,-,200.00/Kg,250.00/Kg,,Kisumu,2026-04-28
Holo,Beans (Mwezi Moja),-,-,-,177.78/Kg,225.00/Kg,,Kisumu,2026-04-28
Holo,Beans (Canadian wonder),-,-,-,177.78/Kg,225.00/Kg,,Kisumu,2026-04-28
Holo,Fertilizer,CAN,-,-,97.00/Kg,100.00/Kg,,Kisumu,2026-04-28
Holo,Fertilizer,DAP,-,-,130.00/Kg,150.00/Kg,,Kisumu,2026-04-28
Kathonzweni,Chicken,Indigenous,-,Female,700.00/Head,-,200.0,Makueni,2026-04-28
Kathonzweni,Chicken,Indigenous,-,Male,1000.00/Head,-,180.0,Makueni,2026-04-28
Kathonzweni,Sheep,Blackhead Persian,Grade 1,Female,5000.00/Head,-,10.0,Makueni,2026-04-28
Kathonzweni,Sheep,Blackhead Persian,Grade 1,Female,7500.00/Head,-,20.0,Makueni,2026-04-28
Kathonzweni,Sheep,Blackhead Persian,Grade 1,Male,4000.00/Head,-,30.0,Makueni,2026-04-28
Kawangware,Lentils,-,-,-,220.00/Kg,250.00/Kg,,Nairobi,2026-04-28
Kawangware,Pigeon peas,-,-,-,100.00/Kg,115.00/Kg,,Nairobi,2026-04-28
Kathonzweni,Sheep,Blackhead Persian,Grade 1,Male,9000.00/Head,-,40.0,Makueni,2026-04-28
Kawangware,Green Grams,Makueni,-,-,155.00/Kg,170.00/Kg,,Nairobi,2026-04-28
Kathonzweni,Donkey,-,-,Female,4000.00/Head,-,3.0,Makueni,2026-04-28
Kawangware,Beans Red Haricot (Wairimu),-,-,-,100.00/Kg,110.00/Kg,,Nairobi,2026-04-28
Kawangware,Dolichos lablab (Njahi),-,-,-,75.00/Kg,85.00/Kg,,Nairobi,2026-04-28
Kathonzweni,Donkey,-,-,Female,7500.00/Head,-,6.0,Makueni,2026-04-28
Kathonzweni,Donkey,-,-,Male,5000.00/Head,-,6.0,Makueni,2026-04-28
Kawangware,Cowpeas,-,-,-,90.00/Kg,120.00/Kg,,Nairobi,2026-04-28
Kathonzweni,Donkey,-,-,Male,7000.00/Head,-,10.0,Makueni,2026-04-28
Kawangware,Beans Rosecoco (Nyayo),-,-,-,110.00/Kg,125.00/Kg,,Nairobi,2026-04-28
Kawangware,Beans Rosecoco,-,-,-,115.00/Kg,125.00/Kg,,Nairobi,2026-04-28
Kawangware,Beans (Yellow-Green),-,-,-,110.00/Kg,125.00/Kg,,Nairobi,2026-04-28
Kawangware,Beans (Mwitemania),-,-,-,90.00/Kg,100.00/Kg,,Nairobi,2026-04-28
Kawangware,Rice,Pishori,-,-,160.00/Kg,180.00/Kg,,Nairobi,2026-04-28
Kawangware,Pearl Rush Millet,-,-,-,122.22/Kg,120.00/Kg,,Nairobi,2026-04-28
Kawangware,Finger Millet,-,-,-,54.00/Kg,90.00/Kg,,Nairobi,2026-04-28
Kawangware,Dry Maize,White Maize,-,-,55.00/Kg,65.00/Kg,,Nairobi,2026-04-28
Ngurubani Market,Water Melon,-,-,-,25.00/Kg,35.00/Kg,23500.0,Kirinyaga,2026-04-28
Ngurubani Market,Tree tomato,-,-,-,70.00/Kg,100.00/Kg,280.0,Kirinyaga,2026-04-28
Ngurubani Market,Thorn melon,-,-,-,80.00/Kg,120.00/Kg,255.0,Kirinyaga,2026-04-28
Ngurubani Market,Pineapples,-,-,-,50.00/Kg,70.00/Kg,1250.0,Kirinyaga,2026-04-28
Ngurubani Market,Pawpaw,-,-,-,40.00/Kg,60.00/Kg,135.0,Kirinyaga,2026-04-28
Ngurubani Market,Passion Fruits,-,-,-,150.00/Kg,220.00/Kg,250.0,Kirinyaga,2026-04-28
Ngurubani Market,Oranges,-,-,-,70.00/Kg,100.00/Kg,1400.0,Kirinyaga,2026-04-28
Kathonzweni,Sweet potatoes,-,-,-,150.00/Kg,250.00/Kg,1000.0,Makueni,2026-04-28
Ngurubani Market,Lemons,-,-,-,40.00/Kg,60.00/Kg,200.0,Kirinyaga,2026-04-28
Ngurubani Market,Avocado,Local,-,-,65.00/Kg,85.00/Kg,1450.0,Kirinyaga,2026-04-28
Kathonzweni,Red Irish potato,-,-,-,60.00/Kg,70.00/Kg,21000.0,Makueni,2026-04-28
Ngurubani Market,Pork,-,-,-,650.00/Kg,750.00/Kg,450.0,Kirinyaga,2026-04-28
Ngurubani Market,Meat Beef,-,-,-,650.00/Kg,750.00/Kg,420.0,Kirinyaga,2026-04-28
Ngurubani Market,Eggs,Exotic/Grade,-,-,420.00/Tray(30),480.00/Tray(30),2580.0,Kirinyaga,2026-04-28
Ngurubani Market,Rice,Pishori,-,-,150.00/Kg,170.00/Kg,137500.0,Kirinyaga,2026-04-28
Kathonzweni,Cassava Fresh,-,-,-,33.33/Kg,50.00/Kg,600.0,Makueni,2026-04-28
Ngurubani Market,Red Sorghum,-,-,-,90.00/Kg,2.22/Kg,2200.0,Kirinyaga,2026-04-28
Ngurubani Market,Dry Maize,White Maize,-,-,52.22/Kg,60.00/Kg,4580.0,Kirinyaga,2026-04-28
Kathonzweni,Arrow Root,-,-,-,150.00/Kg,240.00/Kg,600.0,Makueni,2026-04-28
Ngurubani Market,White Irish Potatoes,-,-,-,46.00/Kg,50.00/Kg,21000.0,Kirinyaga,2026-04-28
Ngurubani Market,Sweet potatoes,-,-,-,80.00/Kg,120.00/Kg,250.0,Kirinyaga,2026-04-28
Ngurubani Market,Arrow Root,-,-,-,100.00/Kg,140.00/Kg,300.0,Kirinyaga,2026-04-28
Kathonzweni,Water Melon,-,-,-,30.00/Kg,50.00/Kg,1000.0,Makueni,2026-04-28
Ngurubani Market,Tomatoes,-,-,-,70.00/Kg,170.00/Kg,850.0,Kirinyaga,2026-04-28
Kathonzweni,Thorn melon,-,-,-,80.00/Kg,120.00/Kg,80.0,Makueni,2026-04-28
Ngurubani Market,Spring Onions,-,-,-,40.00/Kg,70.00/Kg,250.0,Kirinyaga,2026-04-28
Ngurubani Market,Spinach,-,-,-,40.00/Kg,50.00/Kg,250.0,Kirinyaga,2026-04-28
Kathonzweni,Pawpaw,-,-,-,53.33/Kg,80.00/Kg,50.0,Makueni,2026-04-28
Ngurubani Market,Pumpkin,-,-,-,25.00/Kg,35.00/Kg,2500.0,Kirinyaga,2026-04-28
Ngurubani Market,Green Maize,-,-,-,40.00/Kg,60.00/Kg,3520.0,Kirinyaga,2026-04-28
Ngurubani Market,Fresh Peas,On pods,-,-,150.00/Kg,170.00/Kg,450.0,Kirinyaga,2026-04-28
Ngurubani Market,French beans,-,-,-,50.00/Kg,70.00/Kg,215.0,Kirinyaga,2026-04-28
Kathonzweni,Oranges,-,-,-,60.00/Kg,80.00/Kg,500.0,Makueni,2026-04-28
Ngurubani Market,Egg plant (Brinjals),-,-,-,40.00/Kg,70.00/Kg,50.0,Kirinyaga,2026-04-28
Ngurubani Market,Cucumber,-,-,-,80.00/Kg,120.00/Kg,120.0,Kirinyaga,2026-04-28
Ngurubani Market,Courgette,-,-,-,50.00/Kg,80.00/Kg,215.0,Kirinyaga,2026-04-28
Kathonzweni,Lemons,-,-,-,20.00/Kg,50.00/Kg,250.0,Makueni,2026-04-28
Ngurubani Market,Coriander (Dhania),-,-,-,50.00/Kg,70.00/Kg,150.0,Kirinyaga,2026-04-28
Ngurubani Market,Chillies,-,-,-,50.00/Kg,70.00/Kg,150.0,Kirinyaga,2026-04-28
Kathonzweni,Banana (Ripening),-,-,-,40.00/Kg,80.00/Kg,9000.0,Makueni,2026-04-28
Ngurubani Market,Carrots,-,-,-,40.00/Kg,60.00/Kg,3850.0,Kirinyaga,2026-04-28
Ngurubani Market,Capsicums,-,-,-,40.00/Kg,60.00/Kg,350.0,Kirinyaga,2026-04-28
Kathonzweni,Avocado,Local,-,-,20.00/Kg,40.00/Kg,1500.0,Makueni,2026-04-28
Ngurubani Market,Cabbages,-,-,-,20.00/Kg,25.00/Kg,24500.0,Kirinyaga,2026-04-28
Ngurubani Market,Butternuts,-,-,-,30.00/Kg,45.00/Kg,3580.0,Kirinyaga,2026-04-28
Ngurubani Market,Banana (Cooking),-,-,-,25.00/Kg,35.00/Kg,2580.0,Kirinyaga,2026-04-28
Kathonzweni,Apples,-,-,-,200.00/Kg,300.00/Kg,150.0,Makueni,2026-04-28
Ngurubani Market,Pumpkin Leaves,-,-,-,25.00/Kg,30.00/Kg,120.0,Kirinyaga,2026-04-28
Ngurubani Market,Cowpea leaves (Kunde),-,-,-,30.00/Kg,50.00/Kg,250.0,Kirinyaga,2026-04-28
Ngurubani Market,Black nightshade (Managu/ Osuga),-,-,-,30.00/Kg,40.00/Kg,520.0,Kirinyaga,2026-04-28
Kathonzweni,Wheat,-,-,-,60.00/Kg,70.00/Kg,500.0,Makueni,2026-04-28
Ngurubani Market,Amaranthus (Terere),-,-,-,25.00/Kg,35.00/Kg,450.0,Kirinyaga,2026-04-28
Ngurubani Market,Pigeon peas,-,-,-,70.00/Kg,90.00/Kg,2200.0,Kirinyaga,2026-04-28
Ngundune,Meat Chevon,-,-,-,700.00/Kg,800.00/Kg,250.0,Meru,2026-04-28
Ngundune,Meat Beef,-,-,-,600.00/Kg,700.00/Kg,3500.0,Meru,2026-04-28
Ngurubani Market,Mixed Beans,-,-,-,91.11/Kg,115.00/Kg,1700.0,Kirinyaga,2026-04-28
Kathonzweni,Red Sorghum,-,-,-,60.00/Kg,70.00/Kg,600.0,Makueni,2026-04-28
Ngundune,Eggs,Indigenous /Kenyeji,-,-,450.00/Tray(30),600.00/Tray(30),15.0,Meru,2026-04-28
Ngundune,Eggs,Exotic/Grade,-,-,380.00/Tray(30),450.00/Tray(30),150.0,Meru,2026-04-28
Ngurubani Market,Lentils,-,-,-,188.89/Kg,225.00/Kg,2120.0,Kirinyaga,2026-04-28
Ngurubani Market,Green Grams,Hybrid/ polished,-,-,100.00/Kg,150.00/Kg,2500.0,Kirinyaga,2026-04-28
Ngundune,Cow Milk(Processd),-,-,-,94.00/Lt,120.00/Lt,1500.0,Meru,2026-04-28
Ngundune,Cow Milk(At collection point),-,-,-,70.00/Lt,80.00/Lt,450.0,Meru,2026-04-28
Ngurubani Market,Dolichos lablab (Njahi),-,-,-,83.33/Kg,100.00/Kg,1500.0,Kirinyaga,2026-04-28
Ngundune,Sheep,Dorper,Grade 2,Male,12000.00/Head,-,50.0,Meru,2026-04-28
Kathonzweni,Dry Maize,White Maize,-,-,50.00/Kg,55.00/Kg,6000.0,Makueni,2026-04-28
Ngundune,Sheep,Blackhead Persian,Grade 2,Male,7000.00/Head,-,60.0,Meru,2026-04-28
Ngundune,Goat,Mixed,Grade 3,Female,3000.00/Head,-,35.0,Meru,2026-04-28
Ngundune,Goat,Mixed,Grade 3,Female,6000.00/Head,-,50.0,Meru,2026-04-28
Ngurubani Market,Cowpeas,-,-,-,100.00/Kg,140.00/Kg,1350.0,Kirinyaga,2026-04-28
Ngundune,Goat,East African Goat,Grade 2,Male,12000.00/Head,-,80.0,Meru,2026-04-28
Ngundune,Goat,East African Goat,Grade 2,Male,15000.00/Head,-,150.0,Meru,2026-04-28
Kathonzweni,Pumpkin Leaves,-,-,-,60.00/Kg,80.00/Kg,100.0,Makueni,2026-04-28
Ngurubani Market,Beans Rosecoco (Nyayo),-,-,-,108.89/Kg,150.00/Kg,3250.0,Kirinyaga,2026-04-28
Ngundune,Goat,Dairy Goats,Grade 2,Male,15000.00/Head,-,5.0,Meru,2026-04-28
Ngundune,Cattle,Other,Grade 4,Male,25000.00/Head,-,35.0,Meru,2026-04-28
Kathonzweni,Cowpea leaves (Kunde),-,-,-,40.00/Kg,60.00/Kg,300.0,Makueni,2026-04-28
Ngurubani Market,Beans Red Haricot (Wairimu),-,-,-,100.00/Kg,140.00/Kg,6580.0,Kirinyaga,2026-04-28
Ngurubani Market,Beans (Yellow-Green),-,-,-,122.22/Kg,175.00/Kg,5280.0,Kirinyaga,2026-04-28
Kathonzweni,Black nightshade (Managu/ Osuga),-,-,-,30.00/Kg,50.00/Kg,200.0,Makueni,2026-04-28
Ngurubani Market,Beans (Mwitemania),-,-,-,91.11/Kg,125.00/Kg,4500.0,Kirinyaga,2026-04-28
Ngurubani Market,Fertilizer,NPK,-,-,95.00/Kg,110.00/Kg,185800.0,Kirinyaga,2026-04-28
Kathonzweni,Tomatoes,-,-,-,100.00/Kg,120.00/Kg,5000.0,Makueni,2026-04-28
Ngurubani Market,Fertilizer,DAP,-,-,136.00/Kg,140.00/Kg,125000.0,Kirinyaga,2026-04-28
Ngurubani Market,Fertilizer,CAN,-,-,66.00/Kg,80.00/Kg,52000.0,Kirinyaga,2026-04-28
Kathonzweni,Spinach,-,-,-,80.00/Kg,140.00/Kg,300.0,Makueni,2026-04-28
Kathonzweni,Okra (Lady's fingers or Gumbo),-,-,-,160.00/Kg,240.00/Kg,80.0,Makueni,2026-04-28
Kathonzweni,Kales/Sukuma Wiki,-,-,-,40.00/Kg,80.00/Kg,950.0,Makueni,2026-04-28
Kathonzweni,Green Maize,-,-,-,100.00/Kg,150.00/Kg,500.0,Makueni,2026-04-28
Kathonzweni,Ginger,-,-,-,300.00/Kg,400.00/Kg,200.0,Makueni,2026-04-28
Kathonzweni,Garlic,-,-,-,360.00/Kg,440.00/Kg,100.0,Makueni,2026-04-28
Kathonzweni,Egg plant (Brinjals),-,-,-,100.00/Kg,150.00/Kg,250.0,Makueni,2026-04-28
Kathonzweni,Dry Onions,-,-,-,110.00/Kg,140.00/Kg,2000.0,Makueni,2026-04-28
Kathonzweni,Cucumber,-,-,-,240.00/Kg,320.00/Kg,40.0,Makueni,2026-04-28
Kathonzweni,Courgette,-,-,-,240.00/Kg,320.00/Kg,30.0,Makueni,2026-04-28
Kathonzweni,Coriander (Dhania),-,-,-,200.00/Kg,400.00/Kg,100.0,Makueni,2026-04-28
Kathonzweni,Chillies,-,-,-,120.00/Kg,240.00/Kg,80.0,Makueni,2026-04-28
Maua,Spring Onions,-,-,-,80.00/Kg,100.00/Kg,2200.0,Meru,2026-04-28
Kathonzweni,Carrots,-,-,-,60.00/Kg,80.00/Kg,450.0,Makueni,2026-04-28
Ngundune,Cattle,Boran,Grade 2,Male,92000.00/Head,-,150.0,Meru,2026-04-28
Maua,Capsicums,-,-,-,80.00/Kg,100.00/Kg,2000.0,Meru,2026-04-28
Ngundune,Cattle,Boran,Grade 3,Male,35000.00/Head,-,50.0,Meru,2026-04-28
Kathonzweni,Capsicums,-,-,-,60.00/Kg,150.00/Kg,400.0,Makueni,2026-04-28
Maua,Dry Onions,-,-,-,60.00/Kg,800.00/Kg,8000.0,Meru,2026-04-28
Ngundune,Cattle,Boran,Grade 3,Female,65000.00/Head,-,30.0,Meru,2026-04-28
Kathonzweni,Cabbages,-,-,-,25.00/Kg,35.00/Kg,14000.0,Makueni,2026-04-28
Ngundune,Cattle,Boran,Grade 2,Castrate,85000.00/Head,-,60.0,Meru,2026-04-28
Ngundune,Cattle,Boran,Grade 2,Male,85000.00/Head,-,100.0,Meru,2026-04-28
Kathonzweni,Butternuts,-,-,-,150.00/Kg,200.00/Kg,80.0,Makueni,2026-04-28
Maua,Tomatoes,-,-,-,50.00/Kg,70.00/Kg,15000.0,Meru,2026-04-28
Kathonzweni,Banana (Cooking),-,-,-,50.00/Kg,80.00/Kg,400.0,Makueni,2026-04-28
Maua,Garlic,-,-,-,320.00/Kg,400.00/Kg,1600.0,Meru,2026-04-28
Kathonzweni,Pigeon peas,-,-,-,100.00/Kg,110.00/Kg,600.0,Makueni,2026-04-28
Kathonzweni,Mixed Beans,-,-,-,100.00/Kg,110.00/Kg,5000.0,Makueni,2026-04-28
Maua,Butternuts,-,-,-,60.00/Kg,80.00/Kg,2000.0,Meru,2026-04-28
Kathonzweni,Green Grams,Makueni,-,-,100.00/Kg,110.00/Kg,450.0,Makueni,2026-04-28
Maua,Carrots,-,-,-,45.00/Kg,60.00/Kg,7000.0,Meru,2026-04-28
Kathonzweni,Cowpeas,-,-,-,90.00/Kg,100.00/Kg,900.0,Makueni,2026-04-28
Maua,Fresh Peas,On pods,-,-,100.00/Kg,160.00/Kg,1800.0,Meru,2026-04-28
Maua,Cabbages,-,-,-,15.00/Kg,25.00/Kg,9000.0,Meru,2026-04-28
Maua,Thorn melon,-,-,-,20.00/Kg,30.00/Kg,100.0,Meru,2026-04-28
Maua,Apples,-,-,-,322.22/Kg,440.00/Kg,360.0,Meru,2026-04-28
Nkubu,White Irish Potatoes,-,-,-,60.00/Kg,100.00/Kg,1900.0,Meru,2026-04-28
Nkubu,Oranges,-,-,-,55.56/Kg,100.00/Kg,900.0,Meru,2026-04-28
Nkubu,Pearl Rush Millet,-,-,-,122.22/Kg,120.00/Kg,810.0,Meru,2026-04-28
Maua,Pawpaw,-,-,-,30.00/Kg,25.00/Kg,3200.0,Meru,2026-04-28
Nkubu,Finger Millet,-,-,-,88.89/Kg,100.00/Kg,360.0,Meru,2026-04-28
Maua,Banana (Ripening),-,-,-,20.00/Kg,20.00/Kg,2400.0,Meru,2026-04-28
Maua,Oranges,-,-,-,60.00/Kg,100.00/Kg,6000.0,Meru,2026-04-28
Nkubu,Dry Maize,Mixed-Traditional,-,-,44.44/Kg,50.00/Kg,900.0,Meru,2026-04-28
Nkubu,Tomatoes,-,-,-,18.00/Kg,100.00/Kg,5000.0,Meru,2026-04-28
Nkubu,Dry Onions,-,-,-,90.00/Kg,100.00/Kg,1840.0,Meru,2026-04-28
Maua,Water Melon,-,-,-,30.00/Kg,35.00/Kg,4800.0,Meru,2026-04-28
Nkubu,Carrots,-,-,-,28.57/Kg,50.00/Kg,2100.0,Meru,2026-04-28
Nkubu,Cabbages,-,-,-,4.00/Kg,30.00/Kg,9000.0,Meru,2026-04-28
Nkubu,Pigeon peas,-,-,-,88.89/Kg,120.00/Kg,720.0,Meru,2026-04-28
Nkubu,Lentils,-,-,-,200.00/Kg,250.00/Kg,600.0,Meru,2026-04-28
Nkubu,Green Grams,Hybrid/ polished,-,-,144.44/Kg,150.00/Kg,720.0,Meru,2026-04-28
Nkubu,Dry Peas,-,-,-,144.44/Kg,170.00/Kg,630.0,Meru,2026-04-28
Nkubu,Dolichos lablab (Njahi),-,-,-,88.89/Kg,120.00/Kg,630.0,Meru,2026-04-28
Maua,Pigeon peas,-,-,-,100.00/Kg,120.00/Kg,4500.0,Meru,2026-04-28
Nkubu,Cowpeas,-,-,-,100.00/Kg,120.00/Kg,810.0,Meru,2026-04-28
Maua,Green Grams,Hybrid/ polished,-,-,144.44/Kg,160.00/Kg,8100.0,Meru,2026-04-28
Nkubu,Beans Rosecoco,-,-,-,111.11/Kg,130.00/Kg,540.0,Meru,2026-04-28
Nkubu,Beans Red Haricot (Wairimu),-,-,-,111.11/Kg,120.00/Kg,720.0,Meru,2026-04-28
Nkubu,Beans (Yellow-Green),-,-,-,133.33/Kg,150.00/Kg,720.0,Meru,2026-04-28
Maua,Cowpeas,-,-,-,100.00/Kg,120.00/Kg,2700.0,Meru,2026-04-28
Maua,Dolichos lablab (Njahi),-,-,-,88.89/Kg,100.00/Kg,6300.0,Meru,2026-04-28
Nkubu,Beans (Mwitemania),-,-,-,111.11/Kg,120.00/Kg,990.0,Meru,2026-04-28
Nkubu,Beans (Mwezi Moja),-,-,-,111.11/Kg,120.00/Kg,450.0,Meru,2026-04-28
Maua,Dry Peas,-,-,-,166.67/Kg,200.00/Kg,1800.0,Meru,2026-04-28
Maua,Beans Red Haricot (Wairimu),-,-,-,116.67/Kg,140.00/Kg,1890.0,Meru,2026-04-28
Mogogosiek Market,Omena,Dried,-,-,180.00/Kg,250.00/Kg,1500.0,Bomet,2026-04-28
Mogogosiek Market,White Irish Potatoes,-,-,-,40.00/Kg,60.00/Kg,9000.0,Bomet,2026-04-28
Mogogosiek Market,Sweet potatoes,-,-,-,100.00/Kg,130.00/Kg,3000.0,Bomet,2026-04-28
Maua,Mixed Beans,-,-,-,88.89/Kg,100.00/Kg,8100.0,Meru,2026-04-28
Mogogosiek Market,Red Irish potato,-,-,-,40.00/Kg,60.00/Kg,6000.0,Bomet,2026-04-28
Mogogosiek Market,Dry Maize,White Maize,-,-,54.17/Kg,62.50/Kg,10800.0,Bomet,2026-04-28
Maua,Beans (Yellow-Green),-,-,-,122.22/Kg,150.00/Kg,1080.0,Meru,2026-04-28
Mogogosiek Market,Spider flower (Saga),-,-,-,200.00/Kg,250.00/Kg,1500.0,Bomet,2026-04-28
Mogogosiek Market,Black nightshade (Managu/ Osuga),-,-,-,200.00/Kg,250.00/Kg,1200.0,Bomet,2026-04-28
Maua,Beans Rosecoco (Nyayo),-,-,-,133.33/Kg,150.00/Kg,1800.0,Meru,2026-04-28
Mogogosiek Market,Capsicums,-,-,-,50.00/Kg,80.00/Kg,500.0,Bomet,2026-04-28
Maua,Beans (Mwitemania),-,-,-,111.11/Kg,130.00/Kg,6300.0,Meru,2026-04-28
Mogogosiek Market,Cabbages,-,-,-,15.00/Kg,20.00/Kg,6000.0,Bomet,2026-04-28
Mogogosiek Market,Banana (Cooking),-,-,-,80.00/Kg,100.00/Kg,800.0,Bomet,2026-04-28
Maua,Rice,Pishori,-,-,160.00/Kg,180.00/Kg,6000.0,Meru,2026-04-28
Mogogosiek Market,Beans Rosecoco,-,-,-,150.00/Kg,200.00/Kg,8000.0,Bomet,2026-04-28
Mogogosiek Market,Beans (Yellow-Green),-,-,-,150.00/Kg,180.00/Kg,8000.0,Bomet,2026-04-28
Maua,Rice,IRR,-,-,120.00/Kg,140.00/Kg,3000.0,Meru,2026-04-28
Mogogosiek Market,Beans (Mwezi Moja),-,-,-,100.00/Kg,150.00/Kg,7000.0,Bomet,2026-04-28
Maua,Rice,Sindano,-,-,140.00/Kg,160.00/Kg,4500.0,Meru,2026-04-28
Maua,Wheat,-,-,-,88.89/Kg,100.00/Kg,990.0,Meru,2026-04-28
Voi Retail,Oranges,-,-,-,-,10.00/Kg,20.0,Taita-Taveta,2026-04-28
Voi Retail,Mangoes,Improved,-,-,-,50.00/Kg,20.0,Taita-Taveta,2026-04-28
Voi Retail,Lemons,-,-,-,-,10.00/Kg,40.0,Taita-Taveta,2026-04-28
Voi Retail,Avocado,Fuerte,-,-,-,40.00/Kg,40.0,Taita-Taveta,2026-04-28
Voi Retail,Apples,-,-,-,-,40.00/Kg,60.0,Taita-Taveta,2026-04-28
Voi Retail,Pumpkin Leaves,-,-,-,-,100.00/Kg,20.0,Taita-Taveta,2026-04-28
Voi Retail,Cowpea leaves (Kunde),-,-,-,-,80.00/Kg,50.0,Taita-Taveta,2026-04-28
Maua,White Sorghum,-,-,-,80.00/kg,90.00/kg,1800.0,Meru,2026-04-28
Voi Retail,Amaranthus (Terere),-,-,-,-,100.00/Kg,50.0,Taita-Taveta,2026-04-28
Maua,Red Sorghum,-,-,-,90.00/Kg,100.00/Kg,1600.0,Meru,2026-04-28
Voi Retail,White Irish Potatoes,-,-,-,-,80.00/Kg,130.0,Taita-Taveta,2026-04-28
Voi Retail,Cassava Fresh,-,-,-,-,90.00/Kg,50.0,Taita-Taveta,2026-04-28
Voi Retail,Arrow Root,-,-,-,-,120.00/Kg,80.0,Taita-Taveta,2026-04-28
Maua,Pearl Rush Millet,-,-,-,90.00/Kg,110.00/Kg,2500.0,Meru,2026-04-28
Voi Retail,Tomatoes,-,-,-,-,140.00/Kg,120.0,Taita-Taveta,2026-04-28
Voi Retail,Spinach,-,-,-,-,100.00/Kg,50.0,Taita-Taveta,2026-04-28
Voi Retail,Okra (Lady's fingers or Gumbo),-,-,-,-,140.00/Kg,20.0,Taita-Taveta,2026-04-28
Voi Retail,Kales/Sukuma Wiki,-,-,-,-,80.00/Kg,50.0,Taita-Taveta,2026-04-28
Voi Retail,Ginger,-,-,-,-,250.00/Kg,20.0,Taita-Taveta,2026-04-28
Voi Retail,Garlic,-,-,-,-,550.00/Kg,120.0,Taita-Taveta,2026-04-28
Voi Retail,Fresh Peas,Shelled Peas,-,-,-,160.00/Kg,50.0,Taita-Taveta,2026-04-28
Voi Retail,French beans,-,-,-,-,120.00/Kg,50.0,Taita-Taveta,2026-04-28
Voi Retail,Dry Onions,-,-,-,-,100.00/Kg,40.0,Taita-Taveta,2026-04-28
Voi Retail,Coriander (Dhania),-,-,-,-,50.00/Kg,20.0,Taita-Taveta,2026-04-28
Voi Retail,Carrots,-,-,-,-,100.00/Kg,30.0,Taita-Taveta,2026-04-28
Voi Retail,Capsicums,-,-,-,-,120.00/Kg,20.0,Taita-Taveta,2026-04-28
Voi Retail,Butternuts,-,-,-,-,80.00/Kg,30.0,Taita-Taveta,2026-04-28
Maua,Finger Millet,-,-,-,120.00/Kg,150.00/Kg,1900.0,Meru,2026-04-28
Voi Retail,Cabbages,-,-,-,-,80.00/Kg,50.0,Taita-Taveta,2026-04-28
Voi Retail,Broccoli,-,-,-,-,120.00/Kg,20.0,Taita-Taveta,2026-04-28
Maua,Dry Maize,White Maize,-,-,55.56/Kg,60.00/Kg,7200.0,Meru,2026-04-28
Voi Retail,Banana (Plantain),-,-,-,-,10.00/Kg,120.0,Taita-Taveta,2026-04-28
Voi Retail,Banana (Cooking),-,-,-,-,10.00/Kg,100.0,Taita-Taveta,2026-04-28
Kapkwen,Chicken,Indigenous,-,Female,850.00/Head,-,1200.0,Bomet,2026-04-28
Kapkwen,Chicken,Indigenous,-,Male,1000.00/Head,-,1500.0,Bomet,2026-04-28
Kapkwen,Cattle,Friesian,Grade 2,Female,78000.00/Head,-,112.0,Bomet,2026-04-28
Kapkwen,Cattle,Friesian,Grade 2,Male,80000.00/Head,-,130.0,Bomet,2026-04-28
Kapkwen,Cattle,Ayrshire,Grade 2,Female,75000.00/Head,-,103.0,Bomet,2026-04-28
Kapkwen,Cattle,Ayrshire,Grade 2,Male,78000.00/Head,-,120.0,Bomet,2026-04-28
Kapkwen,Dry Maize,White Maize,-,-,47.78/Kg,70.00/Kg,360000.0,Bomet,2026-04-28
Kapkwen,Tomatoes,-,-,-,30.00/Kg,50.00/Kg,240000.0,Bomet,2026-04-28
Kapkwen,Fresh Peas,On pods,-,-,60.00/Kg,100.00/Kg,14000.0,Bomet,2026-04-28
Kapkwen,Dry Onions,-,-,-,90.00/Kg,160.00/Kg,120000.0,Bomet,2026-04-28
Kapkwen,Carrots,-,-,-,40.00/Kg,80.00/Kg,1000.0,Bomet,2026-04-28
Kapkwen,Cabbages,-,-,-,15.00/Kg,25.00/Kg,13000.0,Bomet,2026-04-28
Kapkwen,Butternuts,-,-,-,50.00/Kg,75.00/Kg,1200.0,Bomet,2026-04-28
Kapkwen,Beans Rosecoco,-,-,-,150.00/Kg,175.00/Kg,13000.0,Bomet,2026-04-28
Voi Wholesale,Black nightshade (Managu/ Osuga),-,-,-,60.00/Kg,-,700.0,Taita-Taveta,2026-04-28
Voi Wholesale,Amaranthus (Terere),-,-,-,60.00/Kg,-,600.0,Taita-Taveta,2026-04-28
Voi Wholesale,Oranges,-,-,-,80.00/Kg,-,500.0,Taita-Taveta,2026-04-28
Voi Wholesale,Mangoes,Improved,-,-,30.00/Kg,-,1500.0,Taita-Taveta,2026-04-28
Chumvini Livestock Market,Sheep,Blackhead Persian,Grade 2,Female,15000.00/Head,-,9.0,Taita-Taveta,2026-04-28
Chumvini Livestock Market,Sheep,Blackhead Persian,Grade 2,Male,13000.00/Head,-,6.0,Taita-Taveta,2026-04-28
Voi Wholesale,Sweet potatoes,-,-,-,50.00/Kg,-,2850.0,Taita-Taveta,2026-04-28
Chumvini Livestock Market,Goat,Galla,Grade 1,Female,20000.00/Head,-,4.0,Taita-Taveta,2026-04-28
Chumvini Livestock Market,Goat,Galla,Grade 1,Male,30000.00/Head,-,3.0,Taita-Taveta,2026-04-28
Chumvini Livestock Market,Goat,Mixed,Grade 2,Female,9500.00/Head,-,103.0,Taita-Taveta,2026-04-28
Chumvini Livestock Market,Goat,Mixed,Grade 2,Male,10000.00/Head,-,118.0,Taita-Taveta,2026-04-28
Chumvini Livestock Market,Cattle,Mixed,Grade 2,Female,56000.00/Head,-,3.0,Taita-Taveta,2026-04-28
Voi Wholesale,White Irish Potatoes,-,-,-,54.74/Kg,-,9500.0,Taita-Taveta,2026-04-28
Voi Wholesale,Banana (Ripening),-,-,-,40.00/Kg,-,400.0,Taita-Taveta,2026-04-28
Voi Wholesale,Avocado,Local,-,-,30.00/Kg,-,300.0,Taita-Taveta,2026-04-28
Chumvini Livestock Market,Chicken,Indigenous,-,Female,1100.00/Head,-,84.0,Taita-Taveta,2026-04-28
Chumvini Livestock Market,Chicken,Indigenous,-,Male,1500.00/Head,-,146.0,Taita-Taveta,2026-04-28
Voi Wholesale,Tomatoes,-,-,-,80.00/Kg,-,1750.0,Taita-Taveta,2026-04-28
Voi Wholesale,Tomatoes,-,-,-,80.00/Kg,-,3500.0,Taita-Taveta,2026-04-28
Voi Wholesale,Okra (Lady's fingers or Gumbo),-,-,-,80.00/Kg,-,400.0,Taita-Taveta,2026-04-28
Voi Wholesale,Spinach,-,-,-,60.00/Kg,-,900.0,Taita-Taveta,2026-04-28
Voi Wholesale,Kales/Sukuma Wiki,-,-,-,35.00/Kg,-,1200.0,Taita-Taveta,2026-04-28
Voi Wholesale,Green Maize,-,-,-,60.00/Kg,-,350.0,Taita-Taveta,2026-04-28
Voi Wholesale,Ginger,-,-,-,160.00/Kg,-,550.0,Taita-Taveta,2026-04-28
Voi Wholesale,Garlic,-,-,-,360.00/Kg,-,500.0,Taita-Taveta,2026-04-28
Voi Wholesale,Fresh Peas,Shelled Peas,-,-,100.00/Kg,-,50.0,Taita-Taveta,2026-04-28
Voi Wholesale,Fresh Peas,On pods,-,-,80.00/Kg,-,500.0,Taita-Taveta,2026-04-28
Voi Wholesale,Cabbages,-,-,-,11.25/Kg,-,5400.0,Taita-Taveta,2026-04-28
Voi Wholesale,Banana (Cooking),-,-,-,32.50/Kg,-,2400.0,Taita-Taveta,2026-04-28
Voi Wholesale,Banana (Cooking),-,-,-,40.00/Kg,-,2100.0,Taita-Taveta,2026-04-28
Kerugoya,Green Grams,Makueni,-,-,140.00/Kg,180.00/Kg,1600.0,Kirinyaga,2026-04-28
Kerugoya,Green Grams,Local-Special,-,-,125.00/Kg,160.00/Kg,1500.0,Kirinyaga,2026-04-28
Kerugoya,Green Grams,Hybrid/ polished,-,-,145.00/Kg,190.00/Kg,1450.0,Kirinyaga,2026-04-28
Kerugoya,Dry Peas,-,-,-,175.00/Kg,220.00/Kg,500.0,Kirinyaga,2026-04-28
Kerugoya,Dolichos lablab (Njahi),-,-,-,100.00/Kg,130.00/Kg,1650.0,Kirinyaga,2026-04-28
Kerugoya,Beans Rosecoco (Nyayo),-,-,-,140.00/Kg,180.00/Kg,2500.0,Kirinyaga,2026-04-28
Kerugoya,Beans Rosecoco,-,-,-,140.00/Kg,180.00/Kg,2450.0,Kirinyaga,2026-04-28
Kerugoya,Beans Red Haricot (Wairimu),-,-,-,120.00/Kg,150.00/Kg,2650.0,Kirinyaga,2026-04-28
Kerugoya,Beans (Yellow-Green),-,-,-,145.00/Kg,200.00/Kg,1650.0,Kirinyaga,2026-04-28
Kerugoya,Cowpeas,-,-,-,120.00/Kg,150.00/Kg,2250.0,Kirinyaga,2026-04-28
Kerugoya,Beans (Mwitemania),-,-,-,135.00/Kg,170.00/Kg,2350.0,Kirinyaga,2026-04-28
Kerugoya,Beans (Mwezi Moja),-,-,-,120.00/Kg,160.00/Kg,2600.0,Kirinyaga,2026-04-28
Kerugoya,Beans (Canadian wonder),-,-,-,125.00/Kg,160.00/Kg,2500.0,Kirinyaga,2026-04-28
Nkubu,Dry Onions,-,-,-,90.00/Kg,120.00/Kg,1440.0,Meru,2026-05-05
Nkubu,Carrots,-,-,-,28.57/Kg,50.00/Kg,1750.0,Meru,2026-05-05
Nkubu,Cabbages,-,-,-,4.00/Kg,30.00/Kg,8000.0,Meru,2026-05-05
Nkubu,Pigeon peas,-,-,-,88.89/Kg,120.00/Kg,630.0,Meru,2026-05-05
Nkubu,Lentils,-,-,-,200.00/Kg,250.00/Kg,750.0,Meru,2026-05-05
Nkubu,Green Grams,Hybrid/ polished,-,-,144.44/Kg,150.00/Kg,900.0,Meru,2026-05-05
Nkubu,Dry Peas,-,-,-,144.44/Kg,170.00/Kg,720.0,Meru,2026-05-05
Nkubu,Dolichos lablab (Njahi),-,-,-,144.44/Kg,150.00/Kg,900.0,Meru,2026-05-05
Nkubu,Cowpeas,-,-,-,100.00/Kg,120.00/Kg,630.0,Meru,2026-05-05
Nkubu,Beans Rosecoco,-,-,-,111.11/Kg,130.00/Kg,720.0,Meru,2026-05-05
Nkubu,Beans Red Haricot (Wairimu),-,-,-,111.11/Kg,120.00/Kg,630.0,Meru,2026-05-05
Nkubu,Beans (Yellow-Green),-,-,-,133.33/Kg,150.00/Kg,630.0,Meru,2026-05-05
Nkubu,Beans (Mwitemania),-,-,-,111.11/Kg,120.00/Kg,720.0,Meru,2026-05-05
Nkubu,Beans (Mwezi Moja),-,-,-,111.11/Kg,120.00/Kg,630.0,Meru,2026-05-05
Voi Wholesale,Black nightshade (Managu/ Osuga),-,-,-,60.00/Kg,-,750.0,Taita-Taveta,2026-05-05
Voi Wholesale,Amaranthus (Terere),-,-,-,60.00/Kg,-,600.0,Taita-Taveta,2026-05-05
Voi Wholesale,Oranges,-,-,-,80.00/Kg,-,400.0,Taita-Taveta,2026-05-05
Voi Wholesale,Avocado,Local,-,-,30.00/Kg,-,1500.0,Taita-Taveta,2026-05-05
Voi Wholesale,Tomatoes,-,-,-,73.33/Kg,-,2250.0,Taita-Taveta,2026-05-05
Voi Wholesale,Tomatoes,-,-,-,73.33/Kg,-,4500.0,Taita-Taveta,2026-05-05
Voi Wholesale,Spinach,-,-,-,60.00/Kg,-,800.0,Taita-Taveta,2026-05-05
Voi Wholesale,Kales/Sukuma Wiki,-,-,-,30.00/Kg,-,1200.0,Taita-Taveta,2026-05-05
Voi Wholesale,Green Maize,-,-,-,60.00/Kg,-,200.0,Taita-Taveta,2026-05-05
Voi Wholesale,Fresh Peas,Shelled Peas,-,-,90.00/Kg,-,50.0,Taita-Taveta,2026-05-05
Voi Wholesale,Fresh Peas,On pods,-,-,50.00/Kg,-,1200.0,Taita-Taveta,2026-05-05
Voi Wholesale,Dry Onions,-,-,-,7.69/Kg,-,3000.0,Taita-Taveta,2026-05-05
Voi Wholesale,Carrots,-,-,-,50.00/Kg,-,700.0,Taita-Taveta,2026-05-05
Voi Wholesale,Cabbages,-,-,-,15.00/Kg,-,400.0,Taita-Taveta,2026-05-05
Voi Wholesale,Cabbages,-,-,-,12.50/Kg,-,6000.0,Taita-Taveta,2026-05-05
Voi Wholesale,Banana (Cooking),-,-,-,36.67/Kg,-,1800.0,Taita-Taveta,2026-05-05
Voi Wholesale,Banana (Cooking),-,-,-,32.50/Kg,-,2400.0,Taita-Taveta,2026-05-05
Voi Wholesale,White Irish Potatoes,-,-,-,52.17/Kg,-,8100.0,Taita-Taveta,2026-05-05
Voi Wholesale,Arrow Root,-,-,-,100.00/Kg,-,3500.0,Taita-Taveta,2026-05-05
Voi Wholesale,Cassava Fresh,-,-,-,50.00/Kg,-,500.0,Taita-Taveta,2026-05-05
Voi Wholesale,Sweet potatoes,-,-,-,52.63/Kg,-,2500.0,Taita-Taveta,2026-05-05
Voi Wholesale,Arrow Root,-,-,-,100.00/Kg,-,3500.0,Taita-Taveta,2026-05-05
Ngurubani Market,Pumpkin Leaves,-,-,-,20.00/Kg,30.00/Kg,250.0,Kirinyaga,2026-05-04
Ngurubani Market,Black nightshade (Managu/ Osuga),-,-,-,35.00/Kg,50.00/Kg,520.0,Kirinyaga,2026-05-04
Ngurubani Market,Cowpea leaves (Kunde),-,-,-,35.00/Kg,50.00/Kg,145.0,Kirinyaga,2026-05-04
Ngurubani Market,Amaranthus (Terere),-,-,-,30.00/Kg,40.00/Kg,320.0,Kirinyaga,2026-05-04
Ngurubani Market,Tomatoes,-,-,-,75.00/Kg,85.00/Kg,950.0,Kirinyaga,2026-05-04
Ngurubani Market,Spring Onions,-,-,-,40.00/Kg,60.00/Kg,180.0,Kirinyaga,2026-05-04
Ngurubani Market,Spinach,-,-,-,35.00/Kg,50.00/Kg,325.0,Kirinyaga,2026-05-04
Ngurubani Market,Pumpkin,-,-,-,30.00/Kg,40.00/Kg,2580.0,Kirinyaga,2026-05-04
Ngurubani Market,Green Maize,-,-,-,40.00/Kg,50.00/Kg,2350.0,Kirinyaga,2026-05-04
Ngurubani Market,Kales/Sukuma Wiki,-,-,-,30.00/Kg,45.00/Kg,1250.0,Kirinyaga,2026-05-04
Ngurubani Market,Fresh Peas,On pods,-,-,150.00/Kg,170.00/Kg,345.0,Kirinyaga,2026-05-04
Ngurubani Market,French beans,-,-,-,70.00/Kg,100.00/Kg,320.0,Kirinyaga,2026-05-04
Ngurubani Market,Egg plant (Brinjals),-,-,-,50.00/Kg,80.00/Kg,40.0,Kirinyaga,2026-05-04
Ngurubani Market,Cucumber,-,-,-,60.00/Kg,80.00/Kg,120.0,Kirinyaga,2026-05-04
Ngurubani Market,Dry Onions,-,-,-,90.00/Kg,130.00/Kg,4800.0,Kirinyaga,2026-05-04
Ngurubani Market,Courgette,-,-,-,80.00/Kg,120.00/Kg,135.0,Kirinyaga,2026-05-04
Ngurubani Market,Coriander (Dhania),-,-,-,60.00/Kg,80.00/Kg,132.0,Kirinyaga,2026-05-04
Ngurubani Market,Chillies,-,-,-,50.00/Kg,70.00/Kg,412.0,Kirinyaga,2026-05-04
Ngurubani Market,Carrots,-,-,-,40.00/Kg,60.00/Kg,3250.0,Kirinyaga,2026-05-04
Ngurubani Market,Capsicums,-,-,-,30.00/Kg,50.00/Kg,125.0,Kirinyaga,2026-05-04
Ngurubani Market,Cabbages,-,-,-,22.00/Kg,27.00/Kg,19500.0,Kirinyaga,2026-05-04
Ngurubani Market,Butternuts,-,-,-,32.00/Kg,42.00/Kg,2800.0,Kirinyaga,2026-05-04
Ngurubani Market,Banana (Cooking),-,-,-,30.00/Kg,40.00/Kg,1520.0,Kirinyaga,2026-05-04
Ngurubani Market,Rice,Pishori,-,-,150.00/Kg,170.00/Kg,135000.0,Kirinyaga,2026-05-04
Ngurubani Market,Red Sorghum,-,-,-,86.67/Kg,100.00/Kg,1450.0,Kirinyaga,2026-05-04
Ngurubani Market,Dry Maize,White Maize,-,-,51.67/Kg,60.00/Kg,6580.0,Kirinyaga,2026-05-04
Ngurubani Market,Water Melon,-,-,-,20.00/Kg,25.00/Kg,25800.0,Kirinyaga,2026-05-04
Ngurubani Market,Tree tomato,-,-,-,70.00/Kg,100.00/Kg,213.0,Kirinyaga,2026-05-04
Ngurubani Market,Thorn melon,-,-,-,80.00/Kg,120.00/Kg,325.0,Kirinyaga,2026-05-04
Ngurubani Market,Pineapples,-,-,-,50.00/Kg,70.00/Kg,1250.0,Kirinyaga,2026-05-04
Ngurubani Market,Pawpaw,-,-,-,35.00/Kg,50.00/Kg,250.0,Kirinyaga,2026-05-04
Ngurubani Market,Passion Fruits,-,-,-,160.00/Kg,220.00/Kg,350.0,Kirinyaga,2026-05-04
Ngurubani Market,Lemons,-,-,-,40.00/Kg,60.00/Kg,150.0,Kirinyaga,2026-05-04
Ngurubani Market,Avocado,Local,-,-,50.00/Kg,70.00/Kg,852.0,Kirinyaga,2026-05-04
Ngurubani Market,Pork,-,-,-,650.00/Kg,750.00/Kg,355.0,Kirinyaga,2026-05-04
Ngurubani Market,Meat Beef,-,-,-,650.00/Kg,750.00/Kg,1350.0,Kirinyaga,2026-05-04
Ngurubani Market,Eggs,Exotic/Grade,-,-,420.00/Tray(30),480.00/Tray(30),2250.0,Kirinyaga,2026-05-04
Ngurubani Market,Sweet potatoes,-,-,-,80.00/Kg,100.00/Kg,415.0,Kirinyaga,2026-05-04
Ngurubani Market,White Irish Potatoes,-,-,-,45.00/Kg,50.00/Kg,21500.0,Kirinyaga,2026-05-04
Ngurubani Market,Arrow Root,-,-,-,100.00/Kg,150.00/Kg,1200.0,Kirinyaga,2026-05-04
Ngurubani Market,Pigeon peas,-,-,-,72.22/Kg,90.00/Kg,1580.0,Kirinyaga,2026-05-04
Ngurubani Market,Lentils,-,-,-,188.89/Kg,220.00/Kg,1580.0,Kirinyaga,2026-05-04
Ngurubani Market,Mixed Beans,-,-,-,83.33/Kg,105.00/Kg,520.0,Kirinyaga,2026-05-04
Ngurubani Market,Dolichos lablab (Njahi),-,-,-,86.67/Kg,100.00/Kg,1350.0,Kirinyaga,2026-05-04
Ngurubani Market,Cowpeas,-,-,-,94.44/Kg,150.00/Kg,1580.0,Kirinyaga,2026-05-04
Ngurubani Market,Beans Rosecoco (Nyayo),-,-,-,105.56/Kg,150.00/Kg,3850.0,Kirinyaga,2026-05-04
Ngurubani Market,Beans Red Haricot (Wairimu),-,-,-,97.78/Kg,130.00/Kg,3500.0,Kirinyaga,2026-05-04
Ngurubani Market,Beans (Mwitemania),-,-,-,97.78/Kg,120.00/Kg,2250.0,Kirinyaga,2026-05-04
Ngurubani Market,Beans (Mwezi Moja),-,-,-,94.44/Kg,140.00/Kg,950.0,Kirinyaga,2026-05-04
Ngurubani Market,Beans (Yellow-Green),-,-,-,122.22/Kg,175.00/Kg,2580.0,Kirinyaga,2026-05-04
Ngurubani Market,Fertilizer,NPK,-,-,94.00/Kg,110.00/Kg,188000.0,Kirinyaga,2026-05-04
Ngurubani Market,Fertilizer,DAP,-,-,136.00/Kg,140.00/Kg,135000.0,Kirinyaga,2026-05-04
Ngurubani Market,Fertilizer,CAN,-,-,67.00/Kg,80.00/Kg,68000.0,Kirinyaga,2026-05-04
Chebunyo,Eggs,Indigenous /Kenyeji,-,-,540.00/Tray(30),600.00/Tray(30),10000.0,Bomet,2026-05-04
Chebunyo,Sheep,Dorper,Grade 3,Female,7500.00/Head,-,600.0,Bomet,2026-05-04
Chebunyo,Sheep,Dorper,Grade 3,Male,12000.00/Head,-,600.0,Bomet,2026-05-04
Chebunyo,Goat,Dairy Goats,Grade 3,Male,10000.00/Head,-,600.0,Bomet,2026-05-04
Chebunyo,Goat,Dairy Goats,Grade 3,Male,7500.00/Head,-,500.0,Bomet,2026-05-04
Chebunyo,Chicken,Improved Kienyeji,-,Female,900.00/Head,-,2000.0,Bomet,2026-05-04
Chebunyo,Chicken,Improved Kienyeji,-,Male,1000.00/Head,-,2000.0,Bomet,2026-05-04
Chebunyo,Oranges,-,-,-,61.82/Kg,100.00/Kg,7000.0,Bomet,2026-05-04
Chebunyo,Water Melon,-,-,-,80.00/Kg,120.00/Kg,4000.0,Bomet,2026-05-04
Chebunyo,Dry Maize,White Maize,-,-,50.00/Kg,65.00/Kg,18000.0,Bomet,2026-05-04
Chebunyo,Tomatoes,-,-,-,75.00/Kg,100.00/Kg,16000.0,Bomet,2026-05-04
Chebunyo,Dry Onions,-,-,-,65.00/Kg,90.00/Kg,2400.0,Bomet,2026-05-04
Chebunyo,Cabbages,-,-,-,10.00/Kg,20.00/Kg,15000.0,Bomet,2026-05-04
Butere Livestock Market,Chicken,Improved Kienyeji,-,Female,400.00/Head,-,5.0,Kakamega,2026-05-04
Butere Livestock Market,Chicken,Improved Kienyeji,-,Male,400.00/Head,-,6.0,Kakamega,2026-05-04
Butere Livestock Market,Chicken,Improved Kienyeji,-,Female,800.00/Head,-,11.0,Kakamega,2026-05-04
Butere Livestock Market,Chicken,Improved Kienyeji,-,Male,1100.00/Head,-,9.0,Kakamega,2026-05-04
Butere Livestock Market,Chicken,Improved Kienyeji,-,Female,1000.00/Head,-,13.0,Kakamega,2026-05-04
Butere Livestock Market,Chicken,Improved Kienyeji,-,Male,1400.00/Head,-,7.0,Kakamega,2026-05-04
Butere Livestock Market,Chicken,Indigenous,-,Female,350.00/Head,-,7.0,Kakamega,2026-05-04
Butere Livestock Market,Chicken,Indigenous,-,Female,350.00/Head,-,5.0,Kakamega,2026-05-04
Butere Livestock Market,Chicken,Indigenous,-,Female,750.00/Head,-,15.0,Kakamega,2026-05-04
Butere Livestock Market,Chicken,Indigenous,-,Male,1000.00/Head,-,12.0,Kakamega,2026-05-04
Butere Livestock Market,Chicken,Indigenous,-,Female,900.00/Head,-,25.0,Kakamega,2026-05-04
Butere Livestock Market,Chicken,Indigenous,-,Male,1300.00/Head,-,18.0,Kakamega,2026-05-04
Butere Livestock Market,Tomatoes,-,-,-,121.43/Kg,145.45/Kg,3500.0,Kakamega,2026-05-04
Butere Livestock Market,Banana (Cooking),-,-,-,30.00/Kg,52.63/Kg,120.0,Kakamega,2026-05-04
Butere Livestock Market,Dry Maize,White Maize,-,-,44.44/Kg,52.17/Kg,8370.0,Kakamega,2026-05-04
Butere Livestock Market,Cabbages,-,-,-,30.43/Kg,34.78/Kg,2216.0,Kakamega,2026-05-04
Butere Livestock Market,White Irish Potatoes,-,-,-,57.14/Kg,62.50/Kg,8750.0,Kakamega,2026-05-04
Butere Livestock Market,Sheep,Red Maasai,Grade 1,Female,4000.00/Head,-,3.0,Kakamega,2026-05-04
Vanga,Tuna,Fresh,-,-,200.00/Kg,250.00/Kg,75.0,Kwale,2026-05-04
Butere Livestock Market,Sheep,Red Maasai,Grade 1,Male,3800.00/Head,-,6.0,Kakamega,2026-05-04
Vanga,Jacks/Trevallies(Kolekole),Fresh,-,-,350.00/ Kg,400.00/ Kg,350.0,Kwale,2026-05-04
Vanga,Goatfishes,Fresh,-,-,250.00/Kg,270.00/Kg,25.0,Kwale,2026-05-04
Vanga,Barracuda(Kasumba),Fresh,-,-,220.00/Kg,250.00/Kg,580.0,Kwale,2026-05-04
Butere Livestock Market,Sheep,Red Maasai,Grade 2,Female,4800.00/Head,-,3.0,Kakamega,2026-05-04
Butere Livestock Market,Sheep,Red Maasai,Grade 2,Male,4500.00/Head,-,4.0,Kakamega,2026-05-04
Butere Livestock Market,Sheep,Red Maasai,Grade 1,Female,5500.00/Head,-,3.0,Kakamega,2026-05-04
Butere Livestock Market,Sheep,Red Maasai,Grade 1,Male,5000.00/Head,-,2.0,Kakamega,2026-05-04
Butere Livestock Market,Sheep,Red Maasai,Grade 3,Female,5000.00/Head,-,4.0,Kakamega,2026-05-04
Butere Livestock Market,Sheep,Red Maasai,Grade 3,Male,5500.00/Head,-,2.0,Kakamega,2026-05-04
Butere Livestock Market,Sheep,Red Maasai,Grade 2,Female,5800.00/Head,-,9.0,Kakamega,2026-05-04
Kutus,Carrots,-,-,-,60.00/Kg,80.00/Kg,3500.0,Kirinyaga,2026-05-04
Butere Livestock Market,Sheep,Red Maasai,Grade 2,Male,6000.00/Head,-,8.0,Kakamega,2026-05-04
Butere Livestock Market,Sheep,Red Maasai,Grade 1,Female,6500.00/Head,-,5.0,Kakamega,2026-05-04
Butere Livestock Market,Sheep,Red Maasai,Grade 1,Male,7000.00/Head,-,3.0,Kakamega,2026-05-04
Butere Livestock Market,Sheep,Red Maasai,Grade 3,Female,6500.00/Head,-,6.0,Kakamega,2026-05-04
Butere Livestock Market,Sheep,Red Maasai,Grade 3,Male,6800.00/Head,-,4.0,Kakamega,2026-05-04
Butere Livestock Market,Sheep,Red Maasai,Grade 2,Female,7500.00/Head,-,7.0,Kakamega,2026-05-04
Butere Livestock Market,Sheep,Red Maasai,Grade 2,Male,7200.00/Head,-,5.0,Kakamega,2026-05-04
Butere Livestock Market,Sheep,Red Maasai,Grade 2,Male,7200.00/Head,-,5.0,Kakamega,2026-05-04
Butere Livestock Market,Sheep,Red Maasai,Grade 1,Female,8500.00/Head,-,3.0,Kakamega,2026-05-04
Butere Livestock Market,Sheep,Red Maasai,Grade 1,Male,8000.00/Head,-,5.0,Kakamega,2026-05-04
Butere Livestock Market,Goat,Mixed,Grade 3,Female,4500.00/Head,-,6.0,Kakamega,2026-05-04
Butere Livestock Market,Goat,Mixed,Grade 3,Male,4000.00/Head,-,3.0,Kakamega,2026-05-04
Butere Livestock Market,Goat,Mixed,Grade 2,Female,5000.00/Head,-,2.0,Kakamega,2026-05-04
Butere Livestock Market,Goat,Mixed,Grade 2,Male,4500.00/Head,-,6.0,Kakamega,2026-05-04
Kutus,Arrow Root,-,-,-,70.00/Kg,100.00/Kg,,Kirinyaga,2026-05-04
Kutus,White Irish Potatoes,-,-,-,55.00/Kg,65.00/Kg,,Kirinyaga,2026-05-04
Butere Livestock Market,Goat,Mixed,Grade 1,Female,5500.00/Head,-,6.0,Kakamega,2026-05-04
Butere Livestock Market,Goat,Mixed,Grade 1,Male,5000.00/Head,-,4.0,Kakamega,2026-05-04
Butere Livestock Market,Cattle,Mixed,Grade 3,Female,5500.00/Head,-,3.0,Kakamega,2026-05-04
Kutus,Apples,-,-,-,300.00/Kg,350.00/Kg,,Kirinyaga,2026-05-04
Butere Livestock Market,Goat,Mixed,Grade 3,Male,5000.00/Head,-,5.0,Kakamega,2026-05-04
Kutus,Avocado,Local,-,-,25.00/Kg,35.00/Kg,,Kirinyaga,2026-05-04
Butere Livestock Market,Goat,Mixed,Grade 2,Female,6000.00/Head,-,8.0,Kakamega,2026-05-04
Kutus,Banana (Ripening),-,-,-,15.00/Kg,20.00/Kg,12000.0,Kirinyaga,2026-05-04
Kutus,Oranges,-,-,-,40.00/Kg,90.00/Kg,,Kirinyaga,2026-05-04
Butere Livestock Market,Goat,Mixed,Grade 2,Male,5700.00/Head,-,7.0,Kakamega,2026-05-04
Kutus,Passion Fruits,-,-,-,160.00/Kg,200.00/Kg,,Kirinyaga,2026-05-04
Butere Livestock Market,Goat,Mixed,Grade 1,Female,6500.00/Head,-,4.0,Kakamega,2026-05-04
Kutus,Tree tomato,-,-,-,80.00/Kg,120.00/Kg,250.0,Kirinyaga,2026-05-04
Kutus,Water Melon,-,-,-,25.00/Kg,30.00/Kg,,Kirinyaga,2026-05-04
Butere Livestock Market,Goat,Mixed,Grade 1,Male,6000.00/Head,-,5.0,Kakamega,2026-05-04
Butere Livestock Market,Goat,Mixed,Grade 3,Female,6500.00/Head,-,7.0,Kakamega,2026-05-04
Kutus,Banana (Cooking),-,-,-,15.00/Kg,20.00/Kg,12000.0,Kirinyaga,2026-05-04
Butere Livestock Market,Goat,Mixed,Grade 3,Male,6800.00/Head,-,5.0,Kakamega,2026-05-04
Kutus,Banana (Plantain),-,-,-,70.00/Kg,100.00/Kg,2500.0,Kirinyaga,2026-05-04
Butere Livestock Market,Goat,Mixed,Grade 2,Female,7000.00/Head,-,3.0,Kakamega,2026-05-04
Kutus,Butternuts,-,-,-,30.00/Kg,50.00/Kg,800.0,Kirinyaga,2026-05-04
Butere Livestock Market,Goat,Mixed,Grade 2,Male,7500.00/Head,-,4.0,Kakamega,2026-05-04
Kutus,Cabbages,-,-,-,20.00/Kg,30.00/Kg,,Kirinyaga,2026-05-04
Butere Livestock Market,Goat,Mixed,Grade 1,Female,7500.00/Head,-,6.0,Kakamega,2026-05-04
Kutus,Capsicums,-,-,-,60.00/Kg,80.00/Kg,450.0,Kirinyaga,2026-05-04
Kutus,Carrots,-,-,-,35.00/Kg,50.00/Kg,3500.0,Kirinyaga,2026-05-04
Butere Livestock Market,Goat,Mixed,Grade 1,Male,8000.00/Head,-,5.0,Kakamega,2026-05-04
Butere Livestock Market,Cattle,Mixed,Grade 3,Female,25000.00/Head,-,4.0,Kakamega,2026-05-04
Kutus,Chillies,-,-,-,120.00/Kg,150.00/Kg,80.0,Kirinyaga,2026-05-04
Kutus,Coriander (Dhania),-,-,-,70.00/Kg,130.00/Kg,120.0,Kirinyaga,2026-05-04
Butere Livestock Market,Cattle,Mixed,Grade 3,Male,23000.00/Head,-,3.0,Kakamega,2026-05-04
Butere Livestock Market,Cattle,Mixed,Grade 2,Female,28000.00/Head,-,2.0,Kakamega,2026-05-04
Butere Livestock Market,Cattle,Mixed,Grade 2,Male,25000.00/Head,-,3.0,Kakamega,2026-05-04
Butere Livestock Market,Cattle,Mixed,Grade 1,Female,30000.00/Head,-,4.0,Kakamega,2026-05-04
Butere Livestock Market,Cattle,Mixed,Grade 1,Male,28000.00/Head,-,3.0,Kakamega,2026-05-04
Butere Livestock Market,Cattle,Mixed,Grade 3,Female,35000.00/Head,-,2.0,Kakamega,2026-05-04
Butere Livestock Market,Cattle,Mixed,Grade 3,Male,33000.00/Head,-,6.0,Kakamega,2026-05-04
Butere Livestock Market,Cattle,Mixed,Grade 2,Male,38000.00/Head,-,4.0,Kakamega,2026-05-04
Butere Livestock Market,Cattle,Mixed,Grade 2,Female,40000.00/Head,-,1.0,Kakamega,2026-05-04
Kutus,Courgette,-,-,-,100.00/Kg,120.00/Kg,350.0,Kirinyaga,2026-05-04
Butere Livestock Market,Cattle,Mixed,Grade 1,Female,45000.00/Head,-,3.0,Kakamega,2026-05-04
Butere Livestock Market,Cattle,Mixed,Grade 1,Male,41000.00/Head,-,2.0,Kakamega,2026-05-04
Butere Livestock Market,Cattle,Mixed,Grade 3,Female,38000.00/Head,-,5.0,Kakamega,2026-05-04
Kutus,Cucumber,-,-,-,80.00/Kg,100.00/Kg,1.0,Kirinyaga,2026-05-04
Butere Livestock Market,Cattle,Mixed,Grade 3,Male,42000.00/Head,-,3.0,Kakamega,2026-05-04
Kutus,Dry Onions,-,-,-,120.00/Kg,140.00/Kg,6500.0,Kirinyaga,2026-05-04
Butere Livestock Market,Cattle,Mixed,Grade 2,Female,55000.00/Head,-,2.0,Kakamega,2026-05-04
Kutus,Egg plant (Brinjals),-,-,-,40.00/Kg,50.00/Kg,450.0,Kirinyaga,2026-05-04
Kutus,French beans,-,-,-,60.00/Kg,80.00/Kg,150.0,Kirinyaga,2026-05-04
Kutus,Fresh Peas,On pods,-,-,120.00/Kg,140.00/Kg,2000.0,Kirinyaga,2026-05-04
Butere Livestock Market,Cattle,Mixed,Grade 2,Male,58000.00/Head,-,1.0,Kakamega,2026-05-04
Butere Livestock Market,Cattle,Mixed,Grade 1,Female,66000.00/Head,-,1.0,Kakamega,2026-05-04
Kutus,Garlic,-,-,-,300.00/Kg,400.00/Kg,350.0,Kirinyaga,2026-05-04
Kutus,Ginger,-,-,-,150.00/Kg,200.00/Kg,200.0,Kirinyaga,2026-05-04
Kutus,Green Maize,-,-,-,40.00/Kg,50.00/Kg,1200.0,Kirinyaga,2026-05-04
Butere Livestock Market,Cattle,Mixed,Grade 1,Male,73000.00/Head,-,3.0,Kakamega,2026-05-04
Kutus,Kales/Sukuma Wiki,-,-,-,10.00/Kg,20.00/Kg,1050.0,Kirinyaga,2026-05-04
Butere Livestock Market,Cattle,Zebu,Grade 3,Female,21000.00/Head,-,6.0,Kakamega,2026-05-04
Kutus,Pumpkin,-,-,-,30.00/Kg,50.00/Kg,1250.0,Kirinyaga,2026-05-04
Butere Livestock Market,Cattle,Zebu,Grade 3,Male,17500.00/Head,-,4.0,Kakamega,2026-05-04
Kutus,Spinach,-,-,-,20.00/Kg,30.00/Kg,800.0,Kirinyaga,2026-05-04
Kutus,Spring Onions,-,-,-,90.00/Kg,120.00/Kg,650.0,Kirinyaga,2026-05-04
Butere Livestock Market,Cattle,Zebu,Grade 2,Female,24000.00/Head,-,5.0,Kakamega,2026-05-04
Kutus,Tomatoes,-,-,-,71.43/Kg,85.71/Kg,4500.0,Kirinyaga,2026-05-04
Butere Livestock Market,Cattle,Zebu,Grade 2,Male,22000.00/Head,-,7.0,Kakamega,2026-05-04
Butere Livestock Market,Cattle,Zebu,Grade 1,Female,27000.00/Head,-,2.0,Kakamega,2026-05-04
Butere Livestock Market,Cattle,Zebu,Grade 1,Male,25000.00/Head,-,3.0,Kakamega,2026-05-04
Butere Livestock Market,Cattle,Zebu,Grade 3,Female,30000.00/Head,-,10.0,Kakamega,2026-05-04
Butere Livestock Market,Cattle,Zebu,Grade 3,Male,32000.00/Head,-,8.0,Kakamega,2026-05-04
Butere Livestock Market,Cattle,Zebu,Grade 2,Female,35000.00/Head,-,7.0,Kakamega,2026-05-04
Butere Livestock Market,Cattle,Zebu,Grade 2,Male,38000.00/Head,-,5.0,Kakamega,2026-05-04
Butere Livestock Market,Cattle,Zebu,Grade 1,Female,45000.00/Head,-,3.0,Kakamega,2026-05-04
Butere Livestock Market,Cattle,Zebu,Grade 1,Male,45000.00/Head,-,4.0,Kakamega,2026-05-04
Butere Livestock Market,Cattle,Zebu,Grade 1,Female,31000.00/Head,-,5.0,Kakamega,2026-05-04
Butere Livestock Market,Cattle,Zebu,Grade 3,Female,38000.00/Head,-,6.0,Kakamega,2026-05-04
Butere Livestock Market,Cattle,Zebu,Grade 3,Male,48000.00/Head,-,5.0,Kakamega,2026-05-04
Butere Livestock Market,Cattle,Zebu,Grade 2,Female,43000.00/Head,-,2.0,Kakamega,2026-05-04
Butere Livestock Market,Cattle,Zebu,Grade 2,Male,64000.00/Head,-,1.0,Kakamega,2026-05-04
Butere Livestock Market,Cattle,Zebu,Grade 1,Female,53000.00/Head,-,1.0,Kakamega,2026-05-04
Butere Livestock Market,Cattle,Zebu,Grade 1,Male,70000.00/Head,-,2.0,Kakamega,2026-05-04
Kagio,Green Maize,-,-,-,30.00/Kg,50.00/Kg,3500.0,Kirinyaga,2026-05-04
Kagio,Fresh Peas,On pods,-,-,70.00/Kg,90.00/Kg,700.0,Kirinyaga,2026-05-04
Kagio,French beans,-,-,-,70.00/Kg,100.00/Kg,400.0,Kirinyaga,2026-05-04
Kagio,Egg plant (Brinjals),-,-,-,40.00/Kg,60.00/Kg,200.0,Kirinyaga,2026-05-04
Kagio,Dry Onions,-,-,-,90.00/Kg,120.00/Kg,3000.0,Kirinyaga,2026-05-04
Kagio,Cucumber,-,-,-,30.00/Kg,50.00/Kg,700.0,Kirinyaga,2026-05-04
Kagio,Courgette,-,-,-,50.00/Kg,70.00/Kg,1300.0,Kirinyaga,2026-05-04
Kagio,Coriander (Dhania),-,-,-,20.00/Kg,30.00/Kg,200.0,Kirinyaga,2026-05-04
Kagio,Chillies,-,-,-,40.00/Kg,60.00/Kg,300.0,Kirinyaga,2026-05-04
Kagio,Cauliflower,-,-,-,120.00/Kg,160.00/Kg,100.0,Kirinyaga,2026-05-04
Kagio,Carrots,-,-,-,45.00/Kg,60.00/Kg,2800.0,Kirinyaga,2026-05-04
Kagio,Capsicums,-,-,-,40.00/Kg,60.00/Kg,1200.0,Kirinyaga,2026-05-04
Kagio,Capsicums,-,-,-,180.00/Kg,250.00/Kg,100.0,Kirinyaga,2026-05-04
Kagio,Cabbages,-,-,-,15.00/Kg,20.00/Kg,28000.0,Kirinyaga,2026-05-04
Kagio,Cabbages,-,-,-,15.00/Kg,20.00/Kg,28000.0,Kirinyaga,2026-05-04
Kagio,Butternuts,-,-,-,40.00/Kg,60.00/Kg,2000.0,Kirinyaga,2026-05-04
Kagio,Broccoli,-,-,-,8.00/Kg,120.00/Kg,200.0,Kirinyaga,2026-05-04
Kagio,Banana (Plantain),-,-,-,60.00/Kg,90.00/Kg,400.0,Kirinyaga,2026-05-04
Kagio,Banana (Cooking),-,-,-,30.00/Kg,50.00/Kg,35000.0,Kirinyaga,2026-05-04
Kagio,Pumpkin Leaves,-,-,-,20.00/Kg,30.00/Kg,200.0,Kirinyaga,2026-05-04
Kagio,Cowpea leaves (Kunde),-,-,-,20.00/Kg,30.00/Kg,200.0,Kirinyaga,2026-05-04
Kagio,Black nightshade (Managu/ Osuga),-,-,-,20.00/Kg,30.00/Kg,200.0,Kirinyaga,2026-05-04
Kagio,Amaranthus (Terere),-,-,-,15.00/Kg,25.00/Kg,300.0,Kirinyaga,2026-05-04
Kawangware,Rice,Pishori,-,-,160.00/Kg,180.00/Kg,,Nairobi,2026-05-04
Kawangware,Pearl Rush Millet,-,-,-,122.22/Kg,120.00/Kg,,Nairobi,2026-05-04
Kawangware,Finger Millet,-,-,-,54.00/Kg,90.00/Kg,,Nairobi,2026-05-04
Kawangware,Dry Maize,White Maize,-,-,55.00/Kg,65.00/Kg,,Nairobi,2026-05-04
Kawangware,Lentils,-,-,-,220.00/Kg,250.00/Kg,,Nairobi,2026-05-04
Kawangware,Pigeon peas,-,-,-,100.00/Kg,115.00/Kg,,Nairobi,2026-05-04
Kawangware,Green Grams,Makueni,-,-,155.00/Kg,170.00/Kg,,Nairobi,2026-05-04
Kawangware,Beans Red Haricot (Wairimu),-,-,-,100.00/Kg,110.00/Kg,,Nairobi,2026-05-04
Kawangware,Dolichos lablab (Njahi),-,-,-,75.00/Kg,85.00/Kg,,Nairobi,2026-05-04
Kawangware,Cowpeas,-,-,-,90.00/Kg,120.00/Kg,,Nairobi,2026-05-04
Kawangware,Beans Rosecoco (Nyayo),-,-,-,110.00/Kg,125.00/Kg,,Nairobi,2026-05-04
Kawangware,Beans Rosecoco,-,-,-,115.00/Kg,125.00/Kg,,Nairobi,2026-05-04
Kawangware,Beans (Yellow-Green),-,-,-,110.00/Kg,125.00/Kg,,Nairobi,2026-05-04
Kawangware,Beans (Mwitemania),-,-,-,90.00/Kg,100.00/Kg,,Nairobi,2026-05-04
Kibuye,Cotton,-,-,-,-,72.00/Kg,,Kisumu,2026-05-03
Kibuye,Maize Bran,-,-,-,-,43.00/Kg,,Kisumu,2026-05-03
Kibuye,Sunflower Cake,-,-,-,-,44.00/Kg,,Kisumu,2026-05-03
Kibuye,Wheat Bran,-,-,-,-,33.00/Kg,,Kisumu,2026-05-03
Kibuye,Cow Milk(At collection point),-,-,-,-,70.00/Lt,,Kisumu,2026-05-03
Kibuye,Cow Milk(Processd),-,-,-,-,120.00/Lt,,Kisumu,2026-05-03
Kibuye,Eggs,Indigenous /Kenyeji,-,-,-,750.00/Tray(30),,Kisumu,2026-05-03
Kibuye,Eggs,Exotic/Grade,-,-,-,480.00/Tray(30),,Kisumu,2026-05-03
Kibuye,Honey,Processed,-,-,-,1000.00/Kg,,Kisumu,2026-05-03
Kibuye,Meat Beef,-,-,-,-,800.00/Kg,,Kisumu,2026-05-03
Kibuye,Chicken,Layers,-,Female,650.00/Head,-,,Kisumu,2026-05-03
Kibuye,Chicken,Indigenous,-,Male,2000.00/Head,-,,Kisumu,2026-05-03
Kibuye,Chicken,Improved Kienyeji,-,Male,1500.00/Head,-,,Kisumu,2026-05-03
Kibuye,Chicken,Broiler,-,Male,450.00/Head,-,,Kisumu,2026-05-03
Kibuye,Duck,Black Swedish,Grade 1,Male,-,-,,Kisumu,2026-05-03
Kibuye,Haplochromis,Fresh,-,-,-,120.00/Kg,,Kisumu,2026-05-03
Kibuye,Nile Perch,Fresh,-,-,-,400.00/Kg,,Kisumu,2026-05-03
Kibuye,Omena,Dried,-,-,-,500.00/Kg,,Kisumu,2026-05-03
Kibuye,Protopterus,Fresh,-,-,-,160.00/Kg,,Kisumu,2026-05-03
Kibuye,Tilapia,Fresh,-,-,-,400.00/Kg,,Kisumu,2026-05-03
Kibuye,Nile Perch Skins,-,-,-,-,80.00/Kg,,Kisumu,2026-05-03
Kibuye,Fish Scales,-,-,-,-,40.00/Kg,,Kisumu,2026-05-03
Kibuye,Fish Oil,-,-,-,-,160.00/Kg,,Kisumu,2026-05-03
Kibuye,Fish Maws,-,-,-,-,4000.00/Kg,,Kisumu,2026-05-03
Kibuye,Arrow Root,-,-,-,-,120.00/Kg,,Kisumu,2026-05-03
Kibuye,Cassava Chips (dry),-,-,-,-,90.00/Kg,,Kisumu,2026-05-03
Kibuye,Cassava Fresh,-,-,-,-,150.00/Kg,,Kisumu,2026-05-03
Kibuye,Sweet potatoes,-,-,-,22.50/Kg,120.00/Kg,,Kisumu,2026-05-03
Kibuye,White Irish Potatoes,-,-,-,110.00/Kg,100.00/Kg,,Kisumu,2026-05-03
Kibuye,Avocado,Hass,-,-,-,250.00/Kg,,Kisumu,2026-05-03
Kibuye,Apples,-,-,-,-,200.00/Kg,,Kisumu,2026-05-03
Kibuye,Limes,-,-,-,-,200.00/Kg,,Kisumu,2026-05-03
Kibuye,Mangoes,Local,-,-,-,100.00/Kg,,Kisumu,2026-05-03
Kibuye,Mangoes,Improved,-,-,-,150.00/Kg,,Kisumu,2026-05-03
Kibuye,Oranges,-,-,-,-,180.00/Kg,,Kisumu,2026-05-03
Kibuye,Passion Fruits,-,-,-,-,200.00/Kg,,Kisumu,2026-05-03
Kibuye,Pawpaw,-,-,-,-,70.00/Kg,,Kisumu,2026-05-03
Kibuye,Pineapples,-,-,-,-,107.14/Kg,,Kisumu,2026-05-03
Kibuye,Tangerine (Sandara),-,-,-,-,120.00/Kg,,Kisumu,2026-05-03
Kibuye,Thorn melon,-,-,-,-,120.00/Kg,,Kisumu,2026-05-03
Kibuye,Tree tomato,-,-,-,-,120.00/Kg,,Kisumu,2026-05-03
Kibuye,Water Melon,-,-,-,-,142.86/Kg,,Kisumu,2026-05-03
Kibuye,Wheat Flour,Ajab fortigied Home Baking flour,-,-,-,90.00/Kg,,Kisumu,2026-05-03
Kibuye,Wheat,-,-,-,-,75.00/Kg,,Kisumu,2026-05-03
Kibuye,Rice,Pishori,-,-,-,175.00/Kg,,Kisumu,2026-05-03
Kibuye,Rice,IRR,-,-,-,100.00/Kg,,Kisumu,2026-05-03
Kibuye,Red Sorghum,-,-,-,-,90.00/Kg,,Kisumu,2026-05-03
Kibuye,Paddy Rice,Pishori,-,-,-,60.00/Kg,,Kisumu,2026-05-03
Kibuye,Paddy Rice,IRR,-,-,-,35.00/Kg,,Kisumu,2026-05-03
Kibuye,Maize Flour,Dola,-,-,-,70.00/Kg,,Kisumu,2026-05-03
Kibuye,Finger Millet,-,-,-,-,200.00/Kg,,Kisumu,2026-05-03
Kibuye,Dry Maize,Yellow Maize,-,-,-,65.00/Kg,,Kisumu,2026-05-03
Kibuye,Dry Maize,White Maize,-,-,62.22/Kg,70.00/Kg,,Kisumu,2026-05-03
Kibuye,Indigenous Crotolaria (Mito/Miro),-,-,-,-,70.00/Kg,,Kisumu,2026-05-03
Kibuye,Jute Plant (Murenda),-,-,-,-,70.00/Kg,,Kisumu,2026-05-03
Kibuye,Nderema- Vine Spinach,-,-,-,-,200.00/Kg,,Kisumu,2026-05-03
Kibuye,Pumpkin Leaves,-,-,-,-,200.00/Kg,,Kisumu,2026-05-03
Kibuye,Spider flower (Saga),-,-,-,-,150.00/Kg,,Kisumu,2026-05-03
Kibuye,Ethiopian Kales -Kanzira,-,-,-,-,70.00/Kg,,Kisumu,2026-05-03
Kibuye,Cowpea leaves (Kunde),-,-,-,-,100.00/Kg,,Kisumu,2026-05-03
Kibuye,Black nightshade (Managu/ Osuga),-,-,-,-,150.00/Kg,,Kisumu,2026-05-03
Kibuye,Amaranthus (Terere),-,-,-,-,70.00/Kg,,Kisumu,2026-05-03
Kibuye,Coriander (Dhania),-,-,-,-,100.00/Kg,,Kisumu,2026-05-03
Kibuye,Chillies,-,-,-,-,200.00/Kg,,Kisumu,2026-05-03
Kibuye,Carrots,-,-,-,-,80.00/Kg,,Kisumu,2026-05-03
Kibuye,Capsicums,-,-,-,-,120.00/Kg,,Kisumu,2026-05-03
Kibuye,Cabbages,-,-,-,-,50.00/Kg,,Kisumu,2026-05-03
Kibuye,Butternuts,-,-,-,-,70.00/Kg,,Kisumu,2026-05-03
Kibuye,Banana (Cooking),-,-,-,27.42/Kg,-,,Kisumu,2026-05-03
Kibuye,Dry Onions,-,-,-,-,120.00/Kg,,Kisumu,2026-05-03
Kibuye,Garlic,-,-,-,-,400.00/Kg,,Kisumu,2026-05-03
Kibuye,Ginger,-,-,-,-,150.00/Kg,,Kisumu,2026-05-03
Kibuye,Green Maize,-,-,-,-,90.00/Kg,,Kisumu,2026-05-03
Kibuye,Kales/Sukuma Wiki,-,-,-,-,30.00/Kg,,Kisumu,2026-05-03
Kibuye,Lettuce,-,-,-,-,120.00/Kg,,Kisumu,2026-05-03
Kibuye,Pumpkin,-,-,-,-,321.43/Kg,,Kisumu,2026-05-03
Kibuye,Spinach,-,-,-,-,40.00/Kg,,Kisumu,2026-05-03
Kibuye,Spring Onions,-,-,-,-,70.00/Kg,,Kisumu,2026-05-03
Kibuye,Tomatoes,-,-,-,214.29/Kg,150.00/Kg,,Kisumu,2026-05-03
Kibuye,Beans (Canadian wonder),-,-,-,-,150.00/Kg,,Kisumu,2026-05-03
Kibuye,Beans (Mwezi Moja),-,-,-,-,175.00/Kg,,Kisumu,2026-05-03
Kibuye,Beans (Mwitemania),-,-,-,-,200.00/Kg,,Kisumu,2026-05-03
Kibuye,Beans (Yellow-Green),-,-,-,-,250.00/Kg,,Kisumu,2026-05-03
Kibuye,Beans Red Haricot (Wairimu),-,-,-,-,200.00/Kg,,Kisumu,2026-05-03
Kibuye,Beans Rosecoco,-,-,-,-,200.00/Kg,,Kisumu,2026-05-03
Kibuye,Beans Rosecoco (Nyayo),-,-,-,-,200.00/Kg,,Kisumu,2026-05-03
Kibuye,Cowpeas,-,-,-,-,150.00/Kg,,Kisumu,2026-05-03
Kibuye,Dolichos lablab (Njahi),-,-,-,-,200.00/Kg,,Kisumu,2026-05-03
Kibuye,Green Grams,Makueni,-,-,-,175.00/Kg,,Kisumu,2026-05-03
Kibuye,Green Grams,Local-Special,-,-,-,135.00/Kg,,Kisumu,2026-05-03
Kibuye,Green Grams,Hybrid/ polished,-,-,-,225.00/Kg,,Kisumu,2026-05-03
Kibuye,Ground Nuts,Small Red,-,-,280.00/Kg,350.00/Kg,,Kisumu,2026-05-03
Kibuye,Ground Nuts,Large Brown,-,-,-,270.00/Kg,,Kisumu,2026-05-03
Kibuye,Mixed Beans,-,-,-,-,150.00/Kg,,Kisumu,2026-05-03
Kibuye,Njugu Mawe,-,-,-,-,100.00/Kg,,Kisumu,2026-05-03
Kibuye,Sunflower Seeds,-,-,-,-,45.00/Kg,,Kisumu,2026-05-03
Kibuye,Sunflower Oil,-,-,-,-,450.00/Lt,,Kisumu,2026-05-03
Kibuye,Fertilizer,Urea,-,-,50.00/Kg,-,28000.0,Kisumu,2026-05-03
Kibuye,Fertilizer,NPK,-,-,50.00/Kg,-,28000.0,Kisumu,2026-05-03
Kibuye,Fertilizer,CAN,-,-,50.00/Kg,-,28000.0,Kisumu,2026-05-03
Khayega,Arrow Root,-,-,-,150.00/Kg,150.00/Kg,300.0,Kakamega,2026-05-03
Khayega,Sweet potatoes,-,-,-,60.00/Kg,60.00/Kg,600.0,Kakamega,2026-05-03
Khayega,White Irish Potatoes,-,-,-,57.33/Kg,61.33/Kg,4000.0,Kakamega,2026-05-03
Khayega,Water Melon,-,-,-,66.67/Kg,83.33/Kg,3000.0,Kakamega,2026-05-03
Khayega,Red Sorghum,-,-,-,100.00/Kg,125.00/Kg,315.0,Kakamega,2026-05-03
Khayega,Finger Millet,-,-,-,125.00/Kg,125.00/Kg,900.0,Kakamega,2026-05-03
Khayega,Dry Maize,White Maize,-,-,53.33/Kg,55.56/Kg,11700.0,Kakamega,2026-05-03
Khayega,Spider flower (Saga),-,-,-,60.00/Kg,60.00/Kg,400.0,Kakamega,2026-05-03
Khayega,Ethiopian Kales -Kanzira,-,-,-,31.82/Kg,36.36/Kg,300.0,Kakamega,2026-05-03
Khayega,Cowpea leaves (Kunde),-,-,-,30.00/Kg,35.00/Kg,300.0,Kakamega,2026-05-03
Khayega,Black nightshade (Managu/ Osuga),-,-,-,53.85/Kg,57.69/Kg,700.0,Kakamega,2026-05-03
Khayega,Spinach,-,-,-,40.00/Kg,45.00/Kg,400.0,Kakamega,2026-05-03
Khayega,Tomatoes,-,-,-,90.00/Kg,9.09/Kg,1500.0,Kakamega,2026-05-03
Khayega,Kales/Sukuma Wiki,-,-,-,30.00/Kg,35.00/Kg,400.0,Kakamega,2026-05-03
Khayega,Dry Onions,-,-,-,120.00/Kg,150.00/Kg,1000.0,Kakamega,2026-05-03
Khayega,Cabbages,-,-,-,40.00/Kg,43.33/Kg,3000.0,Kakamega,2026-05-03
Khayega,Mixed Beans,-,-,-,108.70/Kg,121.74/Kg,1170.0,Kakamega,2026-05-03
Khayega,Ground Nuts,Small Red,-,-,241.67/Kg,250.00/Kg,1300.0,Kakamega,2026-05-03
Khayega,Green Grams,Local-Special,-,-,130.43/Kg,130.43/Kg,900.0,Kakamega,2026-05-03
Khayega,Cowpeas,-,-,-,173.91/Kg,195.65/Kg,390.0,Kakamega,2026-05-03
Khayega,Beans Rosecoco (Nyayo),-,-,-,130.43/Kg,130.43/Kg,1100.0,Kakamega,2026-05-03
Khayega,Beans Rosecoco,-,-,-,130.43/Kg,130.43/Kg,1200.0,Kakamega,2026-05-03
Mghange,Dry Maize,White Maize,-,-,-,60.00/Kg,5000.0,Taita-Taveta,2026-05-03
Khayega,Beans (Yellow-Green),-,-,-,139.13/Kg,152.17/Kg,990.0,Kakamega,2026-05-03
Khayega,Fertilizer,DAP,-,-,124.00/Kg,128.00/Kg,2500.0,Kakamega,2026-05-03
Khayega,Fertilizer,CAN,-,-,92.00/Kg,96.00/Kg,5000.0,Kakamega,2026-05-03
Mghange,Okra (Lady's fingers or Gumbo),-,-,-,-,120.00/Kg,100.0,Taita-Taveta,2026-05-03
Mghange,Oranges,-,-,-,-,50.00/Kg,100.0,Taita-Taveta,2026-05-03
Mghange,Pigeon peas,-,-,-,-,180.00/Kg,500.0,Taita-Taveta,2026-05-03
Mghange,Green Grams,Local-Special,-,-,-,200.00/Kg,,Taita-Taveta,2026-05-03
Mghange,Beans Rosecoco,-,-,-,-,180.00/Kg,2000.0,Taita-Taveta,2026-05-03
Mghange,Beans (Yellow-Green),-,-,-,-,180.00/Kg,1500.0,Taita-Taveta,2026-05-03
Mghange,Beans (Mwitemania),-,-,-,-,180.00/Kg,1500.0,Taita-Taveta,2026-05-03
Mghange,Mangoes,Local,-,-,-,60.00/Kg,500.0,Taita-Taveta,2026-05-03
Mghange,White Irish Potatoes,-,-,-,-,80.00/Kg,1500.0,Taita-Taveta,2026-05-03
Mghange,Cassava Fresh,-,-,-,-,70.00/Kg,200.0,Taita-Taveta,2026-05-03
Mghange,Arrow Root,-,-,-,-,720.00/Kg,500.0,Taita-Taveta,2026-05-03
Mghange,Black nightshade (Managu/ Osuga),-,-,-,-,60.00/Kg,200.0,Taita-Taveta,2026-05-03
Mghange,Spinach,-,-,-,-,50.00/Kg,200.0,Taita-Taveta,2026-05-03
Mghange,Banana (Plantain),-,-,-,-,60.00/Kg,1000.0,Taita-Taveta,2026-05-03
Mghange,Banana (Cooking),-,-,-,-,60.00/Kg,600.0,Taita-Taveta,2026-05-03
Mghange,Carrots,-,-,-,-,70.00/Kg,200.0,Taita-Taveta,2026-05-03
Mghange,Capsicums,-,-,-,-,170.00/Kg,200.0,Taita-Taveta,2026-05-03
Mghange,Cabbages,-,-,-,-,60.00/Kg,1000.0,Taita-Taveta,2026-05-03
Mghange,Tomatoes,-,-,-,-,100.00/Kg,2500.0,Taita-Taveta,2026-05-03
Mghange,Dry Onions,-,-,-,-,130.00/Kg,2000.0,Taita-Taveta,2026-05-03
Mumias,Tilapia,Dried,-,-,-,403.23/Kg,,Kakamega,2026-05-03
Mumias,Omena,Dried,-,-,-,521.74/Kg,,Kakamega,2026-05-03
Mumias,Nile Perch,Smoked,-,-,-,312.50/Kg,,Kakamega,2026-05-03
Mumias,White Irish Potatoes,-,-,-,-,90.00/Kg,,Kakamega,2026-05-03
Mumias,Sweet potatoes,-,-,-,-,32.26/Kg,,Kakamega,2026-05-03
Mumias,Red Irish potato,-,-,-,-,80.00/Kg,,Kakamega,2026-05-03
Mumias,Cassava Fresh,-,-,-,-,55.56/Kg,,Kakamega,2026-05-03
Mumias,Cassava Chips (dry),-,-,-,-,62.50/Kg,,Kakamega,2026-05-03
Mumias,Arrow Root,-,-,-,-,71.43/Kg,,Kakamega,2026-05-03
Mumias,Water Melon,-,-,-,-,66.67/Kg,,Kakamega,2026-05-03
Mumias,Thorn melon,-,-,-,-,111.11/Kg,,Kakamega,2026-05-03
Mumias,Pineapples,-,-,-,-,111.11/Kg,,Kakamega,2026-05-03
Mumias,Pawpaw,-,-,-,-,125.00/Kg,,Kakamega,2026-05-03
Mumias,Oranges,-,-,-,-,78.95/Kg,,Kakamega,2026-05-03
Mumias,Mangoes,Improved,-,-,-,0.03/Kg,,Kakamega,2026-05-03
Mumias,Lemons,-,-,-,-,86.96/Kg,,Kakamega,2026-05-03
Mumias,Grapes,Black-Dark,-,-,-,740.00/Kg,,Kakamega,2026-05-03
Mumias,Banana (Ripening),-,-,-,-,153.85/Kg,,Kakamega,2026-05-03
Mumias,Avocado,Local,-,-,-,44.12/Kg,,Kakamega,2026-05-03
Mumias,Apples,-,-,-,-,285.71/Kg,,Kakamega,2026-05-03
Mumias,White Sorghum,-,-,-,-,63.64/kg,,Kakamega,2026-05-03
Mumias,Wheat Flour,Soko All Purpose HBF,-,-,-,82.50/Kg,,Kakamega,2026-05-03
Mumias,Wheat Flour,Pembe All Purpose HBF,-,-,-,87.50/Kg,,Kakamega,2026-05-03
Mumias,Wheat Flour,Ndovu all purpose HBF,-,-,-,82.50/Kg,,Kakamega,2026-05-03
Mumias,Wheat Flour,Exe Mandazi Fortified Wheat Flour,-,-,-,95.00/Kg,,Kakamega,2026-05-03
Mumias,Wheat Flour,Exe Chapati fortified wheat flour,-,-,-,90.00/Kg,,Kakamega,2026-05-03
Mumias,Wheat Flour,Exe All purpose fortified wheat flour,-,-,-,92.50/Kg,,Kakamega,2026-05-03
Mumias,Wheat Flour,Ajab fortigied Home Baking flour,-,-,-,85.00/Kg,,Kakamega,2026-05-03
Mumias,Rice,Pishori,-,-,-,190.00/Kg,,Kakamega,2026-05-03
Mumias,Rice,IRR,-,-,-,170.00/Kg,,Kakamega,2026-05-03
Mumias,Red Sorghum,-,-,-,-,76.19/Kg,,Kakamega,2026-05-03
Mumias,Maize Flour,Soko,-,-,-,82.50/Kg,,Kakamega,2026-05-03
Mumias,Maize Flour,Posho Mill,-,-,-,68.18/Kg,,Kakamega,2026-05-03
Mumias,Maize Flour,Posho Mill,-,-,-,68.18/Kg,,Kakamega,2026-05-03
Mumias,Maize Flour,Pembe,-,-,-,77.50/Kg,,Kakamega,2026-05-03
Mumias,Maize Flour,Jogoo wimbi,-,-,-,145.00/Kg,,Kakamega,2026-05-03
Mumias,Maize Flour,Jogoo,-,-,-,82.50/Kg,,Kakamega,2026-05-03
Mumias,Maize Flour,Hostess,-,-,-,95.00/Kg,,Kakamega,2026-05-03
Mumias,Maize Flour,Amaize,-,-,-,105.00/Kg,,Kakamega,2026-05-03
Mumias,Finger Millet,-,-,-,-,166.67/Kg,,Kakamega,2026-05-03
Mumias,Dry Maize,White Maize,-,-,-,59.09/Kg,,Kakamega,2026-05-03
Mumias,Spider flower (Saga),-,-,-,-,83.33/Kg,,Kakamega,2026-05-03
Mumias,Pumpkin Leaves,-,-,-,-,119.05/Kg,,Kakamega,2026-05-03
Mumias,Jute Plant (Murenda),-,-,-,-,83.33/Kg,,Kakamega,2026-05-03
Mumias,Indigenous Crotolaria (Mito/Miro),-,-,-,-,62.50/Kg,,Kakamega,2026-05-03
Mumias,Ethiopian Kales -Kanzira,-,-,-,-,107.14/Kg,,Kakamega,2026-05-03
Mumias,Cowpea leaves (Kunde),-,-,-,-,55.56/Kg,,Kakamega,2026-05-03
Mumias,Black nightshade (Managu/ Osuga),-,-,-,-,125.00/Kg,,Kakamega,2026-05-03
Mumias,Amaranthus (Terere),-,-,-,-,106.95/Kg,,Kakamega,2026-05-03
Mumias,Tomatoes,-,-,-,-,121.95/Kg,,Kakamega,2026-05-03
Mumias,Spring Onions,-,-,-,-,151.52/Kg,,Kakamega,2026-05-03
Mumias,Spinach,-,-,-,-,57.69/Kg,,Kakamega,2026-05-03
Mumias,Pumpkin,-,-,-,-,62.50/Kg,,Kakamega,2026-05-03
Mumias,Kales/Sukuma Wiki,-,-,-,-,62.50/Kg,,Kakamega,2026-05-03
Mumias,Ginger,-,-,-,-,214.29/Kg,,Kakamega,2026-05-03
Mumias,Garlic,-,-,-,-,483.87/Kg,,Kakamega,2026-05-03
Mumias,Fresh Peas,On pods,-,-,-,111.11/Kg,,Kakamega,2026-05-03
Mumias,Dry Onions,-,-,-,-,138.89/Kg,,Kakamega,2026-05-03
Mumias,Cucumber,-,-,-,-,93.75/Kg,,Kakamega,2026-05-03
Mumias,Coriander (Dhania),-,-,-,-,188.68/Kg,,Kakamega,2026-05-03
Mumias,Chillies,-,-,-,-,125.00/Kg,,Kakamega,2026-05-03
Mumias,Carrots,-,-,-,-,119.05/Kg,,Kakamega,2026-05-03
Mumias,Capsicums,-,-,-,-,142.86/Kg,,Kakamega,2026-05-03
Mumias,Cabbages,-,-,-,-,20.83/Kg,,Kakamega,2026-05-03
Mumias,Butternuts,-,-,-,-,250.00/Kg,,Kakamega,2026-05-03
Mumias,Banana (Plantain),-,-,-,-,55.56/Kg,,Kakamega,2026-05-03
Mumias,Banana (Cooking),-,-,-,-,28.57/Kg,,Kakamega,2026-05-03
Mumias,Njugu Mawe,-,-,-,-,545.45/Kg,,Kakamega,2026-05-03
Mumias,Mixed Beans,-,-,-,-,113.64/Kg,,Kakamega,2026-05-03
Mumias,Lentils,-,-,-,-,480.00/Kg,,Kakamega,2026-05-03
Mumias,Ground Nuts,Small Red,-,-,-,285.71/Kg,,Kakamega,2026-05-03
Mumias,Green Grams,Local-Special,-,-,-,150.00/Kg,,Kakamega,2026-05-03
Mumias,Green Grams,Hybrid/ polished,-,-,-,190.00/Kg,,Kakamega,2026-05-03
Mumias,Dry Peas,-,-,-,-,300.00/Kg,,Kakamega,2026-05-03
Mumias,Dolichos lablab (Njahi),-,-,-,-,280.00/Kg,,Kakamega,2026-05-03
Mumias,Cowpeas,-,-,-,-,152.17/Kg,,Kakamega,2026-05-03
Mumias,Beans Rosecoco,-,-,-,-,173.91/Kg,,Kakamega,2026-05-03
Mumias,Beans Red Haricot (Wairimu),-,-,-,-,125.00/Kg,,Kakamega,2026-05-03
Mumias,Beans (Yellow-Green),-,-,-,-,173.91/Kg,,Kakamega,2026-05-03
Mumias,Beans (Mwitemania),-,-,-,-,159.09/Kg,,Kakamega,2026-05-03
Mumias,Beans (Mwezi Moja),-,-,-,-,300.00/Kg,,Kakamega,2026-05-03
Mumias,Beans (Canadian wonder),-,-,-,-,173.91/Kg,,Kakamega,2026-05-03
Mumias,Fertilizer,Urea,-,-,-,108.00/Kg,,Kakamega,2026-05-03
Mumias,Fertilizer,NPK,-,-,-,114.00/Kg,,Kakamega,2026-05-03
Mumias,Fertilizer,DAP,-,-,-,118.00/Kg,,Kakamega,2026-05-03
Mumias,Fertilizer,CAN,-,-,-,94.00/Kg,,Kakamega,2026-05-03
Mukuyu Market,Cabbages,-,-,-,-,60.00/Kg,,Muranga,2026-05-02
Mukuyu Market,Carrots,-,-,-,-,60.00/Kg,,Muranga,2026-05-02
Mukuyu Market,Dry Onions,-,-,-,-,120.00/Kg,,Muranga,2026-05-02
Mukuyu Market,Spinach,-,-,-,-,50.00/Kg,,Muranga,2026-05-02
Mukuyu Market,Tomatoes,-,-,-,-,90.00/Kg,,Muranga,2026-05-02
Mukuyu Market,Sweet potatoes,-,-,-,-,100.00/Kg,,Muranga,2026-05-02
Mukuyu Market,Arrow Root,-,-,-,-,100.00/Kg,,Muranga,2026-05-02
Makutano Kirinyaga,Sunflower Seeds,-,-,-,60.00/Kg,80.00/Kg,300.0,Kirinyaga,2026-05-02
Makutano Kirinyaga,Lemons,-,-,-,30.00/Kg,50.00/Kg,,Kirinyaga,2026-05-02
Makutano Kirinyaga,Thorn melon,-,-,-,40.00/Kg,60.00/Kg,,Kirinyaga,2026-05-02
Makutano Kirinyaga,Water Melon,-,-,-,15.00/Kg,25.00/Kg,,Kirinyaga,2026-05-02
Makutano Kirinyaga,Paddy Rice,Pishori,-,-,80.00/Kg,85.00/Kg,,Kirinyaga,2026-05-02
Makutano Kirinyaga,Dry Maize,Yellow Maize,-,-,40.00/Kg,45.00/Kg,,Kirinyaga,2026-05-02
Makutano Kirinyaga,Pumpkin Leaves,-,-,-,40.00/Kg,50.00/Kg,,Kirinyaga,2026-05-02
Makutano Kirinyaga,Jute Plant (Murenda),-,-,-,20.00/Kg,30.00/Kg,750.0,Kirinyaga,2026-05-02
Makutano Kirinyaga,Cowpea leaves (Kunde),-,-,-,15.00/Kg,25.00/Kg,850.0,Kirinyaga,2026-05-02
Makutano Kirinyaga,Black nightshade (Managu/ Osuga),-,-,-,35.00/Kg,50.00/Kg,1900.0,Kirinyaga,2026-05-02
Makutano Kirinyaga,Amaranthus (Terere),-,-,-,40.00/Kg,50.00/Kg,950.0,Kirinyaga,2026-05-02
Makutano Kirinyaga,Banana (Cooking),-,-,-,55.00/Kg,70.00/Kg,1800.0,Kirinyaga,2026-05-02
Makutano Kirinyaga,Capsicums,-,-,-,35.00/Kg,50.00/Kg,1800.0,Kirinyaga,2026-05-02
Makutano Kirinyaga,Carrots,-,-,-,55.00/Kg,70.00/Kg,2800.0,Kirinyaga,2026-05-02
Makutano Kirinyaga,Dry Onions,-,-,-,120.00/Kg,140.00/Kg,3600.0,Kirinyaga,2026-05-02
Makutano Kirinyaga,Fresh Peas,On pods,-,-,120.00/Kg,140.00/Kg,3500.0,Kirinyaga,2026-05-02
Makutano Kirinyaga,Garlic,-,-,-,300.00/Kg,350.00/Kg,280.0,Kirinyaga,2026-05-02
Makutano Kirinyaga,Ginger,-,-,-,120.00/Kg,150.00/Kg,680.0,Kirinyaga,2026-05-02
Makutano Kirinyaga,Kales/Sukuma Wiki,-,-,-,30.00/Kg,40.00/Kg,2000.0,Kirinyaga,2026-05-02
Makutano Kirinyaga,Spinach,-,-,-,40.00/Kg,50.00/Kg,2400.0,Kirinyaga,2026-05-02
Makutano Kirinyaga,Spring Onions,-,-,-,60.00/Kg,80.00/Kg,2800.0,Kirinyaga,2026-05-02
Makutano Kirinyaga,Tomatoes,-,-,-,106.67/Kg,116.67/Kg,4800.0,Kirinyaga,2026-05-02
Makutano Kirinyaga,Finger Millet,-,-,-,170.00/Kg,200.00/Kg,1900.0,Kirinyaga,2026-05-02
Makutano Kirinyaga,Dry Maize,White Maize,-,-,38.00/Kg,45.00/Kg,3500.0,Kirinyaga,2026-05-02
Makutano Kirinyaga,Pigeon peas,-,-,-,100.00/Kg,115.00/Kg,1800.0,Kirinyaga,2026-05-02
Makutano Kirinyaga,Mixed Beans,-,-,-,100.00/Kg,120.00/Kg,3200.0,Kirinyaga,2026-05-02
Makutano Kirinyaga,Green Grams,Hybrid/ polished,-,-,120.00/Kg,150.00/Kg,1200.0,Kirinyaga,2026-05-02
Makutano Kirinyaga,Dry Peas,-,-,-,95.00/Kg,120.00/Kg,2400.0,Kirinyaga,2026-05-02
Makutano Kirinyaga,Dolichos lablab (Njahi),-,-,-,80.00/Kg,110.00/Kg,1700.0,Kirinyaga,2026-05-02
Makutano Kirinyaga,Cowpeas,-,-,-,80.00/Kg,120.00/Kg,1800.0,Kirinyaga,2026-05-02
Makutano Kirinyaga,Beans Rosecoco (Nyayo),-,-,-,80.00/Kg,110.00/Kg,1500.0,Kirinyaga,2026-05-02
Makutano Kirinyaga,Beans Red Haricot (Wairimu),-,-,-,80.00/Kg,100.00/Kg,2800.0,Kirinyaga,2026-05-02
Makutano Kirinyaga,Beans (Yellow-Green),-,-,-,120.00/Kg,150.00/Kg,3200.0,Kirinyaga,2026-05-02
Sabatia,Chicken,Improved Kienyeji,-,Female,300.00/Head,-,6.0,Kakamega,2026-05-02
Sabatia,Chicken,Improved Kienyeji,-,Male,300.00/Head,-,4.0,Kakamega,2026-05-02
Sabatia,Chicken,Improved Kienyeji,-,Female,850.00/Head,-,12.0,Kakamega,2026-05-02
Sabatia,Chicken,Improved Kienyeji,-,Male,1100.00/Head,-,8.0,Kakamega,2026-05-02
Sabatia,Chicken,Improved Kienyeji,-,Female,1000.00/Head,-,11.0,Kakamega,2026-05-02
Sabatia,Chicken,Improved Kienyeji,-,Male,1400.00/Head,-,5.0,Kakamega,2026-05-02
Sabatia,Chicken,Indigenous,-,Female,300.00/Head,-,12.0,Kakamega,2026-05-02
Sabatia,Chicken,Indigenous,-,Male,300.00/Head,-,10.0,Kakamega,2026-05-02
Sabatia,Chicken,Indigenous,-,Female,750.00/Head,-,31.0,Kakamega,2026-05-02
Sabatia,Chicken,Indigenous,-,Male,1000.00/Head,-,25.0,Kakamega,2026-05-02
Sabatia,Chicken,Indigenous,-,Female,900.00/Head,-,30.0,Kakamega,2026-05-02
Sabatia,Chicken,Indigenous,-,Male,1300.00/Head,-,21.0,Kakamega,2026-05-02
Sabatia,Tilapia,Fresh,-,-,200.00/Kg,600.00/Kg,550.0,Kakamega,2026-05-02
Sabatia,Dry Onions,-,-,-,100.00/Kg,125.00/Kg,2000.0,Kakamega,2026-05-02
Sabatia,Tomatoes,-,-,-,85.71/Kg,125.00/Kg,3500.0,Kakamega,2026-05-02
Sabatia,Avocado,Local,-,-,20.00/Kg,50.00/Kg,500.0,Kakamega,2026-05-02
Sabatia,Kales/Sukuma Wiki,-,-,-,37.50/Kg,58.33/Kg,1200.0,Kakamega,2026-05-02
Sabatia,White Irish Potatoes,-,-,-,64.29/Kg,62.50/Kg,14400.0,Kakamega,2026-05-02
Sabatia,Sweet potatoes,-,-,-,40.00/Kg,62.50/Kg,500.0,Kakamega,2026-05-02
Sabatia,Cabbages,-,-,-,23.81/Kg,28.57/Kg,5300.0,Kakamega,2026-05-02
Kakamega Town,Tilapia,Fresh,-,-,450.00/Kg,600.00/Kg,10000.0,Kakamega,2026-05-02
Kakamega Town,Tilapia,Fresh,-,-,450.00/Kg,600.00/Kg,10000.0,Kakamega,2026-05-02
Kakamega Town,Sweet potatoes,-,-,-,80.00/Kg,100.00/Kg,1000.0,Kakamega,2026-05-02
Kakamega Town,White Irish Potatoes,-,-,-,50.00/Kg,70.00/Kg,4000.0,Kakamega,2026-05-02
Sabatia,Water Melon,-,-,-,34.78/Kg,43.48/Kg,400.0,Kakamega,2026-05-02
Sabatia,Oranges,-,-,-,30.00/Kg,45.45/Kg,1000.0,Kakamega,2026-05-02
Kakamega Town,Water Melon,-,-,-,50.00/Kg,64.29/Kg,6000.0,Kakamega,2026-05-02
Kakamega Town,Pineapples,-,-,-,100.00/Kg,180.00/Kg,5000.0,Kakamega,2026-05-02
Sabatia,Mangoes,Improved,-,-,25.00/Kg,45.45/Kg,2000.0,Kakamega,2026-05-02
Kakamega Town,Avocado,Local,-,-,80.00/Kg,120.00/Kg,3000.0,Kakamega,2026-05-02
Kakamega Town,Dry Maize,White Maize,-,-,42.22/Kg,60.00/Kg,20000.0,Kakamega,2026-05-02
Sabatia,Beans Red Haricot (Wairimu),-,-,-,133.33/Kg,134.62/Kg,360.0,Kakamega,2026-05-02
Kakamega Town,Black nightshade (Managu/ Osuga),-,-,-,80.00/Kg,120.00/Kg,2000.0,Kakamega,2026-05-02
Sabatia,Mixed Beans,-,-,-,111.11/Kg,107.69/Kg,630.0,Kakamega,2026-05-02
Sabatia,Cowpeas,-,-,-,111.11/Kg,115.38/Kg,360.0,Kakamega,2026-05-02
Sabatia,Green Grams,Local-Special,-,-,124.44/Kg,115.38/Kg,810.0,Kakamega,2026-05-02
Kakamega Town,Kales/Sukuma Wiki,-,-,-,50.00/Kg,80.00/Kg,2000.0,Kakamega,2026-05-02
Sabatia,Ground Nuts,Small Red,-,-,257.78/Kg,285.71/Kg,540.0,Kakamega,2026-05-02
Kakamega Town,Tomatoes,-,-,-,150.00/Kg,200.00/Kg,4000.0,Kakamega,2026-05-02
Kakamega Town,Dry Onions,-,-,-,60.00/Kg,100.00/Kg,6000.0,Kakamega,2026-05-02
Kakamega Town,Carrots,-,-,-,40.00/Kg,60.00/Kg,3000.0,Kakamega,2026-05-02
Kakamega Town,Cabbages,-,-,-,20.00/Kg,40.00/Kg,4000.0,Kakamega,2026-05-02
Sabatia,Beans (Yellow-Green),-,-,-,155.56/Kg,1538.46/Kg,180.0,Kakamega,2026-05-02
Kakamega Town,Mixed Beans,-,-,-,88.89/Kg,120.00/Kg,5000.0,Kakamega,2026-05-02
Kakamega Town,Beans Rosecoco,-,-,-,133.33/Kg,180.00/Kg,9000.0,Kakamega,2026-05-02
Sabatia,Red Sorghum,-,-,-,57.78/Kg,68.18/Kg,540.0,Kakamega,2026-05-02
Sabatia,Finger Millet,-,-,-,124.44/Kg,136.36/Kg,720.0,Kakamega,2026-05-02
Sabatia,Dry Maize,White Maize,-,-,44.44/Kg,47.83/Kg,13500.0,Kakamega,2026-05-02
Kabati - Muranga,Lentils,-,-,-,-,280.00/Kg,,Muranga,2026-05-02
Kabati - Muranga,Dragon Fruit,-,-,-,-,400.00/Kg,,Muranga,2026-05-02
Kabati - Muranga,Pork,-,-,-,-,700.00/Kg,,Muranga,2026-05-02
Kabati - Muranga,Eggs,Exotic/Grade,-,-,-,400.00/Tray(30),,Muranga,2026-05-02
Kabati - Muranga,Cow Milk(At collection point),-,-,-,-,45.00/Lt,,Muranga,2026-05-02
Kabati - Muranga,Cow Milk(At collection point),-,-,-,-,45.00/Lt,,Muranga,2026-05-02
Kabati - Muranga,Water Melon,-,-,-,-,55.00/Kg,,Muranga,2026-05-02
Kabati - Muranga,Tree tomato,-,-,-,-,100.00/Kg,,Muranga,2026-05-02
Kabati - Muranga,Thorn melon,-,-,-,-,60.00/Kg,,Muranga,2026-05-02
Kabati - Muranga,Tangerine (Sandara),-,-,-,-,80.00/Kg,,Muranga,2026-05-02
Kabati - Muranga,Pineapples,-,-,-,-,53.33/Kg,,Muranga,2026-05-02
Kabati - Muranga,Pawpaw,-,-,-,-,80.00/Kg,,Muranga,2026-05-02
Kabati - Muranga,Oranges,-,-,-,-,100.00/Kg,,Muranga,2026-05-02
Kabati - Muranga,Mangoes,Improved,-,-,-,100.00/Kg,,Muranga,2026-05-02
Kabati - Muranga,Lemons,-,-,-,-,70.00/Kg,,Muranga,2026-05-02
Kabati - Muranga,Grapes,White,-,-,-,600.00/Kg,,Muranga,2026-05-02
Kabati - Muranga,Banana (Ripening),-,-,-,-,35.00/Kg,,Muranga,2026-05-02
Kabati - Muranga,Avocado,Hass,-,-,-,80.00/Kg,,Muranga,2026-05-02
Kabati - Muranga,Apples,-,-,-,-,180.00/Kg,,Muranga,2026-05-02
Kabati - Muranga,Black nightshade (Managu/ Osuga),-,-,-,-,35.00/Kg,,Muranga,2026-05-02
Kabati - Muranga,Amaranthus (Terere),-,-,-,-,45.00/Kg,,Muranga,2026-05-02
Kabati - Muranga,Tomatoes,-,-,-,-,50.00/Kg,,Muranga,2026-05-02
Kabati - Muranga,Spinach,-,-,-,-,45.00/Kg,,Muranga,2026-05-02
Kabati - Muranga,Pumpkin,-,-,-,-,53.33/Kg,,Muranga,2026-05-02
Kabati - Muranga,Kales/Sukuma Wiki,-,-,-,-,45.00/Kg,,Muranga,2026-05-02
Kabati - Muranga,Green Maize,-,-,-,-,100.00/Kg,,Muranga,2026-05-02
Kabati - Muranga,Garlic,-,-,-,-,480.00/Kg,,Muranga,2026-05-02
Kabati - Muranga,Fresh Peas,Shelled Peas,-,-,-,250.00/Kg,,Muranga,2026-05-02
Kabati - Muranga,French beans,-,-,-,-,60.00/Kg,,Muranga,2026-05-02
Kabati - Muranga,Cucumber,-,-,-,-,80.00/Kg,,Muranga,2026-05-02
Kabati - Muranga,Coriander (Dhania),-,-,-,-,50.00/Kg,,Muranga,2026-05-02
Kabati - Muranga,Chillies,-,-,-,-,120.00/Kg,,Muranga,2026-05-02
Kabati - Muranga,Carrots,-,-,-,-,70.00/Kg,,Muranga,2026-05-02
Kabati - Muranga,Capsicums,-,-,-,-,80.00/Kg,,Muranga,2026-05-02
Kabati - Muranga,Cabbages,-,-,-,-,50.00/Kg,,Muranga,2026-05-02
Kabati - Muranga,Butternuts,-,-,-,46.67/Kg,60.00/Kg,,Muranga,2026-05-02
Kabati - Muranga,Banana (Plantain),-,-,-,20.00/Kg,40.00/Kg,,Muranga,2026-05-02
Kabati - Muranga,Banana (Cooking),-,-,-,18.00/Kg,35.00/Kg,,Muranga,2026-05-02
Ngurubani Market,Meat Beef,-,-,-,650.00/Kg,750.00/Kg,1420.0,Kirinyaga,2026-05-01
Ngurubani Market,Eggs,Exotic/Grade,-,-,420.00/Tray(30),480.00/Tray(30),2220.0,Kirinyaga,2026-05-01
Ngurubani Market,Pork,-,-,-,650.00/Kg,750.00/Kg,425.0,Kirinyaga,2026-05-01
Ngurubani Market,White Irish Potatoes,-,-,-,45.00/Kg,50.00/Kg,21500.0,Kirinyaga,2026-05-01
Ngurubani Market,Sweet potatoes,-,-,-,80.00/Kg,100.00/Kg,450.0,Kirinyaga,2026-05-01
Ngurubani Market,Arrow Root,-,-,-,100.00/Kg,140.00/Kg,1200.0,Kirinyaga,2026-05-01
Ngurubani Market,Rice,Pishori,-,-,150.00/Kg,170.00/Kg,145000.0,Kirinyaga,2026-05-01
Ngurubani Market,Red Sorghum,-,-,-,91.11/Kg,110.00/Kg,2580.0,Kirinyaga,2026-05-01
Ngurubani Market,Dry Maize,White Maize,-,-,52.22/Kg,60.00/Kg,5680.0,Kirinyaga,2026-05-01
Ngurubani Market,Pumpkin Leaves,-,-,-,20.00/Kg,30.00/Kg,210.0,Kirinyaga,2026-05-01
Ngurubani Market,Cowpea leaves (Kunde),-,-,-,50.00/Kg,70.00/Kg,310.0,Kirinyaga,2026-05-01
Ngurubani Market,Black nightshade (Managu/ Osuga),-,-,-,30.00/Kg,40.00/Kg,325.0,Kirinyaga,2026-05-01
Ngurubani Market,Amaranthus (Terere),-,-,-,25.00/Kg,35.00/Kg,220.0,Kirinyaga,2026-05-01
Ngurubani Market,Thorn melon,-,-,-,80.00/Kg,120.00/Kg,420.0,Kirinyaga,2026-05-01
Ngurubani Market,Water Melon,-,-,-,25.00/Kg,33.00/Kg,24000.0,Kirinyaga,2026-05-01
Ngurubani Market,Tree tomato,-,-,-,70.00/Kg,100.00/Kg,450.0,Kirinyaga,2026-05-01
Ngurubani Market,Pineapples,-,-,-,40.00/Kg,60.00/Kg,680.0,Kirinyaga,2026-05-01
Ngurubani Market,Pawpaw,-,-,-,40.00/Kg,60.00/Kg,220.0,Kirinyaga,2026-05-01
Ngurubani Market,Passion Fruits,-,-,-,150.00/Kg,220.00/Kg,350.0,Kirinyaga,2026-05-01
Ngurubani Market,Oranges,-,-,-,60.00/Kg,80.00/Kg,2200.0,Kirinyaga,2026-05-01
Ngurubani Market,Lemons,-,-,-,50.00/Kg,70.00/Kg,120.0,Kirinyaga,2026-05-01
Ngurubani Market,Avocado,Local,-,-,50.00/Kg,70.00/Kg,2150.0,Kirinyaga,2026-05-01
Ngurubani Market,Lentils,-,-,-,188.89/Kg,220.00/Kg,2150.0,Kirinyaga,2026-05-01
Ngurubani Market,Pigeon peas,-,-,-,72.22/Kg,90.00/Kg,2800.0,Kirinyaga,2026-05-01
Ngurubani Market,Mixed Beans,-,-,-,86.67/Kg,110.00/Kg,2100.0,Kirinyaga,2026-05-01
Ngurubani Market,Green Grams,Hybrid/ polished,-,-,100.00/Kg,150.00/Kg,1850.0,Kirinyaga,2026-05-01
Ngurubani Market,Dolichos lablab (Njahi),-,-,-,83.33/Kg,100.00/Kg,2500.0,Kirinyaga,2026-05-01
Ngurubani Market,Cowpeas,-,-,-,100.00/Kg,140.00/Kg,220.0,Kirinyaga,2026-05-01
Ngurubani Market,Beans Rosecoco (Nyayo),-,-,-,110.00/Kg,160.00/Kg,4200.0,Kirinyaga,2026-05-01
Ngurubani Market,Beans Red Haricot (Wairimu),-,-,-,100.00/Kg,140.00/Kg,5280.0,Kirinyaga,2026-05-01
Ngurubani Market,Beans (Yellow-Green),-,-,-,124.44/Kg,170.00/Kg,4250.0,Kirinyaga,2026-05-01
Ngurubani Market,Beans (Mwitemania),-,-,-,91.11/Kg,120.00/Kg,2580.0,Kirinyaga,2026-05-01
Ngurubani Market,Tomatoes,-,-,-,60.00/Kg,80.00/Kg,1450.0,Kirinyaga,2026-05-01
Ngurubani Market,Spring Onions,-,-,-,40.00/Kg,60.00/Kg,250.0,Kirinyaga,2026-05-01
Ngurubani Market,Spinach,-,-,-,40.00/Kg,50.00/Kg,220.0,Kirinyaga,2026-05-01
Ngurubani Market,Pumpkin,-,-,-,30.00/Kg,40.00/Kg,1650.0,Kirinyaga,2026-05-01
Ngurubani Market,Kales/Sukuma Wiki,-,-,-,20.00/Kg,30.00/Kg,1250.0,Kirinyaga,2026-05-01
Ngurubani Market,Green Maize,-,-,-,40.00/Kg,60.00/Kg,2150.0,Kirinyaga,2026-05-01
Ngurubani Market,French beans,-,-,-,60.00/Kg,80.00/Kg,350.0,Kirinyaga,2026-05-01
Ngurubani Market,Fresh Peas,On pods,-,-,150.00/Kg,170.00/Kg,1500.0,Kirinyaga,2026-05-01
Ngurubani Market,Egg plant (Brinjals),-,-,-,50.00/Kg,80.00/Kg,45.0,Kirinyaga,2026-05-01
Ngurubani Market,Dry Onions,-,-,-,80.00/Kg,120.00/Kg,6500.0,Kirinyaga,2026-05-01
Ngurubani Market,Cucumber,-,-,-,70.00/Kg,100.00/Kg,100.0,Kirinyaga,2026-05-01
Ngurubani Market,Courgette,-,-,-,70.00/Kg,100.00/Kg,180.0,Kirinyaga,2026-05-01
Ngurubani Market,Coriander (Dhania),-,-,-,50.00/Kg,80.00/Kg,220.0,Kirinyaga,2026-05-01
Ngurubani Market,Chillies,-,-,-,50.00/Kg,70.00/Kg,210.0,Kirinyaga,2026-05-01
Ngurubani Market,Carrots,-,-,-,40.00/Kg,70.00/Kg,2250.0,Kirinyaga,2026-05-01
Ngurubani Market,Capsicums,-,-,-,40.00/Kg,60.00/Kg,420.0,Kirinyaga,2026-05-01
Ngurubani Market,Cabbages,-,-,-,20.00/Kg,25.00/Kg,22500.0,Kirinyaga,2026-05-01
Ngurubani Market,Butternuts,-,-,-,35.00/Kg,45.00/Kg,1850.0,Kirinyaga,2026-05-01
Ngurubani Market,Banana (Cooking),-,-,-,25.00/Kg,35.00/Kg,2258.0,Kirinyaga,2026-05-01
Ngurubani Market,Fertilizer,NPK,-,-,92.00/Kg,110.00/Kg,220000.0,Kirinyaga,2026-05-01
Ngurubani Market,Fertilizer,DAP,-,-,136.00/Kg,140.00/Kg,142000.0,Kirinyaga,2026-05-01
Ngurubani Market,Fertilizer,CAN,-,-,66.00/Kg,80.00/Kg,52000.0,Kirinyaga,2026-05-01
Ndanai Market,Eggs,Indigenous /Kenyeji,-,-,540.00/Tray(30),600.00/Tray(30),15000.0,Bomet,2026-05-01
Ndanai Market,Chicken,Indigenous,-,Male,600.00/Head,-,1200.0,Bomet,2026-05-01
Ndanai Market,Chicken,Improved Kienyeji,-,Male,1000.00/Head,-,1500.0,Bomet,2026-05-01
Ndanai Market,Water Melon,-,-,-,90.00/Kg,120.00/Kg,6000.0,Bomet,2026-05-01
Ndanai Market,Oranges,-,-,-,59.09/Kg,100.00/Kg,7000.0,Bomet,2026-05-01
Ndanai Market,Mangoes,Improved,-,-,24.00/Kg,50.00/Kg,8000.0,Bomet,2026-05-01
Ndanai Market,Banana (Ripening),-,-,-,20.00/Kg,50.00/Kg,10000.0,Bomet,2026-05-01
Ndanai Market,Banana (Ripening),-,-,-,20.00/Kg,50.00/Kg,10000.0,Bomet,2026-05-01
Ndanai Market,Dry Maize,White Maize,-,-,48.89/Kg,140.00/Kg,36000.0,Bomet,2026-05-01
Ndanai Market,Spider flower (Saga),-,-,-,60.00/Kg,100.00/Kg,2500.0,Bomet,2026-05-01
Ndanai Market,Black nightshade (Managu/ Osuga),-,-,-,60.00/Kg,100.00/Kg,3500.0,Bomet,2026-05-01
Ndanai Market,Tomatoes,-,-,-,75.00/Kg,100.00/Kg,12800.0,Bomet,2026-05-01
Ndanai Market,Kales/Sukuma Wiki,-,-,-,9.44/Kg,20.00/Kg,3600.0,Bomet,2026-05-01
Ndanai Market,Dry Onions,-,-,-,75.00/Kg,1000.00/Kg,8000.0,Bomet,2026-05-01
Ndanai Market,Cabbages,-,-,-,10.00/Kg,20.00/Kg,12000.0,Bomet,2026-05-01
Ndanai Market,Beans Rosecoco,-,-,-,133.33/Kg,175.00/Kg,9000.0,Bomet,2026-05-01
Kerugoya,White Irish Potatoes,-,-,-,40.00/Kg,75.00/Kg,2300.0,Kirinyaga,2026-05-01
Kerugoya,Water Melon,-,-,-,30.00/Kg,45.00/Kg,300.0,Kirinyaga,2026-05-01
Kerugoya,Tree tomato,-,-,-,100.00/Kg,200.00/Kg,250.0,Kirinyaga,2026-05-01
Kerugoya,Thorn melon,-,-,-,30.00/Kg,60.00/Kg,160.0,Kirinyaga,2026-05-01
Kerugoya,Passion Fruits,-,-,-,170.00/Kg,240.00/Kg,300.0,Kirinyaga,2026-05-01
Kerugoya,Oranges,-,-,-,60.00/Kg,120.00/Kg,300.0,Kirinyaga,2026-05-01
Kerugoya,Banana (Ripening),-,-,-,25.00/Kg,50.00/Kg,300.0,Kirinyaga,2026-05-01
Kerugoya,Rice,Pishori,-,-,160.00/Kg,180.00/Kg,2250.0,Kirinyaga,2026-05-01
Kerugoya,Tomatoes,-,-,-,45.00/Kg,80.00/Kg,1500.0,Kirinyaga,2026-05-01
Kerugoya,Pumpkin,-,-,-,40.00/Kg,80.00/Kg,200.0,Kirinyaga,2026-05-01
Kerugoya,Kales/Sukuma Wiki,-,-,-,20.00/Kg,35.00/Kg,230.0,Kirinyaga,2026-05-01
Kerugoya,Ginger,-,-,-,170.00/Kg,260.00/Kg,200.0,Kirinyaga,2026-05-01
Kerugoya,Ginger,-,-,-,170.00/Kg,260.00/Kg,200.0,Kirinyaga,2026-05-01
Kerugoya,Fresh Peas,On pods,-,-,90.00/Kg,140.00/Kg,400.0,Kirinyaga,2026-05-01
Kerugoya,Dry Onions,-,-,-,75.00/Kg,140.00/Kg,2300.0,Kirinyaga,2026-05-01
Kerugoya,Courgette,-,-,-,80.00/Kg,150.00/Kg,300.0,Kirinyaga,2026-05-01
Kerugoya,Carrots,-,-,-,35.00/Kg,70.00/Kg,480.0,Kirinyaga,2026-05-01
Kerugoya,Capsicums,-,-,-,50.00/Kg,100.00/Kg,250.0,Kirinyaga,2026-05-01
Kerugoya,Capsicums,-,-,-,50.00/Kg,100.00/Kg,250.0,Kirinyaga,2026-05-01
Kerugoya,Cabbages,-,-,-,15.00/Kg,25.00/Kg,350.0,Kirinyaga,2026-05-01
Kerugoya,Butternuts,-,-,-,45.00/Kg,90.00/Kg,180.0,Kirinyaga,2026-05-01
Kerugoya,Banana (Cooking),-,-,-,18.00/Kg,35.00/Kg,780.0,Kirinyaga,2026-05-01
Kerugoya,Pigeon peas,-,-,-,120.00/Kg,150.00/Kg,2350.0,Kirinyaga,2026-05-01
Kerugoya,Mixed Beans,-,-,-,100.00/Kg,140.00/Kg,1150.0,Kirinyaga,2026-05-01
Kerugoya,Lentils,-,-,-,275.00/Kg,330.00/Kg,1250.0,Kirinyaga,2026-05-01
Kerugoya,Ground Nuts,Large Brown,-,-,270.00/Kg,320.00/Kg,800.0,Kirinyaga,2026-05-01
Kerugoya,Green Grams,Makueni,-,-,125.00/Kg,165.00/Kg,1600.0,Kirinyaga,2026-05-01
Kerugoya,Green Grams,Local-Special,-,-,140.00/Kg,180.00/Kg,1550.0,Kirinyaga,2026-05-01
Kerugoya,Green Grams,Hybrid/ polished,-,-,140.00/Kg,185.00/Kg,1400.0,Kirinyaga,2026-05-01
Kerugoya,Dry Peas,-,-,-,175.00/Kg,220.00/Kg,500.0,Kirinyaga,2026-05-01
Kerugoya,Dolichos lablab (Njahi),-,-,-,95.00/Kg,130.00/Kg,1650.0,Kirinyaga,2026-05-01
Kerugoya,Cowpeas,-,-,-,120.00/Kg,150.00/Kg,2200.0,Kirinyaga,2026-05-01
Kerugoya,Beans Rosecoco (Nyayo),-,-,-,145.00/Kg,190.00/Kg,2500.0,Kirinyaga,2026-05-01
Kerugoya,Beans Rosecoco,-,-,-,140.00/Kg,180.00/Kg,2450.0,Kirinyaga,2026-05-01
Kerugoya,Beans Red Haricot (Wairimu),-,-,-,120.00/Kg,150.00/Kg,2650.0,Kirinyaga,2026-05-01
Kerugoya,Beans (Yellow-Green),-,-,-,145.00/Kg,150.00/Kg,1650.0,Kirinyaga,2026-05-01
Kerugoya,Beans (Mwitemania),-,-,-,135.00/Kg,175.00/Kg,2350.0,Kirinyaga,2026-05-01
Kerugoya,Beans (Mwezi Moja),-,-,-,120.00/Kg,160.00/Kg,2600.0,Kirinyaga,2026-05-01
Kerugoya,Beans (Canadian wonder),-,-,-,120.00/Kg,160.00/Kg,2500.0,Kirinyaga,2026-05-01
Gakoromone,Tomatoes,-,-,-,80.00/Kg,100.00/Kg,24000.0,Meru,2026-05-01
Gakoromone,Spinach,-,-,-,35.00/Kg,40.00/Kg,3500.0,Meru,2026-05-01
Gakoromone,Pumpkin,-,-,-,50.00/Kg,60.00/Kg,1000.0,Meru,2026-05-01
Gakoromone,Kales/Sukuma Wiki,-,-,-,25.00/Kg,30.00/Kg,4500.0,Meru,2026-05-01
Gakoromone,Fresh Peas,On pods,-,-,130.00/Kg,140.00/Kg,1000.0,Meru,2026-05-01
Gakoromone,Dry Onions,-,-,-,100.00/Kg,120.00/Kg,30000.0,Meru,2026-05-01
Gakoromone,Courgette,-,-,-,110.00/Kg,100.00/Kg,1500.0,Meru,2026-05-01
Gakoromone,Carrots,-,-,-,31.43/Kg,35.71/Kg,45000.0,Meru,2026-05-01
Gakoromone,Capsicums,-,-,-,60.00/Kg,70.00/Kg,1000.0,Meru,2026-05-01
Gakoromone,Cabbages,-,-,-,16.67/Kg,55.00/Kg,35000.0,Meru,2026-05-01
Gakoromone,Butternuts,-,-,-,40.00/Kg,45.00/Kg,300.0,Meru,2026-05-01
Gakoromone,Banana (Plantain),-,-,-,18.00/Kg,20.00/Kg,20000.0,Meru,2026-05-01
Gakoromone,Banana (Cooking),-,-,-,18.00/Kg,20.00/Kg,18000.0,Meru,2026-05-01
Gakoromone,White Irish Potatoes,-,-,-,82.86/Kg,85.71/Kg,24000.0,Meru,2026-05-01
Gakoromone,Sweet potatoes,-,-,-,32.86/Kg,35.71/Kg,1000.0,Meru,2026-05-01
Gakoromone,Arrow Root,-,-,-,57.14/Kg,64.29/Kg,3000.0,Meru,2026-05-01
Gakoromone,Water Melon,-,-,-,37.00/Kg,45.00/Kg,35000.0,Meru,2026-05-01
Gakoromone,Thorn melon,-,-,-,20.00/Kg,25.00/Kg,200.0,Meru,2026-05-01
Gakoromone,Pawpaw,-,-,-,80.00/Kg,90.00/Kg,800.0,Meru,2026-05-01
Gakoromone,Oranges,-,-,-,80.00/Kg,100.00/Kg,4000.0,Meru,2026-05-01
Malimili Livestock Market,Sheep,Red Maasai,Grade 2,Male,5500.00/Head,-,8.0,Kakamega,2026-05-01
Malimili Livestock Market,Sheep,Red Maasai,Grade 2,Female,7500.00/Head,-,13.0,Kakamega,2026-05-01
Malimili Livestock Market,Sheep,Red Maasai,Grade 2,Male,7000.00/Head,-,7.0,Kakamega,2026-05-01
Malimili Livestock Market,Goat,Mixed,Grade 2,Female,8000.00/Head,-,9.0,Kakamega,2026-05-01
Malimili Livestock Market,Goat,Mixed,Grade 2,Male,7000.00/Head,-,13.0,Kakamega,2026-05-01
Malimili Livestock Market,Goat,Mixed,Grade 2,Female,11000.00/Head,-,11.0,Kakamega,2026-05-01
Malimili Livestock Market,Goat,Mixed,Grade 2,Male,10000.00/Head,-,10.0,Kakamega,2026-05-01
Malimili Livestock Market,Chicken,Indigenous,-,Female,600.00/Head,-,20.0,Kakamega,2026-05-01
Malimili Livestock Market,Chicken,Indigenous,-,Female,800.00/Head,-,40.0,Kakamega,2026-05-01
Malimili Livestock Market,Chicken,Indigenous,-,Male,800.00/Head,-,30.0,Kakamega,2026-05-01
Malimili Livestock Market,Chicken,Indigenous,-,Male,1050.00/Head,-,40.0,Kakamega,2026-05-01
Malimili Livestock Market,Chicken,Improved Kienyeji,-,Female,600.00/Head,-,20.0,Kakamega,2026-05-01
Malimili Livestock Market,Chicken,Improved Kienyeji,-,Female,850.00/Head,-,30.0,Kakamega,2026-05-01
Malimili Livestock Market,Chicken,Improved Kienyeji,-,Male,900.00/Head,-,30.0,Kakamega,2026-05-01
Malimili Livestock Market,Chicken,Improved Kienyeji,-,Male,1100.00/Head,-,20.0,Kakamega,2026-05-01
Malimili Livestock Market,Cattle,Mixed,Grade 3,Female,30000.00/Head,-,22.0,Kakamega,2026-05-01
Malimili Livestock Market,Cattle,Mixed,Grade 3,Female,42000.00/Head,-,14.0,Kakamega,2026-05-01
Malimili Livestock Market,Cattle,Mixed,Grade 3,Female,60000.00/Head,-,18.0,Kakamega,2026-05-01
Malimili Livestock Market,Cattle,Mixed,Grade 3,Male,27000.00/Head,-,26.0,Kakamega,2026-05-01
Malimili Livestock Market,Cattle,Mixed,Grade 3,Male,37000.00/Head,-,15.0,Kakamega,2026-05-01
Malimili Livestock Market,Cattle,Mixed,Grade 3,Male,60000.00/Head,-,10.0,Kakamega,2026-05-01
Malimili Livestock Market,Cattle,Ayrshire,Grade 3,Female,35000.00/Head,-,20.0,Kakamega,2026-05-01
Malimili Livestock Market,Cattle,Ayrshire,Grade 3,Female,55000.00/Head,-,16.0,Kakamega,2026-05-01
Malimili Livestock Market,Cattle,Ayrshire,Grade 3,Female,70000.00/Head,-,12.0,Kakamega,2026-05-01
Malimili Livestock Market,Cattle,Ayrshire,Grade 3,Male,30000.00/Head,-,16.0,Kakamega,2026-05-01
Malimili Livestock Market,Cattle,Ayrshire,Grade 3,Male,50000.00/Head,-,11.0,Kakamega,2026-05-01
Malimili Livestock Market,Cattle,Ayrshire,Grade 3,Male,65000.00/Head,-,8.0,Kakamega,2026-05-01
Mumias,Tilapia,Dried,-,-,-,416.67/Kg,,Kakamega,2026-05-01
Mumias,Omena,Dried,-,-,-,521.74/Kg,,Kakamega,2026-05-01
Mumias,Nile Perch,Smoked,-,-,-,358.97/Kg,,Kakamega,2026-05-01
Mumias,White Irish Potatoes,-,-,-,-,92.00/Kg,,Kakamega,2026-05-01
Mumias,Sweet potatoes,-,-,-,-,32.26/Kg,,Kakamega,2026-05-01
Mumias,Red Irish potato,-,-,-,-,84.00/Kg,,Kakamega,2026-05-01
Mumias,Cassava Fresh,-,-,-,-,71.43/Kg,,Kakamega,2026-05-01
Mumias,Cassava Chips (dry),-,-,-,-,66.67/Kg,,Kakamega,2026-05-01
Mumias,Arrow Root,-,-,-,-,76.92/Kg,,Kakamega,2026-05-01
Mumias,Water Melon,-,-,-,-,93.75/Kg,,Kakamega,2026-05-01
Mumias,Pineapples,-,-,-,-,83.33/Kg,,Kakamega,2026-05-01
Mumias,Passion Fruits,-,-,-,-,238.10/Kg,,Kakamega,2026-05-01
Mumias,Pawpaw,-,-,-,-,80.65/Kg,,Kakamega,2026-05-01
Mumias,Oranges,-,-,-,-,90.91/Kg,,Kakamega,2026-05-01
Mumias,Mangoes,Improved,-,-,-,55.56/Kg,,Kakamega,2026-05-01
Mumias,Lemons,-,-,-,-,64.52/Kg,,Kakamega,2026-05-01
Mumias,Grapes,Black-Dark,-,-,-,760.00/Kg,,Kakamega,2026-05-01
Mumias,Banana (Ripening),-,-,-,-,162.60/Kg,,Kakamega,2026-05-01
Mumias,Avocado,Local,-,-,-,53.57/Kg,,Kakamega,2026-05-01
Mumias,Apples,-,-,-,-,250.00/Kg,,Kakamega,2026-05-01
Mumias,White Sorghum,-,-,-,-,72.73/kg,,Kakamega,2026-05-01
Mumias,Wheat Flour,Soko All Purpose HBF,-,-,-,85.00/Kg,,Kakamega,2026-05-01
Mumias,Wheat Flour,Pembe All Purpose HBF,-,-,-,87.50/Kg,,Kakamega,2026-05-01
Mumias,Wheat Flour,Tropicana HBF,-,-,-,85.00/Kg,,Kakamega,2026-05-01
Mumias,Wheat Flour,Exe Mandazi Fortified Wheat Flour,-,-,-,95.00/Kg,,Kakamega,2026-05-01
Mumias,Wheat Flour,Exe Chapati fortified wheat flour,-,-,-,90.00/Kg,,Kakamega,2026-05-01
Mumias,Wheat Flour,Exe All purpose fortified wheat flour,-,-,-,87.50/Kg,,Kakamega,2026-05-01
Mumias,Wheat Flour,Ajab fortigied Home Baking flour,-,-,-,85.00/Kg,,Kakamega,2026-05-01
Mumias,Rice,Pishori,-,-,-,315.00/Kg,,Kakamega,2026-05-01
Mumias,Red Sorghum,-,-,-,-,71.43/Kg,,Kakamega,2026-05-01
Mumias,Red Sorghum,-,-,-,-,68.18/Kg,,Kakamega,2026-05-01
Mumias,Maize Flour,Soko,-,-,-,82.50/Kg,,Kakamega,2026-05-01
Mumias,Maize Flour,Posho Mill,-,-,-,68.18/Kg,,Kakamega,2026-05-01
Mumias,Maize Flour,Jembe,-,-,-,70.00/Kg,,Kakamega,2026-05-01
Mumias,Maize Flour,Jogoo wimbi,-,-,-,145.00/Kg,,Kakamega,2026-05-01
Mumias,Maize Flour,Jogoo,-,-,-,82.50/Kg,,Kakamega,2026-05-01
Mumias,Maize Flour,Hostess,-,-,-,95.00/Kg,,Kakamega,2026-05-01
Mumias,Maize Flour,Amaize,-,-,-,105.00/Kg,,Kakamega,2026-05-01
Mumias,Finger Millet,-,-,-,-,166.67/Kg,,Kakamega,2026-05-01
Mumias,Dry Maize,White Maize,-,-,-,59.09/Kg,,Kakamega,2026-05-01
Mumias,Spider flower (Saga),-,-,-,-,78.95/Kg,,Kakamega,2026-05-01
Mumias,Pumpkin Leaves,-,-,-,-,117.65/Kg,,Kakamega,2026-05-01
Mumias,Jute Plant (Murenda),-,-,-,-,76.92/Kg,,Kakamega,2026-05-01
Mumias,Indigenous Crotolaria (Mito/Miro),-,-,-,-,58.82/Kg,,Kakamega,2026-05-01
Mumias,Ethiopian Kales -Kanzira,-,-,-,-,100.00/Kg,,Kakamega,2026-05-01
Mumias,Cowpea leaves (Kunde),-,-,-,-,57.69/Kg,,Kakamega,2026-05-01
Mumias,Black nightshade (Managu/ Osuga),-,-,-,-,111.11/Kg,,Kakamega,2026-05-01
Mumias,Amaranthus (Terere),-,-,-,-,114.29/Kg,,Kakamega,2026-05-01
Mumias,Tomatoes,-,-,-,-,116.28/Kg,,Kakamega,2026-05-01
Mumias,Spring Onions,-,-,-,-,156.25/Kg,,Kakamega,2026-05-01
Mumias,Spinach,-,-,-,-,65.22/Kg,,Kakamega,2026-05-01
Mumias,Pumpkin,-,-,-,-,71.43/Kg,,Kakamega,2026-05-01
Mumias,Kales/Sukuma Wiki,-,-,-,-,58.82/Kg,,Kakamega,2026-05-01
Mumias,Ginger,-,-,-,-,250.00/Kg,,Kakamega,2026-05-01
Mumias,Garlic,-,-,-,-,48.39/Kg,,Kakamega,2026-05-01
Mumias,Fresh Peas,On pods,-,-,-,120.00/Kg,,Kakamega,2026-05-01
Mumias,Egg plant (Brinjals),-,-,-,-,125.00/Kg,,Kakamega,2026-05-01
Mumias,Dry Onions,-,-,-,-,142.86/Kg,,Kakamega,2026-05-01
Mumias,Cucumber,-,-,-,-,217.39/Kg,,Kakamega,2026-05-01
Mumias,Coriander (Dhania),-,-,-,-,217.39/Kg,,Kakamega,2026-05-01
Mumias,Chillies,-,-,-,-,125.00/Kg,,Kakamega,2026-05-01
Mumias,Carrots,-,-,-,-,119.05/Kg,,Kakamega,2026-05-01
Mumias,Capsicums,-,-,-,-,121.95/Kg,,Kakamega,2026-05-01
Mumias,Cabbages,-,-,-,-,23.81/Kg,,Kakamega,2026-05-01
Mumias,Butternuts,-,-,-,-,322.58/Kg,,Kakamega,2026-05-01
Mumias,Banana (Plantain),-,-,-,-,52.63/Kg,,Kakamega,2026-05-01
Mumias,Banana (Cooking),-,-,-,-,28.99/Kg,,Kakamega,2026-05-01
Mumias,Njugu Mawe,-,-,-,-,522.73/Kg,,Kakamega,2026-05-01
Mumias,Mixed Beans,-,-,-,-,113.64/Kg,,Kakamega,2026-05-01
Mumias,Lentils,-,-,-,-,460.00/Kg,,Kakamega,2026-05-01
Mumias,Ground Nuts,Small Red,-,-,-,285.71/Kg,,Kakamega,2026-05-01
Mumias,Ground Nuts,Large Brown,-,-,-,300.00/Kg,,Kakamega,2026-05-01
Mumias,Green Grams,Local-Special,-,-,-,156.52/Kg,,Kakamega,2026-05-01
Mumias,Green Grams,Hybrid/ polished,-,-,-,210.00/Kg,,Kakamega,2026-05-01
Mumias,Dry Peas,-,-,-,-,280.00/Kg,,Kakamega,2026-05-01
Mumias,Dolichos lablab (Njahi),-,-,-,-,320.00/Kg,,Kakamega,2026-05-01
Mumias,Cowpeas,-,-,-,-,156.52/Kg,,Kakamega,2026-05-01
Mumias,Beans Rosecoco,-,-,-,-,173.91/Kg,,Kakamega,2026-05-01
Mumias,Beans Red Haricot (Wairimu),-,-,-,-,125.00/Kg,,Kakamega,2026-05-01
Mumias,Beans (Yellow-Green),-,-,-,-,173.91/Kg,,Kakamega,2026-05-01
Mumias,Beans (Mwitemania),-,-,-,-,159.09/Kg,,Kakamega,2026-05-01
Mumias,Beans (Mwezi Moja),-,-,-,-,136.36/Kg,,Kakamega,2026-05-01
Mumias,Beans (Canadian wonder),-,-,-,-,173.91/Kg,,Kakamega,2026-05-01
Mumias,Coconut,-,-,-,-,125.00/Kg,,Kakamega,2026-05-01
Mumias,Fertilizer,Urea,-,-,-,106.00/Kg,,Kakamega,2026-05-01
Mumias,Fertilizer,NPK,-,-,-,114.00/Kg,,Kakamega,2026-05-01
Mumias,Fertilizer,DAP,-,-,-,116.00/Kg,,Kakamega,2026-05-01
Mumias,Fertilizer,CAN,-,-,-,96.00/Kg,,Kakamega,2026-05-01
Katito,Meat Chevon,-,-,-,-,750.00/Kg,3500.0,Kisumu,2026-04-30
Katito,Meat Beef,-,-,-,-,700.00/Kg,7500.0,Kisumu,2026-04-30
Katito,Honey,Crude,-,-,-,1000.00/Kg,1500.0,Kisumu,2026-04-30
Katito,Cow Milk(Processd),-,-,-,120.00/Lt,120.00/Lt,6500.0,Kisumu,2026-04-30
Katito,Cow Milk(At collection point),-,-,-,60.00/Lt,75.00/Lt,1500.0,Kisumu,2026-04-30
Katito,Sheep,Red Maasai,Grade 2,Female,6500.00/Head,-,1200.0,Kisumu,2026-04-30
Katito,Sheep,Red Maasai,Grade 2,Male,6800.00/Head,-,860.0,Kisumu,2026-04-30
Katito,Goat,East African Goat,Grade 2,Male,7200.00/Head,-,1150.0,Kisumu,2026-04-30
Katito,Goat,East African Goat,Grade 2,Male,7800.00/Head,-,1100.0,Kisumu,2026-04-30
Katito,Chicken,Indigenous,-,Female,950.00/Head,-,1200.0,Kisumu,2026-04-30
Katito,Chicken,Indigenous,-,Male,1300.00/Head,-,1600.0,Kisumu,2026-04-30
Katito,Cattle,Zebu,Grade 4,Female,25000.00/Head,-,1200.0,Kisumu,2026-04-30
Katito,Cattle,Zebu,Grade 4,Female,32000.00/Head,-,940.0,Kisumu,2026-04-30
Katito,Cattle,Zebu,Grade 4,Male,38000.00/Head,-,560.0,Kisumu,2026-04-30
Katito,Kales/Sukuma Wiki,-,-,-,46.67/Kg,41.67/Kg,4500.0,Kisumu,2026-04-30
Katito,Cabbages,-,-,-,20.00/Kg,26.67/Kg,2500.0,Kisumu,2026-04-30
Katito,Banana (Cooking),-,-,-,30.56/Kg,38.46/Kg,1500.0,Kisumu,2026-04-30
Katito,Green Grams,Hybrid/ polished,-,-,125.00/Kg,130.43/Kg,2500.0,Kisumu,2026-04-30
Katito,Ground Nuts,Large Brown,-,-,244.44/Kg,239.13/Kg,3500.0,Kisumu,2026-04-30
Katito,Beans Rosecoco,-,-,-,150.00/Kg,152.17/Kg,4500.0,Kisumu,2026-04-30
Katito,Beans (Yellow-Green),-,-,-,150.00/Kg,159.09/Kg,2800.0,Kisumu,2026-04-30
Katito,Maize Flour,Pembe,-,-,-,80.00/Kg,1500.0,Kisumu,2026-04-30
Katito,Wheat Flour,Exe self raising,-,-,-,95.00/Kg,1800.0,Kisumu,2026-04-30
Katito,Wheat Flour,Soko All Purpose HBF,-,-,-,80.00/Kg,,Kisumu,2026-04-30
Katito,Red Sorghum,-,-,-,75.00/Kg,78.26/Kg,3500.0,Kisumu,2026-04-30
Katito,Finger Millet,-,-,-,125.00/Kg,166.67/Kg,2500.0,Kisumu,2026-04-30
Katito,Dry Maize,White Maize,-,-,46.67/Kg,65.22/Kg,7500.0,Kisumu,2026-04-30
Katito,Fertilizer,DAP,-,-,-,120.00/Kg,,Kisumu,2026-04-30
Katito,Fertilizer,CAN,-,-,-,108.00/Kg,3500.0,Kisumu,2026-04-30
Vanga,Octopus (Pweza),Fresh,-,-,420.00/Kg,450.00/Kg,58.0,Kwale,2026-04-30
Vanga,Squid(Ngisi),Fresh,-,-,300.00/Kg,450.00/Kg,150.0,Kwale,2026-04-30
Vanga,Mackerel,Fresh,-,-,250.00/Kg,270.00/Kg,200.0,Kwale,2026-04-30
Vanga,Rabbitfish (Tafi/Tasi),Fresh,-,-,220.00/Kg,250.00/Kg,98.0,Kwale,2026-04-30
Vanga,Scavengers (Changu/Tangu),Fresh,-,-,200.00/Kg,220.00/Kg,28.0,Kwale,2026-04-30
Vanga,Wolf Herrings,Fresh,-,-,180.00/Piece,200.00/Piece,48.0,Kwale,2026-04-30
Vanga,Tuna,Fresh,-,-,250.00/Kg,300.00/Kg,85.0,Kwale,2026-04-30
Kinango,Omena,Dried,-,-,485.71/Kg,550.00/Kg,1750.0,Kwale,2026-04-30
Kinango,White Irish Potatoes,-,-,-,63.16/Kg,100.00/Kg,2500.0,Kwale,2026-04-30
Kinango,Oranges,-,-,-,40.00/Kg,60.00/Kg,1500.0,Kwale,2026-04-30
Kinango,Mangoes,Local,-,-,55.00/Kg,100.00/Kg,6000.0,Kwale,2026-04-30
Kinango,Lemons,-,-,-,45.00/Kg,70.00/Kg,700.0,Kwale,2026-04-30
Kinango,Banana (Ripening),-,-,-,45.00/Kg,65.00/Kg,2000.0,Kwale,2026-04-30
Kinango,Avocado,Local,-,-,60.00/Kg,100.00/Kg,800.0,Kwale,2026-04-30
Kinango,Black nightshade (Managu/ Osuga),-,-,-,48.00/Kg,70.00/Kg,500.0,Kwale,2026-04-30
Kinango,Amaranthus (Terere),-,-,-,38.00/Kg,60.00/Kg,1300.0,Kwale,2026-04-30
Kinango,Tomatoes,-,-,-,133.33/Kg,170.00/Kg,4000.0,Kwale,2026-04-30
Kinango,Kales/Sukuma Wiki,-,-,-,38.00/Kg,65.00/Kg,1600.0,Kwale,2026-04-30
Kinango,Green Maize,-,-,-,48.00/Kg,70.00/Kg,1200.0,Kwale,2026-04-30
Kinango,Ginger,-,-,-,190.00/Kg,250.00/Kg,250.0,Kwale,2026-04-30
Kinango,Garlic,-,-,-,450.00/Kg,550.00/Kg,300.0,Kwale,2026-04-30
Kinango,Egg plant (Brinjals),-,-,-,70.00/Kg,120.00/Kg,700.0,Kwale,2026-04-30
Kinango,Dry Onions,-,-,-,125.00/Kg,200.00/Kg,1200.0,Kwale,2026-04-30
Kinango,Coriander (Dhania),-,-,-,80.00/Kg,120.00/Kg,150.0,Kwale,2026-04-30
Kinango,Chillies,-,-,-,130.00/Kg,170.00/Kg,150.0,Kwale,2026-04-30
Kinango,Carrots,-,-,-,65.00/Kg,100.00/Kg,400.0,Kwale,2026-04-30
Kinango,Capsicums,-,-,-,95.00/Kg,150.00/Kg,600.0,Kwale,2026-04-30
Kinango,Cabbages,-,-,-,23.33/Kg,40.00/Kg,2000.0,Kwale,2026-04-30
Kinango,Banana (Cooking),-,-,-,45.00/Kg,65.00/Kg,600.0,Kwale,2026-04-30
Kawangware,Lentils,-,-,-,220.00/Kg,250.00/Kg,,Nairobi,2026-04-30
Kawangware,Pigeon peas,-,-,-,100.00/Kg,115.00/Kg,,Nairobi,2026-04-30
Kawangware,Green Grams,Makueni,-,-,155.00/Kg,170.00/Kg,,Nairobi,2026-04-30
Kawangware,Beans Red Haricot (Wairimu),-,-,-,100.00/Kg,110.00/Kg,,Nairobi,2026-04-30
Kawangware,Dolichos lablab (Njahi),-,-,-,75.00/Kg,85.00/Kg,,Nairobi,2026-04-30
Kawangware,Cowpeas,-,-,-,90.00/Kg,120.00/Kg,,Nairobi,2026-04-30
Kawangware,Beans Rosecoco (Nyayo),-,-,-,110.00/Kg,125.00/Kg,,Nairobi,2026-04-30
Kawangware,Beans Rosecoco,-,-,-,115.00/Kg,125.00/Kg,,Nairobi,2026-04-30
Kawangware,Beans (Yellow-Green),-,-,-,110.00/Kg,125.00/Kg,,Nairobi,2026-04-30
Kawangware,Beans (Mwitemania),-,-,-,90.00/Kg,100.00/Kg,,Nairobi,2026-04-30
Kawangware,Rice,Pishori,-,-,160.00/Kg,180.00/Kg,,Nairobi,2026-04-30
Kawangware,Pearl Rush Millet,-,-,-,122.22/Kg,120.00/Kg,,Nairobi,2026-04-30
Kawangware,Finger Millet,-,-,-,54.00/Kg,90.00/Kg,,Nairobi,2026-04-30
Kawangware,Dry Maize,White Maize,-,-,55.00/Kg,65.00/Kg,,Nairobi,2026-04-30
Kutus,White Sorghum,-,-,-,77.00/kg,120.00/kg,,Kirinyaga,2026-04-30
Kutus,Paddy Rice,Pishori,-,-,76.00/Kg,78.00/Kg,,Kirinyaga,2026-04-30
Kutus,Red Sorghum,-,-,-,77.00/Kg,120.00/Kg,,Kirinyaga,2026-04-30
Kutus,Dry Maize,Mixed-Traditional,-,-,50.00/Kg,65.00/Kg,,Kirinyaga,2026-04-30
Lubao Livestock Market,Sheep,Red Maasai,Grade 2,Female,8000.00/Head,-,50.0,Kakamega,2026-04-30
Lubao Livestock Market,Sheep,Red Maasai,Grade 2,Male,9000.00/Head,-,80.0,Kakamega,2026-04-30
Lubao Livestock Market,Goat,East African Goat,Grade 2,Female,7500.00/Head,-,70.0,Kakamega,2026-04-30
Lubao Livestock Market,Goat,East African Goat,Grade 2,Male,9000.00/Head,-,120.0,Kakamega,2026-04-30
Lubao Livestock Market,Chicken,Improved Kienyeji,-,Female,700.00/Head,-,100.0,Kakamega,2026-04-30
Lubao Livestock Market,Chicken,Improved Kienyeji,-,Male,800.00/Head,-,150.0,Kakamega,2026-04-30
Lubao Livestock Market,Chicken,Improved Kienyeji,-,Female,800.00/Head,-,200.0,Kakamega,2026-04-30
Lubao Livestock Market,Chicken,Improved Kienyeji,-,Male,1000.00/Head,-,300.0,Kakamega,2026-04-30
Lubao Livestock Market,Cattle,Mixed,Grade 2,Female,25000.00/Head,-,50.0,Kakamega,2026-04-30
Lubao Livestock Market,Cattle,Mixed,Grade 2,Male,30000.00/Head,-,50.0,Kakamega,2026-04-30
Lubao Livestock Market,Cattle,Mixed,Grade 2,Female,-,-,40000.0,Kakamega,2026-04-30
Lubao Livestock Market,Cattle,Mixed,Grade 2,Male,50000.00/Head,-,100.0,Kakamega,2026-04-30
Lubao Livestock Market,Cattle,Mixed,Grade 2,Female,75000.00/Head,-,150.0,Kakamega,2026-04-30
Lubao Livestock Market,Cattle,Mixed,Grade 2,Male,80000.00/Head,-,150.0,Kakamega,2026-04-30
Kutus,Pork,-,-,-,500.00/Kg,650.00/Kg,,Kirinyaga,2026-04-30
Kutus,Meat Beef,-,-,-,650.00/Kg,700.00/Kg,,Kirinyaga,2026-04-30
Kutus,White Irish Potatoes,-,-,-,60.00/Kg,65.00/Kg,5500.0,Kirinyaga,2026-04-30
Kutus,Cassava Fresh,-,-,-,35.00/Kg,50.00/Kg,,Kirinyaga,2026-04-30
Kutus,Cassava Chips (dry),-,-,-,125.00/Kg,150.00/Kg,,Kirinyaga,2026-04-30
Kutus,Arrow Root,-,-,-,70.00/Kg,100.00/Kg,350.0,Kirinyaga,2026-04-30
Kutus,Avocado,Local,-,-,30.00/Kg,50.00/Kg,2500.0,Kirinyaga,2026-04-30
Kutus,Banana (Ripening),-,-,-,15.00/Kg,20.00/Kg,8400.0,Kirinyaga,2026-04-30
Kutus,Oranges,-,-,-,40.00/Kg,60.00/Kg,1200.0,Kirinyaga,2026-04-30
Kutus,Passion Fruits,-,-,-,160.00/Kg,200.00/Kg,250.0,Kirinyaga,2026-04-30
Kutus,Tree tomato,-,-,-,80.00/Kg,130.00/Kg,300.0,Kirinyaga,2026-04-30
Kutus,Water Melon,-,-,-,25.00/Kg,30.00/Kg,2000.0,Kirinyaga,2026-04-30
Kutus,Pumpkin Leaves,-,-,-,30.00/Kg,40.00/Kg,,Kirinyaga,2026-04-30
Kutus,Cowpea leaves (Kunde),-,-,-,15.00/Kg,20.00/Kg,100.0,Kirinyaga,2026-04-30
Kutus,Black nightshade (Managu/ Osuga),-,-,-,30.00/Kg,40.00/Kg,200.0,Kirinyaga,2026-04-30
Kutus,Amaranthus (Terere),-,-,-,15.00/Kg,25.00/Kg,300.0,Kirinyaga,2026-04-30
Kutus,Banana (Cooking),-,-,-,15.00/Kg,20.00/Kg,,Kirinyaga,2026-04-30
Kutus,Banana (Plantain),-,-,-,60.00/Kg,90.00/Kg,2500.0,Kirinyaga,2026-04-30
Kutus,Butternuts,-,-,-,40.00/Kg,50.00/Kg,1500.0,Kirinyaga,2026-04-30
Kutus,Cabbages,-,-,-,20.00/Kg,25.00/Kg,7500.0,Kirinyaga,2026-04-30
Kutus,Capsicums,-,-,-,60.00/Kg,80.00/Kg,350.0,Kirinyaga,2026-04-30
Diani Market,Dry Onions,-,-,-,120.00/Kg,140.00/Kg,5000.0,Kwale,2026-04-30
Diani Market,Kales/Sukuma Wiki,-,-,-,50.00/Kg,70.00/Kg,600.0,Kwale,2026-04-30
Diani Market,Spinach,-,-,-,60.00/Kg,80.00/Kg,550.0,Kwale,2026-04-30
Diani Market,Tomatoes,-,-,-,80.00/Kg,100.00/Kg,6000.0,Kwale,2026-04-30
Kutus,Carrots,-,-,-,40.00/Kg,50.00/Kg,3600.0,Kirinyaga,2026-04-30
Kutus,Chillies,-,-,-,120.00/Kg,150.00/Kg,,Kirinyaga,2026-04-30
Kutus,Coriander (Dhania),-,-,-,70.00/Kg,120.00/Kg,120.0,Kirinyaga,2026-04-30
Kutus,Courgette,-,-,-,100.00/Kg,120.00/Kg,300.0,Kirinyaga,2026-04-30
Kutus,Cucumber,-,-,-,80.00/Kg,100.00/Kg,400.0,Kirinyaga,2026-04-30
Kutus,Dry Onions,-,-,-,120.00/Kg,150.00/Kg,5500.0,Kirinyaga,2026-04-30
Kutus,Egg plant (Brinjals),-,-,-,30.00/Kg,50.00/Kg,480.0,Kirinyaga,2026-04-30
Kutus,French beans,-,-,-,60.00/Kg,80.00/Kg,150.0,Kirinyaga,2026-04-30
Kutus,Fresh Peas,On pods,-,-,130.00/Kg,150.00/Kg,1000.0,Kirinyaga,2026-04-30
Kutus,Ginger,-,-,-,150.00/Kg,220.00/Kg,,Kirinyaga,2026-04-30
Kutus,Garlic,-,-,-,300.00/Kg,400.00/Kg,,Kirinyaga,2026-04-30
Kutus,Garlic,-,-,-,150.00/Kg,220.00/Kg,200.0,Kirinyaga,2026-04-30
Kutus,Green Maize,-,-,-,40.00/Kg,50.00/Kg,1500.0,Kirinyaga,2026-04-30
Kutus,Kales/Sukuma Wiki,-,-,-,10.00/Kg,20.00/Kg,1200.0,Kirinyaga,2026-04-30
Kutus,Okra (Lady's fingers or Gumbo),-,-,-,-,150.00/Kg,20.0,Kirinyaga,2026-04-30
Kutus,Pumpkin,-,-,-,30.00/Kg,50.00/Kg,800.0,Kirinyaga,2026-04-30
Kutus,Spinach,-,-,-,30.00/Kg,50.00/Kg,550.0,Kirinyaga,2026-04-30
Kutus,Spring Onions,-,-,-,90.00/Kg,120.00/Kg,500.0,Kirinyaga,2026-04-30
Kutus,Tomatoes,-,-,-,71.43/Kg,85.71/Kg,3500.0,Kirinyaga,2026-04-30
Kipkaren,Water Melon,-,-,-,200.00/Kg,300.00/Kg,200.0,Kakamega,2026-04-30
Kipkaren,Mangoes,Local,-,-,35.00/Kg,60.00/Kg,100.0,Kakamega,2026-04-30
Kipkaren,Avocado,Local,-,-,30.00/Kg,50.00/Kg,500.0,Kakamega,2026-04-30
Kipkaren,Red Sorghum,-,-,-,130.00/Kg,150.00/Kg,500.0,Kakamega,2026-04-30
Kipkaren,Dry Maize,White Maize,-,-,50.00/Kg,70.00/Kg,10000.0,Kakamega,2026-04-30
Kipkaren,Pumpkin Leaves,-,-,-,100.00/Kg,150.00/Kg,100.0,Kakamega,2026-04-30
Kipkaren,Jute Plant (Murenda),-,-,-,75.00/Kg,100.00/Kg,108.0,Kakamega,2026-04-30
Kipkaren,Cowpea leaves (Kunde),-,-,-,75.00/Kg,100.00/Kg,100.0,Kakamega,2026-04-30
Kipkaren,Amaranthus (Terere),-,-,-,120.00/Kg,150.00/Kg,100.0,Kakamega,2026-04-30
Kipkaren,Green Grams,Local-Special,-,-,100.00/Kg,130.00/Kg,3000.0,Kakamega,2026-04-30
Kipkaren,Beans Rosecoco,-,-,-,80.00/Kg,100.00/Kg,10000.0,Kakamega,2026-04-30
Kipkaren,Beans (Canadian wonder),-,-,-,75.00/Kg,100.00/Kg,5000.0,Kakamega,2026-04-30
Kipkaren,Fertilizer,CAN,-,-,50.00/Kg,70.00/Kg,10000.0,Kakamega,2026-04-30
Makutano Embu,Beans (Mwitemania),-,-,-,90.00/Kg,125.00/Kg,,Embu,2026-04-29
Makutano Embu,Beans (Yellow-Green),-,-,-,120.00/Kg,175.00/Kg,,Embu,2026-04-29
Makutano Embu,Beans Red Haricot (Wairimu),-,-,-,100.00/Kg,140.00/Kg,,Embu,2026-04-29
Makutano Embu,Beans Rosecoco (Nyayo),-,-,-,110.00/Kg,150.00/Kg,,Embu,2026-04-29
Makutano Embu,Cowpeas,-,-,-,100.00/Kg,140.00/Kg,,Embu,2026-04-29
Makutano Embu,Dolichos lablab (Njahi),-,-,-,85.00/Kg,100.00/Kg,,Embu,2026-04-29
Makutano Embu,Green Grams,Hybrid/ polished,-,-,100.00/Kg,150.00/Kg,,Embu,2026-04-29
Makutano Embu,Lentils,-,-,-,190.00/Kg,225.00/Kg,,Embu,2026-04-29
Makutano Embu,Mixed Beans,-,-,-,90.00/Kg,115.00/Kg,,Embu,2026-04-29
Makutano Embu,Pigeon peas,-,-,-,70.00/Kg,90.00/Kg,,Embu,2026-04-29
Makutano Embu,Red Sorghum,-,-,-,90.00/Kg,120.00/Kg,,Embu,2026-04-29
Makutano Embu,Rice,Pishori,-,-,150.00/Kg,170.00/Kg,,Embu,2026-04-29
Makutano Embu,Fertilizer,CAN,-,-,90.00/Kg,94.00/Kg,,Embu,2026-04-29
Makutano Embu,Fertilizer,DAP,-,-,122.00/Kg,126.00/Kg,,Embu,2026-04-29
Makutano Embu,Fertilizer,MOP,-,-,76.00/Kg,80.00/Kg,,Embu,2026-04-29
Makutano Embu,Fertilizer,NPK,-,-,76.00/Kg,80.00/Kg,,Embu,2026-04-29
Makutano Embu,Fertilizer,Sulphate of Ammonia,-,-,68.00/Kg,72.00/Kg,,Embu,2026-04-29
Makutano Embu,Tomatoes,-,-,-,125.00/Kg,133.00/Kg,,Embu,2026-04-29
Makutano Embu,Spring Onions,-,-,-,60.00/Kg,80.00/Kg,,Embu,2026-04-29
Makutano Embu,Spinach,-,-,-,40.00/Kg,50.00/Kg,,Embu,2026-04-29
Makutano Embu,Kales/Sukuma Wiki,-,-,-,28.00/Kg,35.00/Kg,,Embu,2026-04-29
Makutano Embu,Green Maize,-,-,-,40.00/Kg,60.00/Kg,,Embu,2026-04-29
Makutano Embu,Ginger,-,-,-,130.00/Kg,160.00/Kg,,Embu,2026-04-29
Makutano Embu,Garlic,-,-,-,300.00/Kg,360.00/Kg,,Embu,2026-04-29
Makutano Embu,French beans,-,-,-,50.00/Kg,80.00/Kg,,Embu,2026-04-29
Makutano Embu,Egg plant (Brinjals),-,-,-,25.00/Kg,40.00/Kg,,Embu,2026-04-29
Makutano Embu,Dry Onions,-,-,-,80.00/Kg,100.00/Kg,,Embu,2026-04-29
Makutano Embu,Carrots,-,-,-,50.00/Kg,70.00/Kg,,Embu,2026-04-29
Makutano Embu,Capsicums,-,-,-,50.00/Kg,70.00/Kg,,Embu,2026-04-29
Makutano Embu,Amaranthus (Terere),-,-,-,30.00/Kg,40.00/Kg,,Embu,2026-04-29
Makutano Embu,Black nightshade (Managu/ Osuga),-,-,-,45.00/Kg,60.00/Kg,,Embu,2026-04-29
Makutano Embu,Cowpea leaves (Kunde),-,-,-,20.00/Kg,30.00/Kg,,Embu,2026-04-29
Makutano Embu,Jute Plant (Murenda),-,-,-,20.00/Kg,30.00/Kg,,Embu,2026-04-29
Makutano Embu,Pumpkin Leaves,-,-,-,40.00/Kg,50.00/Kg,,Embu,2026-04-29
Makutano Embu,Water Melon,-,-,-,20.00/Kg,30.00/Kg,,Embu,2026-04-29
Makutano Embu,Tree tomato,-,-,-,120.00/Kg,160.00/Kg,,Embu,2026-04-29
Makutano Embu,Thorn melon,-,-,-,30.00/Kg,50.00/Kg,,Embu,2026-04-29
Makutano Embu,Pawpaw,-,-,-,25.00/Kg,40.00/Kg,,Embu,2026-04-29
Makutano Embu,Pineapples,-,-,-,90.00/Kg,130.00/Kg,,Embu,2026-04-29
Makutano Embu,Oranges,-,-,-,25.00/Kg,40.00/Kg,,Embu,2026-04-29
Makutano Embu,Lemons,-,-,-,30.00/Kg,40.00/Kg,,Embu,2026-04-29
Makutano Embu,Avocado,Fuerte,-,-,25.00/Kg,40.00/Kg,,Embu,2026-04-29
Makutano Embu,Arrow Root,-,-,-,80.00/Kg,100.00/Kg,,Embu,2026-04-29
Makutano Embu,Cassava Fresh,-,-,-,40.00/Kg,70.00/Kg,,Embu,2026-04-29
Makutano Embu,Sweet potatoes,-,-,-,70.00/Kg,100.00/Kg,,Embu,2026-04-29
Makutano Embu,Chicken,Improved Kienyeji,-,Male,1200.00/Head,-,,Embu,2026-04-29
Makutano Embu,Chicken,Improved Kienyeji,-,Female,800.00/Head,-,,Embu,2026-04-29
Makutano Embu,Cow Milk(Processd),-,-,-,100.00/Lt,120.00/Lt,,Embu,2026-04-29
Vanga,Halfbeaks,Fresh,-,-,200.00/Kg,220.00/Kg,45.0,Kwale,2026-04-29
Vanga,Goatfishes,Fresh,-,-,220.00/Kg,230.00/Kg,35.0,Kwale,2026-04-29
Vanga,Barracuda(Kasumba),Fresh,-,-,200.00/Kg,220.00/Kg,250.0,Kwale,2026-04-29
Makutano Kirinyaga,Cow Milk(Processd),-,-,-,100.00/Lt,120.00/Lt,300.0,Kirinyaga,2026-04-29
Makutano Kirinyaga,Chicken,Improved Kienyeji,-,Female,800.00/Head,-,250.0,Kirinyaga,2026-04-29
Makutano Kirinyaga,Chicken,Improved Kienyeji,-,Male,1200.00/Head,-,400.0,Kirinyaga,2026-04-29
Makutano Kirinyaga,Sweet potatoes,-,-,-,70.00/Kg,100.00/Kg,900.0,Kirinyaga,2026-04-29
Makutano Kirinyaga,Cassava Fresh,-,-,-,40.00/Kg,70.00/Kg,300.0,Kirinyaga,2026-04-29
Makutano Kirinyaga,Arrow Root,-,-,-,80.00/Kg,100.00/Kg,1200.0,Kirinyaga,2026-04-29
Makutano Kirinyaga,Avocado,Fuerte,-,-,25.00/Kg,40.00/Kg,1200.0,Kirinyaga,2026-04-29
Makutano Kirinyaga,Lemons,-,-,-,30.00/Kg,40.00/Kg,850.0,Kirinyaga,2026-04-29
Makutano Kirinyaga,Oranges,-,-,-,25.00/Kg,40.00/Kg,1700.0,Kirinyaga,2026-04-29
Makutano Kirinyaga,Pineapples,-,-,-,90.00/Kg,130.00/Kg,240.0,Kirinyaga,2026-04-29
Makutano Kirinyaga,Pawpaw,-,-,-,25.00/Kg,40.00/Kg,680.0,Kirinyaga,2026-04-29
Makutano Kirinyaga,Pineapples,-,-,-,30.00/Kg,50.00/Kg,70.0,Kirinyaga,2026-04-29
Makutano Kirinyaga,Pineapples,-,-,-,50.00/Kg,80.00/Kg,60.0,Kirinyaga,2026-04-29
Makutano Kirinyaga,Thorn melon,-,-,-,30.00/Kg,50.00/Kg,650.0,Kirinyaga,2026-04-29
Makutano Kirinyaga,Tree tomato,-,-,-,120.00/Kg,160.00/Kg,380.0,Kirinyaga,2026-04-29
Makutano Kirinyaga,Water Melon,-,-,-,20.00/Kg,30.00/Kg,950.0,Kirinyaga,2026-04-29
Makutano Kirinyaga,Pumpkin Leaves,-,-,-,40.00/Kg,50.00/Kg,1200.0,Kirinyaga,2026-04-29
Makutano Kirinyaga,Jute Plant (Murenda),-,-,-,20.00/Kg,30.00/Kg,1600.0,Kirinyaga,2026-04-29
Makutano Kirinyaga,Cowpea leaves (Kunde),-,-,-,20.00/Kg,30.00/Kg,2650.0,Kirinyaga,2026-04-29
Makutano Kirinyaga,Black nightshade (Managu/ Osuga),-,-,-,45.00/Kg,60.00/Kg,2800.0,Kirinyaga,2026-04-29
Makutano Kirinyaga,Amaranthus (Terere),-,-,-,30.00/Kg,40.00/Kg,1600.0,Kirinyaga,2026-04-29
Makutano Kirinyaga,Capsicums,-,-,-,50.00/Kg,70.00/Kg,,Kirinyaga,2026-04-29
Makutano Kirinyaga,Carrots,-,-,-,50.00/Kg,60.00/Kg,2100.0,Kirinyaga,2026-04-29
Makutano Kirinyaga,Dry Onions,-,-,-,80.00/Kg,100.00/Kg,2200.0,Kirinyaga,2026-04-29
Mukuyu Market,Cowpea leaves (Kunde),-,-,-,30.00/Kg,50.00/Kg,,Muranga,2026-04-29
Makutano Kirinyaga,Dry Onions,-,-,-,90.00/Kg,130.00/Kg,3800.0,Kirinyaga,2026-04-29
Mukuyu Market,Pumpkin Leaves,-,-,-,50.00/Kg,70.00/Kg,,Muranga,2026-04-29
Makutano Kirinyaga,Egg plant (Brinjals),-,-,-,25.00/Kg,40.00/Kg,1300.0,Kirinyaga,2026-04-29
Makutano Kirinyaga,French beans,-,-,-,50.00/Kg,80.00/Kg,360.0,Kirinyaga,2026-04-29
Makutano Kirinyaga,Fresh Peas,On pods,-,-,120.00/Kg,150.00/Kg,2300.0,Kirinyaga,2026-04-29
Mukuyu Market,Arrow Root,-,-,-,-,150.00/Kg,,Muranga,2026-04-29
Mukuyu Market,Sweet potatoes,-,-,-,50.00/Kg,100.00/Kg,,Muranga,2026-04-29
Mukuyu Market,White Irish Potatoes,-,-,-,-,70.00/Kg,,Muranga,2026-04-29
Mukuyu Market,Cow Milk(At collection point),-,-,-,40.00/Lt,42.00/Lt,,Muranga,2026-04-29
Makutano Kirinyaga,Garlic,-,-,-,300.00/Kg,360.00/Kg,350.0,Kirinyaga,2026-04-29
Mukuyu Market,Eggs,Exotic/Grade,-,-,380.00/Tray(30),450.00/Tray(30),,Muranga,2026-04-29
Mukuyu Market,Honey,Crude,-,-,700.00/Kg,800.00/Kg,,Muranga,2026-04-29
Mukuyu Market,Meat Beef,-,-,-,580.00/Kg,600.00/Kg,,Muranga,2026-04-29
Mukuyu Market,Pork,-,-,-,600.00/Kg,700.00/Kg,,Muranga,2026-04-29
Mukuyu Market,Broccoli,-,-,-,170.00/Kg,200.00/Kg,,Muranga,2026-04-29
Makutano Kirinyaga,Ginger,-,-,-,130.00/Kg,160.00/Kg,480.0,Kirinyaga,2026-04-29
Mukuyu Market,Cabbages,-,-,-,25.00/Kg,50.00/Kg,,Muranga,2026-04-29
Mukuyu Market,Capsicums,-,-,-,70.00/Kg,100.00/Kg,,Muranga,2026-04-29
Mukuyu Market,Carrots,-,-,-,45.00/Kg,70.00/Kg,,Muranga,2026-04-29
Mukuyu Market,Chillies,-,-,-,50.00/Kg,100.00/Kg,,Muranga,2026-04-29
Makutano Kirinyaga,Green Maize,-,-,-,40.00/Kg,60.00/Kg,1600.0,Kirinyaga,2026-04-29
Mukuyu Market,Coriander (Dhania),-,-,-,50.00/Kg,100.00/Kg,,Muranga,2026-04-29
Mukuyu Market,Courgette,-,-,-,-,120.00/Kg,,Muranga,2026-04-29
Makutano Kirinyaga,Kales/Sukuma Wiki,-,-,-,28.00/Kg,35.00/Kg,2400.0,Kirinyaga,2026-04-29
Mukuyu Market,Cucumber,-,-,-,-,150.00/Kg,,Muranga,2026-04-29
Mukuyu Market,Dry Onions,-,-,-,-,120.00/Kg,,Muranga,2026-04-29
Mukuyu Market,French beans,-,-,-,-,100.00/Kg,,Muranga,2026-04-29
Makutano Kirinyaga,Spinach,-,-,-,40.00/Kg,50.00/Kg,1800.0,Kirinyaga,2026-04-29
Mukuyu Market,Fresh Peas,On pods,-,-,-,180.00/Kg,,Muranga,2026-04-29
Mukuyu Market,Garlic,-,-,-,-,350.00/Kg,,Muranga,2026-04-29
Mukuyu Market,Ginger,-,-,-,150.00/Kg,250.00/Kg,,Muranga,2026-04-29
Makutano Kirinyaga,Spring Onions,-,-,-,60.00/Kg,80.00/Kg,2800.0,Kirinyaga,2026-04-29
Mukuyu Market,Green Maize,-,-,-,50.00/Kg,75.00/Kg,,Muranga,2026-04-29
Makutano Kirinyaga,Tomatoes,-,-,-,125.00/Kg,133.33/Kg,2000.0,Kirinyaga,2026-04-29
Mukuyu Market,Kales/Sukuma Wiki,-,-,-,15.00/Kg,20.00/Kg,,Muranga,2026-04-29
Mukuyu Market,Spinach,-,-,-,20.00/Kg,30.00/Kg,,Muranga,2026-04-29
Mukuyu Market,Spring Onions,-,-,-,80.00/Kg,100.00/Kg,,Muranga,2026-04-29
Mukuyu Market,Tomatoes,-,-,-,80.00/Kg,100.00/Kg,,Muranga,2026-04-29
Mukuyu Market,Banana (Plantain),-,-,-,70.00/Kg,120.00/Kg,,Muranga,2026-04-29
Mukuyu Market,Banana (Cooking),-,-,-,50.00/Kg,70.00/Kg,,Muranga,2026-04-29
Makutano Kirinyaga,Fertilizer,Sulphate of Ammonia,-,-,68.00/Kg,72.00/Kg,1800.0,Kirinyaga,2026-04-29
Makutano Kirinyaga,Fertilizer,NPK,-,-,76.00/Kg,80.00/Kg,2000.0,Kirinyaga,2026-04-29
Makutano Kirinyaga,Fertilizer,NPK,-,-,76.00/Kg,80.00/Kg,3800.0,Kirinyaga,2026-04-29
Makutano Kirinyaga,Fertilizer,MOP,-,-,76.00/Kg,80.00/Kg,1100.0,Kirinyaga,2026-04-29
Makutano Kirinyaga,Fertilizer,DAP,-,-,122.00/Kg,126.00/Kg,450.0,Kirinyaga,2026-04-29
Makutano Kirinyaga,Fertilizer,DAP,-,-,124.00/Kg,128.00/Kg,800.0,Kirinyaga,2026-04-29
Makutano Kirinyaga,Fertilizer,CAN,-,-,90.00/Kg,94.00/Kg,1200.0,Kirinyaga,2026-04-29
Mulot,Omena,Dried,-,-,350.00/Kg,450.00/Kg,400.0,Bomet,2026-04-29
Mulot,Banana (Ripening),-,-,-,90.00/Kg,120.00/Kg,800.0,Bomet,2026-04-29
Mulot,Water Melon,-,-,-,60.00/Kg,90.00/Kg,350.0,Bomet,2026-04-29
Mulot,Pineapples,-,-,-,120.00/Kg,150.00/Kg,540.0,Bomet,2026-04-29
Mulot,Oranges,-,-,-,60.00/Kg,90.00/Kg,3800.0,Bomet,2026-04-29
Mulot,Kales/Sukuma Wiki,-,-,-,40.00/Kg,100.00/Kg,300.0,Bomet,2026-04-29
Mulot,Spring Onions,-,-,-,30.00/Kg,50.00/Kg,1200.0,Bomet,2026-04-29
Mulot,Tomatoes,-,-,-,132.35/Kg,200.00/Kg,520.0,Bomet,2026-04-29
Mulot,Cabbages,-,-,-,10.00/Kg,15.00/Kg,3300.0,Bomet,2026-04-29
Mulot,Black nightshade (Managu/ Osuga),-,-,-,150.00/Kg,200.00/Kg,800.0,Bomet,2026-04-29
Mulot,White Irish Potatoes,-,-,-,40.00/Kg,80.00/Kg,2700.0,Bomet,2026-04-29
Mulot,Red Irish potato,-,-,-,50.00/Kg,90.00/Kg,1300.0,Bomet,2026-04-29
Mulot,Beans Rosecoco,-,-,-,116.67/Kg,175.00/Kg,540.0,Bomet,2026-04-29
Kawangware,Lentils,-,-,-,220.00/Kg,250.00/Kg,,Nairobi,2026-04-29
Kawangware,Pigeon peas,-,-,-,100.00/Kg,115.00/Kg,,Nairobi,2026-04-29
Kawangware,Green Grams,Makueni,-,-,155.00/Kg,170.00/Kg,,Nairobi,2026-04-29
Kawangware,Beans Red Haricot (Wairimu),-,-,-,100.00/Kg,110.00/Kg,,Nairobi,2026-04-29
Kawangware,Dolichos lablab (Njahi),-,-,-,75.00/Kg,85.00/Kg,,Nairobi,2026-04-29
Kawangware,Cowpeas,-,-,-,90.00/Kg,120.00/Kg,,Nairobi,2026-04-29
Kawangware,Beans Rosecoco (Nyayo),-,-,-,110.00/Kg,125.00/Kg,,Nairobi,2026-04-29
Kawangware,Beans Rosecoco,-,-,-,115.00/Kg,125.00/Kg,,Nairobi,2026-04-29
Kawangware,Beans (Yellow-Green),-,-,-,110.00/Kg,125.00/Kg,,Nairobi,2026-04-29
Kawangware,Beans (Mwitemania),-,-,-,90.00/Kg,100.00/Kg,,Nairobi,2026-04-29
Kawangware,Rice,Pishori,-,-,160.00/Kg,180.00/Kg,,Nairobi,2026-04-29
Kawangware,Pearl Rush Millet,-,-,-,122.22/Kg,120.00/Kg,,Nairobi,2026-04-29
Kawangware,Finger Millet,-,-,-,54.00/Kg,90.00/Kg,,Nairobi,2026-04-29
Kawangware,Dry Maize,White Maize,-,-,55.00/Kg,65.00/Kg,,Nairobi,2026-04-29
Taveta Retail Market,Sweet potatoes,-,-,-,75.00/Kg,90.00/Kg,250.0,Taita-Taveta,2026-04-29
Taveta Retail Market,Cassava Fresh,-,-,-,80.00/Kg,100.00/Kg,300.0,Taita-Taveta,2026-04-29
Taveta Retail Market,Arrow Root,-,-,-,75.00/Kg,100.00/Kg,150.0,Taita-Taveta,2026-04-29
Taveta Retail Market,Water Melon,-,-,-,30.00/Kg,50.00/Kg,560.0,Taita-Taveta,2026-04-29
Taveta Retail Market,Pawpaw,-,-,-,80.00/Kg,100.00/Kg,70.0,Taita-Taveta,2026-04-29
Taveta Retail Market,Oranges,-,-,-,50.00/Kg,70.00/Kg,500.0,Taita-Taveta,2026-04-29
Taveta Retail Market,Banana (Ripening),-,-,-,20.00/Kg,100.00/Kg,200.0,Taita-Taveta,2026-04-29
Taveta Retail Market,Avocado,Fuerte,-,-,80.00/Kg,100.00/Kg,300.0,Taita-Taveta,2026-04-29
Taveta Retail Market,Dry Maize,Mixed-Traditional,-,-,50.00/Kg,55.00/Kg,1000.0,Taita-Taveta,2026-04-29
Taveta Retail Market,Dry Maize,White Maize,-,-,46.00/Kg,50.00/Kg,5000.0,Taita-Taveta,2026-04-29
Taveta Retail Market,Black nightshade (Managu/ Osuga),-,-,-,25.00/Kg,35.00/Kg,50.0,Taita-Taveta,2026-04-29
Taveta Retail Market,Amaranthus (Terere),-,-,-,25.00/Kg,35.00/Kg,70.0,Taita-Taveta,2026-04-29
Taveta Retail Market,Tomatoes,-,-,-,80.00/Kg,100.00/Kg,1000.0,Taita-Taveta,2026-04-29
Taveta Retail Market,Green Maize,-,-,-,20.00/Kg,30.00/Kg,600.0,Taita-Taveta,2026-04-29
Taveta Retail Market,Ginger,-,-,-,100.00/Kg,150.00/Kg,30.0,Taita-Taveta,2026-04-29
Taveta Retail Market,Garlic,-,-,-,500.00/Kg,600.00/Kg,70.0,Taita-Taveta,2026-04-29
Taveta Retail Market,Dry Onions,-,-,-,100.00/Kg,120.00/Kg,400.0,Taita-Taveta,2026-04-29
Taveta Retail Market,Carrots,-,-,-,70.00/Kg,100.00/Kg,300.0,Taita-Taveta,2026-04-29
Taveta Retail Market,Capsicums,-,-,-,70.00/Kg,100.00/Kg,120.0,Taita-Taveta,2026-04-29
Taveta Retail Market,Cabbages,-,-,-,15.00/Kg,23.00/Kg,500.0,Taita-Taveta,2026-04-29
Taveta Retail Market,Banana (Cooking),-,-,-,15.00/Kg,30.00/Kg,1500.0,Taita-Taveta,2026-04-29
Taveta Retail Market,Pigeon peas,-,-,-,95.00/Kg,100.00/Kg,230.0,Taita-Taveta,2026-04-29
Taveta Retail Market,Ground Nuts,Large Brown,-,-,240.00/Kg,300.00/Kg,100.0,Taita-Taveta,2026-04-29
Taveta Retail Market,Green Grams,Makueni,-,-,130.00/Kg,150.00/Kg,250.0,Taita-Taveta,2026-04-29
Taveta Retail Market,Dolichos lablab (Njahi),-,-,-,75.00/Kg,100.00/Kg,200.0,Taita-Taveta,2026-04-29
Taveta Retail Market,Cowpeas,-,-,-,90.00/Kg,100.00/Kg,300.0,Taita-Taveta,2026-04-29
Taveta Retail Market,Beans Rosecoco (Nyayo),-,-,-,95.00/Kg,100.00/Kg,150.0,Taita-Taveta,2026-04-29
Taveta Retail Market,Beans (Yellow-Green),-,-,-,130.00/Kg,140.00/Kg,500.0,Taita-Taveta,2026-04-29
Taveta Retail Market,Beans (Mwitemania),-,-,-,115.00/Kg,120.00/Kg,2000.0,Taita-Taveta,2026-04-29
Taveta Retail Market,Beans (Canadian wonder),-,-,-,105.00/Kg,120.00/Kg,2500.0,Taita-Taveta,2026-04-29
Taveta Retail Market,Coconut,-,-,-,70.00/Kg,100.00/Kg,1200.0,Taita-Taveta,2026-04-29
Taveta Retail Market,Coconut,-,-,-,70.00/Kg,100.00/Kg,1200.0,Taita-Taveta,2026-04-29
Kangeta,White Irish Potatoes,-,-,-,98.00/Kg,100.00/Kg,7000.0,Meru,2026-04-29
Kangeta,Red Sorghum,-,-,-,70.00/Kg,80.00/Kg,500.0,Meru,2026-04-29
Kangeta,Pearl Rush Millet,-,-,-,90.00/Kg,100.00/Kg,450.0,Meru,2026-04-29
Embu Town,Ginger,-,-,-,200.00/Kg,300.00/Kg,1000.0,Embu,2026-04-29
Kangeta,Dry Maize,White Maize,-,-,50.00/Kg,60.00/Kg,1350.0,Meru,2026-04-29
Kangeta,Pigeon peas,-,-,-,100.00/Kg,110.00/Kg,500.0,Meru,2026-04-29
Embu Town,Fresh Peas,On pods,-,-,120.00/Kg,150.00/Kg,1500.0,Embu,2026-04-29
Kangeta,Lentils,-,-,-,200.00/Kg,220.00/Kg,140.0,Meru,2026-04-29
Kangeta,Green Grams,Local-Special,-,-,140.00/Kg,150.00/Kg,500.0,Meru,2026-04-29
Kangeta,Dolichos lablab (Njahi),-,-,-,90.00/Kg,100.00/Kg,900.0,Meru,2026-04-29
Embu Town,Pumpkin Leaves,-,-,-,40.00/Kg,50.00/Kg,500.0,Embu,2026-04-29
Embu Town,White Sorghum,-,-,-,70.00/kg,100.00/kg,1100.0,Embu,2026-04-29
Kangeta,Cowpeas,-,-,-,100.00/Kg,110.00/Kg,600.0,Meru,2026-04-29
Embu Town,Wheat,-,-,-,75.00/Kg,100.00/Kg,500.0,Embu,2026-04-29
Kangeta,Beans (Yellow-Green),-,-,-,140.00/Kg,150.00/Kg,400.0,Meru,2026-04-29
Kangeta,Beans (Mwitemania),-,-,-,110.00/Kg,120.00/Kg,950.0,Meru,2026-04-29
Embu Town,Red Sorghum,-,-,-,66.00/Kg,75.00/Kg,,Embu,2026-04-29
Kangeta,Beans (Mwitemania),-,-,-,140.00/Kg,120.00/Kg,950.0,Meru,2026-04-29
Embu Town,Paddy Rice,Sindano,-,-,130.00/Kg,150.00/Kg,1000.0,Embu,2026-04-29
Embu Town,Finger Millet,-,-,-,115.00/Kg,150.00/Kg,1000.0,Embu,2026-04-29
Embu Town,Dry Maize,White Maize,-,-,50.00/Kg,65.00/Kg,7000.0,Embu,2026-04-29
Embu Town,Pigeon peas,-,-,-,105.00/Kg,125.00/Kg,1300.0,Embu,2026-04-29
Kakamega Town,White Irish Potatoes,-,-,-,50.00/Kg,70.00/Kg,25000.0,Kakamega,2026-04-29
Kangeta,Water Melon,-,-,-,40.00/Kg,45.00/Kg,500.0,Meru,2026-04-29
Embu Town,Njugu Mawe,-,-,-,280.00/Kg,300.00/Kg,500.0,Embu,2026-04-29
Kakamega Town,Wheat,-,-,-,72.22/Kg,100.00/Kg,180.0,Kakamega,2026-04-29
Embu Town,Mixed Beans,-,-,-,83.00/Kg,100.00/Kg,1500.0,Embu,2026-04-29
Kangeta,Tangerine (Sandara),-,-,-,90.00/Kg,100.00/Kg,150.0,Meru,2026-04-29
Kangeta,Pawpaw,-,-,-,30.00/Kg,40.00/Kg,150.0,Meru,2026-04-29
Kakamega Town,Dry Maize,White Maize,-,-,42.22/Kg,60.00/Kg,10000.0,Kakamega,2026-04-29
Kakamega Town,Tomatoes,-,-,-,150.00/Kg,180.00/Kg,5000.0,Kakamega,2026-04-29
Kangeta,Oranges,-,-,-,70.00/Kg,80.00/Kg,250.0,Meru,2026-04-29
Kakamega Town,Dry Onions,-,-,-,80.00/Kg,100.00/Kg,6000.0,Kakamega,2026-04-29
Kangeta,Lemons,-,-,-,80.00/Kg,90.00/Kg,130.0,Meru,2026-04-29
Embu Town,Lentils,-,-,-,300.00/Kg,350.00/Kg,10500.0,Embu,2026-04-29
Kakamega Town,Carrots,-,-,-,40.00/Kg,80.00/Kg,2000.0,Kakamega,2026-04-29
Kangeta,Banana (Ripening),-,-,-,40.00/Kg,50.00/Kg,950.0,Meru,2026-04-29
Embu Town,Ground Nuts,Large Brown,-,-,300.00/Kg,350.00/Kg,12000.0,Embu,2026-04-29
Kakamega Town,Cabbages,-,-,-,23.53/Kg,35.29/Kg,1500.0,Kakamega,2026-04-29
Kangeta,Avocado,Local,-,-,50.00/Kg,60.00/Kg,350.0,Meru,2026-04-29
Kangeta,Apples,-,-,-,140.00/Kg,160.00/Kg,100.0,Meru,2026-04-29
Kakamega Town,Beans Rosecoco,-,-,-,180.00/Kg,220.00/Kg,6000.0,Kakamega,2026-04-29
Embu Town,Green Grams,Local-Special,-,-,135.00/Kg,175.00/Kg,3000.0,Embu,2026-04-29
Kangeta,Tomatoes,-,-,-,80.00/Kg,90.00/Kg,2800.0,Meru,2026-04-29
Kangeta,Spring Onions,-,-,-,70.00/Kg,80.00/Kg,200.0,Meru,2026-04-29
Kangeta,Spinach,-,-,-,40.00/Kg,50.00/Kg,200.0,Meru,2026-04-29
Kangeta,Kales/Sukuma Wiki,-,-,-,30.00/Kg,350.00/Kg,480.0,Meru,2026-04-29
Embu Town,Dolichos lablab (Njahi),-,-,-,80.00/Kg,125.00/Kg,1500.0,Embu,2026-04-29
Kangeta,Green Maize,-,-,-,50.00/Kg,60.00/Kg,700.0,Meru,2026-04-29
Embu Town,Cowpeas,-,-,-,150.00/Kg,125.00/Kg,3000.0,Embu,2026-04-29
Kangeta,Ginger,-,-,-,180.00/Kg,200.00/Kg,100.0,Meru,2026-04-29
Kangeta,Garlic,-,-,-,370.00/Kg,400.00/Kg,100.0,Meru,2026-04-29
Embu Town,Beans Rosecoco,-,-,-,100.00/Kg,125.00/Kg,2800.0,Embu,2026-04-29
Kangeta,Fresh Peas,On pods,-,-,150.00/Kg,160.00/Kg,400.0,Meru,2026-04-29
Kangeta,Fresh Peas,On pods,-,-,130.00/Kg,140.00/Kg,550.0,Meru,2026-04-29
Kangeta,French beans,-,-,-,110.00/Kg,120.00/Kg,20.0,Meru,2026-04-29
Kangeta,Egg plant (Brinjals),-,-,-,90.00/Kg,100.00/Kg,15.0,Meru,2026-04-29
Embu Town,Beans Red Haricot (Wairimu),-,-,-,90.00/Kg,110.00/Kg,1000.0,Embu,2026-04-29
Kangeta,Dry Onions,-,-,-,110.00/Kg,120.00/Kg,2250.0,Meru,2026-04-29
Kangeta,Cucumber,-,-,-,140.00/Kg,150.00/Kg,30.0,Meru,2026-04-29
Embu Town,Beans (Yellow-Green),-,-,-,115.00/Kg,150.00/Kg,1000.0,Embu,2026-04-29
Embu Town,Beans (Mwitemania),-,-,-,115.00/Kg,150.00/Kg,2500.0,Embu,2026-04-29
Kangeta,Courgette,-,-,-,140.00/Kg,150.00/Kg,60.0,Meru,2026-04-29
Kangeta,Coriander (Dhania),-,-,-,120.00/Kg,130.00/Kg,150.0,Meru,2026-04-29
Embu Town,Beans (Mwezi Moja),-,-,-,90.00/Kg,100.00/Kg,1000.0,Embu,2026-04-29
Kangeta,Chillies,-,-,-,180.00/Kg,190.00/Kg,10.0,Meru,2026-04-29
Kangeta,Carrots,-,-,-,40.00/Kg,50.00/Kg,1900.0,Meru,2026-04-29
Embu Town,Yam,-,-,-,80.00/Kg,100.00/Kg,500.0,Embu,2026-04-29
Kangeta,Carrots,-,-,-,50.00/Kg,60.00/Kg,750.0,Meru,2026-04-29
Embu Town,Sweet potatoes,-,-,-,37.00/Kg,100.00/Kg,3000.0,Embu,2026-04-29
Kangeta,Capsicums,-,-,-,60.00/Kg,70.00/Kg,250.0,Meru,2026-04-29
Embu Town,White Irish Potatoes,-,-,-,63.00/Kg,75.00/Kg,63.0,Embu,2026-04-29
Kangeta,Cabbages,-,-,-,15.00/Kg,20.00/Kg,3900.0,Meru,2026-04-29
Kangeta,Butternuts,-,-,-,60.00/Kg,70.00/Kg,80.0,Meru,2026-04-29
Kangeta,Banana (Cooking),-,-,-,25.00/Kg,30.00/Kg,400.0,Meru,2026-04-29
Embu Town,Cassava Fresh,-,-,-,80.00/Kg,120.00/Kg,2000.0,Embu,2026-04-29
Embu Town,Arrow Root,-,-,-,45.00/Kg,100.00/Kg,3000.0,Embu,2026-04-29
Embu Town,Beans (Canadian wonder),-,-,-,115.00/Kg,150.00/Kg,1000.0,Embu,2026-04-29
Diani Market,Spinach,-,-,-,60.00/Kg,80.00/Kg,600.0,Kwale,2026-04-29
Diani Market,Tomatoes,-,-,-,80.00/Kg,100.00/Kg,600.0,Kwale,2026-04-29
Diani Market,Ginger,-,-,-,160.00/Kg,180.00/Kg,450.0,Kwale,2026-04-29
Diani Market,Egg plant (Brinjals),-,-,-,40.00/Kg,80.00/Kg,600.0,Kwale,2026-04-29
Diani Market,Dry Onions,-,-,-,120.00/Kg,140.00/Kg,6000.0,Kwale,2026-04-29
Diani Market,Capsicums,-,-,-,80.00/Kg,100.00/Kg,600.0,Kwale,2026-04-29
Diani Market,Carrots,-,-,-,80.00/Kg,100.00/Kg,600.0,Kwale,2026-04-29
Nairobi Supermarkets,Wheat Flour,Winnie's Pure Health Atta Mark 1,-,-,-,129.50/Kg,,Nairobi,2026-04-29
Nairobi Supermarkets,Wheat Flour,Soko Atta Mark 1,-,-,-,83.50/Kg,,Nairobi,2026-04-29
Nairobi Supermarkets,Wheat Flour,Soko All Purpose HBF,-,-,-,79.00/Kg,,Nairobi,2026-04-29
Nairobi Supermarkets,Wheat Flour,Phulka Atta Mark 1 Chapati Flour,-,-,-,81.00/Kg,,Nairobi,2026-04-29
Nairobi Supermarkets,Wheat Flour,Pembe Atta Mark 1,-,-,-,86.50/Kg,,Nairobi,2026-04-29
Nairobi Supermarkets,Wheat Flour,Pembe All Purpose HBF,-,-,-,83.00/Kg,,Nairobi,2026-04-29
Nairobi Supermarkets,Wheat Flour,Oboma all purpose HBF,-,-,-,78.00/Kg,,Nairobi,2026-04-29
Nairobi Supermarkets,Wheat Flour,Nutra Meal Atta Mark 1,-,-,-,135.00/Kg,,Nairobi,2026-04-29
Nairobi Supermarkets,Wheat Flour,Ndovu all purpose HBF,-,-,-,80.00/Kg,,Nairobi,2026-04-29
Nairobi Supermarkets,Wheat Flour,Mama Home Baking Flour,-,-,-,78.50/Kg,,Nairobi,2026-04-29
Nairobi Supermarkets,Wheat Flour,Kifaru All Purpose HBF,-,-,-,74.50/Kg,,Nairobi,2026-04-29
Nairobi Supermarkets,Wheat Flour,Golden All Purpose,-,-,-,85.50/Kg,,Nairobi,2026-04-29
Nairobi Supermarkets,Wheat Flour,Exe self raising,-,-,-,90.00/Kg,,Nairobi,2026-04-29
Nairobi Supermarkets,Wheat Flour,Exe Mandazi Fortified Wheat Flour,-,-,-,89.50/Kg,,Nairobi,2026-04-29
Nairobi Supermarkets,Wheat Flour,Exe Chapati fortified wheat flour,-,-,-,86.50/Kg,,Nairobi,2026-04-29
Nairobi Supermarkets,Wheat Flour,Exe brown bread,-,-,-,89.50/Kg,,Nairobi,2026-04-29
Nairobi Supermarkets,Wheat Flour,Exe Atta Mark 1,-,-,-,90.00/Kg,,Nairobi,2026-04-29
Nairobi Supermarkets,Wheat Flour,Exe All purpose fortified wheat flour,-,-,-,83.00/Kg,,Nairobi,2026-04-29
Nairobi Supermarkets,Wheat Flour,Elliots self raising flour,-,-,-,90.50/Kg,,Nairobi,2026-04-29
Nairobi Supermarkets,Wheat Flour,Elliots all purpose HBK,-,-,-,81.50/Kg,,Nairobi,2026-04-29
Nairobi Supermarkets,Wheat Flour,Dola premium all pupose,-,-,-,82.00/Kg,,Nairobi,2026-04-29
Nairobi Supermarkets,Wheat Flour,Dola Atta Mark 1,-,-,-,85.00/Kg,,Nairobi,2026-04-29
Nairobi Supermarkets,Wheat Flour,Chapati Afya,-,-,-,135.50/Kg,,Nairobi,2026-04-29
Nairobi Supermarkets,Wheat Flour,Ajab fortofied self raising,-,-,-,85.50/Kg,,Nairobi,2026-04-29
Nairobi Supermarkets,Wheat Flour,Ajab fortigied Home Baking flour,-,-,-,85.50/Kg,,Nairobi,2026-04-29
Nairobi Supermarkets,Wheat Flour,Ajab fortified mandazi flour,-,-,-,84.50/Kg,,Nairobi,2026-04-29
Nairobi Supermarkets,Wheat Flour,210 Home baking flour,-,-,-,78.00/Kg,,Nairobi,2026-04-29
Nairobi Supermarkets,Wheat Flour,210 Atta Mark 1,-,-,-,78.00/Kg,,Nairobi,2026-04-29
Nairobi Supermarkets,Maize Flour,Taifa,-,-,-,77.50/Kg,,Nairobi,2026-04-29
Nairobi Supermarkets,Maize Flour,Soko,-,-,-,81.00/Kg,,Nairobi,2026-04-29
Nairobi Supermarkets,Maize Flour,Raha Premium,-,-,-,98.50/Kg,,Nairobi,2026-04-29
Nairobi Supermarkets,Maize Flour,Pembe,-,-,-,81.50/Kg,,Nairobi,2026-04-29
Nairobi Supermarkets,Maize Flour,Oryx,-,-,-,83.50/Kg,,Nairobi,2026-04-29
Nairobi Supermarkets,Maize Flour,Ndovu,-,-,-,70.50/Kg,,Nairobi,2026-04-29
Nairobi Supermarkets,Maize Flour,Mama,-,-,-,73.50/Kg,,Nairobi,2026-04-29
Nairobi Supermarkets,Maize Flour,Kifaru,-,-,-,72.50/Kg,,Nairobi,2026-04-29
Nairobi Supermarkets,Maize Flour,Jogoo wimbi,-,-,-,140.00/Kg,,Nairobi,2026-04-29
Nairobi Supermarkets,Maize Flour,Jogoo,-,-,-,81.50/Kg,,Nairobi,2026-04-29
Nairobi Supermarkets,Maize Flour,Hostess,-,-,-,92.50/Kg,,Nairobi,2026-04-29
Nairobi Supermarkets,Maize Flour,Equatorial afya ugali,-,-,-,142.50/Kg,,Nairobi,2026-04-29
Nairobi Supermarkets,Maize Flour,Dola,-,-,-,80.00/Kg,,Nairobi,2026-04-29
Nairobi Supermarkets,Maize Flour,Cosmo,-,-,-,68.00/Kg,,Nairobi,2026-04-29
Nairobi Supermarkets,Maize Flour,Amaize,-,-,-,96.00/Kg,,Nairobi,2026-04-29
Nairobi Supermarkets,Maize Flour,Ajab,-,-,-,79.50/Kg,,Nairobi,2026-04-29
Nairobi Supermarkets,Maize Flour,210(two ten),-,-,-,76.00/Kg,,Nairobi,2026-04-29
Kabati - Muranga,Pork,-,-,-,-,700.00/Kg,,Muranga,2026-04-29
Kabati - Muranga,Eggs,Exotic/Grade,-,-,-,400.00/Tray(30),,Muranga,2026-04-29
Kabati - Muranga,Cow Milk(Processd),-,-,-,-,110.00/Lt,,Muranga,2026-04-29
Kabati - Muranga,Cow Milk(At collection point),-,-,-,45.00/Lt,70.00/Lt,,Muranga,2026-04-29
Kabati - Muranga,Pumpkin Leaves,-,-,-,25.00/Kg,40.00/Kg,,Muranga,2026-04-29
Kabati - Muranga,Cowpea leaves (Kunde),-,-,-,25.00/Kg,40.00/Kg,,Muranga,2026-04-29
Kabati - Muranga,Black nightshade (Managu/ Osuga),-,-,-,25.00/Kg,40.00/Kg,,Muranga,2026-04-29
Kabati - Muranga,Amaranthus (Terere),-,-,-,25.00/Kg,40.00/Kg,,Muranga,2026-04-29
Kabati - Muranga,Yam,-,-,-,80.00/Kg,100.00/Kg,,Muranga,2026-04-29
Kabati - Muranga,White Irish Potatoes,-,-,-,-,80.00/Kg,,Muranga,2026-04-29
Kabati - Muranga,Sweet potatoes,-,-,-,80.00/Kg,100.00/Kg,,Muranga,2026-04-29
Kabati - Muranga,Arrow Root,-,-,-,80.00/Kg,100.00/Kg,,Muranga,2026-04-29
Kabati - Muranga,Water Melon,-,-,-,-,55.00/Kg,,Muranga,2026-04-29
Kabati - Muranga,Tree tomato,-,-,-,80.00/Kg,100.00/Kg,,Muranga,2026-04-29
Kabati - Muranga,Thorn melon,-,-,-,-,60.00/Kg,,Muranga,2026-04-29
Kabati - Muranga,Tangerine (Sandara),-,-,-,70.00/Kg,100.00/Kg,,Muranga,2026-04-29
Kabati - Muranga,Pineapples,-,-,-,-,53.33/Kg,,Muranga,2026-04-29
Kabati - Muranga,Passion Fruits,-,-,-,80.00/Kg,100.00/Kg,,Muranga,2026-04-29
Kabati - Muranga,Oranges,-,-,-,-,100.00/Kg,,Muranga,2026-04-29
Kabati - Muranga,Mangoes,Improved,-,-,-,120.00/Kg,,Muranga,2026-04-29
Kabati - Muranga,Lemons,-,-,-,-,80.00/Kg,,Muranga,2026-04-29
Kabati - Muranga,Grapes,White,-,-,480.00/Kg,600.00/Kg,,Muranga,2026-04-29
Kabati - Muranga,Grapes,Red,-,-,-,600.00/Kg,,Muranga,2026-04-29
Kabati - Muranga,Banana (Ripening),-,-,-,-,35.00/Kg,,Muranga,2026-04-29
Kabati - Muranga,Avocado,Hass,-,-,-,120.00/Kg,,Muranga,2026-04-29
Makunga Market,Cattle,Zebu,Grade 2,Female,43500.00/Head,-,11.0,Kakamega,2026-04-29
Kabati - Muranga,Apples,-,-,-,-,180.00/Kg,,Muranga,2026-04-29
Makunga Market,Sheep,Red Maasai,Grade 2,Female,4300.00/Head,-,6.0,Kakamega,2026-04-29
Kabati - Muranga,Tomatoes,-,-,-,-,40.00/Kg,,Muranga,2026-04-29
Makunga Market,Sheep,Red Maasai,Grade 2,Male,6300.00/Head,-,9.0,Kakamega,2026-04-29
Kabati - Muranga,Spring Onions,-,-,-,-,70.00/Kg,,Muranga,2026-04-29
Kabati - Muranga,Pumpkin,-,-,-,-,100.00/Kg,,Muranga,2026-04-29
Kabati - Muranga,Kales/Sukuma Wiki,-,-,-,-,45.00/Kg,,Muranga,2026-04-29
Makunga Market,Sheep,Red Maasai,Grade 2,Male,6650.00/Head,-,6.0,Kakamega,2026-04-29
Kabati - Muranga,Ginger,-,-,-,-,480.00/Kg,,Muranga,2026-04-29
Kabati - Muranga,Garlic,-,-,-,-,480.00/Kg,,Muranga,2026-04-29
Makunga Market,Sheep,Red Maasai,Grade 2,Female,7400.00/Head,-,9.0,Kakamega,2026-04-29
Kabati - Muranga,French beans,-,-,-,-,65.00/Kg,,Muranga,2026-04-29
Kabati - Muranga,Dry Onions,-,-,-,-,70.00/Kg,,Muranga,2026-04-29
Kabati - Muranga,Coriander (Dhania),-,-,-,-,45.00/Kg,,Muranga,2026-04-29
Makunga Market,Sheep,Red Maasai,Grade 2,Male,9100.00/Head,-,13.0,Kakamega,2026-04-29
Kabati - Muranga,Chillies,-,-,-,-,100.00/Kg,,Muranga,2026-04-29
Kabati - Muranga,Carrots,-,-,-,-,60.00/Kg,,Muranga,2026-04-29
Kabati - Muranga,Capsicums,-,-,-,-,80.00/Kg,,Muranga,2026-04-29
Kabati - Muranga,Cabbages,-,-,-,-,45.00/Kg,,Muranga,2026-04-29
Kabati - Muranga,Butternuts,-,-,-,-,100.00/Kg,,Muranga,2026-04-29
Kabati - Muranga,Banana (Plantain),-,-,-,22.00/Kg,40.00/Kg,,Muranga,2026-04-29
Kabati - Muranga,Banana (Cooking),-,-,-,18.00/Kg,35.00/Kg,,Muranga,2026-04-29
Makunga Market,Goat,East African Goat,Grade 2,Female,6300.00/Head,-,16.0,Kakamega,2026-04-29
Makunga Market,Goat,East African Goat,Grade 2,Female,7600.00/Head,-,6.0,Kakamega,2026-04-29
Makunga Market,Goat,East African Goat,Grade 2,Female,7600.00/Head,-,6.0,Kakamega,2026-04-29
Makunga Market,Goat,East African Goat,Grade 2,Male,7650.00/Head,-,12.0,Kakamega,2026-04-29
Makunga Market,Goat,East African Goat,Grade 2,Male,6200.00/Head,-,9.0,Kakamega,2026-04-29
Makunga Market,Goat,East African Goat,Grade 2,Female,4600.00/Head,-,6.0,Kakamega,2026-04-29
Makunga Market,Duck,Black Swedish,Grade 2,Male,-,-,3.0,Kakamega,2026-04-29
Makunga Market,Chicken,Indigenous,-,Female,1100.00/Head,-,19.0,Kakamega,2026-04-29
Makunga Market,Chicken,Indigenous,-,Female,620.00/Head,-,23.0,Kakamega,2026-04-29
Makunga Market,Chicken,Indigenous,-,Female,420.00/Head,-,11.0,Kakamega,2026-04-29
Makunga Market,Chicken,Indigenous,-,Male,380.00/Head,-,13.0,Kakamega,2026-04-29
Makunga Market,Chicken,Indigenous,-,Male,920.00/Head,-,26.0,Kakamega,2026-04-29
Makunga Market,Chicken,Indigenous,-,Male,1460.00/Head,-,23.0,Kakamega,2026-04-29
Makunga Market,Chicken,Improved Kienyeji,-,Female,590.00/Head,-,16.0,Kakamega,2026-04-29
Makunga Market,Chicken,Improved Kienyeji,-,Male,1380.00/Head,-,9.0,Kakamega,2026-04-29
Makunga Market,Chicken,Broiler,-,Male,580.00/Head,-,22.0,Kakamega,2026-04-29
Makunga Market,Cattle,Zebu,Grade 2,Female,48600.00/Head,-,16.0,Kakamega,2026-04-29
Makunga Market,Cattle,Zebu,Grade 3,Female,44300.00/Head,-,13.0,Kakamega,2026-04-29
Makunga Market,Cattle,Zebu,Grade 2,Female,42000.00/Head,-,17.0,Kakamega,2026-04-29
Makunga Market,Cattle,Zebu,Grade 3,Female,-,-,42600.0,Kakamega,2026-04-29
Makunga Market,Cattle,Zebu,Grade 2,Female,32700.00/Head,-,21.0,Kakamega,2026-04-29
Makunga Market,Cattle,Zebu,Grade 3,Female,18300.00/Head,-,7.0,Kakamega,2026-04-29
Makunga Market,Cattle,Zebu,Grade 3,Male,18000.00/Head,-,11.0,Kakamega,2026-04-29
Makunga Market,Cattle,Zebu,Grade 2,Male,23000.00/Head,-,16.0,Kakamega,2026-04-29
Makunga Market,Cattle,Zebu,Grade 3,Male,29000.00/Head,-,7.0,Kakamega,2026-04-29
Makunga Market,Cattle,Zebu,Grade 2,Male,37000.00/Head,-,21.0,Kakamega,2026-04-29
Makunga Market,Cattle,Zebu,Grade 3,Male,46000.00/Head,-,11.0,Kakamega,2026-04-29
Makunga Market,Cattle,Zebu,Grade 2,Male,62000.00/Head,-,17.0,Kakamega,2026-04-29
Makunga Market,Cattle,Ayrshire,Grade 2,Female,48000.00/Head,-,4.0,Kakamega,2026-04-29
Makunga Market,Cattle,Friesian,Grade 2,Male,72000.00/Head,-,3.0,Kakamega,2026-04-29
Makunga Market,Cattle,Ayrshire,Grade 2,Female,64000.00/Head,-,4.0,Kakamega,2026-04-29
Makunga Market,Cattle,Ayrshire,Grade 2,Male,72000.00/Head,-,2.0,Kakamega,2026-04-29
Embu Town,Avocado,Local,-,-,50.00/Kg,100.00/Kg,1000.0,Embu,2026-04-29
Embu Town,Avocado,Fuerte,-,-,100.00/Kg,150.00/Kg,1000.0,Embu,2026-04-29
Embu Town,Lemons,-,-,-,100.00/Kg,150.00/Kg,500.0,Embu,2026-04-29
Embu Town,Tangerine (Sandara),-,-,-,60.00/Kg,100.00/Kg,1000.0,Embu,2026-04-29
Embu Town,Water Melon,-,-,-,30.00/Kg,40.00/Kg,5000.0,Embu,2026-04-29
Embu Town,Tree tomato,-,-,-,100.00/Kg,120.00/Kg,1000.0,Embu,2026-04-29
Embu Town,Pawpaw,-,-,-,60.00/Kg,70.00/Kg,1000.0,Embu,2026-04-29
Embu Town,Passion Fruits,-,-,-,100.00/Kg,130.00/Kg,,Embu,2026-04-29
Embu Town,Oranges,-,-,-,60.00/Kg,100.00/Kg,1000.0,Embu,2026-04-29
Embu Town,Tomatoes,-,-,-,76.00/Kg,100.00/Kg,4000.0,Embu,2026-04-29
Embu Town,Spring Onions,-,-,-,70.00/Kg,80.00/Kg,1000.0,Embu,2026-04-29
Embu Town,Okra (Lady's fingers or Gumbo),-,-,-,200.00/Kg,300.00/Kg,500.0,Embu,2026-04-29
Embu Town,Spinach,-,-,-,50.00/Kg,70.00/Kg,500.0,Embu,2026-04-29
Embu Town,Pumpkin,-,-,-,80.00/Kg,100.00/Kg,500.0,Embu,2026-04-29
Embu Town,Kales/Sukuma Wiki,-,-,-,20.00/Kg,30.00/Kg,1000.0,Embu,2026-04-29
Embu Town,Green Maize,-,-,-,50.00/Kg,100.00/Kg,4000.0,Embu,2026-04-29
Embu Town,French beans,-,-,-,80.00/Kg,100.00/Kg,1000.0,Embu,2026-04-29
Embu Town,Dry Onions,-,-,-,100.00/Kg,120.00/Kg,3000.0,Embu,2026-04-29
Embu Town,Cucumber,-,-,-,100.00/Kg,150.00/Kg,500.0,Embu,2026-04-29
Embu Town,Courgette,-,-,-,80.00/Kg,120.00/Kg,1000.0,Embu,2026-04-29
Embu Town,Coriander (Dhania),-,-,-,70.00/Kg,100.00/Kg,1000.0,Embu,2026-04-29
Embu Town,Chillies,-,-,-,200.00/Kg,300.00/Kg,500.0,Embu,2026-04-29
Embu Town,Carrots,-,-,-,50.00/Kg,60.00/Kg,3000.0,Embu,2026-04-29
Embu Town,Cauliflower,-,-,-,50.00/Kg,60.00/Kg,3000.0,Embu,2026-04-29
Embu Town,Cabbages,-,-,-,10.00/Kg,15.00/Kg,25000.0,Embu,2026-04-29
Embu Town,Butternuts,-,-,-,120.00/Kg,150.00/Kg,1000.0,Embu,2026-04-29
Embu Town,Banana (Cooking),-,-,-,15.00/Kg,20.00/Kg,8000.0,Embu,2026-04-29
Kerugoya,Tomatoes,-,-,-,40.00/Kg,80.00/Kg,1600.0,Kirinyaga,2026-04-28
Kerugoya,Pumpkin,-,-,-,35.00/Kg,80.00/Kg,180.0,Kirinyaga,2026-04-28
Kerugoya,Kales/Sukuma Wiki,-,-,-,20.00/Kg,35.00/Kg,230.0,Kirinyaga,2026-04-28
Kerugoya,Ginger,-,-,-,180.00/Kg,270.00/Kg,200.0,Kirinyaga,2026-04-28
Kerugoya,Fresh Peas,On pods,-,-,80.00/Kg,140.00/Kg,350.0,Kirinyaga,2026-04-28
Kerugoya,Dry Onions,-,-,-,70.00/Kg,140.00/Kg,2300.0,Kirinyaga,2026-04-28
Kerugoya,Courgette,-,-,-,70.00/Kg,140.00/Kg,400.0,Kirinyaga,2026-04-28
Kerugoya,Carrots,-,-,-,30.00/Kg,60.00/Kg,400.0,Kirinyaga,2026-04-28
Kerugoya,Capsicums,-,-,-,45.00/Kg,90.00/Kg,300.0,Kirinyaga,2026-04-28
Kerugoya,Cabbages,-,-,-,18.00/Kg,25.00/Kg,360.0,Kirinyaga,2026-04-28
Kerugoya,Banana (Cooking),-,-,-,20.00/Kg,40.00/Kg,780.0,Kirinyaga,2026-04-28
Kerugoya,Water Melon,-,-,-,25.00/Kg,40.00/Kg,350.0,Kirinyaga,2026-04-28
Kerugoya,Tree tomato,-,-,-,100.00/Kg,200.00/Kg,250.0,Kirinyaga,2026-04-28
Kerugoya,Thorn melon,-,-,-,30.00/Kg,60.00/Kg,160.0,Kirinyaga,2026-04-28
Kerugoya,Pawpaw,-,-,-,40.00/Kg,80.00/Kg,150.0,Kirinyaga,2026-04-28
Kerugoya,Passion Fruits,-,-,-,170.00/Kg,240.00/Kg,300.0,Kirinyaga,2026-04-28
Kerugoya,Oranges,-,-,-,60.00/Kg,100.00/Kg,350.0,Kirinyaga,2026-04-28
Kerugoya,Banana (Ripening),-,-,-,20.00/Kg,40.00/Kg,800.0,Kirinyaga,2026-04-28
Kerugoya,Rice,Pishori,-,-,160.00/Kg,180.00/Kg,2300.0,Kirinyaga,2026-04-28
Kerugoya,Dry Maize,Mixed-Traditional,-,-,55.00/Kg,75.00/Kg,4600.0,Kirinyaga,2026-04-28
Holo,Eggs,Indigenous /Kenyeji,-,-,20.00/Tray(30),25.00/Tray(30),,Kisumu,2026-04-28
Holo,Pork,-,-,-,-,600.00/Kg,,Kisumu,2026-04-28
Holo,Meat Beef,-,-,-,-,700.00/Kg,,Kisumu,2026-04-28
Holo,Honey,Crude,-,-,-,600.00/Kg,,Kisumu,2026-04-28
Holo,Eggs,Exotic/Grade,-,-,16.00/Tray(30),17.50/Tray(30),,Kisumu,2026-04-28
Holo,Cow Milk(At collection point),-,-,-,-,80.00/Lt,,Kisumu,2026-04-28
Holo,Sheep,Red Maasai,Grade 3,Male,7500.00/Head,-,,Kisumu,2026-04-28
Holo,Goat,East African Goat,Grade 3,Male,6500.00/Head,-,,Kisumu,2026-04-28
Holo,Chicken,Layers,-,Male,450.00/Head,-,,Kisumu,2026-04-28
Holo,Chicken,Indigenous,-,Male,1000.00/Head,-,,Kisumu,2026-04-28
Holo,Chicken,Improved Kienyeji,-,Male,1200.00/Head,-,,Kisumu,2026-04-28
Holo,Chicken,Broiler,-,Male,550.00/Head,-,,Kisumu,2026-04-28
Holo,Cattle,Mixed,Grade 3,Male,40000.00/Head,-,,Kisumu,2026-04-28
Holo,Prawns,Dried,-,-,-,35.00/Kg,,Kisumu,2026-04-28
Holo,Tilapia,Fresh,-,-,-,450.00/Kg,,Kisumu,2026-04-28
Holo,Omena,Dried,-,-,-,375.00/Kg,,Kisumu,2026-04-28
Holo,Nile Perch,Fresh,-,-,-,420.00/Kg,,Kisumu,2026-04-28
Kathonzweni,Goat,Mixed,Grade 1,Female,5000.00/Head,-,23.0,Makueni,2026-04-28
Kathonzweni,Goat,Mixed,Grade 1,Female,8000.00/Head,-,85.0,Makueni,2026-04-28
Holo,White Irish Potatoes,-,-,-,104.00/Kg,100.00/Kg,,Kisumu,2026-04-28
Holo,Sweet potatoes,-,-,-,-,100.00/Kg,,Kisumu,2026-04-28
Holo,Cassava Fresh,-,-,-,-,100.00/Kg,,Kisumu,2026-04-28
Kathonzweni,Goat,Mixed,Grade 1,Male,7500.00/Head,-,100.0,Makueni,2026-04-28
Holo,Cassava Chips (dry),-,-,-,-,75.00/Kg,,Kisumu,2026-04-28
Holo,Arrow Root,-,-,-,-,150.00/Kg,,Kisumu,2026-04-28
Holo,Water Melon,-,-,-,-,166.67/Kg,,Kisumu,2026-04-28
Kathonzweni,Goat,Mixed,Grade 1,Male,13500.00/Head,-,92.0,Makueni,2026-04-28
Holo,Thorn melon,-,-,-,-,200.00/Kg,,Kisumu,2026-04-28
Holo,Tangerine (Sandara),-,-,-,-,180.00/Kg,,Kisumu,2026-04-28
Holo,Pawpaw,-,-,-,-,100.00/Kg,,Kisumu,2026-04-28
Kathonzweni,Cattle,Mixed,Grade 2,Female,30000.00/Head,-,45.0,Makueni,2026-04-28
Holo,Oranges,-,-,-,-,220.00/Kg,,Kisumu,2026-04-28
Holo,Mangoes,Local,-,-,-,100.00/Kg,,Kisumu,2026-04-28
Kathonzweni,Cattle,Mixed,Grade 2,Female,45000.00/Head,-,120.0,Makueni,2026-04-28
Kathonzweni,Cattle,Mixed,Grade 2,Male,35000.00/Head,-,260.0,Makueni,2026-04-28
Holo,Mangoes,Improved,-,-,-,150.00/Kg,,Kisumu,2026-04-28
Holo,Limes,-,-,-,-,200.00/Kg,,Kisumu,2026-04-28
Kathonzweni,Cattle,Mixed,Grade 2,Male,80000.00/Head,-,200.0,Makueni,2026-04-28
Holo,Lemons,-,-,-,-,200.00/Kg,,Kisumu,2026-04-28
Holo,Avocado,Local,-,-,-,100.00/Kg,,Kisumu,2026-04-28
Holo,Avocado,Hass,-,-,-,150.00/Kg,,Kisumu,2026-04-28
Holo,White Sorghum,-,-,-,57.78/kg,75.00/kg,,Kisumu,2026-04-28
Holo,Rice,Pishori,-,-,172.00/Kg,250.00/Kg,,Kisumu,2026-04-28
Holo,Red Sorghum,-,-,-,57.78/Kg,75.00/Kg,,Kisumu,2026-04-28
Holo,Maize Flour,Dola,-,-,-,80.00/Kg,,Kisumu,2026-04-28
Holo,Maize Flour,Ajab,-,-,84.58/Kg,90.00/Kg,,Kisumu,2026-04-28
Holo,Finger Millet,-,-,-,133.33/Kg,175.00/Kg,,Kisumu,2026-04-28
Holo,Dry Maize,White Maize,-,-,46.67/Kg,65.00/Kg,,Kisumu,2026-04-28
Holo,Dry Maize,Yellow Maize,-,-,-,75.00/Kg,,Kisumu,2026-04-28
Holo,Dry Maize,White Maize,-,-,46.67/Kg,130.00/Kg,,Kisumu,2026-04-28
Holo,Spider flower (Saga),-,-,-,-,80.00/Kg,,Kisumu,2026-04-28
Holo,Pumpkin Leaves,-,-,-,-,70.00/Kg,,Kisumu,2026-04-28
Holo,Jute Plant (Murenda),-,-,-,-,70.00/Kg,,Kisumu,2026-04-28
Holo,Indigenous Crotolaria (Mito/Miro),-,-,-,-,80.00/Kg,,Kisumu,2026-04-28
Holo,Ethiopian Kales -Kanzira,-,-,-,-,70.00/Kg,,Kisumu,2026-04-28
Holo,Cowpea leaves (Kunde),-,-,-,-,60.00/Kg,,Kisumu,2026-04-28
Holo,Black nightshade (Managu/ Osuga),-,-,-,-,80.00/Kg,,Kisumu,2026-04-28
Holo,Amaranthus (Terere),-,-,-,-,70.00/Kg,,Kisumu,2026-04-28
Holo,Tomatoes,-,-,-,214.29/Kg,150.00/Kg,,Kisumu,2026-04-28
Holo,Spring Onions,-,-,-,62.50/Kg,70.00/Kg,,Kisumu,2026-04-28
Holo,Spinach,-,-,-,-,60.00/Kg,,Kisumu,2026-04-28
Holo,Kales/Sukuma Wiki,-,-,-,40.00/Kg,50.00/Kg,,Kisumu,2026-04-28
Holo,Green Maize,-,-,-,-,120.00/Kg,,Kisumu,2026-04-28
Holo,Ginger,-,-,-,-,150.00/Kg,,Kisumu,2026-04-28
Holo,Garlic,-,-,-,-,400.00/Kg,,Kisumu,2026-04-28
Holo,Egg plant (Brinjals),-,-,-,-,120.00/Kg,,Kisumu,2026-04-28
Holo,Dry Onions,-,-,-,115.56/Kg,130.00/Kg,,Kisumu,2026-04-28
Holo,Cucumber,-,-,-,-,150.00/Kg,,Kisumu,2026-04-28
Holo,Coriander (Dhania),-,-,-,-,150.00/Kg,,Kisumu,2026-04-28
Holo,Chillies,-,-,-,-,140.00/Kg,,Kisumu,2026-04-28
Holo,Carrots,-,-,-,-,80.00/Kg,,Kisumu,2026-04-28
Holo,Capsicums,-,-,-,-,120.00/Kg,,Kisumu,2026-04-28
Holo,Cabbages,-,-,-,-,80.00/Kg,,Kisumu,2026-04-28
Holo,Butternuts,-,-,-,-,150.00/Kg,,Kisumu,2026-04-28
Holo,Banana (Plantain),-,-,-,-,183.33/Kg,,Kisumu,2026-04-28
Holo,Banana (Cooking),-,-,-,-,32.69/Kg,,Kisumu,2026-04-28
Holo,Mixed Beans,-,-,-,133.33/Kg,175.00/Kg,,Kisumu,2026-04-28
Holo,Ground Nuts,Small Red,-,-,288.89/Kg,350.00/Kg,,Kisumu,2026-04-28
Holo,Ground Nuts,Large Brown,-,-,244.44/Kg,300.00/Kg,,Kisumu,2026-04-28
Holo,Green Grams,Local-Special,-,-,155.56/Kg,200.00/Kg,,Kisumu,2026-04-28
Holo,Green Grams,Hybrid/ polished,-,-,177.78/Kg,225.00/Kg,,Kisumu,2026-04-28
Holo,Cowpeas,-,-,-,155.56/Kg,200.00/Kg,,Kisumu,2026-04-28
Holo,Beans Rosecoco (Nyayo),-,-,-,177.78/Kg,225.00/Kg,,Kisumu,2026-04-28
Holo,Beans Rosecoco,-,-,-,200.00/Kg,250.00/Kg,,Kisumu,2026-04-28
Holo,Beans Red Haricot (Wairimu),-,-,-,177.78/Kg,225.00/Kg,,Kisumu,2026-04-28
Holo,Beans (Yellow-Green),-,-,-,200.00/Kg,250.00/Kg,,Kisumu,2026-04-28
Holo,Beans (Mwezi Moja),-,-,-,177.78/Kg,225.00/Kg,,Kisumu,2026-04-28
Holo,Beans (Canadian wonder),-,-,-,177.78/Kg,225.00/Kg,,Kisumu,2026-04-28
Holo,Fertilizer,CAN,-,-,97.00/Kg,100.00/Kg,,Kisumu,2026-04-28
Holo,Fertilizer,DAP,-,-,130.00/Kg,150.00/Kg,,Kisumu,2026-04-28
Kathonzweni,Chicken,Indigenous,-,Female,700.00/Head,-,200.0,Makueni,2026-04-28
Kathonzweni,Chicken,Indigenous,-,Male,1000.00/Head,-,180.0,Makueni,2026-04-28
Kathonzweni,Sheep,Blackhead Persian,Grade 1,Female,5000.00/Head,-,10.0,Makueni,2026-04-28
Kathonzweni,Sheep,Blackhead Persian,Grade 1,Female,7500.00/Head,-,20.0,Makueni,2026-04-28
Kathonzweni,Sheep,Blackhead Persian,Grade 1,Male,4000.00/Head,-,30.0,Makueni,2026-04-28
Kawangware,Lentils,-,-,-,220.00/Kg,250.00/Kg,,Nairobi,2026-04-28
Kawangware,Pigeon peas,-,-,-,100.00/Kg,115.00/Kg,,Nairobi,2026-04-28
Kathonzweni,Sheep,Blackhead Persian,Grade 1,Male,9000.00/Head,-,40.0,Makueni,2026-04-28
Kawangware,Green Grams,Makueni,-,-,155.00/Kg,170.00/Kg,,Nairobi,2026-04-28
Kathonzweni,Donkey,-,-,Female,4000.00/Head,-,3.0,Makueni,2026-04-28
Kawangware,Beans Red Haricot (Wairimu),-,-,-,100.00/Kg,110.00/Kg,,Nairobi,2026-04-28
Kawangware,Dolichos lablab (Njahi),-,-,-,75.00/Kg,85.00/Kg,,Nairobi,2026-04-28
Kathonzweni,Donkey,-,-,Female,7500.00/Head,-,6.0,Makueni,2026-04-28
Kathonzweni,Donkey,-,-,Male,5000.00/Head,-,6.0,Makueni,2026-04-28
Kawangware,Cowpeas,-,-,-,90.00/Kg,120.00/Kg,,Nairobi,2026-04-28
Kathonzweni,Donkey,-,-,Male,7000.00/Head,-,10.0,Makueni,2026-04-28
Kawangware,Beans Rosecoco (Nyayo),-,-,-,110.00/Kg,125.00/Kg,,Nairobi,2026-04-28
Kawangware,Beans Rosecoco,-,-,-,115.00/Kg,125.00/Kg,,Nairobi,2026-04-28
Kawangware,Beans (Yellow-Green),-,-,-,110.00/Kg,125.00/Kg,,Nairobi,2026-04-28
Kawangware,Beans (Mwitemania),-,-,-,90.00/Kg,100.00/Kg,,Nairobi,2026-04-28
Kawangware,Rice,Pishori,-,-,160.00/Kg,180.00/Kg,,Nairobi,2026-04-28
Kawangware,Pearl Rush Millet,-,-,-,122.22/Kg,120.00/Kg,,Nairobi,2026-04-28
Kawangware,Finger Millet,-,-,-,54.00/Kg,90.00/Kg,,Nairobi,2026-04-28
Kawangware,Dry Maize,White Maize,-,-,55.00/Kg,65.00/Kg,,Nairobi,2026-04-28
Ngurubani Market,Water Melon,-,-,-,25.00/Kg,35.00/Kg,23500.0,Kirinyaga,2026-04-28
Ngurubani Market,Tree tomato,-,-,-,70.00/Kg,100.00/Kg,280.0,Kirinyaga,2026-04-28
Ngurubani Market,Thorn melon,-,-,-,80.00/Kg,120.00/Kg,255.0,Kirinyaga,2026-04-28
Ngurubani Market,Pineapples,-,-,-,50.00/Kg,70.00/Kg,1250.0,Kirinyaga,2026-04-28
Ngurubani Market,Pawpaw,-,-,-,40.00/Kg,60.00/Kg,135.0,Kirinyaga,2026-04-28
Ngurubani Market,Passion Fruits,-,-,-,150.00/Kg,220.00/Kg,250.0,Kirinyaga,2026-04-28
Ngurubani Market,Oranges,-,-,-,70.00/Kg,100.00/Kg,1400.0,Kirinyaga,2026-04-28
Kathonzweni,Sweet potatoes,-,-,-,150.00/Kg,250.00/Kg,1000.0,Makueni,2026-04-28
Ngurubani Market,Lemons,-,-,-,40.00/Kg,60.00/Kg,200.0,Kirinyaga,2026-04-28
Ngurubani Market,Avocado,Local,-,-,65.00/Kg,85.00/Kg,1450.0,Kirinyaga,2026-04-28
Kathonzweni,Red Irish potato,-,-,-,60.00/Kg,70.00/Kg,21000.0,Makueni,2026-04-28
Ngurubani Market,Pork,-,-,-,650.00/Kg,750.00/Kg,450.0,Kirinyaga,2026-04-28
Ngurubani Market,Meat Beef,-,-,-,650.00/Kg,750.00/Kg,420.0,Kirinyaga,2026-04-28
Ngurubani Market,Eggs,Exotic/Grade,-,-,420.00/Tray(30),480.00/Tray(30),2580.0,Kirinyaga,2026-04-28
Ngurubani Market,Rice,Pishori,-,-,150.00/Kg,170.00/Kg,137500.0,Kirinyaga,2026-04-28
Kathonzweni,Cassava Fresh,-,-,-,33.33/Kg,50.00/Kg,600.0,Makueni,2026-04-28
Ngurubani Market,Red Sorghum,-,-,-,90.00/Kg,2.22/Kg,2200.0,Kirinyaga,2026-04-28
Ngurubani Market,Dry Maize,White Maize,-,-,52.22/Kg,60.00/Kg,4580.0,Kirinyaga,2026-04-28
Kathonzweni,Arrow Root,-,-,-,150.00/Kg,240.00/Kg,600.0,Makueni,2026-04-28
Ngurubani Market,White Irish Potatoes,-,-,-,46.00/Kg,50.00/Kg,21000.0,Kirinyaga,2026-04-28
Ngurubani Market,Sweet potatoes,-,-,-,80.00/Kg,120.00/Kg,250.0,Kirinyaga,2026-04-28
Ngurubani Market,Arrow Root,-,-,-,100.00/Kg,140.00/Kg,300.0,Kirinyaga,2026-04-28
Kathonzweni,Water Melon,-,-,-,30.00/Kg,50.00/Kg,1000.0,Makueni,2026-04-28
Ngurubani Market,Tomatoes,-,-,-,70.00/Kg,170.00/Kg,850.0,Kirinyaga,2026-04-28
Kathonzweni,Thorn melon,-,-,-,80.00/Kg,120.00/Kg,80.0,Makueni,2026-04-28
Ngurubani Market,Spring Onions,-,-,-,40.00/Kg,70.00/Kg,250.0,Kirinyaga,2026-04-28
Ngurubani Market,Spinach,-,-,-,40.00/Kg,50.00/Kg,250.0,Kirinyaga,2026-04-28
Kathonzweni,Pawpaw,-,-,-,53.33/Kg,80.00/Kg,50.0,Makueni,2026-04-28
Ngurubani Market,Pumpkin,-,-,-,25.00/Kg,35.00/Kg,2500.0,Kirinyaga,2026-04-28
Ngurubani Market,Green Maize,-,-,-,40.00/Kg,60.00/Kg,3520.0,Kirinyaga,2026-04-28
Ngurubani Market,Fresh Peas,On pods,-,-,150.00/Kg,170.00/Kg,450.0,Kirinyaga,2026-04-28
Ngurubani Market,French beans,-,-,-,50.00/Kg,70.00/Kg,215.0,Kirinyaga,2026-04-28
Kathonzweni,Oranges,-,-,-,60.00/Kg,80.00/Kg,500.0,Makueni,2026-04-28
Ngurubani Market,Egg plant (Brinjals),-,-,-,40.00/Kg,70.00/Kg,50.0,Kirinyaga,2026-04-28
Ngurubani Market,Cucumber,-,-,-,80.00/Kg,120.00/Kg,120.0,Kirinyaga,2026-04-28
Ngurubani Market,Courgette,-,-,-,50.00/Kg,80.00/Kg,215.0,Kirinyaga,2026-04-28
Kathonzweni,Lemons,-,-,-,20.00/Kg,50.00/Kg,250.0,Makueni,2026-04-28
Ngurubani Market,Coriander (Dhania),-,-,-,50.00/Kg,70.00/Kg,150.0,Kirinyaga,2026-04-28
Ngurubani Market,Chillies,-,-,-,50.00/Kg,70.00/Kg,150.0,Kirinyaga,2026-04-28
Kathonzweni,Banana (Ripening),-,-,-,40.00/Kg,80.00/Kg,9000.0,Makueni,2026-04-28
Ngurubani Market,Carrots,-,-,-,40.00/Kg,60.00/Kg,3850.0,Kirinyaga,2026-04-28
Ngurubani Market,Capsicums,-,-,-,40.00/Kg,60.00/Kg,350.0,Kirinyaga,2026-04-28
Kathonzweni,Avocado,Local,-,-,20.00/Kg,40.00/Kg,1500.0,Makueni,2026-04-28
Ngurubani Market,Cabbages,-,-,-,20.00/Kg,25.00/Kg,24500.0,Kirinyaga,2026-04-28
Ngurubani Market,Butternuts,-,-,-,30.00/Kg,45.00/Kg,3580.0,Kirinyaga,2026-04-28
Ngurubani Market,Banana (Cooking),-,-,-,25.00/Kg,35.00/Kg,2580.0,Kirinyaga,2026-04-28
Kathonzweni,Apples,-,-,-,200.00/Kg,300.00/Kg,150.0,Makueni,2026-04-28
Ngurubani Market,Pumpkin Leaves,-,-,-,25.00/Kg,30.00/Kg,120.0,Kirinyaga,2026-04-28
Ngurubani Market,Cowpea leaves (Kunde),-,-,-,30.00/Kg,50.00/Kg,250.0,Kirinyaga,2026-04-28
Ngurubani Market,Black nightshade (Managu/ Osuga),-,-,-,30.00/Kg,40.00/Kg,520.0,Kirinyaga,2026-04-28
Kathonzweni,Wheat,-,-,-,60.00/Kg,70.00/Kg,500.0,Makueni,2026-04-28
Ngurubani Market,Amaranthus (Terere),-,-,-,25.00/Kg,35.00/Kg,450.0,Kirinyaga,2026-04-28
Ngurubani Market,Pigeon peas,-,-,-,70.00/Kg,90.00/Kg,2200.0,Kirinyaga,2026-04-28
Ngundune,Meat Chevon,-,-,-,700.00/Kg,800.00/Kg,250.0,Meru,2026-04-28
Ngundune,Meat Beef,-,-,-,600.00/Kg,700.00/Kg,3500.0,Meru,2026-04-28
Ngurubani Market,Mixed Beans,-,-,-,91.11/Kg,115.00/Kg,1700.0,Kirinyaga,2026-04-28
Kathonzweni,Red Sorghum,-,-,-,60.00/Kg,70.00/Kg,600.0,Makueni,2026-04-28
Ngundune,Eggs,Indigenous /Kenyeji,-,-,450.00/Tray(30),600.00/Tray(30),15.0,Meru,2026-04-28
Ngundune,Eggs,Exotic/Grade,-,-,380.00/Tray(30),450.00/Tray(30),150.0,Meru,2026-04-28
Ngurubani Market,Lentils,-,-,-,188.89/Kg,225.00/Kg,2120.0,Kirinyaga,2026-04-28
Ngurubani Market,Green Grams,Hybrid/ polished,-,-,100.00/Kg,150.00/Kg,2500.0,Kirinyaga,2026-04-28
Ngundune,Cow Milk(Processd),-,-,-,94.00/Lt,120.00/Lt,1500.0,Meru,2026-04-28
Ngundune,Cow Milk(At collection point),-,-,-,70.00/Lt,80.00/Lt,450.0,Meru,2026-04-28
Ngurubani Market,Dolichos lablab (Njahi),-,-,-,83.33/Kg,100.00/Kg,1500.0,Kirinyaga,2026-04-28
Ngundune,Sheep,Dorper,Grade 2,Male,12000.00/Head,-,50.0,Meru,2026-04-28
Kathonzweni,Dry Maize,White Maize,-,-,50.00/Kg,55.00/Kg,6000.0,Makueni,2026-04-28
Ngundune,Sheep,Blackhead Persian,Grade 2,Male,7000.00/Head,-,60.0,Meru,2026-04-28
Ngundune,Goat,Mixed,Grade 3,Female,3000.00/Head,-,35.0,Meru,2026-04-28
Ngundune,Goat,Mixed,Grade 3,Female,6000.00/Head,-,50.0,Meru,2026-04-28
Ngurubani Market,Cowpeas,-,-,-,100.00/Kg,140.00/Kg,1350.0,Kirinyaga,2026-04-28
Ngundune,Goat,East African Goat,Grade 2,Male,12000.00/Head,-,80.0,Meru,2026-04-28
Ngundune,Goat,East African Goat,Grade 2,Male,15000.00/Head,-,150.0,Meru,2026-04-28
Kathonzweni,Pumpkin Leaves,-,-,-,60.00/Kg,80.00/Kg,100.0,Makueni,2026-04-28
Ngurubani Market,Beans Rosecoco (Nyayo),-,-,-,108.89/Kg,150.00/Kg,3250.0,Kirinyaga,2026-04-28
Ngundune,Goat,Dairy Goats,Grade 2,Male,15000.00/Head,-,5.0,Meru,2026-04-28
Ngundune,Cattle,Other,Grade 4,Male,25000.00/Head,-,35.0,Meru,2026-04-28
Kathonzweni,Cowpea leaves (Kunde),-,-,-,40.00/Kg,60.00/Kg,300.0,Makueni,2026-04-28
Ngurubani Market,Beans Red Haricot (Wairimu),-,-,-,100.00/Kg,140.00/Kg,6580.0,Kirinyaga,2026-04-28
Ngurubani Market,Beans (Yellow-Green),-,-,-,122.22/Kg,175.00/Kg,5280.0,Kirinyaga,2026-04-28
Kathonzweni,Black nightshade (Managu/ Osuga),-,-,-,30.00/Kg,50.00/Kg,200.0,Makueni,2026-04-28
Ngurubani Market,Beans (Mwitemania),-,-,-,91.11/Kg,125.00/Kg,4500.0,Kirinyaga,2026-04-28
Ngurubani Market,Fertilizer,NPK,-,-,95.00/Kg,110.00/Kg,185800.0,Kirinyaga,2026-04-28
Kathonzweni,Tomatoes,-,-,-,100.00/Kg,120.00/Kg,5000.0,Makueni,2026-04-28
Ngurubani Market,Fertilizer,DAP,-,-,136.00/Kg,140.00/Kg,125000.0,Kirinyaga,2026-04-28
Ngurubani Market,Fertilizer,CAN,-,-,66.00/Kg,80.00/Kg,52000.0,Kirinyaga,2026-04-28
Kathonzweni,Spinach,-,-,-,80.00/Kg,140.00/Kg,300.0,Makueni,2026-04-28
Kathonzweni,Okra (Lady's fingers or Gumbo),-,-,-,160.00/Kg,240.00/Kg,80.0,Makueni,2026-04-28
Kathonzweni,Kales/Sukuma Wiki,-,-,-,40.00/Kg,80.00/Kg,950.0,Makueni,2026-04-28
Kathonzweni,Green Maize,-,-,-,100.00/Kg,150.00/Kg,500.0,Makueni,2026-04-28
Kathonzweni,Ginger,-,-,-,300.00/Kg,400.00/Kg,200.0,Makueni,2026-04-28
Kathonzweni,Garlic,-,-,-,360.00/Kg,440.00/Kg,100.0,Makueni,2026-04-28
Kathonzweni,Egg plant (Brinjals),-,-,-,100.00/Kg,150.00/Kg,250.0,Makueni,2026-04-28
Kathonzweni,Dry Onions,-,-,-,110.00/Kg,140.00/Kg,2000.0,Makueni,2026-04-28
Kathonzweni,Cucumber,-,-,-,240.00/Kg,320.00/Kg,40.0,Makueni,2026-04-28
Kathonzweni,Courgette,-,-,-,240.00/Kg,320.00/Kg,30.0,Makueni,2026-04-28
Kathonzweni,Coriander (Dhania),-,-,-,200.00/Kg,400.00/Kg,100.0,Makueni,2026-04-28
Kathonzweni,Chillies,-,-,-,120.00/Kg,240.00/Kg,80.0,Makueni,2026-04-28
Maua,Spring Onions,-,-,-,80.00/Kg,100.00/Kg,2200.0,Meru,2026-04-28
Kathonzweni,Carrots,-,-,-,60.00/Kg,80.00/Kg,450.0,Makueni,2026-04-28
Ngundune,Cattle,Boran,Grade 2,Male,92000.00/Head,-,150.0,Meru,2026-04-28
Maua,Capsicums,-,-,-,80.00/Kg,100.00/Kg,2000.0,Meru,2026-04-28
Ngundune,Cattle,Boran,Grade 3,Male,35000.00/Head,-,50.0,Meru,2026-04-28
Kathonzweni,Capsicums,-,-,-,60.00/Kg,150.00/Kg,400.0,Makueni,2026-04-28
Maua,Dry Onions,-,-,-,60.00/Kg,800.00/Kg,8000.0,Meru,2026-04-28
Ngundune,Cattle,Boran,Grade 3,Female,65000.00/Head,-,30.0,Meru,2026-04-28
Kathonzweni,Cabbages,-,-,-,25.00/Kg,35.00/Kg,14000.0,Makueni,2026-04-28
Ngundune,Cattle,Boran,Grade 2,Castrate,85000.00/Head,-,60.0,Meru,2026-04-28
Ngundune,Cattle,Boran,Grade 2,Male,85000.00/Head,-,100.0,Meru,2026-04-28
Kathonzweni,Butternuts,-,-,-,150.00/Kg,200.00/Kg,80.0,Makueni,2026-04-28
Maua,Tomatoes,-,-,-,50.00/Kg,70.00/Kg,15000.0,Meru,2026-04-28
Kathonzweni,Banana (Cooking),-,-,-,50.00/Kg,80.00/Kg,400.0,Makueni,2026-04-28
Maua,Garlic,-,-,-,320.00/Kg,400.00/Kg,1600.0,Meru,2026-04-28
Kathonzweni,Pigeon peas,-,-,-,100.00/Kg,110.00/Kg,600.0,Makueni,2026-04-28
Kathonzweni,Mixed Beans,-,-,-,100.00/Kg,110.00/Kg,5000.0,Makueni,2026-04-28
Maua,Butternuts,-,-,-,60.00/Kg,80.00/Kg,2000.0,Meru,2026-04-28
Kathonzweni,Green Grams,Makueni,-,-,100.00/Kg,110.00/Kg,450.0,Makueni,2026-04-28
Maua,Carrots,-,-,-,45.00/Kg,60.00/Kg,7000.0,Meru,2026-04-28
Kathonzweni,Cowpeas,-,-,-,90.00/Kg,100.00/Kg,900.0,Makueni,2026-04-28
Maua,Fresh Peas,On pods,-,-,100.00/Kg,160.00/Kg,1800.0,Meru,2026-04-28
Maua,Cabbages,-,-,-,15.00/Kg,25.00/Kg,9000.0,Meru,2026-04-28
Maua,Thorn melon,-,-,-,20.00/Kg,30.00/Kg,100.0,Meru,2026-04-28
Maua,Apples,-,-,-,322.22/Kg,440.00/Kg,360.0,Meru,2026-04-28
Nkubu,White Irish Potatoes,-,-,-,60.00/Kg,100.00/Kg,1900.0,Meru,2026-04-28
Nkubu,Oranges,-,-,-,55.56/Kg,100.00/Kg,900.0,Meru,2026-04-28
Nkubu,Pearl Rush Millet,-,-,-,122.22/Kg,120.00/Kg,810.0,Meru,2026-04-28
Maua,Pawpaw,-,-,-,30.00/Kg,25.00/Kg,3200.0,Meru,2026-04-28
Nkubu,Finger Millet,-,-,-,88.89/Kg,100.00/Kg,360.0,Meru,2026-04-28
Maua,Banana (Ripening),-,-,-,20.00/Kg,20.00/Kg,2400.0,Meru,2026-04-28
Maua,Oranges,-,-,-,60.00/Kg,100.00/Kg,6000.0,Meru,2026-04-28
Nkubu,Dry Maize,Mixed-Traditional,-,-,44.44/Kg,50.00/Kg,900.0,Meru,2026-04-28
Nkubu,Tomatoes,-,-,-,18.00/Kg,100.00/Kg,5000.0,Meru,2026-04-28
Nkubu,Dry Onions,-,-,-,90.00/Kg,100.00/Kg,1840.0,Meru,2026-04-28
Maua,Water Melon,-,-,-,30.00/Kg,35.00/Kg,4800.0,Meru,2026-04-28
Nkubu,Carrots,-,-,-,28.57/Kg,50.00/Kg,2100.0,Meru,2026-04-28
Nkubu,Cabbages,-,-,-,4.00/Kg,30.00/Kg,9000.0,Meru,2026-04-28
Nkubu,Pigeon peas,-,-,-,88.89/Kg,120.00/Kg,720.0,Meru,2026-04-28
Nkubu,Lentils,-,-,-,200.00/Kg,250.00/Kg,600.0,Meru,2026-04-28
Nkubu,Green Grams,Hybrid/ polished,-,-,144.44/Kg,150.00/Kg,720.0,Meru,2026-04-28
Nkubu,Dry Peas,-,-,-,144.44/Kg,170.00/Kg,630.0,Meru,2026-04-28
Nkubu,Dolichos lablab (Njahi),-,-,-,88.89/Kg,120.00/Kg,630.0,Meru,2026-04-28
Maua,Pigeon peas,-,-,-,100.00/Kg,120.00/Kg,4500.0,Meru,2026-04-28
Nkubu,Cowpeas,-,-,-,100.00/Kg,120.00/Kg,810.0,Meru,2026-04-28
Maua,Green Grams,Hybrid/ polished,-,-,144.44/Kg,160.00/Kg,8100.0,Meru,2026-04-28
Nkubu,Beans Rosecoco,-,-,-,111.11/Kg,130.00/Kg,540.0,Meru,2026-04-28
Nkubu,Beans Red Haricot (Wairimu),-,-,-,111.11/Kg,120.00/Kg,720.0,Meru,2026-04-28
Nkubu,Beans (Yellow-Green),-,-,-,133.33/Kg,150.00/Kg,720.0,Meru,2026-04-28
Maua,Cowpeas,-,-,-,100.00/Kg,120.00/Kg,2700.0,Meru,2026-04-28
Maua,Dolichos lablab (Njahi),-,-,-,88.89/Kg,100.00/Kg,6300.0,Meru,2026-04-28
Nkubu,Beans (Mwitemania),-,-,-,111.11/Kg,120.00/Kg,990.0,Meru,2026-04-28
Nkubu,Beans (Mwezi Moja),-,-,-,111.11/Kg,120.00/Kg,450.0,Meru,2026-04-28
Maua,Dry Peas,-,-,-,166.67/Kg,200.00/Kg,1800.0,Meru,2026-04-28
Maua,Beans Red Haricot (Wairimu),-,-,-,116.67/Kg,140.00/Kg,1890.0,Meru,2026-04-28
Mogogosiek Market,Omena,Dried,-,-,180.00/Kg,250.00/Kg,1500.0,Bomet,2026-04-28
Mogogosiek Market,White Irish Potatoes,-,-,-,40.00/Kg,60.00/Kg,9000.0,Bomet,2026-04-28
Mogogosiek Market,Sweet potatoes,-,-,-,100.00/Kg,130.00/Kg,3000.0,Bomet,2026-04-28
Maua,Mixed Beans,-,-,-,88.89/Kg,100.00/Kg,8100.0,Meru,2026-04-28
Mogogosiek Market,Red Irish potato,-,-,-,40.00/Kg,60.00/Kg,6000.0,Bomet,2026-04-28
Mogogosiek Market,Dry Maize,White Maize,-,-,54.17/Kg,62.50/Kg,10800.0,Bomet,2026-04-28
Maua,Beans (Yellow-Green),-,-,-,122.22/Kg,150.00/Kg,1080.0,Meru,2026-04-28
Mogogosiek Market,Spider flower (Saga),-,-,-,200.00/Kg,250.00/Kg,1500.0,Bomet,2026-04-28
Mogogosiek Market,Black nightshade (Managu/ Osuga),-,-,-,200.00/Kg,250.00/Kg,1200.0,Bomet,2026-04-28
Maua,Beans Rosecoco (Nyayo),-,-,-,133.33/Kg,150.00/Kg,1800.0,Meru,2026-04-28
Mogogosiek Market,Capsicums,-,-,-,50.00/Kg,80.00/Kg,500.0,Bomet,2026-04-28
Maua,Beans (Mwitemania),-,-,-,111.11/Kg,130.00/Kg,6300.0,Meru,2026-04-28
Mogogosiek Market,Cabbages,-,-,-,15.00/Kg,20.00/Kg,6000.0,Bomet,2026-04-28
Mogogosiek Market,Banana (Cooking),-,-,-,80.00/Kg,100.00/Kg,800.0,Bomet,2026-04-28
Maua,Rice,Pishori,-,-,160.00/Kg,180.00/Kg,6000.0,Meru,2026-04-28
Mogogosiek Market,Beans Rosecoco,-,-,-,150.00/Kg,200.00/Kg,8000.0,Bomet,2026-04-28
Mogogosiek Market,Beans (Yellow-Green),-,-,-,150.00/Kg,180.00/Kg,8000.0,Bomet,2026-04-28
Maua,Rice,IRR,-,-,120.00/Kg,140.00/Kg,3000.0,Meru,2026-04-28
Mogogosiek Market,Beans (Mwezi Moja),-,-,-,100.00/Kg,150.00/Kg,7000.0,Bomet,2026-04-28
Maua,Rice,Sindano,-,-,140.00/Kg,160.00/Kg,4500.0,Meru,2026-04-28
Maua,Wheat,-,-,-,88.89/Kg,100.00/Kg,990.0,Meru,2026-04-28
Voi Retail,Oranges,-,-,-,-,10.00/Kg,20.0,Taita-Taveta,2026-04-28
Voi Retail,Mangoes,Improved,-,-,-,50.00/Kg,20.0,Taita-Taveta,2026-04-28
Voi Retail,Lemons,-,-,-,-,10.00/Kg,40.0,Taita-Taveta,2026-04-28
Voi Retail,Avocado,Fuerte,-,-,-,40.00/Kg,40.0,Taita-Taveta,2026-04-28
Voi Retail,Apples,-,-,-,-,40.00/Kg,60.0,Taita-Taveta,2026-04-28
Voi Retail,Pumpkin Leaves,-,-,-,-,100.00/Kg,20.0,Taita-Taveta,2026-04-28
Voi Retail,Cowpea leaves (Kunde),-,-,-,-,80.00/Kg,50.0,Taita-Taveta,2026-04-28
Maua,White Sorghum,-,-,-,80.00/kg,90.00/kg,1800.0,Meru,2026-04-28
Voi Retail,Amaranthus (Terere),-,-,-,-,100.00/Kg,50.0,Taita-Taveta,2026-04-28
Maua,Red Sorghum,-,-,-,90.00/Kg,100.00/Kg,1600.0,Meru,2026-04-28
Voi Retail,White Irish Potatoes,-,-,-,-,80.00/Kg,130.0,Taita-Taveta,2026-04-28
Voi Retail,Cassava Fresh,-,-,-,-,90.00/Kg,50.0,Taita-Taveta,2026-04-28
Voi Retail,Arrow Root,-,-,-,-,120.00/Kg,80.0,Taita-Taveta,2026-04-28
Maua,Pearl Rush Millet,-,-,-,90.00/Kg,110.00/Kg,2500.0,Meru,2026-04-28
Voi Retail,Tomatoes,-,-,-,-,140.00/Kg,120.0,Taita-Taveta,2026-04-28
Voi Retail,Spinach,-,-,-,-,100.00/Kg,50.0,Taita-Taveta,2026-04-28
Voi Retail,Okra (Lady's fingers or Gumbo),-,-,-,-,140.00/Kg,20.0,Taita-Taveta,2026-04-28
Voi Retail,Kales/Sukuma Wiki,-,-,-,-,80.00/Kg,50.0,Taita-Taveta,2026-04-28
Voi Retail,Ginger,-,-,-,-,250.00/Kg,20.0,Taita-Taveta,2026-04-28
Voi Retail,Garlic,-,-,-,-,550.00/Kg,120.0,Taita-Taveta,2026-04-28
Voi Retail,Fresh Peas,Shelled Peas,-,-,-,160.00/Kg,50.0,Taita-Taveta,2026-04-28
Voi Retail,French beans,-,-,-,-,120.00/Kg,50.0,Taita-Taveta,2026-04-28
Voi Retail,Dry Onions,-,-,-,-,100.00/Kg,40.0,Taita-Taveta,2026-04-28
Voi Retail,Coriander (Dhania),-,-,-,-,50.00/Kg,20.0,Taita-Taveta,2026-04-28
Voi Retail,Carrots,-,-,-,-,100.00/Kg,30.0,Taita-Taveta,2026-04-28
Voi Retail,Capsicums,-,-,-,-,120.00/Kg,20.0,Taita-Taveta,2026-04-28
Voi Retail,Butternuts,-,-,-,-,80.00/Kg,30.0,Taita-Taveta,2026-04-28
Maua,Finger Millet,-,-,-,120.00/Kg,150.00/Kg,1900.0,Meru,2026-04-28
Voi Retail,Cabbages,-,-,-,-,80.00/Kg,50.0,Taita-Taveta,2026-04-28
Voi Retail,Broccoli,-,-,-,-,120.00/Kg,20.0,Taita-Taveta,2026-04-28
Maua,Dry Maize,White Maize,-,-,55.56/Kg,60.00/Kg,7200.0,Meru,2026-04-28
Voi Retail,Banana (Plantain),-,-,-,-,10.00/Kg,120.0,Taita-Taveta,2026-04-28
Voi Retail,Banana (Cooking),-,-,-,-,10.00/Kg,100.0,Taita-Taveta,2026-04-28
Kapkwen,Chicken,Indigenous,-,Female,850.00/Head,-,1200.0,Bomet,2026-04-28
Kapkwen,Chicken,Indigenous,-,Male,1000.00/Head,-,1500.0,Bomet,2026-04-28
Kapkwen,Cattle,Friesian,Grade 2,Female,78000.00/Head,-,112.0,Bomet,2026-04-28
Kapkwen,Cattle,Friesian,Grade 2,Male,80000.00/Head,-,130.0,Bomet,2026-04-28
Kapkwen,Cattle,Ayrshire,Grade 2,Female,75000.00/Head,-,103.0,Bomet,2026-04-28
Kapkwen,Cattle,Ayrshire,Grade 2,Male,78000.00/Head,-,120.0,Bomet,2026-04-28
Kapkwen,Dry Maize,White Maize,-,-,47.78/Kg,70.00/Kg,360000.0,Bomet,2026-04-28
Kapkwen,Tomatoes,-,-,-,30.00/Kg,50.00/Kg,240000.0,Bomet,2026-04-28
Kapkwen,Fresh Peas,On pods,-,-,60.00/Kg,100.00/Kg,14000.0,Bomet,2026-04-28
Kapkwen,Dry Onions,-,-,-,90.00/Kg,160.00/Kg,120000.0,Bomet,2026-04-28
Kapkwen,Carrots,-,-,-,40.00/Kg,80.00/Kg,1000.0,Bomet,2026-04-28
Kapkwen,Cabbages,-,-,-,15.00/Kg,25.00/Kg,13000.0,Bomet,2026-04-28
Kapkwen,Butternuts,-,-,-,50.00/Kg,75.00/Kg,1200.0,Bomet,2026-04-28
Kapkwen,Beans Rosecoco,-,-,-,150.00/Kg,175.00/Kg,13000.0,Bomet,2026-04-28
Voi Wholesale,Black nightshade (Managu/ Osuga),-,-,-,60.00/Kg,-,700.0,Taita-Taveta,2026-04-28
Voi Wholesale,Amaranthus (Terere),-,-,-,60.00/Kg,-,600.0,Taita-Taveta,2026-04-28
Voi Wholesale,Oranges,-,-,-,80.00/Kg,-,500.0,Taita-Taveta,2026-04-28
Voi Wholesale,Mangoes,Improved,-,-,30.00/Kg,-,1500.0,Taita-Taveta,2026-04-28
Chumvini Livestock Market,Sheep,Blackhead Persian,Grade 2,Female,15000.00/Head,-,9.0,Taita-Taveta,2026-04-28
Chumvini Livestock Market,Sheep,Blackhead Persian,Grade 2,Male,13000.00/Head,-,6.0,Taita-Taveta,2026-04-28
Voi Wholesale,Sweet potatoes,-,-,-,50.00/Kg,-,2850.0,Taita-Taveta,2026-04-28
Chumvini Livestock Market,Goat,Galla,Grade 1,Female,20000.00/Head,-,4.0,Taita-Taveta,2026-04-28
Chumvini Livestock Market,Goat,Galla,Grade 1,Male,30000.00/Head,-,3.0,Taita-Taveta,2026-04-28
Chumvini Livestock Market,Goat,Mixed,Grade 2,Female,9500.00/Head,-,103.0,Taita-Taveta,2026-04-28
Chumvini Livestock Market,Goat,Mixed,Grade 2,Male,10000.00/Head,-,118.0,Taita-Taveta,2026-04-28
Chumvini Livestock Market,Cattle,Mixed,Grade 2,Female,56000.00/Head,-,3.0,Taita-Taveta,2026-04-28
Voi Wholesale,White Irish Potatoes,-,-,-,54.74/Kg,-,9500.0,Taita-Taveta,2026-04-28
Voi Wholesale,Banana (Ripening),-,-,-,40.00/Kg,-,400.0,Taita-Taveta,2026-04-28
Voi Wholesale,Avocado,Local,-,-,30.00/Kg,-,300.0,Taita-Taveta,2026-04-28
Chumvini Livestock Market,Chicken,Indigenous,-,Female,1100.00/Head,-,84.0,Taita-Taveta,2026-04-28
Chumvini Livestock Market,Chicken,Indigenous,-,Male,1500.00/Head,-,146.0,Taita-Taveta,2026-04-28
Voi Wholesale,Tomatoes,-,-,-,80.00/Kg,-,1750.0,Taita-Taveta,2026-04-28
Voi Wholesale,Tomatoes,-,-,-,80.00/Kg,-,3500.0,Taita-Taveta,2026-04-28
Voi Wholesale,Okra (Lady's fingers or Gumbo),-,-,-,80.00/Kg,-,400.0,Taita-Taveta,2026-04-28
Voi Wholesale,Spinach,-,-,-,60.00/Kg,-,900.0,Taita-Taveta,2026-04-28
Voi Wholesale,Kales/Sukuma Wiki,-,-,-,35.00/Kg,-,1200.0,Taita-Taveta,2026-04-28
Voi Wholesale,Green Maize,-,-,-,60.00/Kg,-,350.0,Taita-Taveta,2026-04-28
Voi Wholesale,Ginger,-,-,-,160.00/Kg,-,550.0,Taita-Taveta,2026-04-28
Voi Wholesale,Garlic,-,-,-,360.00/Kg,-,500.0,Taita-Taveta,2026-04-28
Voi Wholesale,Fresh Peas,Shelled Peas,-,-,100.00/Kg,-,50.0,Taita-Taveta,2026-04-28
Voi Wholesale,Fresh Peas,On pods,-,-,80.00/Kg,-,500.0,Taita-Taveta,2026-04-28
Voi Wholesale,Cabbages,-,-,-,11.25/Kg,-,5400.0,Taita-Taveta,2026-04-28
Voi Wholesale,Banana (Cooking),-,-,-,32.50/Kg,-,2400.0,Taita-Taveta,2026-04-28
Voi Wholesale,Banana (Cooking),-,-,-,40.00/Kg,-,2100.0,Taita-Taveta,2026-04-28
Kerugoya,Green Grams,Makueni,-,-,140.00/Kg,180.00/Kg,1600.0,Kirinyaga,2026-04-28
Kerugoya,Green Grams,Local-Special,-,-,125.00/Kg,160.00/Kg,1500.0,Kirinyaga,2026-04-28
Kerugoya,Green Grams,Hybrid/ polished,-,-,145.00/Kg,190.00/Kg,1450.0,Kirinyaga,2026-04-28
Kerugoya,Dry Peas,-,-,-,175.00/Kg,220.00/Kg,500.0,Kirinyaga,2026-04-28
Kerugoya,Dolichos lablab (Njahi),-,-,-,100.00/Kg,130.00/Kg,1650.0,Kirinyaga,2026-04-28
Kerugoya,Beans Rosecoco (Nyayo),-,-,-,140.00/Kg,180.00/Kg,2500.0,Kirinyaga,2026-04-28
Kerugoya,Beans Rosecoco,-,-,-,140.00/Kg,180.00/Kg,2450.0,Kirinyaga,2026-04-28
Kerugoya,Beans Red Haricot (Wairimu),-,-,-,120.00/Kg,150.00/Kg,2650.0,Kirinyaga,2026-04-28
Kerugoya,Beans (Yellow-Green),-,-,-,145.00/Kg,200.00/Kg,1650.0,Kirinyaga,2026-04-28
Kerugoya,Cowpeas,-,-,-,120.00/Kg,150.00/Kg,2250.0,Kirinyaga,2026-04-28
Kerugoya,Beans (Mwitemania),-,-,-,135.00/Kg,170.00/Kg,2350.0,Kirinyaga,2026-04-28
Kerugoya,Beans (Mwezi Moja),-,-,-,120.00/Kg,160.00/Kg,2600.0,Kirinyaga,2026-04-28
Kerugoya,Beans (Canadian wonder),-,-,-,125.00/Kg,160.00/Kg,2500.0,Kirinyaga,2026-04-28
