Market,Commodity,Classification,Grade,Sex,Wholesale,Retail,Supply Volume,County,Date
Kutus,Pumpkin Leaves,-,-,-,40.00/Kg,50.00/Kg,,Kirinyaga,2026-01-19
Kutus,Black nightshade (Managu/ Osuga),-,-,-,30.00/Kg,40.00/Kg,,Kirinyaga,2026-01-19
Kutus,Cowpea leaves (Kunde),-,-,-,40.00/Kg,50.00/Kg,,Kirinyaga,2026-01-19
Kutus,Amaranthus (Terere),-,-,-,30.00/Kg,40.00/Kg,,Kirinyaga,2026-01-19
Kutus,Banana (Cooking),-,-,-,17.00/Kg,20.00/Kg,,Kirinyaga,2026-01-19
Kutus,Banana (Plantain),-,-,-,17.00/Kg,20.00/Kg,,Kirinyaga,2026-01-19
Kutus,Butternuts,-,-,-,30.00/Kg,50.00/Kg,600.0,Kirinyaga,2026-01-19
Kutus,Cabbages,-,-,-,35.00/Kg,45.00/Kg,,Kirinyaga,2026-01-19
Kutus,Capsicums,-,-,-,60.00/Kg,80.00/Kg,540.0,Kirinyaga,2026-01-19
Kutus,Carrots,-,-,-,60.00/Kg,80.00/Kg,3000.0,Kirinyaga,2026-01-19
Kutus,Chillies,-,-,-,120.00/Kg,150.00/Kg,60.0,Kirinyaga,2026-01-19
Kutus,Coriander (Dhania),-,-,-,60.00/Kg,120.00/Kg,100.0,Kirinyaga,2026-01-19
Kutus,Courgette,-,-,-,60.00/Kg,80.00/Kg,500.0,Kirinyaga,2026-01-19
Kutus,Cucumber,-,-,-,70.00/Kg,90.00/Kg,250.0,Kirinyaga,2026-01-19
Kutus,Dry Onions,-,-,-,75.00/Kg,90.00/Kg,,Kirinyaga,2026-01-19
Kutus,Egg plant (Brinjals),-,-,-,45.00/Kg,50.00/Kg,500.0,Kirinyaga,2026-01-19
Kutus,Fresh Peas,On pods,-,-,80.00/Kg,100.00/Kg,3000.0,Kirinyaga,2026-01-19
Kutus,Garlic,-,-,-,380.00/Kg,450.00/Kg,320.0,Kirinyaga,2026-01-19
Kutus,Ginger,-,-,-,200.00/Kg,250.00/Kg,250.0,Kirinyaga,2026-01-19
Kutus,Green Maize,-,-,-,40.00/Kg,50.00/Kg,2500.0,Kirinyaga,2026-01-19
Kutus,Kales/Sukuma Wiki,-,-,-,20.00/Kg,30.00/Kg,550.0,Kirinyaga,2026-01-19
Kutus,Pumpkin,-,-,-,25.00/Kg,35.00/Kg,650.0,Kirinyaga,2026-01-19
Kutus,Spinach,-,-,-,25.00/Kg,35.00/Kg,600.0,Kirinyaga,2026-01-19
Kutus,Spring Onions,-,-,-,50.00/Kg,80.00/Kg,800.0,Kirinyaga,2026-01-19
Chebunyo,Tomatoes,-,-,-,75.00/Kg,100.00/Kg,16000.0,Bomet,2026-01-19
Chebunyo,Dry Onions,-,-,-,65.00/Kg,90.00/Kg,2400.0,Bomet,2026-01-19
Chebunyo,Cabbages,-,-,-,10.00/Kg,20.00/Kg,15000.0,Bomet,2026-01-19
Chebunyo,Oranges,-,-,-,61.82/Kg,100.00/Kg,7000.0,Bomet,2026-01-19
Chebunyo,Water Melon,-,-,-,80.00/Kg,120.00/Kg,4000.0,Bomet,2026-01-19
Chebunyo,Dry Maize,White Maize,-,-,50.00/Kg,60.00/Kg,18000.0,Bomet,2026-01-19
Kutus,Tomatoes,-,-,-,12.86/Kg,17.14/Kg,10000.0,Kirinyaga,2026-01-19
Chebunyo,Chicken,Improved Kienyeji,-,Female,600.00/Head,-,10000.0,Bomet,2026-01-19
Chebunyo,Chicken,Improved Kienyeji,-,Male,900.00/Head,-,10000.0,Bomet,2026-01-19
Chebunyo,Goat,Dairy Goats,Grade 3,Male,7500.00/Head,-,500.0,Bomet,2026-01-19
Chebunyo,Goat,Dairy Goats,Grade 3,Male,7500.00/Head,-,500.0,Bomet,2026-01-19
Chebunyo,Sheep,Dorper,Grade 3,Female,6000.00/Head,-,600.0,Bomet,2026-01-19
Chebunyo,Sheep,Dorper,Grade 3,Male,8000.00/Head,-,500.0,Bomet,2026-01-19
Butere Livestock Market,Mangoes,Improved,-,-,22.50/Kg,70.00/Kg,3200.0,Kakamega,2026-01-19
Butere Livestock Market,Dry Onions,-,-,-,80.00/Kg,90.91/Kg,1500.0,Kakamega,2026-01-19
Butere Livestock Market,Tomatoes,-,-,-,53.33/Kg,80.00/Kg,3000.0,Kakamega,2026-01-19
Butere Livestock Market,Cabbages,-,-,-,29.17/Kg,29.17/Kg,5250.0,Kakamega,2026-01-19
Butere Livestock Market,White Irish Potatoes,-,-,-,53.85/Kg,55.56/Kg,6000.0,Kakamega,2026-01-19
Butere Livestock Market,Sweet potatoes,-,-,-,32.00/Kg,50.00/Kg,350.0,Kakamega,2026-01-19
Kerugoya,White Irish Potatoes,-,-,-,35.00/Kg,70.00/Kg,2300.0,Kirinyaga,2026-01-19
Kerugoya,Arrow Root,-,-,-,50.00/Kg,100.00/Kg,180.0,Kirinyaga,2026-01-19
Butere Livestock Market,Rice,IRR,-,-,108.00/Kg,152.17/Kg,2000.0,Kakamega,2026-01-19
Kerugoya,Water Melon,-,-,-,25.00/Kg,40.00/Kg,300.0,Kirinyaga,2026-01-19
Kerugoya,Tree tomato,-,-,-,120.00/Kg,220.00/Kg,250.0,Kirinyaga,2026-01-19
Kerugoya,Thorn melon,-,-,-,25.00/Kg,60.00/Kg,150.0,Kirinyaga,2026-01-19
Kerugoya,Passion Fruits,-,-,-,180.00/Kg,250.00/Kg,300.0,Kirinyaga,2026-01-19
Kerugoya,Oranges,-,-,-,60.00/Kg,100.00/Kg,300.0,Kirinyaga,2026-01-19
Butere Livestock Market,Dry Maize,White Maize,-,-,43.33/Kg,50.00/Kg,10350.0,Kakamega,2026-01-19
Kerugoya,Mangoes,Improved,-,-,60.00/Kg,120.00/Kg,350.0,Kirinyaga,2026-01-19
Kerugoya,Lemons,-,-,-,50.00/Kg,100.00/Kg,180.0,Kirinyaga,2026-01-19
Kerugoya,Banana (Ripening),-,-,-,20.00/Kg,50.00/Kg,300.0,Kirinyaga,2026-01-19
Kerugoya,Rice,Pishori,-,-,155.00/Kg,180.00/Kg,2300.0,Kirinyaga,2026-01-19
Butere Livestock Market,Chicken,Improved Kienyeji,-,Female,750.00/Head,-,30.0,Kakamega,2026-01-19
Kerugoya,Dry Maize,White Maize,-,-,50.00/Kg,70.00/Kg,4600.0,Kirinyaga,2026-01-19
Butere Livestock Market,Chicken,Improved Kienyeji,-,Male,850.00/Head,-,19.0,Kakamega,2026-01-19
Butere Livestock Market,Chicken,Improved Kienyeji,-,Male,850.00/Head,-,19.0,Kakamega,2026-01-19
Kerugoya,Tomatoes,-,-,-,25.00/Kg,50.00/Kg,1800.0,Kirinyaga,2026-01-19
Butere Livestock Market,Chicken,Improved Kienyeji,-,Female,900.00/Head,-,13.0,Kakamega,2026-01-19
Kerugoya,Spinach,-,-,-,25.00/Kg,50.00/Kg,150.0,Kirinyaga,2026-01-19
Kerugoya,Pumpkin,-,-,-,45.00/Kg,80.00/Kg,200.0,Kirinyaga,2026-01-19
Butere Livestock Market,Chicken,Improved Kienyeji,-,Male,1100.00/Head,-,8.0,Kakamega,2026-01-19
Kitale Municipality Market,Lemons,-,-,-,60.00/Kg,80.00/Kg,300.0,Trans-Nzoia,2026-01-19
Butere Livestock Market,Chicken,Indigenous,-,Female,350.00/Head,-,15.0,Kakamega,2026-01-19
Kitale Municipality Market,Banana (Ripening),-,-,-,80.00/Kg,100.00/Kg,4000.0,Trans-Nzoia,2026-01-19
Kerugoya,Kales/Sukuma Wiki,-,-,-,15.00/Kg,35.00/Kg,200.0,Kirinyaga,2026-01-19
Kitale Municipality Market,Avocado,Hass,-,-,120.00/Kg,150.00/Kg,300.0,Trans-Nzoia,2026-01-19
Butere Livestock Market,Chicken,Indigenous,-,Male,350.00/Head,-,11.0,Kakamega,2026-01-19
Kerugoya,Green Maize,-,-,-,48.00/Kg,75.00/Kg,180.0,Kirinyaga,2026-01-19
Kitale Municipality Market,Avocado,Fuerte,-,-,100.00/Kg,140.00/Kg,400.0,Trans-Nzoia,2026-01-19
Kitale Municipality Market,Apples,-,-,-,300.00/Kg,350.00/Kg,500.0,Trans-Nzoia,2026-01-19
Butere Livestock Market,Chicken,Indigenous,-,Female,750.00/Head,-,18.0,Kakamega,2026-01-19
Kerugoya,Ginger,-,-,-,180.00/Kg,250.00/Kg,180.0,Kirinyaga,2026-01-19
Kitale Municipality Market,White Irish Potatoes,-,-,-,60.00/Kg,75.00/Kg,4000.0,Trans-Nzoia,2026-01-19
Kerugoya,Dry Onions,-,-,-,40.00/Kg,80.00/Kg,2500.0,Kirinyaga,2026-01-19
Kitale Municipality Market,Sweet potatoes,-,-,-,80.00/Kg,100.00/Kg,500.0,Trans-Nzoia,2026-01-19
Butere Livestock Market,Chicken,Indigenous,-,Male,900.00/Head,-,11.0,Kakamega,2026-01-19
Kitale Municipality Market,Red Irish potato,-,-,-,60.00/Kg,70.00/Kg,3000.0,Trans-Nzoia,2026-01-19
Kerugoya,Courgette,-,-,-,40.00/Kg,80.00/Kg,350.0,Kirinyaga,2026-01-19
Kitale Municipality Market,Cassava Fresh,-,-,-,40.00/Kg,45.00/Kg,400.0,Trans-Nzoia,2026-01-19
Kitale Municipality Market,Cassava Chips (dry),-,-,-,75.00/Kg,100.00/Kg,300.0,Trans-Nzoia,2026-01-19
Kitale Municipality Market,Arrow Root,-,-,-,80.00/Kg,100.00/Kg,400.0,Trans-Nzoia,2026-01-19
Kitale Municipality Market,Spider flower (Saga),-,-,-,35.00/Kg,40.00/Kg,300.0,Trans-Nzoia,2026-01-19
Butere Livestock Market,Chicken,Indigenous,-,Female,900.00/Head,-,25.0,Kakamega,2026-01-19
Kerugoya,Carrots,-,-,-,35.00/Kg,70.00/Kg,400.0,Kirinyaga,2026-01-19
Kitale Municipality Market,Pumpkin Leaves,-,-,-,26.00/Kg,32.00/Kg,300.0,Trans-Nzoia,2026-01-19
Kerugoya,Capsicums,-,-,-,40.00/Kg,80.00/Kg,300.0,Kirinyaga,2026-01-19
Kitale Municipality Market,Jute Plant (Murenda),-,-,-,55.00/Kg,60.00/Kg,200.0,Trans-Nzoia,2026-01-19
Butere Livestock Market,Chicken,Indigenous,-,Male,1200.00/Head,-,15.0,Kakamega,2026-01-19
Kitale Municipality Market,Indigenous Crotolaria (Mito/Miro),-,-,-,30.00/Kg,35.00/Kg,300.0,Trans-Nzoia,2026-01-19
Butere Livestock Market,Sheep,Red Maasai,Grade 3,Female,3800.00/Head,-,3.0,Kakamega,2026-01-19
Kitale Municipality Market,Cowpea leaves (Kunde),-,-,-,24.00/Kg,30.00/Kg,300.0,Trans-Nzoia,2026-01-19
Kerugoya,Cabbages,-,-,-,20.00/Kg,30.00/Kg,300.0,Kirinyaga,2026-01-19
Kitale Municipality Market,Black nightshade (Managu/ Osuga),-,-,-,30.00/Kg,35.00/Kg,400.0,Trans-Nzoia,2026-01-19
Kerugoya,Banana (Cooking),-,-,-,15.00/Kg,30.00/Kg,800.0,Kirinyaga,2026-01-19
Butere Livestock Market,Sheep,Red Maasai,Grade 3,Male,3500.00/Head,-,6.0,Kakamega,2026-01-19
Kitale Municipality Market,Amaranthus (Terere),-,-,-,25.00/Kg,30.00/Kg,400.0,Trans-Nzoia,2026-01-19
Kitale Municipality Market,Macadamia Seed,-,-,-,200.00/Kg,250.00/Kg,200.0,Trans-Nzoia,2026-01-19
Butere Livestock Market,Sheep,Red Maasai,Grade 2,Female,4200.00/Head,-,5.0,Kakamega,2026-01-19
Kitale Municipality Market,Coconut Oil,-,-,-,160.00/Lt,200.00/Lt,1000.0,Trans-Nzoia,2026-01-19
Butere Livestock Market,Sheep,Red Maasai,Grade 2,Male,3800.00/Head,-,3.0,Kakamega,2026-01-19
Kerugoya,Pigeon peas,-,-,-,135.00/Kg,175.00/Kg,2350.0,Kirinyaga,2026-01-19
Butere Livestock Market,Sheep,Red Maasai,Grade 1,Female,4500.00/Head,-,2.0,Kakamega,2026-01-19
Butere Livestock Market,Sheep,Red Maasai,Grade 1,Male,4000.00/Head,-,4.0,Kakamega,2026-01-19
Kerugoya,Mixed Beans,-,-,-,95.00/Kg,140.00/Kg,1200.0,Kirinyaga,2026-01-19
Kerugoya,Lentils,-,-,-,250.00/Kg,300.00/Kg,1250.0,Kirinyaga,2026-01-19
Kerugoya,Ground Nuts,Large Brown,-,-,250.00/Kg,350.00/Kg,850.0,Kirinyaga,2026-01-19
Butere Livestock Market,Sheep,Red Maasai,Grade 3,Female,4200.00/Head,-,5.0,Kakamega,2026-01-19
Kerugoya,Green Grams,Makueni,-,-,120.00/Kg,150.00/Kg,1700.0,Kirinyaga,2026-01-19
Kerugoya,Green Grams,Local-Special,-,-,120.00/Kg,150.00/Kg,1600.0,Kirinyaga,2026-01-19
Butere Livestock Market,Sheep,Red Maasai,Grade 3,Male,4500.00/Head,-,7.0,Kakamega,2026-01-19
Kerugoya,Green Grams,Hybrid/ polished,-,-,125.00/Kg,160.00/Kg,1500.0,Kirinyaga,2026-01-19
Butere Livestock Market,Sheep,Red Maasai,Grade 2,Female,5500.00/Head,-,8.0,Kakamega,2026-01-19
Butere Livestock Market,Sheep,Red Maasai,Grade 2,Male,6000.00/Head,-,6.0,Kakamega,2026-01-19
Kerugoya,Dolichos lablab (Njahi),-,-,-,120.00/Kg,160.00/Kg,1600.0,Kirinyaga,2026-01-19
Butere Livestock Market,Sheep,Red Maasai,Grade 1,Female,5800.00/Head,-,5.0,Kakamega,2026-01-19
Kerugoya,Cowpeas,-,-,-,95.00/Kg,130.00/Kg,2300.0,Kirinyaga,2026-01-19
Butere Livestock Market,Sheep,Red Maasai,Grade 1,Male,6500.00/Head,-,3.0,Kakamega,2026-01-19
Kerugoya,Beans Rosecoco (Nyayo),-,-,-,135.00/Kg,175.00/Kg,2500.0,Kirinyaga,2026-01-19
Kerugoya,Beans Rosecoco,-,-,-,130.00/Kg,170.00/Kg,2650.0,Kirinyaga,2026-01-19
Butere Livestock Market,Sheep,Red Maasai,Grade 3,Female,6500.00/Head,-,5.0,Kakamega,2026-01-19
Kerugoya,Beans Red Haricot (Wairimu),-,-,-,120.00/Kg,140.00/Kg,2750.0,Kirinyaga,2026-01-19
Butere Livestock Market,Sheep,Red Maasai,Grade 3,Male,7000.00/Head,-,2.0,Kakamega,2026-01-19
Kerugoya,Beans (Yellow-Green),-,-,-,150.00/Kg,200.00/Kg,1650.0,Kirinyaga,2026-01-19
Kerugoya,Beans (Mwitemania),-,-,-,130.00/Kg,165.00/Kg,2350.0,Kirinyaga,2026-01-19
Kerugoya,Beans (Mwezi Moja),-,-,-,120.00/Kg,150.00/Kg,2600.0,Kirinyaga,2026-01-19
Butere Livestock Market,Sheep,Red Maasai,Grade 2,Female,7300.00/Head,-,6.0,Kakamega,2026-01-19
Butere Livestock Market,Sheep,Red Maasai,Grade 2,Male,8500.00/Head,-,3.0,Kakamega,2026-01-19
Butere Livestock Market,Sheep,Red Maasai,Grade 1,Female,8000.00/Head,-,2.0,Kakamega,2026-01-19
Butere Livestock Market,Sheep,Red Maasai,Grade 1,Male,9000.00/Head,-,3.0,Kakamega,2026-01-19
Butere Livestock Market,Goat,Mixed,Grade 3,Female,4500.00/Head,-,7.0,Kakamega,2026-01-19
Butere Livestock Market,Goat,Mixed,Grade 3,Male,4000.00/Head,-,4.0,Kakamega,2026-01-19
Butere Livestock Market,Goat,Mixed,Grade 2,Female,4800.00/Head,-,2.0,Kakamega,2026-01-19
Butere Livestock Market,Goat,Mixed,Grade 2,Male,4300.00/Head,-,3.0,Kakamega,2026-01-19
Butere Livestock Market,Goat,Mixed,Grade 1,Female,5000.00/Head,-,3.0,Kakamega,2026-01-19
Butere Livestock Market,Goat,Mixed,Grade 1,Male,4800.00/Head,-,5.0,Kakamega,2026-01-19
Butere Livestock Market,Goat,Mixed,Grade 3,Female,4500.00/Head,-,2.0,Kakamega,2026-01-19
Butere Livestock Market,Goat,Mixed,Grade 3,Male,4900.00/Head,-,5.0,Kakamega,2026-01-19
Butere Livestock Market,Goat,Mixed,Grade 2,Female,5000.00/Head,-,6.0,Kakamega,2026-01-19
Butere Livestock Market,Goat,Mixed,Grade 2,Male,5500.00/Head,-,4.0,Kakamega,2026-01-19
Butere Livestock Market,Goat,Mixed,Grade 1,Female,6800.00/Head,-,2.0,Kakamega,2026-01-19
Butere Livestock Market,Goat,Mixed,Grade 1,Male,6000.00/Head,-,3.0,Kakamega,2026-01-19
Butere Livestock Market,Goat,Mixed,Grade 3,Female,6500.00/Head,-,5.0,Kakamega,2026-01-19
Butere Livestock Market,Goat,Mixed,Grade 3,Male,7000.00/Head,-,3.0,Kakamega,2026-01-19
Butere Livestock Market,Goat,Mixed,Grade 2,Female,7500.00/Head,-,4.0,Kakamega,2026-01-19
Butere Livestock Market,Goat,Mixed,Grade 2,Male,8500.00/Head,-,3.0,Kakamega,2026-01-19
Butere Livestock Market,Goat,Mixed,Grade 1,Female,9000.00/Head,-,1.0,Kakamega,2026-01-19
Butere Livestock Market,Goat,Mixed,Grade 1,Male,11500.00/Head,-,2.0,Kakamega,2026-01-19
Butere Livestock Market,Cattle,Zebu,Grade 3,Female,8.00/Head,-,8.0,Kakamega,2026-01-19
Butere Livestock Market,Cattle,Zebu,Grade 3,Male,17000.00/Head,-,9.0,Kakamega,2026-01-19
Butere Livestock Market,Cattle,Zebu,Grade 2,Female,23000.00/Head,-,6.0,Kakamega,2026-01-19
Butere Livestock Market,Cattle,Zebu,Grade 2,Male,20000.00/Head,-,7.0,Kakamega,2026-01-19
Butere Livestock Market,Cattle,Zebu,Grade 1,Female,25000.00/Head,-,8.0,Kakamega,2026-01-19
Butere Livestock Market,Cattle,Zebu,Grade 1,Male,22000.00/Head,-,5.0,Kakamega,2026-01-19
Butere Livestock Market,Cattle,Zebu,Grade 3,Female,30000.00/Head,-,7.0,Kakamega,2026-01-19
Butere Livestock Market,Cattle,Zebu,Grade 3,Male,28000.00/Head,-,5.0,Kakamega,2026-01-19
Butere Livestock Market,Cattle,Zebu,Grade 2,Female,33000.00/Head,-,6.0,Kakamega,2026-01-19
Butere Livestock Market,Cattle,Zebu,Grade 2,Male,35000.00/Head,-,3.0,Kakamega,2026-01-19
Butere Livestock Market,Cattle,Zebu,Grade 1,Female,38000.00/Head,-,4.0,Kakamega,2026-01-19
Butere Livestock Market,Cattle,Zebu,Grade 1,Male,42000.00/Head,-,2.0,Kakamega,2026-01-19
Butere Livestock Market,Cattle,Zebu,Grade 3,Female,38000.00/Head,-,7.0,Kakamega,2026-01-19
Butere Livestock Market,Cattle,Zebu,Grade 3,Male,40000.00/Head,-,5.0,Kakamega,2026-01-19
Butere Livestock Market,Cattle,Zebu,Grade 2,Female,52000.00/Head,-,4.0,Kakamega,2026-01-19
Butere Livestock Market,Cattle,Zebu,Grade 2,Male,60000.00/Head,-,5.0,Kakamega,2026-01-19
Butere Livestock Market,Cattle,Zebu,Grade 1,Female,58000.00/Head,-,2.0,Kakamega,2026-01-19
Butere Livestock Market,Cattle,Zebu,Grade 1,Male,68000.00/Head,-,1.0,Kakamega,2026-01-19
Vanga,Squid(Ngisi),Fresh,-,-,150.00/Kg,250.00/Kg,200.0,Kwale,2026-01-19
Vanga,Octopus (Pweza),Fresh,-,-,450.00/Kg,550.00/Kg,600.0,Kwale,2026-01-19
Vanga,Cuttlefish,Fresh,-,-,200.00/Kg,250.00/Kg,60.0,Kwale,2026-01-19
Vanga,Jacks/Trevallies(Kolekole),Fresh,-,-,200.00/ Kg,250.00/ Kg,110.0,Kwale,2026-01-19
Vanga,Needlefishes,Fresh,-,-,150.00/ Kg,200.00/ Kg,210.0,Kwale,2026-01-19
Vanga,Sardines,Fresh,-,-,200.00/Kg,250.00/Kg,200.0,Kwale,2026-01-19
Vanga,Scavengers (Changu/Tangu),Fresh,-,-,200.00/Kg,250.00/Kg,310.0,Kwale,2026-01-19
Vanga,Rabbitfish (Tafi/Tasi),Fresh,-,-,250.00/Kg,350.00/Kg,60.0,Kwale,2026-01-19
Vanga,Parrotfishes(Pono),Fresh,-,-,150.00/Kg,200.00/Kg,60.0,Kwale,2026-01-19
Nambacha Market,Goat,East African Goat,Grade 2,Male,7000.00/Head,-,100.0,Kakamega,2026-01-19
Nambacha Market,Chicken,Improved Kienyeji,-,Female,800.00/Head,-,150.0,Kakamega,2026-01-19
Nambacha Market,Chicken,Improved Kienyeji,-,Male,1200.00/Head,-,200.0,Kakamega,2026-01-19
Nambacha Market,Cattle,Mixed,Grade 2,Female,55000.00/Head,-,150.0,Kakamega,2026-01-19
Nambacha Market,Cattle,Zebu,Grade 2,Male,50000.00/Head,-,200.0,Kakamega,2026-01-19
Gikomba,Lentils,-,-,-,260.00/Kg,300.00/Kg,,Nairobi,2026-01-19
Gikomba,Ground Nuts,Large Brown,-,-,166.67/Kg,275.00/Kg,,Nairobi,2026-01-19
Gikomba,Green Grams,Makueni,-,-,100.00/Kg,200.00/Kg,,Nairobi,2026-01-19
Gikomba,Dolichos lablab (Njahi),-,-,-,88.89/Kg,150.00/Kg,,Nairobi,2026-01-19
Gikomba,Cowpeas,-,-,-,88.89/Kg,150.00/Kg,,Nairobi,2026-01-19
Kawangware,Rice,Pishori,-,-,160.00/Kg,180.00/Kg,,Nairobi,2026-01-19
Gikomba,Beans Rosecoco (Nyayo),-,-,-,105.56/Kg,200.00/Kg,,Nairobi,2026-01-19
Kawangware,Red Sorghum,-,-,-,77.78/Kg,120.00/Kg,,Nairobi,2026-01-19
Kawangware,Pearl Rush Millet,-,-,-,122.22/Kg,120.00/Kg,,Nairobi,2026-01-19
Kawangware,Finger Millet,-,-,-,54.00/Kg,90.00/Kg,,Nairobi,2026-01-19
Gikomba,Beans Red Haricot (Wairimu),-,-,-,88.89/Kg,150.00/Kg,,Nairobi,2026-01-19
Kawangware,Dry Maize,White Maize,-,-,40.00/Kg,60.00/Kg,,Nairobi,2026-01-19
Gikomba,Beans (Yellow-Green),-,-,-,111.11/Kg,200.00/Kg,,Nairobi,2026-01-19
Gikomba,Wheat,-,-,-,64.44/Kg,100.00/Kg,,Nairobi,2026-01-19
Gikomba,Rice,Sindano,-,-,160.00/Kg,160.00/Kg,,Nairobi,2026-01-19
Gikomba,Rice,Sindano,-,-,160.00/Kg,160.00/Kg,,Nairobi,2026-01-19
Kawangware,Pigeon peas,-,-,-,115.00/Kg,110.00/Kg,,Nairobi,2026-01-19
Gikomba,Rice,Pishori,-,-,160.00/Kg,180.00/Kg,,Nairobi,2026-01-19
Kawangware,Lentils,-,-,-,182.00/Kg,200.00/Kg,,Nairobi,2026-01-19
Gikomba,Red Sorghum,-,-,-,72.22/Kg,100.00/Kg,,Nairobi,2026-01-19
Gikomba,Pearl Rush Millet,-,-,-,124.00/Kg,170.00/Kg,,Nairobi,2026-01-19
Gikomba,Finger Millet,-,-,-,83.33/Kg,140.00/Kg,,Nairobi,2026-01-19
Kawangware,Ground Nuts,Large Brown,-,-,220.00/Kg,240.00/Kg,,Nairobi,2026-01-19
Kawangware,Dry Peas,-,-,-,125.00/Kg,145.00/Kg,,Nairobi,2026-01-19
Kawangware,Dolichos lablab (Njahi),-,-,-,65.00/Kg,85.00/Kg,,Nairobi,2026-01-19
Gikomba,Dry Maize,Yellow Maize,-,-,77.78/Kg,100.00/Kg,,Nairobi,2026-01-19
Kawangware,Cowpeas,-,-,-,90.00/Kg,110.00/Kg,,Nairobi,2026-01-19
Gikomba,Dry Maize,White Maize,-,-,50.00/Kg,65.00/Kg,,Nairobi,2026-01-19
Kawangware,Beans Rosecoco (Nyayo),-,-,-,80.00/Kg,100.00/Kg,,Nairobi,2026-01-19
Kawangware,Beans Rosecoco,-,-,-,115.00/Kg,130.00/Kg,,Nairobi,2026-01-19
Nairobi Supermarkets,Wheat Flour,Winnie's Pure Health Atta Mark 1,-,-,-,128.50/Kg,,Nairobi,2026-01-19
Nairobi Supermarkets,Wheat Flour,Tropicana HBF,-,-,-,88.50/Kg,,Nairobi,2026-01-19
Kawangware,Beans Red Haricot (Wairimu),-,-,-,65.00/Kg,85.00/Kg,,Nairobi,2026-01-19
Nairobi Supermarkets,Wheat Flour,Soko Atta Mark 1,-,-,-,83.00/Kg,,Nairobi,2026-01-19
Nairobi Supermarkets,Wheat Flour,Soko All Purpose HBF,-,-,-,82.00/Kg,,Nairobi,2026-01-19
Nairobi Supermarkets,Wheat Flour,Phulka Atta Mark 1 Chapati Flour,-,-,-,80.50/Kg,,Nairobi,2026-01-19
Kawangware,Beans (Yellow-Green),-,-,-,115.00/Kg,130.00/Kg,,Nairobi,2026-01-19
Nairobi Supermarkets,Wheat Flour,Pembe Atta Mark 1,-,-,-,83.50/Kg,,Nairobi,2026-01-19
Nairobi Supermarkets,Wheat Flour,Pembe All Purpose HBF,-,-,-,82.50/Kg,,Nairobi,2026-01-19
Kawangware,Beans (Mwitemania),-,-,-,80.00/Kg,105.00/Kg,,Nairobi,2026-01-19
Nairobi Supermarkets,Wheat Flour,Nutra Meal Atta Mark 1,-,-,-,135.00/Kg,,Nairobi,2026-01-19
Nairobi Supermarkets,Wheat Flour,Oboma all purpose HBF,-,-,-,79.00/Kg,,Nairobi,2026-01-19
Nairobi Supermarkets,Wheat Flour,Ndovu all purpose HBF,-,-,-,77.50/Kg,,Nairobi,2026-01-19
Nairobi Supermarkets,Wheat Flour,Mama Home Baking Flour,-,-,-,76.50/Kg,,Nairobi,2026-01-19
Nairobi Supermarkets,Wheat Flour,Golden All Purpose,-,-,-,82.00/Kg,,Nairobi,2026-01-19
Nairobi Supermarkets,Wheat Flour,Exe self raising,-,-,-,91.50/Kg,,Nairobi,2026-01-19
Nairobi Supermarkets,Wheat Flour,Exe Mandazi Fortified Wheat Flour,-,-,-,91.00/Kg,,Nairobi,2026-01-19
Nairobi Supermarkets,Wheat Flour,Exe Chapati fortified wheat flour,-,-,-,88.00/Kg,,Nairobi,2026-01-19
Nairobi Supermarkets,Wheat Flour,Exe brown bread,-,-,-,91.00/Kg,,Nairobi,2026-01-19
Nairobi Supermarkets,Wheat Flour,Exe Atta Mark 1,-,-,-,90.50/Kg,,Nairobi,2026-01-19
Nairobi Supermarkets,Wheat Flour,Exe All purpose fortified wheat flour,-,-,-,84.00/Kg,,Nairobi,2026-01-19
Nairobi Supermarkets,Wheat Flour,Elliots self raising flour,-,-,-,90.50/Kg,,Nairobi,2026-01-19
Nairobi Supermarkets,Wheat Flour,Elliots all purpose HBK,-,-,-,82.00/Kg,,Nairobi,2026-01-19
Nairobi Supermarkets,Wheat Flour,Dola premium all pupose,-,-,-,80.00/Kg,,Nairobi,2026-01-19
Nairobi Supermarkets,Wheat Flour,Dola Atta Mark 1,-,-,-,82.00/Kg,,Nairobi,2026-01-19
Nairobi Supermarkets,Wheat Flour,Chapati Afya,-,-,-,135.50/Kg,,Nairobi,2026-01-19
Nairobi Supermarkets,Wheat Flour,Ajab fortofied self raising,-,-,-,85.00/Kg,,Nairobi,2026-01-19
Nairobi Supermarkets,Wheat Flour,Ajab fortigied Home Baking flour,-,-,-,85.00/Kg,,Nairobi,2026-01-19
Nairobi Supermarkets,Wheat Flour,Ajab fortified mandazi flour,-,-,-,84.50/Kg,,Nairobi,2026-01-19
Nairobi Supermarkets,Wheat Flour,210 Home baking flour,-,-,-,80.00/Kg,,Nairobi,2026-01-19
Nairobi Supermarkets,Wheat Flour,210 Atta Mark 1,-,-,-,77.50/Kg,,Nairobi,2026-01-19
Nairobi Supermarkets,Maize Flour,Ugali Afya,-,-,-,145.00/Kg,,Nairobi,2026-01-19
Nairobi Supermarkets,Maize Flour,Soko,-,-,-,82.00/Kg,,Nairobi,2026-01-19
Nairobi Supermarkets,Maize Flour,Raha Premium,-,-,-,100.50/Kg,,Nairobi,2026-01-19
Nairobi Supermarkets,Maize Flour,Pembe,-,-,-,82.00/Kg,,Nairobi,2026-01-19
Nairobi Supermarkets,Maize Flour,Oryx,-,-,-,82.50/Kg,,Nairobi,2026-01-19
Nairobi Supermarkets,Maize Flour,Ndovu,-,-,-,70.50/Kg,,Nairobi,2026-01-19
Nairobi Supermarkets,Maize Flour,Mama,-,-,-,75.50/Kg,,Nairobi,2026-01-19
Nairobi Supermarkets,Maize Flour,Jogoo wimbi,-,-,-,139.50/Kg,,Nairobi,2026-01-19
Nairobi Supermarkets,Maize Flour,Jogoo,-,-,-,77.00/Kg,,Nairobi,2026-01-19
Nairobi Supermarkets,Maize Flour,Hostess,-,-,-,94.00/Kg,,Nairobi,2026-01-19
Nairobi Supermarkets,Maize Flour,Equatorial afya ugali,-,-,-,136.00/Kg,,Nairobi,2026-01-19
Nairobi Supermarkets,Maize Flour,Dola,-,-,-,77.00/Kg,,Nairobi,2026-01-19
Nairobi Supermarkets,Maize Flour,Cosmo,-,-,-,67.50/Kg,,Nairobi,2026-01-19
Nairobi Supermarkets,Maize Flour,Amaize,-,-,-,102.00/Kg,,Nairobi,2026-01-19
Nairobi Supermarkets,Maize Flour,Ajab,-,-,-,85.50/Kg,,Nairobi,2026-01-19
Nairobi Supermarkets,Maize Flour,210(two ten),-,-,-,78.00/Kg,,Nairobi,2026-01-19
Diani Market,Sweet potatoes,-,-,-,80.00/Kg,100.00/Kg,4000.0,Kwale,2026-01-19
Diani Market,White Irish Potatoes,-,-,-,80.00/Kg,100.00/Kg,6000.0,Kwale,2026-01-19
Diani Market,Spinach,-,-,-,60.00/Kg,80.00/Kg,600.0,Kwale,2026-01-19
Diani Market,Okra (Lady's fingers or Gumbo),-,-,-,80.00/Kg,100.00/Kg,400.0,Kwale,2026-01-19
Diani Market,Ginger,-,-,-,160.00/Kg,180.00/Kg,550.0,Kwale,2026-01-19
Diani Market,Garlic,-,-,-,450.00/Kg,500.00/Kg,450.0,Kwale,2026-01-19
Diani Market,Egg plant (Brinjals),-,-,-,40.00/Kg,60.00/Kg,550.0,Kwale,2026-01-19
Diani Market,Dry Onions,-,-,-,100.00/Kg,120.00/Kg,4000.0,Kwale,2026-01-19
Diani Market,Carrots,-,-,-,50.00/Kg,70.00/Kg,500.0,Kwale,2026-01-19
Diani Market,Capsicums,-,-,-,80.00/Kg,100.00/Kg,600.0,Kwale,2026-01-19
Diani Market,Tomatoes,-,-,-,80.00/Kg,100.00/Kg,6000.0,Kwale,2026-01-19
Vanga,Scavengers (Changu/Tangu),Fresh,-,-,250.00/Kg,350.00/Kg,230.0,Kwale,2026-01-18
Vanga,Rabbitfish (Tafi/Tasi),Fresh,-,-,250.00/Kg,350.00/Kg,200.0,Kwale,2026-01-18
Vanga,Parrotfishes(Pono),Fresh,-,-,150.00/Kg,200.00/Kg,320.0,Kwale,2026-01-18
Vanga,Jacks/Trevallies(Kolekole),Fresh,-,-,200.00/ Kg,250.00/ Kg,200.0,Kwale,2026-01-18
Vanga,Barracuda(Kasumba),Fresh,-,-,150.00/Kg,200.00/Kg,130.0,Kwale,2026-01-18
Muhoroni,Tilapia,Fried,-,-,-,800.00/Kg,500.0,Kisumu,2026-01-18
Muhoroni,Omena,Dried,-,-,333.33/Kg,433.33/Kg,1000.0,Kisumu,2026-01-18
Muhoroni,White Irish Potatoes,-,-,-,60.00/Kg,75.00/Kg,3500.0,Kisumu,2026-01-18
Muhoroni,Cassava Chips (dry),-,-,-,-,100.00/Kg,350.0,Kisumu,2026-01-18
Muhoroni,Arrow Root,-,-,-,-,150.00/Kg,150.0,Kisumu,2026-01-18
Muhoroni,Water Melon,-,-,-,-,100.00/Kg,3000.0,Kisumu,2026-01-18
Muhoroni,Pineapples,-,-,-,-,75.00/Kg,1000.0,Kisumu,2026-01-18
Muhoroni,Oranges,-,-,-,60.00/Kg,100.00/Kg,3000.0,Kisumu,2026-01-18
Muhoroni,Mangoes,Improved,-,-,40.00/Kg,60.00/Kg,2000.0,Kisumu,2026-01-18
Muhoroni,Avocado,Fuerte,-,-,-,35.00/Kg,2000.0,Kisumu,2026-01-18
Muhoroni,Red Sorghum,-,-,-,68.18/Kg,81.82/Kg,2500.0,Kisumu,2026-01-18
Muhoroni,Dry Maize,White Maize,-,-,44.00/Kg,48.00/Kg,3500.0,Kisumu,2026-01-18
Muhoroni,Spider flower (Saga),-,-,-,-,80.00/Kg,250.0,Kisumu,2026-01-18
Muhoroni,Indigenous Crotolaria (Mito/Miro),-,-,-,-,100.00/Kg,200.0,Kisumu,2026-01-18
Muhoroni,Ethiopian Kales -Kanzira,-,-,-,-,70.00/Kg,130.0,Kisumu,2026-01-18
Muhoroni,Cowpea leaves (Kunde),-,-,-,-,65.00/Kg,200.0,Kisumu,2026-01-18
Muhoroni,Black nightshade (Managu/ Osuga),-,-,-,-,70.00/Kg,200.0,Kisumu,2026-01-18
Muhoroni,Amaranthus (Terere),-,-,-,-,60.00/Kg,100.0,Kisumu,2026-01-18
Muhoroni,Tomatoes,-,-,-,71.43/Kg,100.00/Kg,5000.0,Kisumu,2026-01-18
Muhoroni,Garlic,-,-,-,350.00/Kg,500.00/Kg,900.0,Kisumu,2026-01-18
Muhoroni,Kales/Sukuma Wiki,-,-,-,35.71/Kg,50.00/Kg,1000.0,Kisumu,2026-01-18
Muhoroni,Dry Onions,-,-,-,100.00/Kg,120.00/Kg,2500.0,Kisumu,2026-01-18
Muhoroni,Carrots,-,-,-,60.00/Kg,80.00/Kg,500.0,Kisumu,2026-01-18
Muhoroni,Capsicums,-,-,-,80.00/Kg,100.00/Kg,250.0,Kisumu,2026-01-18
Muhoroni,Cabbages,-,-,-,25.00/Kg,35.00/Kg,8000.0,Kisumu,2026-01-18
Muhoroni,Banana (Plantain),-,-,-,40.00/Kg,60.00/Kg,350.0,Kisumu,2026-01-18
Muhoroni,Banana (Cooking),-,-,-,30.00/Kg,40.00/Kg,2000.0,Kisumu,2026-01-18
Muhoroni,Mixed Beans,-,-,-,100.00/Kg,112.00/Kg,2000.0,Kisumu,2026-01-18
Muhoroni,Ground Nuts,Large Brown,-,-,300.00/Kg,325.00/Kg,2000.0,Kisumu,2026-01-18
Muhoroni,Green Grams,Hybrid/ polished,-,-,140.00/Kg,175.00/Kg,3000.0,Kisumu,2026-01-18
Muhoroni,Cowpeas,-,-,-,230.77/Kg,288.46/Kg,500.0,Kisumu,2026-01-18
Muhoroni,Beans Rosecoco (Nyayo),-,-,-,120.00/Kg,140.00/Kg,3500.0,Kisumu,2026-01-18
Muhoroni,Beans Rosecoco,-,-,-,120.00/Kg,14.00/Kg,4500.0,Kisumu,2026-01-18
Muhoroni,Beans Red Haricot (Wairimu),-,-,-,1200.00/Kg,128.00/Kg,2000.0,Kisumu,2026-01-18
Muhoroni,Beans (Yellow-Green),-,-,-,160.00/Kg,180.00/Kg,2000.0,Kisumu,2026-01-18
Muhoroni,Beans (Mwezi Moja),-,-,-,120.00/Kg,128.00/Kg,3500.0,Kisumu,2026-01-18
Muhoroni,Beans (Canadian wonder),-,-,-,120.00/Kg,128.00/Kg,2500.0,Kisumu,2026-01-18
Muhoroni,Fertilizer,DAP,-,-,100.00/Kg,110.00/Kg,52000.0,Kisumu,2026-01-18
Muhoroni,Fertilizer,CAN,-,-,80.00/Kg,90.00/Kg,3500.0,Kisumu,2026-01-18
Khayega,Sweet potatoes,-,-,-,60.00/Kg,70.00/Kg,850.0,Kakamega,2026-01-18
Khayega,White Irish Potatoes,-,-,-,56.00/Kg,61.33/Kg,7000.0,Kakamega,2026-01-18
Khayega,Arrow Root,-,-,-,120.00/Kg,150.00/Kg,650.0,Kakamega,2026-01-18
Khayega,Finger Millet,-,-,-,108.70/Kg,117.39/Kg,900.0,Kakamega,2026-01-18
Khayega,Red Sorghum,-,-,-,85.71/Kg,107.14/Kg,500.0,Kakamega,2026-01-18
Khayega,Dry Maize,White Maize,-,-,51.11/Kg,533.33/Kg,18000.0,Kakamega,2026-01-18
Khayega,Spider flower (Saga),-,-,-,55.00/Kg,60.00/Kg,470.0,Kakamega,2026-01-18
Khayega,Black nightshade (Managu/ Osuga),-,-,-,50.00/Kg,50.00/Kg,500.0,Kakamega,2026-01-18
Khayega,Tomatoes,-,-,-,50.00/Kg,60.00/Kg,3000.0,Kakamega,2026-01-18
Khayega,Kales/Sukuma Wiki,-,-,-,35.00/Kg,40.00/Kg,750.0,Kakamega,2026-01-18
Khayega,Dry Onions,-,-,-,60.00/Kg,70.00/Kg,2500.0,Kakamega,2026-01-18
Khayega,Cabbages,-,-,-,30.00/Kg,32.50/Kg,1800.0,Kakamega,2026-01-18
Khayega,Mixed Beans,-,-,-,95.83/Kg,104.17/Kg,900.0,Kakamega,2026-01-18
Khayega,Ground Nuts,Small Red,-,-,229.17/Kg,250.00/Kg,450.0,Kakamega,2026-01-18
Khayega,Green Grams,Local-Special,-,-,117.39/Kg,130.43/Kg,900.0,Kakamega,2026-01-18
Khayega,Beans Rosecoco,-,-,-,108.33/Kg,116.67/Kg,900.0,Kakamega,2026-01-18
Khayega,Beans (Yellow-Green),-,-,-,154.17/Kg,166.67/Kg,1800.0,Kakamega,2026-01-18
Khayega,Fertilizer,DAP,-,-,110.00/Kg,114.00/Kg,500.0,Kakamega,2026-01-18
Makutano Embu,Apples,-,-,-,100.00/Kg,140.00/Kg,,Embu,2026-01-17
Makutano Embu,Grapes,Black-Dark,-,-,140.00/Kg,180.00/Kg,,Embu,2026-01-17
Makutano Embu,Lemons,-,-,-,55.00/Kg,70.00/Kg,,Embu,2026-01-17
Makutano Embu,Mangoes,Improved,-,-,20.00/Kg,30.00/Kg,,Embu,2026-01-17
Makutano Embu,Passion Fruits,-,-,-,180.00/Kg,220.00/Kg,,Embu,2026-01-17
Makutano Embu,Pawpaw,-,-,-,40.00/Kg,60.00/Kg,,Embu,2026-01-17
Makutano Embu,Pineapples,-,-,-,60.00/Kg,100.00/Kg,,Embu,2026-01-17
Makutano Embu,Thorn melon,-,-,-,40.00/Kg,60.00/Kg,,Embu,2026-01-17
Makutano Embu,Water Melon,-,-,-,25.00/Kg,40.00/Kg,,Embu,2026-01-17
Makutano Embu,Banana (Cooking),-,-,-,25.00/Kg,40.00/Kg,,Embu,2026-01-17
Makutano Embu,Butternuts,-,-,-,30.00/Kg,50.00/Kg,,Embu,2026-01-17
Makutano Embu,Cabbages,-,-,-,35.00/Kg,50.00/Kg,,Embu,2026-01-17
Makutano Embu,Capsicums,-,-,-,110.00/Kg,150.00/Kg,,Embu,2026-01-17
Makutano Embu,Carrots,-,-,-,40.00/Kg,60.00/Kg,,Embu,2026-01-17
Makutano Embu,Chillies,-,-,-,70.00/Kg,100.00/Kg,,Embu,2026-01-17
Makutano Embu,Coriander (Dhania),-,-,-,80.00/Kg,100.00/Kg,,Embu,2026-01-17
Makutano Embu,Courgette,-,-,-,80.00/Kg,100.00/Kg,,Embu,2026-01-17
Makutano Embu,Cucumber,-,-,-,60.00/Kg,80.00/Kg,,Embu,2026-01-17
Makutano Embu,Dry Onions,-,-,-,70.00/Kg,90.00/Kg,,Embu,2026-01-17
Makutano Embu,French beans,-,-,-,90.00/Kg,120.00/Kg,,Embu,2026-01-17
Makutano Embu,Fresh Peas,On pods,-,-,70.00/Kg,90.00/Kg,,Embu,2026-01-17
Makutano Embu,Kales/Sukuma Wiki,-,-,-,20.00/Kg,30.00/Kg,,Embu,2026-01-17
Makutano Embu,Pumpkin,-,-,-,30.00/Kg,40.00/Kg,,Embu,2026-01-17
Makutano Embu,Spinach,-,-,-,25.00/Kg,35.00/Kg,,Embu,2026-01-17
Makutano Embu,Spring Onions,-,-,-,45.00/Kg,60.00/Kg,,Embu,2026-01-17
Makutano Embu,Tomatoes,-,-,-,28.00/Kg,30.00/Kg,,Embu,2026-01-17
Makutano Embu,Amaranthus (Terere),-,-,-,35.00/Kg,50.00/Kg,,Embu,2026-01-17
Makutano Embu,Black nightshade (Managu/ Osuga),-,-,-,40.00/Kg,50.00/Kg,,Embu,2026-01-17
Makutano Embu,Cowpea leaves (Kunde),-,-,-,30.00/Kg,40.00/Kg,,Embu,2026-01-17
Makutano Embu,Jute Plant (Murenda),-,-,-,30.00/Kg,40.00/Kg,,Embu,2026-01-17
Makutano Embu,Pumpkin Leaves,-,-,-,35.00/Kg,50.00/Kg,,Embu,2026-01-17
Makutano Embu,Dry Maize,White Maize,-,-,35.00/Kg,45.00/Kg,,Embu,2026-01-17
Makutano Embu,Dry Maize,Yellow Maize,-,-,45.00/Kg,50.00/Kg,,Embu,2026-01-17
Makutano Embu,Paddy Rice,Pishori,-,-,82.00/Kg,85.00/Kg,,Embu,2026-01-17
Makutano Embu,Rice,Pishori,-,-,140.00/Kg,160.00/Kg,,Embu,2026-01-17
Makutano Embu,White Sorghum,-,-,-,80.00/kg,100.00/kg,,Embu,2026-01-17
Makutano Embu,Lentils,-,-,-,200.00/Kg,250.00/Kg,,Embu,2026-01-17
Makutano Embu,Red Sorghum,-,-,-,70.00/Kg,90.00/Kg,,Embu,2026-01-17
Mukuyu Market,Tomatoes,-,-,-,-,40.00/Kg,,Muranga,2026-01-17
Mukuyu Market,Spinach,-,-,-,-,45.00/Kg,,Muranga,2026-01-17
Mukuyu Market,Fresh Peas,Shelled Peas,-,-,-,120.00/Kg,,Muranga,2026-01-17
Mukuyu Market,Cabbages,-,-,-,-,70.00/Kg,,Muranga,2026-01-17
Mukuyu Market,Carrots,-,-,-,-,60.00/Kg,,Muranga,2026-01-17
Mukuyu Market,Sweet potatoes,-,-,-,-,100.00/Kg,,Muranga,2026-01-17
Mukuyu Market,White Irish Potatoes,-,-,-,-,70.00/Kg,,Muranga,2026-01-17
Mukuyu Market,Arrow Root,-,-,-,-,100.00/Kg,,Muranga,2026-01-17
Vanga,Rabbitfish (Tafi/Tasi),Fresh,-,-,200.00/Kg,250.00/Kg,130.0,Kwale,2026-01-17
Vanga,Parrotfishes(Pono),Fresh,-,-,150.00/Kg,200.00/Kg,60.0,Kwale,2026-01-17
Vanga,Jacks/Trevallies(Kolekole),Fresh,-,-,200.00/ Kg,250.00/ Kg,300.0,Kwale,2026-01-17
Vanga,Barracuda(Kasumba),Fresh,-,-,150.00/Kg,200.00/Kg,300.0,Kwale,2026-01-17
Vanga,Octopus (Pweza),Fresh,-,-,450.00/Kg,550.00/Kg,600.0,Kwale,2026-01-17
Vanga,Squid(Ngisi),Fresh,-,-,300.00/Kg,400.00/Kg,230.0,Kwale,2026-01-17
Makutano Kirinyaga,Red Sorghum,-,-,-,70.00/Kg,90.00/Kg,900.0,Kirinyaga,2026-01-17
Makutano Kirinyaga,Lentils,-,-,-,200.00/Kg,250.00/Kg,1200.0,Kirinyaga,2026-01-17
Makutano Kirinyaga,White Sorghum,-,-,-,80.00/kg,100.00/kg,950.0,Kirinyaga,2026-01-17
Makutano Kirinyaga,Rice,Pishori,-,-,140.00/Kg,160.00/Kg,1300.0,Kirinyaga,2026-01-17
Makutano Kirinyaga,Paddy Rice,Pishori,-,-,82.00/Kg,85.00/Kg,2400.0,Kirinyaga,2026-01-17
Makutano Kirinyaga,Dry Maize,Yellow Maize,-,-,45.00/Kg,50.00/Kg,1200.0,Kirinyaga,2026-01-17
Makutano Kirinyaga,Dry Maize,White Maize,-,-,35.00/Kg,45.00/Kg,3100.0,Kirinyaga,2026-01-17
Makutano Kirinyaga,Pumpkin Leaves,-,-,-,35.00/Kg,50.00/Kg,300.0,Kirinyaga,2026-01-17
Makutano Kirinyaga,Jute Plant (Murenda),-,-,-,30.00/Kg,40.00/Kg,800.0,Kirinyaga,2026-01-17
Makutano Kirinyaga,Cowpea leaves (Kunde),-,-,-,30.00/Kg,40.00/Kg,650.0,Kirinyaga,2026-01-17
Makutano Kirinyaga,Black nightshade (Managu/ Osuga),-,-,-,40.00/Kg,50.00/Kg,800.0,Kirinyaga,2026-01-17
Makutano Kirinyaga,Amaranthus (Terere),-,-,-,35.00/Kg,50.00/Kg,1100.0,Kirinyaga,2026-01-17
Makutano Kirinyaga,Tomatoes,-,-,-,28.33/Kg,33.33/Kg,8400.0,Kirinyaga,2026-01-17
Makutano Kirinyaga,Spring Onions,-,-,-,45.00/Kg,60.00/Kg,3100.0,Kirinyaga,2026-01-17
Makutano Kirinyaga,Spinach,-,-,-,25.00/Kg,35.00/Kg,2100.0,Kirinyaga,2026-01-17
Makutano Kirinyaga,Pumpkin,-,-,-,30.00/Kg,40.00/Kg,2600.0,Kirinyaga,2026-01-17
Makutano Kirinyaga,Kales/Sukuma Wiki,-,-,-,20.00/Kg,30.00/Kg,1400.0,Kirinyaga,2026-01-17
Makutano Kirinyaga,Fresh Peas,On pods,-,-,70.00/Kg,90.00/Kg,2300.0,Kirinyaga,2026-01-17
Makutano Kirinyaga,French beans,-,-,-,90.00/Kg,120.00/Kg,650.0,Kirinyaga,2026-01-17
Makutano Kirinyaga,Dry Onions,-,-,-,70.00/Kg,90.00/Kg,3900.0,Kirinyaga,2026-01-17
Makutano Kirinyaga,Cucumber,-,-,-,60.00/Kg,80.00/Kg,500.0,Kirinyaga,2026-01-17
Makutano Kirinyaga,Courgette,-,-,-,80.00/Kg,100.00/Kg,1050.0,Kirinyaga,2026-01-17
Makutano Kirinyaga,Coriander (Dhania),-,-,-,80.00/Kg,100.00/Kg,600.0,Kirinyaga,2026-01-17
Makutano Kirinyaga,Chillies,-,-,-,70.00/Kg,100.00/Kg,360.0,Kirinyaga,2026-01-17
Makutano Kirinyaga,Carrots,-,-,-,40.00/Kg,60.00/Kg,2900.0,Kirinyaga,2026-01-17
Makutano Kirinyaga,Capsicums,-,-,-,110.00/Kg,150.00/Kg,200.0,Kirinyaga,2026-01-17
Makutano Kirinyaga,Capsicums,-,-,-,80.00/Kg,100.00/Kg,950.0,Kirinyaga,2026-01-17
Makutano Kirinyaga,Cabbages,-,-,-,35.71/Kg,50.00/Kg,1950.0,Kirinyaga,2026-01-17
Makutano Kirinyaga,Butternuts,-,-,-,30.00/Kg,50.00/Kg,1500.0,Kirinyaga,2026-01-17
Makutano Kirinyaga,Banana (Cooking),-,-,-,25.00/Kg,40.00/Kg,2800.0,Kirinyaga,2026-01-17
Makutano Kirinyaga,Water Melon,-,-,-,25.00/Kg,40.00/Kg,2500.0,Kirinyaga,2026-01-17
Makutano Kirinyaga,Thorn melon,-,-,-,40.00/Kg,60.00/Kg,400.0,Kirinyaga,2026-01-17
Makutano Kirinyaga,Pineapples,-,-,-,62.50/Kg,100.00/Kg,160.0,Kirinyaga,2026-01-17
Makutano Kirinyaga,Pawpaw,-,-,-,40.00/Kg,60.00/Kg,250.0,Kirinyaga,2026-01-17
Makutano Kirinyaga,Passion Fruits,-,-,-,180.00/Kg,220.00/Kg,340.0,Kirinyaga,2026-01-17
Makutano Kirinyaga,Mangoes,Improved,-,-,20.00/Kg,30.00/Kg,4300.0,Kirinyaga,2026-01-17
Makutano Kirinyaga,Lemons,-,-,-,55.00/Kg,70.00/Kg,1100.0,Kirinyaga,2026-01-17
Makutano Kirinyaga,Grapes,Black-Dark,-,-,140.00/Kg,180.00/Kg,140.0,Kirinyaga,2026-01-17
Makutano Kirinyaga,Apples,-,-,-,100.00/Kg,140.00/Kg,230.0,Kirinyaga,2026-01-17
Makutano Kirinyaga,Fertilizer,Sulphate of Ammonia,-,-,56.00/Kg,60.00/Kg,2500.0,Kirinyaga,2026-01-17
Vanga,Octopus (Pweza),Fresh,-,-,450.00/Kg,550.00/Kg,600.0,Kwale,2026-01-16
Vanga,Octopus (Pweza),Fresh,-,-,450.00/Kg,550.00/Kg,600.0,Kwale,2026-01-16
Vanga,Cuttlefish,Fresh,-,-,200.00/Kg,250.00/Kg,60.0,Kwale,2026-01-16
Vanga,Lobster(Kamba Mawe),Live,-,-,600.00/Kg,900.00/Kg,120.0,Kwale,2026-01-16
Vanga,Scavengers (Changu/Tangu),Fresh,-,-,200.00/Kg,250.00/Kg,500.0,Kwale,2026-01-16
Vanga,Rabbitfish (Tafi/Tasi),Fresh,-,-,250.00/Kg,350.00/Kg,80.0,Kwale,2026-01-16
Vanga,Parrotfishes(Pono),Fresh,-,-,150.00/Kg,200.00/Kg,70.0,Kwale,2026-01-16
Vanga,Kingfish (Nguru),Fresh,-,-,250.00/Kg,350.00/Kg,400.0,Kwale,2026-01-16
Vanga,Barracuda(Kasumba),Fresh,-,-,150.00/Kg,200.00/Kg,300.0,Kwale,2026-01-16
Ngurubani Market,Oranges,-,-,-,70.00/Kg,100.00/Kg,1500.0,Kirinyaga,2026-01-16
Ngurubani Market,Water Melon,-,-,-,25.00/Kg,35.00/Kg,23500.0,Kirinyaga,2026-01-16
Ngurubani Market,Pork,-,-,-,500.00/Kg,700.00/Kg,420.0,Kirinyaga,2026-01-16
Ngurubani Market,Meat Beef,-,-,-,150.00/Kg,170.00/Kg,145000.0,Kirinyaga,2026-01-16
Ngurubani Market,Eggs,Exotic/Grade,-,-,400.00/Tray(30),450.00/Tray(30),3200.0,Kirinyaga,2026-01-16
Ngurubani Market,Eggs,Exotic/Grade,-,-,390.00/Tray(30),600.00/Tray(30),3200.0,Kirinyaga,2026-01-16
Ngurubani Market,White Irish Potatoes,-,-,-,34.00/Kg,50.00/Kg,24400.0,Kirinyaga,2026-01-16
Ngurubani Market,Sweet potatoes,-,-,-,70.00/Kg,100.00/Kg,420.0,Kirinyaga,2026-01-16
Ngurubani Market,Arrow Root,-,-,-,80.00/Kg,120.00/Kg,1200.0,Kirinyaga,2026-01-16
Ngurubani Market,Arrow Root,-,-,-,70.00/Kg,100.00/Kg,420.0,Kirinyaga,2026-01-16
Ngurubani Market,Paddy Rice,Pishori,-,-,150.00/Kg,170.00/Kg,145000.0,Kirinyaga,2026-01-16
Mumias,Tilapia,Dried,-,-,-,287.50/Kg,,Kakamega,2026-01-16
Ngurubani Market,Red Sorghum,-,-,-,40.00/Kg,45.00/Kg,1350.0,Kirinyaga,2026-01-16
Mumias,Omena,Dried,-,-,-,611.11/Kg,,Kakamega,2026-01-16
Ngurubani Market,Dry Maize,White Maize,-,-,40.00/Kg,45.00/Kg,6250.0,Kirinyaga,2026-01-16
Ngurubani Market,Cowpea leaves (Kunde),-,-,-,40.00/Kg,60.00/Kg,180.0,Kirinyaga,2026-01-16
Mumias,White Irish Potatoes,-,-,-,-,72.00/Kg,,Kakamega,2026-01-16
Ngurubani Market,Pumpkin Leaves,-,-,-,25.00/Kg,35.00/Kg,150.0,Kirinyaga,2026-01-16
Ngurubani Market,Black nightshade (Managu/ Osuga),-,-,-,25.00/Kg,35.00/Kg,400.0,Kirinyaga,2026-01-16
Mumias,Sweet potatoes,-,-,-,-,35.71/Kg,,Kakamega,2026-01-16
Mumias,Cassava Fresh,-,-,-,-,55.56/Kg,,Kakamega,2026-01-16
Ngurubani Market,Amaranthus (Terere),-,-,-,30.00/Kg,35.00/Kg,600.0,Kirinyaga,2026-01-16
Mumias,Cassava Chips (dry),-,-,-,-,71.43/Kg,,Kakamega,2026-01-16
Ngurubani Market,Tomatoes,-,-,-,35.00/Kg,50.00/Kg,4500.0,Kirinyaga,2026-01-16
Mumias,Arrow Root,-,-,-,-,66.67/Kg,,Kakamega,2026-01-16
Ngurubani Market,Spinach,-,-,-,30.00/Kg,40.00/Kg,450.0,Kirinyaga,2026-01-16
Mumias,Water Melon,-,-,-,-,62.50/Kg,,Kakamega,2026-01-16
Ngurubani Market,Pumpkin,-,-,-,25.00/Kg,35.00/Kg,205.0,Kirinyaga,2026-01-16
Ngurubani Market,Kales/Sukuma Wiki,-,-,-,20.00/Kg,30.00/Kg,1200.0,Kirinyaga,2026-01-16
Ngurubani Market,Dry Onions,-,-,-,70.00/Kg,100.00/Kg,6800.0,Kirinyaga,2026-01-16
Ngurubani Market,Courgette,-,-,-,70.00/Kg,100.00/Kg,250.0,Kirinyaga,2026-01-16
Ngurubani Market,Coriander (Dhania),-,-,-,70.00/Kg,100.00/Kg,170.0,Kirinyaga,2026-01-16
Ngurubani Market,Carrots,-,-,-,40.00/Kg,60.00/Kg,2400.0,Kirinyaga,2026-01-16
Ngurubani Market,Cabbages,-,-,-,25.00/Kg,35.00/Kg,21000.0,Kirinyaga,2026-01-16
Ngurubani Market,Banana (Cooking),-,-,-,25.00/Kg,35.00/Kg,2500.0,Kirinyaga,2026-01-16
Ngurubani Market,Mixed Beans,-,-,-,86.67/Kg,175.00/Kg,800.0,Kirinyaga,2026-01-16
Ngurubani Market,Cowpeas,-,-,-,100.00/Kg,135.00/Kg,9000.0,Kirinyaga,2026-01-16
Ngurubani Market,Dolichos lablab (Njahi),-,-,-,97.78/Kg,135.00/Kg,1250.0,Kirinyaga,2026-01-16
Ngurubani Market,Beans Rosecoco,-,-,-,100.00/Kg,140.00/Kg,2100.0,Kirinyaga,2026-01-16
Ngurubani Market,Beans Red Haricot (Wairimu),-,-,-,100.00/Kg,140.00/Kg,6700.0,Kirinyaga,2026-01-16
Ngurubani Market,Beans (Yellow-Green),-,-,-,122.22/Kg,200.00/Kg,4250.0,Kirinyaga,2026-01-16
Mumias,Pineapples,-,-,-,-,80.00/Kg,,Kakamega,2026-01-16
Ngurubani Market,Beans (Mwitemania),-,-,-,94.44/Kg,175.00/Kg,2200.0,Kirinyaga,2026-01-16
Ngurubani Market,Fertilizer,NPK,-,-,95.00/Kg,100.00/Kg,225000.0,Kirinyaga,2026-01-16
Ngurubani Market,Fertilizer,DAP,-,-,111.00/Kg,120.00/Kg,140000.0,Kirinyaga,2026-01-16
Ngurubani Market,Fertilizer,CAN,-,-,72.00/Kg,80.00/Kg,50000.0,Kirinyaga,2026-01-16
Mumias,Pawpaw,-,-,-,-,76.92/Kg,,Kakamega,2026-01-16
Mumias,Oranges,-,-,-,-,83.33/Kg,,Kakamega,2026-01-16
Mumias,Mangoes,Improved,-,-,-,76.92/Kg,,Kakamega,2026-01-16
Ndanai Market,Eggs,Indigenous /Kenyeji,-,-,510.00/Tray(30),600.00/Tray(30),8000.0,Bomet,2026-01-16
Ndanai Market,Chicken,Indigenous,-,Female,600.00/Head,-,1500.0,Bomet,2026-01-16
Ndanai Market,Chicken,Indigenous,-,Male,900.00/Head,-,1200.0,Bomet,2026-01-16
Ndanai Market,Water Melon,-,-,-,90.00/Kg,110.00/Kg,6000.0,Bomet,2026-01-16
Ndanai Market,Oranges,-,-,-,59.09/Kg,100.00/Kg,7000.0,Bomet,2026-01-16
Ndanai Market,Banana (Ripening),-,-,-,16.00/Kg,50.00/Kg,15000.0,Bomet,2026-01-16
Ndanai Market,Dry Maize,White Maize,-,-,47.78/Kg,140.00/Kg,36000.0,Bomet,2026-01-16
Ndanai Market,Spider flower (Saga),-,-,-,60.00/Kg,100.00/Kg,4000.0,Bomet,2026-01-16
Mumias,Lemons,-,-,-,-,150.00/Kg,,Kakamega,2026-01-16
Ndanai Market,Black nightshade (Managu/ Osuga),-,-,-,70.00/Kg,100.00/Kg,5000.0,Bomet,2026-01-16
Mumias,Grapes,Black-Dark,-,-,-,720.00/Kg,,Kakamega,2026-01-16
Ndanai Market,Tomatoes,-,-,-,75.00/Kg,100.00/Kg,12800.0,Bomet,2026-01-16
Mumias,Banana (Ripening),-,-,-,-,45.45/Kg,,Kakamega,2026-01-16
Ndanai Market,Kales/Sukuma Wiki,-,-,-,11.11/Kg,30.00/Kg,3000.0,Bomet,2026-01-16
Ndanai Market,Dry Onions,-,-,-,75.00/Kg,100.00/Kg,8000.0,Bomet,2026-01-16
Ndanai Market,Cabbages,-,-,-,10.00/Kg,20.00/Kg,10000.0,Bomet,2026-01-16
Ndanai Market,Beans Rosecoco,-,-,-,133.33/Kg,175.00/Kg,27000.0,Bomet,2026-01-16
Kisasi,Sheep,Blackhead Persian,Grade 2,Female,3500.00/Head,-,,Kitui,2026-01-16
Kisasi,Sheep,Blackhead Persian,Grade 2,Male,4000.00/Head,-,,Kitui,2026-01-16
Kisasi,Sheep,Blackhead Persian,Grade 2,Female,5500.00/Head,-,,Kitui,2026-01-16
Lungalunga,Cassava Fresh,-,-,-,50.00/Kg,100.00/Kg,10000.0,Kwale,2026-01-16
Kisasi,Sheep,Blackhead Persian,Grade 2,Male,6000.00/Head,-,,Kitui,2026-01-16
Lungalunga,White Irish Potatoes,-,-,-,50.00/Kg,100.00/Kg,50000.0,Kwale,2026-01-16
Kisasi,Goat,Mixed,Grade 2,Male,6000.00/Head,-,,Kitui,2026-01-16
Lungalunga,Oranges,-,-,-,50.00/Kg,100.00/Kg,30000.0,Kwale,2026-01-16
Lungalunga,Tomatoes,-,-,-,50.00/Kg,100.00/Kg,30000.0,Kwale,2026-01-16
Lungalunga,Cabbages,-,-,-,60.00/Kg,100.00/Kg,10000.0,Kwale,2026-01-16
Kisasi,Goat,Mixed,Grade 2,Female,10000.00/Head,-,,Kitui,2026-01-16
Kisasi,Goat,Mixed,Grade 2,Male,15000.00/Head,-,,Kitui,2026-01-16
Kisasi,Donkey,-,-,Female,9000.00/Head,-,,Kitui,2026-01-16
Kisasi,Donkey,-,-,Male,7000.00/Head,-,,Kitui,2026-01-16
Kisasi,Donkey,-,-,Female,18000.00/Head,-,,Kitui,2026-01-16
Kisasi,Donkey,-,-,Male,13000.00/Head,-,,Kitui,2026-01-16
Kisasi,Chicken,Indigenous,-,Male,500.00/Head,-,,Kitui,2026-01-16
Kisasi,Chicken,Indigenous,-,Female,400.00/Head,-,,Kitui,2026-01-16
Kisasi,Chicken,Indigenous,-,Female,1000.00/Head,-,,Kitui,2026-01-16
Kisasi,Chicken,Indigenous,-,Male,1500.00/Head,-,,Kitui,2026-01-16
Kisasi,Cattle,Mixed,Grade 2,Female,35000.00/Head,-,,Kitui,2026-01-16
Kisasi,Cattle,Mixed,Grade 2,Male,45000.00/Head,-,,Kitui,2026-01-16
Kisasi,Cattle,Mixed,Grade 2,Female,55000.00/Head,-,,Kitui,2026-01-16
Kisasi,Cattle,Mixed,Grade 2,Male,75000.00/Head,-,,Kitui,2026-01-16
Kisasi,Sweet potatoes,-,-,-,75.00/Kg,100.00/Kg,,Kitui,2026-01-16
Kisasi,White Irish Potatoes,-,-,-,30.00/Kg,50.00/Kg,,Kitui,2026-01-16
Kisasi,Red Irish potato,-,-,-,60.00/Kg,100.00/Kg,,Kitui,2026-01-16
Kisasi,Cassava Fresh,-,-,-,45.00/Kg,85.00/Kg,,Kitui,2026-01-16
Kisasi,Arrow Root,-,-,-,80.00/Kg,150.00/Kg,,Kitui,2026-01-16
Mumias,Avocado,Local,-,-,-,83.33/Kg,,Kakamega,2026-01-16
Kisasi,White Sorghum,-,-,-,90.00/kg,110.00/kg,,Kitui,2026-01-16
Kisasi,Red Sorghum,-,-,-,80.00/Kg,90.00/Kg,,Kitui,2026-01-16
Kisasi,Pearl Rush Millet,-,-,-,90.00/Kg,110.00/Kg,,Kitui,2026-01-16
Kisasi,Finger Millet,-,-,-,80.00/Kg,100.00/Kg,,Kitui,2026-01-16
Kisasi,Dry Maize,White Maize,-,-,50.00/Kg,55.00/Kg,,Kitui,2026-01-16
Kisasi,Dry Maize,Mixed-Traditional,-,-,45.00/Kg,50.00/Kg,,Kitui,2026-01-16
Kisasi,Black nightshade (Managu/ Osuga),-,-,-,19.00/Kg,35.00/Kg,,Kitui,2026-01-16
Kisasi,Amaranthus (Terere),-,-,-,18.00/Kg,32.00/Kg,,Kitui,2026-01-16
Kisasi,Tomatoes,-,-,-,30.00/Kg,50.00/Kg,,Kitui,2026-01-16
Kisasi,Spinach,-,-,-,30.00/Kg,50.00/Kg,,Kitui,2026-01-16
Kisasi,Kales/Sukuma Wiki,-,-,-,23.00/Kg,42.00/Kg,,Kitui,2026-01-16
Kisasi,Ginger,-,-,-,100.00/Kg,130.00/Kg,,Kitui,2026-01-16
Kisasi,Garlic,-,-,-,300.00/Kg,400.00/Kg,,Kitui,2026-01-16
Kisasi,Dry Onions,-,-,-,50.00/Kg,80.00/Kg,,Kitui,2026-01-16
Kisasi,Coriander (Dhania),-,-,-,19.00/Kg,30.00/Kg,,Kitui,2026-01-16
Kisasi,Carrots,-,-,-,50.00/Kg,70.00/Kg,,Kitui,2026-01-16
Mumias,Apples,-,-,-,-,480.00/Kg,,Kakamega,2026-01-16
Kisasi,Cabbages,-,-,-,55.00/Kg,70.00/Kg,,Kitui,2026-01-16
Kisasi,Banana (Plantain),-,-,-,18.00/Kg,29.00/Kg,,Kitui,2026-01-16
Kisasi,Banana (Cooking),-,-,-,12.00/Kg,26.00/Kg,,Kitui,2026-01-16
Kisasi,Pigeon peas,-,-,-,80.00/Kg,100.00/Kg,,Kitui,2026-01-16
Kisasi,Green Grams,Local-Special,-,-,80.00/Kg,100.00/Kg,,Kitui,2026-01-16
Kisasi,Green Grams,Hybrid/ polished,-,-,90.00/Kg,120.00/Kg,,Kitui,2026-01-16
Kisasi,Beans Rosecoco (Nyayo),-,-,-,100.00/Kg,120.00/Kg,,Kitui,2026-01-16
Mumias,White Sorghum,-,-,-,-,68.18/kg,,Kakamega,2026-01-16
Kisasi,Beans Rosecoco,-,-,-,110.00/Kg,120.00/Kg,,Kitui,2026-01-16
Kisasi,Beans (Yellow-Green),-,-,-,130.00/Kg,150.00/Kg,,Kitui,2026-01-16
Mumias,Wheat Flour,Ndovu all purpose HBF,-,-,-,82.50/Kg,,Kakamega,2026-01-16
Kisasi,Beans (Mwitemania),-,-,-,100.00/Kg,120.00/Kg,,Kitui,2026-01-16
Mumias,Wheat Flour,Ajab fortigied Home Baking flour,-,-,-,87.50/Kg,,Kakamega,2026-01-16
Kisasi,Beans (Mwezi Moja),-,-,-,100.00/Kg,120.00/Kg,,Kitui,2026-01-16
Mumias,Wheat Flour,Ajab fortigied Home Baking flour,-,-,-,85.00/Kg,,Kakamega,2026-01-16
Mumias,Rice,IRR,-,-,-,130.00/Kg,,Kakamega,2026-01-16
Mumias,Rice,Pishori,-,-,-,300.00/Kg,,Kakamega,2026-01-16
Mumias,Red Sorghum,-,-,-,-,76.19/Kg,,Kakamega,2026-01-16
Mumias,Maize Flour,Soko,-,-,-,75.00/Kg,,Kakamega,2026-01-16
Mumias,Maize Flour,Posho Mill,-,-,-,68.18/Kg,,Kakamega,2026-01-16
Mumias,Maize Flour,Jogoo wimbi,-,-,-,145.00/Kg,,Kakamega,2026-01-16
Mumias,Maize Flour,Jogoo,-,-,-,77.50/Kg,,Kakamega,2026-01-16
Mumias,Maize Flour,Jembe,-,-,-,70.00/Kg,,Kakamega,2026-01-16
Mumias,Maize Flour,Hostess,-,-,-,92.50/Kg,,Kakamega,2026-01-16
Mumias,Maize Flour,Amaize,-,-,-,105.00/Kg,,Kakamega,2026-01-16
Mumias,Finger Millet,-,-,-,-,156.52/Kg,,Kakamega,2026-01-16
Mumias,Dry Maize,White Maize,-,-,-,54.55/Kg,,Kakamega,2026-01-16
Mumias,Spider flower (Saga),-,-,-,-,100.00/Kg,,Kakamega,2026-01-16
Mumias,Pumpkin Leaves,-,-,-,-,75.00/Kg,,Kakamega,2026-01-16
Mumias,Jute Plant (Murenda),-,-,-,-,200.00/Kg,,Kakamega,2026-01-16
Mumias,Indigenous Crotolaria (Mito/Miro),-,-,-,-,100.00/Kg,,Kakamega,2026-01-16
Mumias,Ethiopian Kales -Kanzira,-,-,-,-,166.67/Kg,,Kakamega,2026-01-16
Mumias,Cowpea leaves (Kunde),-,-,-,-,150.00/Kg,,Kakamega,2026-01-16
Mumias,Black nightshade (Managu/ Osuga),-,-,-,-,150.00/Kg,,Kakamega,2026-01-16
Mumias,Amaranthus (Terere),-,-,-,-,125.00/Kg,,Kakamega,2026-01-16
Lungalunga,Cabbages,-,-,-,60.00/Kg,100.00/Kg,5000.0,Kwale,2026-01-16
Kagio,Green Maize,-,-,-,35.00/Kg,50.00/Kg,4500.0,Kirinyaga,2026-01-16
Kagio,Fresh Peas,On pods,-,-,60.00/Kg,90.00/Kg,800.0,Kirinyaga,2026-01-16
Kagio,French beans,-,-,-,100.00/Kg,150.00/Kg,200.0,Kirinyaga,2026-01-16
Kagio,Ginger,-,-,-,180.00/Kg,250.00/Kg,200.0,Kirinyaga,2026-01-16
Kagio,Pumpkin,-,-,-,35.00/Kg,55.00/Kg,500.0,Kirinyaga,2026-01-16
Kagio,Spring Onions,-,-,-,50.00/Kg,70.00/Kg,400.0,Kirinyaga,2026-01-16
Kagio,Garlic,-,-,-,400.00/Kg,500.00/Kg,200.0,Kirinyaga,2026-01-16
Kagio,Kales/Sukuma Wiki,-,-,-,20.00/Kg,30.00/Kg,1500.0,Kirinyaga,2026-01-16
Kagio,Egg plant (Brinjals),-,-,-,30.00/Kg,40.00/Kg,200.0,Kirinyaga,2026-01-16
Kagio,Cucumber,-,-,-,35.00/Kg,60.00/Kg,500.0,Kirinyaga,2026-01-16
Kagio,Courgette,-,-,-,55.00/Kg,80.00/Kg,500.0,Kirinyaga,2026-01-16
Kagio,Coriander (Dhania),-,-,-,30.00/Kg,50.00/Kg,200.0,Kirinyaga,2026-01-16
Kagio,Cauliflower,-,-,-,120.00/Kg,180.00/Kg,100.0,Kirinyaga,2026-01-16
Kagio,Carrots,-,-,-,45.00/Kg,70.00/Kg,1500.0,Kirinyaga,2026-01-16
Kagio,Capsicums,-,-,-,200.00/Kg,300.00/Kg,100.0,Kirinyaga,2026-01-16
Kagio,Capsicums,-,-,-,55.00/Kg,80.00/Kg,800.0,Kirinyaga,2026-01-16
Kagio,Cabbages,-,-,-,20.00/Kg,25.00/Kg,18000.0,Kirinyaga,2026-01-16
Kagio,Butternuts,-,-,-,45.00/Kg,70.00/Kg,1000.0,Kirinyaga,2026-01-16
Kagio,Broccoli,-,-,-,100.00/Kg,150.00/Kg,100.0,Kirinyaga,2026-01-16
Kagio,Banana (Plantain),-,-,-,70.00/Kg,100.00/Kg,400.0,Kirinyaga,2026-01-16
Kagio,Banana (Cooking),-,-,-,25.00/Kg,40.00/Kg,28000.0,Kirinyaga,2026-01-16
Kagio,Water Melon,-,-,-,30.00/Kg,40.00/Kg,32000.0,Kirinyaga,2026-01-16
Kagio,Thorn melon,-,-,-,15.00/Kg,25.00/Kg,1200.0,Kirinyaga,2026-01-16
Kagio,Pineapples,-,-,-,50.00/Kg,50.00/Kg,3000.0,Kirinyaga,2026-01-16
Kagio,Passion Fruits,-,-,-,120.00/Kg,180.00/Kg,300.0,Kirinyaga,2026-01-16
Kagio,Pawpaw,-,-,-,30.00/Kg,50.00/Kg,2000.0,Kirinyaga,2026-01-16
Kagio,Oranges,-,-,-,70.00/Kg,100.00/Kg,600.0,Kirinyaga,2026-01-16
Kagio,Mangoes,Improved,-,-,50.00/Kg,70.00/Kg,1500.0,Kirinyaga,2026-01-16
Kagio,Lemons,-,-,-,40.00/Kg,60.00/Kg,250.0,Kirinyaga,2026-01-16
Kagio,Grapes,Black-Dark,-,-,180.00/Kg,230.00/Kg,100.0,Kirinyaga,2026-01-16
Kagio,Apples,-,-,-,180.00/Kg,250.00/Kg,200.0,Kirinyaga,2026-01-16
Kagio,Banana (Ripening),-,-,-,25.00/Kg,40.00/Kg,28000.0,Kirinyaga,2026-01-16
Gakoromone,White Irish Potatoes,-,-,-,52.86/Kg,54.29/Kg,36000.0,Meru,2026-01-16
Gakoromone,Cassava Fresh,-,-,-,50.00/Kg,60.00/Kg,500.0,Meru,2026-01-16
Gakoromone,Water Melon,-,-,-,35.00/Kg,40.00/Kg,42000.0,Meru,2026-01-16
Gakoromone,Thorn melon,-,-,-,30.00/Kg,35.00/Kg,200.0,Meru,2026-01-16
Gakoromone,Pineapples,-,-,-,80.00/Kg,90.00/Kg,1000.0,Meru,2026-01-16
Gakoromone,Pawpaw,-,-,-,40.00/Kg,50.00/Kg,600.0,Meru,2026-01-16
Gakoromone,Dry Maize,White Maize,-,-,51.11/Kg,52.22/Kg,50000.0,Meru,2026-01-16
Gakoromone,Tomatoes,-,-,-,25.00/Kg,30.00/Kg,48000.0,Meru,2026-01-16
Gakoromone,Spring Onions,-,-,-,60.00/Kg,70.00/Kg,1000.0,Meru,2026-01-16
Gakoromone,Spinach,-,-,-,45.00/Kg,50.00/Kg,4000.0,Meru,2026-01-16
Gakoromone,Pumpkin,-,-,-,40.00/Kg,60.00/Kg,600.0,Meru,2026-01-16
Gakoromone,Green Maize,-,-,-,60.00/Kg,70.00/Kg,1000.0,Meru,2026-01-16
Gakoromone,Fresh Peas,On pods,-,-,120.00/Kg,140.00/Kg,1200.0,Meru,2026-01-16
Gakoromone,Dry Onions,-,-,-,75.00/Kg,90.00/Kg,30000.0,Meru,2026-01-16
Gakoromone,Cucumber,-,-,-,90.00/Kg,100.00/Kg,400.0,Meru,2026-01-16
Gakoromone,Courgette,-,-,-,80.00/Kg,90.00/Kg,4000.0,Meru,2026-01-16
Gakoromone,Coriander (Dhania),-,-,-,50.00/Kg,60.00/Kg,1000.0,Meru,2026-01-16
Gakoromone,Carrots,-,-,-,50.00/Kg,52.86/Kg,32000.0,Meru,2026-01-16
Gakoromone,Capsicums,-,-,-,70.00/Kg,80.00/Kg,2500.0,Meru,2026-01-16
Gakoromone,Butternuts,-,-,-,40.00/Kg,50.00/Kg,150.0,Meru,2026-01-16
Gakoromone,Banana (Plantain),-,-,-,14.00/Kg,15.00/Kg,16000.0,Meru,2026-01-16
Gakoromone,Banana (Cooking),-,-,-,14.00/Kg,15.00/Kg,18000.0,Meru,2026-01-16
Gakoromone,Cabbages,-,-,-,20.00/Kg,23.33/Kg,20000.0,Meru,2026-01-16
Gakoromone,Mixed Beans,-,-,-,84.44/Kg,85.56/Kg,18000.0,Meru,2026-01-16
Malimili Livestock Market,Sheep,Red Maasai,Grade 2,Female,6500.00/Head,-,16.0,Kakamega,2026-01-16
Malimili Livestock Market,Sheep,Red Maasai,Grade 2,Male,6000.00/Head,-,10.0,Kakamega,2026-01-16
Malimili Livestock Market,Goat,Mixed,Grade 2,Female,6000.00/Head,-,15.0,Kakamega,2026-01-16
Malimili Livestock Market,Goat,Mixed,Grade 2,Female,7000.00/Head,-,14.0,Kakamega,2026-01-16
Malimili Livestock Market,Goat,Mixed,Grade 2,Male,5500.00/Head,-,15.0,Kakamega,2026-01-16
Malimili Livestock Market,Goat,Mixed,Grade 2,Male,6300.00/Head,-,13.0,Kakamega,2026-01-16
Malimili Livestock Market,Cattle,Mixed,Grade 3,Female,27000.00/Head,-,24.0,Kakamega,2026-01-16
Malimili Livestock Market,Cattle,Mixed,Grade 3,Female,38000.00/Head,-,20.0,Kakamega,2026-01-16
Malimili Livestock Market,Cattle,Mixed,Grade 3,Female,55000.00/Head,-,27.0,Kakamega,2026-01-16
Malimili Livestock Market,Cattle,Mixed,Grade 4,Male,20000.00/Head,-,22.0,Kakamega,2026-01-16
Malimili Livestock Market,Cattle,Mixed,Grade 4,Male,33000.00/Head,-,19.0,Kakamega,2026-01-16
Malimili Livestock Market,Cattle,Mixed,Grade 3,Male,50000.00/Head,-,23.0,Kakamega,2026-01-16
Malimili Livestock Market,Cattle,Ayrshire,Grade 3,Female,30000.00/Head,-,27.0,Kakamega,2026-01-16
Malimili Livestock Market,Cattle,Ayrshire,Grade 3,Female,40000.00/Head,-,20.0,Kakamega,2026-01-16
Malimili Livestock Market,Cattle,Ayrshire,Grade 3,Male,25000.00/Head,-,25.0,Kakamega,2026-01-16
Malimili Livestock Market,Cattle,Ayrshire,Grade 3,Male,35000.00/Head,-,10.0,Kakamega,2026-01-16
Nairobi Supermarkets,Wheat Flour,Winnie's Pure Health Atta Mark 1,-,-,-,128.50/Kg,,Nairobi,2026-01-16
Malimili Livestock Market,Cattle,Ayrshire,Grade 3,Female,60000.00/Head,-,23.0,Kakamega,2026-01-16
Nairobi Supermarkets,Wheat Flour,Tropicana HBF,-,-,-,88.50/Kg,,Nairobi,2026-01-16
Malimili Livestock Market,Cattle,Ayrshire,Grade 3,Male,54000.00/Head,-,16.0,Kakamega,2026-01-16
Nairobi Supermarkets,Wheat Flour,Soko Atta Mark 1,-,-,-,83.50/Kg,,Nairobi,2026-01-16
Nairobi Supermarkets,Wheat Flour,Soko All Purpose HBF,-,-,-,82.00/Kg,,Nairobi,2026-01-16
Nairobi Supermarkets,Wheat Flour,Phulka Atta Mark 1 Chapati Flour,-,-,-,80.50/Kg,,Nairobi,2026-01-16
Nairobi Supermarkets,Wheat Flour,Pembe Atta Mark 1,-,-,-,84.00/Kg,,Nairobi,2026-01-16
Nairobi Supermarkets,Wheat Flour,Pembe All Purpose HBF,-,-,-,83.00/Kg,,Nairobi,2026-01-16
Nairobi Supermarkets,Wheat Flour,Oboma all purpose HBF,-,-,-,79.00/Kg,,Nairobi,2026-01-16
Nairobi Supermarkets,Wheat Flour,Nutra Meal Atta Mark 1,-,-,-,135.00/Kg,,Nairobi,2026-01-16
Nairobi Supermarkets,Wheat Flour,Ndovu all purpose HBF,-,-,-,77.50/Kg,,Nairobi,2026-01-16
Nairobi Supermarkets,Wheat Flour,Mama Home Baking Flour,-,-,-,76.50/Kg,,Nairobi,2026-01-16
Nairobi Supermarkets,Wheat Flour,Kifaru All Purpose HBF,-,-,-,77.50/Kg,,Nairobi,2026-01-16
Malimili Livestock Market,Chicken,Improved Kienyeji,-,Male,800.00/Head,-,25.0,Kakamega,2026-01-16
Nairobi Supermarkets,Wheat Flour,Golden All Purpose,-,-,-,82.00/Kg,,Nairobi,2026-01-16
Nairobi Supermarkets,Wheat Flour,Exe self raising,-,-,-,92.50/Kg,,Nairobi,2026-01-16
Nairobi Supermarkets,Wheat Flour,Exe Mandazi Fortified Wheat Flour,-,-,-,91.50/Kg,,Nairobi,2026-01-16
Nairobi Supermarkets,Wheat Flour,Exe Chapati fortified wheat flour,-,-,-,88.00/Kg,,Nairobi,2026-01-16
Nairobi Supermarkets,Wheat Flour,Exe brown bread,-,-,-,91.00/Kg,,Nairobi,2026-01-16
Nairobi Supermarkets,Wheat Flour,Exe Atta Mark 1,-,-,-,90.50/Kg,,Nairobi,2026-01-16
Malimili Livestock Market,Chicken,Improved Kienyeji,-,Female,800.00/Head,-,30.0,Kakamega,2026-01-16
Nairobi Supermarkets,Wheat Flour,Exe All purpose fortified wheat flour,-,-,-,84.00/Kg,,Nairobi,2026-01-16
Nairobi Supermarkets,Wheat Flour,Elliots self raising flour,-,-,-,90.50/Kg,,Nairobi,2026-01-16
Nairobi Supermarkets,Wheat Flour,Elliots all purpose HBK,-,-,-,82.00/Kg,,Nairobi,2026-01-16
Nairobi Supermarkets,Wheat Flour,Dola premium all pupose,-,-,-,81.50/Kg,,Nairobi,2026-01-16
Nairobi Supermarkets,Wheat Flour,Dola Atta Mark 1,-,-,-,82.00/Kg,,Nairobi,2026-01-16
Nairobi Supermarkets,Wheat Flour,Chapati Afya,-,-,-,135.50/Kg,,Nairobi,2026-01-16
Nairobi Supermarkets,Wheat Flour,Ajab fortofied self raising,-,-,-,85.00/Kg,,Nairobi,2026-01-16
Malimili Livestock Market,Chicken,Improved Kienyeji,-,Male,1000.00/Head,-,55.0,Kakamega,2026-01-16
Nairobi Supermarkets,Wheat Flour,Ajab fortigied Home Baking flour,-,-,-,85.00/Kg,,Nairobi,2026-01-16
Nairobi Supermarkets,Wheat Flour,Ajab fortified mandazi flour,-,-,-,84.50/Kg,,Nairobi,2026-01-16
Malimili Livestock Market,Chicken,Indigenous,-,Male,700.00/Head,-,20.0,Kakamega,2026-01-16
Nairobi Supermarkets,Wheat Flour,210 Home baking flour,-,-,-,80.00/Kg,,Nairobi,2026-01-16
Nairobi Supermarkets,Wheat Flour,210 Atta Mark 1,-,-,-,77.50/Kg,,Nairobi,2026-01-16
Malimili Livestock Market,Chicken,Indigenous,-,Male,1100.00/Head,-,40.0,Kakamega,2026-01-16
Malimili Livestock Market,Chicken,Indigenous,-,Male,1100.00/Head,-,40.0,Kakamega,2026-01-16
Malimili Livestock Market,Chicken,Indigenous,-,Male,1100.00/Head,-,40.0,Kakamega,2026-01-16
Nairobi Supermarkets,Maize Flour,Ugali Afya,-,-,-,146.50/Kg,,Nairobi,2026-01-16
Nairobi Supermarkets,Maize Flour,Soko,-,-,-,80.50/Kg,,Nairobi,2026-01-16
Nairobi Supermarkets,Maize Flour,Raha Premium,-,-,-,100.50/Kg,,Nairobi,2026-01-16
Nairobi Supermarkets,Maize Flour,Pembe,-,-,-,82.00/Kg,,Nairobi,2026-01-16
Nairobi Supermarkets,Maize Flour,Oryx,-,-,-,82.50/Kg,,Nairobi,2026-01-16
Nairobi Supermarkets,Maize Flour,Ndovu,-,-,-,71.00/Kg,,Nairobi,2026-01-16
Nairobi Supermarkets,Maize Flour,Mama,-,-,-,75.50/Kg,,Nairobi,2026-01-16
Nairobi Supermarkets,Maize Flour,Jogoo wimbi,-,-,-,139.50/Kg,,Nairobi,2026-01-16
Nairobi Supermarkets,Maize Flour,Jogoo,-,-,-,77.00/Kg,,Nairobi,2026-01-16
Nairobi Supermarkets,Maize Flour,Hostess,-,-,-,94.00/Kg,,Nairobi,2026-01-16
Nairobi Supermarkets,Maize Flour,Equatorial afya ugali,-,-,-,136.00/Kg,,Nairobi,2026-01-16
Nairobi Supermarkets,Maize Flour,Dola,-,-,-,77.00/Kg,,Nairobi,2026-01-16
Nairobi Supermarkets,Maize Flour,Amaize,-,-,-,101.00/Kg,,Nairobi,2026-01-16
Nairobi Supermarkets,Maize Flour,Ajab,-,-,-,85.50/Kg,,Nairobi,2026-01-16
Nairobi Supermarkets,Maize Flour,210(two ten),-,-,-,77.00/Kg,,Nairobi,2026-01-16
Diani Market,Ginger,-,-,-,180.00/Kg,200.00/Kg,400.0,Kwale,2026-01-16
Diani Market,Kales/Sukuma Wiki,-,-,-,40.00/Kg,60.00/Kg,300.0,Kwale,2026-01-16
Diani Market,Okra (Lady's fingers or Gumbo),-,-,-,60.00/Kg,80.00/Kg,350.0,Kwale,2026-01-16
Diani Market,Spinach,-,-,-,40.00/Kg,60.00/Kg,300.0,Kwale,2026-01-16
Diani Market,Tomatoes,-,-,-,80.00/Kg,100.00/Kg,3000.0,Kwale,2026-01-16
Diani Market,Arrow Root,-,-,-,120.00/Kg,150.00/Kg,2000.0,Kwale,2026-01-16
Diani Market,Sweet potatoes,-,-,-,80.00/Kg,100.00/Kg,3000.0,Kwale,2026-01-16
Kangemi Market,Avocado,Fuerte,-,-,-,100.00/Kg,,Nairobi,2026-01-16
Kangemi Market,Oranges,-,-,-,140.00/Kg,170.00/Kg,,Nairobi,2026-01-16
Kangemi Market,Pineapples,-,-,-,65.00/Kg,80.00/Kg,,Nairobi,2026-01-16
Kangemi Market,White Irish Potatoes,-,-,-,-,80.00/Kg,,Nairobi,2026-01-16
Kangemi Market,Sweet potatoes,-,-,-,55.00/Kg,80.00/Kg,,Nairobi,2026-01-16
Kangemi Market,Dry Maize,White Maize,-,-,4500.00/Kg,5000.00/Kg,,Nairobi,2026-01-16
Kangemi Market,Rice,Pishori,-,-,150.00/Kg,170.00/Kg,,Nairobi,2026-01-16
Kangemi Market,Beans Rosecoco,-,-,-,112.22/Kg,120.00/Kg,,Nairobi,2026-01-16
Kangemi Market,Ground Nuts,Large Brown,-,-,310.00/Kg,-,,Nairobi,2026-01-16
Kangemi Market,Green Grams,Makueni,-,-,161.11/Kg,170.00/Kg,,Nairobi,2026-01-16
Kangemi Market,Beans (Canadian wonder),-,-,-,98.89/Kg,105.00/Kg,,Nairobi,2026-01-16
Kangemi Market,Beans Red Haricot (Wairimu),-,-,-,83.33/Kg,95.00/Kg,,Nairobi,2026-01-16
Kangemi Market,Beans Rosecoco (Nyayo),-,-,-,105.56/Kg,110.00/Kg,,Nairobi,2026-01-16
Kangemi Market,Beans (Yellow-Green),-,-,-,116.67/Kg,125.00/Kg,,Nairobi,2026-01-16
Kangemi Market,Dolichos lablab (Njahi),-,-,-,78.89/Kg,85.00/Kg,,Nairobi,2026-01-16
Kabati - Muranga,Pork,-,-,-,-,700.00/Kg,,Muranga,2026-01-16
Kabati - Muranga,Eggs,Exotic/Grade,-,-,-,400.00/Tray(30),,Muranga,2026-01-16
Kabati - Muranga,Cow Milk(Processd),-,-,-,100.00/Lt,110.00/Lt,,Muranga,2026-01-16
Kabati - Muranga,Cow Milk(At collection point),-,-,-,45.00/Lt,70.00/Lt,,Muranga,2026-01-16
Kabati - Muranga,Water Melon,-,-,-,-,60.00/Kg,,Muranga,2026-01-16
Kabati - Muranga,Tree tomato,-,-,-,70.00/Kg,10.00/Kg,,Muranga,2026-01-16
Kabati - Muranga,Thorn melon,-,-,-,45.00/Kg,60.00/Kg,,Muranga,2026-01-16
Kabati - Muranga,Tangerine (Sandara),-,-,-,45.00/Kg,70.00/Kg,,Muranga,2026-01-16
Kabati - Muranga,Pineapples,-,-,-,22.50/Kg,30.00/Kg,,Muranga,2026-01-16
Kabati - Muranga,Oranges,-,-,-,50.00/Kg,70.00/Kg,,Muranga,2026-01-16
Kabati - Muranga,Mangoes,Improved,-,-,40.00/Kg,80.00/Kg,,Muranga,2026-01-16
Kabati - Muranga,Lemons,-,-,-,50.00/Kg,70.00/Kg,,Muranga,2026-01-16
Kabati - Muranga,Grapes,White,-,-,480.00/Kg,600.00/Kg,,Muranga,2026-01-16
Kabati - Muranga,Banana (Ripening),-,-,-,18.00/Kg,35.00/Kg,,Muranga,2026-01-16
Kabati - Muranga,Avocado,Fuerte,-,-,60.00/Kg,120.00/Kg,,Muranga,2026-01-16
Kabati - Muranga,Apples,-,-,-,120.00/Kg,180.00/Kg,,Muranga,2026-01-16
Kabati - Muranga,Tomatoes,-,-,-,30.00/Kg,45.00/Kg,,Muranga,2026-01-16
Kabati - Muranga,Tomatoes,-,-,-,35.00/Kg,50.00/Kg,,Muranga,2026-01-16
Kabati - Muranga,Spinach,-,-,-,35.00/Kg,50.00/Kg,,Muranga,2026-01-16
Kabati - Muranga,Pumpkin,-,-,-,80.00/Kg,100.00/Kg,,Muranga,2026-01-16
Kabati - Muranga,Kales/Sukuma Wiki,-,-,-,35.00/Kg,50.00/Kg,,Muranga,2026-01-16
Kabati - Muranga,Green Maize,-,-,-,60.00/Kg,80.00/Kg,,Muranga,2026-01-16
Kabati - Muranga,Ginger,-,-,-,400.00/Kg,480.00/Kg,,Muranga,2026-01-16
Kabati - Muranga,Garlic,-,-,-,400.00/Kg,480.00/Kg,,Muranga,2026-01-16
Kabati - Muranga,Fresh Peas,Shelled Peas,-,-,-,280.00/Kg,,Muranga,2026-01-16
Kabati - Muranga,French beans,-,-,-,45.00/Kg,55.00/Kg,,Muranga,2026-01-16
Kabati - Muranga,Coriander (Dhania),-,-,-,35.00/Kg,50.00/Kg,,Muranga,2026-01-16
Kabati - Muranga,Chillies,-,-,-,60.00/Kg,120.00/Kg,,Muranga,2026-01-16
Kabati - Muranga,Capsicums,-,-,-,40.00/Kg,60.00/Kg,,Muranga,2026-01-16
Kabati - Muranga,Cabbages,-,-,-,30.00/Kg,45.00/Kg,,Muranga,2026-01-16
Kabati - Muranga,Butternuts,-,-,-,53.33/Kg,66.67/Kg,,Muranga,2026-01-16
Kabati - Muranga,Banana (Plantain),-,-,-,18.00/Kg,35.00/Kg,,Muranga,2026-01-16
Kabati - Muranga,Banana (Cooking),-,-,-,18.00/Kg,35.00/Kg,,Muranga,2026-01-16
Mumias,Tomatoes,-,-,-,-,76.92/Kg,,Kakamega,2026-01-16
Mumias,Spring Onions,-,-,-,-,100.00/Kg,,Kakamega,2026-01-16
Mumias,Spinach,-,-,-,-,83.33/Kg,,Kakamega,2026-01-16
Mumias,Pumpkin,-,-,-,-,62.50/Kg,,Kakamega,2026-01-16
Mumias,Kales/Sukuma Wiki,-,-,-,-,80.00/Kg,,Kakamega,2026-01-16
Mumias,Ginger,-,-,-,-,312.50/Kg,,Kakamega,2026-01-16
Mumias,Garlic,-,-,-,-,500.00/Kg,,Kakamega,2026-01-16
Mumias,Fresh Peas,Shelled Peas,-,-,-,136.36/Kg,,Kakamega,2026-01-16
Mumias,Dry Onions,-,-,-,-,125.00/Kg,,Kakamega,2026-01-16
Mumias,Cucumber,-,-,-,-,125.00/Kg,,Kakamega,2026-01-16
Mumias,Coriander (Dhania),-,-,-,-,333.33/Kg,,Kakamega,2026-01-16
Mumias,Chillies,-,-,-,-,125.00/Kg,,Kakamega,2026-01-16
Mumias,Carrots,-,-,-,-,83.33/Kg,,Kakamega,2026-01-16
Mumias,Capsicums,-,-,-,-,166.67/Kg,,Kakamega,2026-01-16
Mumias,Cabbages,-,-,-,-,35.71/Kg,,Kakamega,2026-01-16
Mumias,Butternuts,-,-,-,-,83.33/Kg,,Kakamega,2026-01-16
Mumias,Banana (Plantain),-,-,-,-,47.62/Kg,,Kakamega,2026-01-16
Mumias,Banana (Cooking),-,-,-,-,41.67/Kg,,Kakamega,2026-01-16
Mumias,Njugu Mawe,-,-,-,-,545.45/Kg,,Kakamega,2026-01-16
Mumias,Mixed Beans,-,-,-,-,118.18/Kg,,Kakamega,2026-01-16
Mumias,Lentils,-,-,-,-,480.00/Kg,,Kakamega,2026-01-16
Mumias,Ground Nuts,Small Red,-,-,-,261.90/Kg,,Kakamega,2026-01-16
Mumias,Ground Nuts,Large Brown,-,-,-,257.14/Kg,,Kakamega,2026-01-16
Mumias,Green Grams,Local-Special,-,-,-,120.00/Kg,,Kakamega,2026-01-16
Mumias,Green Grams,Hybrid/ polished,-,-,-,180.00/Kg,,Kakamega,2026-01-16
Mumias,Dry Peas,-,-,-,-,260.00/Kg,,Kakamega,2026-01-16
Mumias,Dolichos lablab (Njahi),-,-,-,-,240.00/Kg,,Kakamega,2026-01-16
Mumias,Cowpeas,-,-,-,-,130.43/Kg,,Kakamega,2026-01-16
Mumias,Beans Rosecoco (Nyayo),-,-,-,-,180.00/Kg,,Kakamega,2026-01-16
Mumias,Beans Rosecoco,-,-,-,-,173.91/Kg,,Kakamega,2026-01-16
Mumias,Beans Red Haricot (Wairimu),-,-,-,-,116.67/Kg,,Kakamega,2026-01-16
Mumias,Beans (Yellow-Green),-,-,-,-,173.91/Kg,,Kakamega,2026-01-16
Mumias,Beans (Mwitemania),-,-,-,-,136.36/Kg,,Kakamega,2026-01-16
Mumias,Beans (Mwezi Moja),-,-,-,-,136.36/Kg,,Kakamega,2026-01-16
Mumias,Beans (Canadian wonder),-,-,-,-,160.87/Kg,,Kakamega,2026-01-16
Mumias,Coconut,-,-,-,-,166.67/Kg,,Kakamega,2026-01-16
Mumias,Fertilizer,Urea,-,-,-,92.00/Kg,,Kakamega,2026-01-16
Mumias,Fertilizer,NPK,-,-,-,102.00/Kg,,Kakamega,2026-01-16
Mumias,Fertilizer,CAN,-,-,-,68.00/Kg,,Kakamega,2026-01-16
Mumias,Fertilizer,DAP,-,-,-,104.00/Kg,,Kakamega,2026-01-16
Katito,Sheep,Red Maasai,Grade 2,Male,6500.00/Head,-,650.0,Kisumu,2026-01-15
Katito,Goat,East African Goat,Grade 2,Female,6200.00/Head,-,950.0,Kisumu,2026-01-15
Katito,Goat,East African Goat,Grade 2,Male,7500.00/Head,-,1200.0,Kisumu,2026-01-15
Katito,Cattle,Zebu,Grade 3,Female,32000.00/Head,-,840.0,Kisumu,2026-01-15
Katito,Cattle,Zebu,Grade 4,Male,38000.00/Head,-,540.0,Kisumu,2026-01-15
Katito,Water Melon,-,-,-,62.97/Kg,100.00/Kg,1500.0,Kisumu,2026-01-15
Katito,Mangoes,Improved,-,-,70.00/Kg,108.23/Kg,6500.0,Kisumu,2026-01-15
Katito,Rice,IRR,-,-,300.00/Kg,205.64/Kg,5500.0,Kisumu,2026-01-15
Katito,Green Grams,Local-Special,-,-,150.00/Kg,154.05/Kg,3500.0,Kisumu,2026-01-15
Katito,Chicken,Indigenous,-,Female,950.00/Head,-,1300.0,Kisumu,2026-01-15
Katito,Chicken,Indigenous,-,Male,1100.00/Head,-,950.0,Kisumu,2026-01-15
Katito,Finger Millet,-,-,-,135.00/Kg,182.29/Kg,3800.0,Kisumu,2026-01-15
Katito,Beans (Mwezi Moja),-,-,-,166.67/Kg,124.16/Kg,6500.0,Kisumu,2026-01-15
Katito,Beans Rosecoco,-,-,-,177.78/Kg,148.56/Kg,4500.0,Kisumu,2026-01-15
Katito,Red Irish potato,-,-,-,90.00/Kg,96.71/Kg,8500.0,Kisumu,2026-01-15
Katito,Kales/Sukuma Wiki,-,-,-,37.50/Kg,126.58/Kg,6800.0,Kisumu,2026-01-15
Katito,Cabbages,-,-,-,22.94/Kg,26.46/Kg,3500.0,Kisumu,2026-01-15
Katito,Spring Onions,-,-,-,75.00/Kg,74.18/Kg,1500.0,Kisumu,2026-01-15
Katito,Tomatoes,-,-,-,160.00/Kg,77.12/Kg,6500.0,Kisumu,2026-01-15
Katito,Banana (Cooking),-,-,-,28.13/Kg,50.00/Kg,1800.0,Kisumu,2026-01-15
Katito,Omena,Dried,-,-,177.78/Kg,588.24/Kg,7500.0,Kisumu,2026-01-15
Katito,Tilapia,Fresh,-,-,350.00/Kg,663.45/Kg,3500.0,Kisumu,2026-01-15
Katito,Nile Perch,Fillet,-,-,36.36/Kg,447.23/Kg,2500.0,Kisumu,2026-01-15
Katito,Dry Maize,White Maize,-,-,50.00/Kg,53.45/Kg,7500.0,Kisumu,2026-01-15
Katito,Ground Nuts,Large Brown,-,-,200.00/Kg,267.90/Kg,2500.0,Kisumu,2026-01-15
Diani Market,Okra (Lady's fingers or Gumbo),-,-,-,60.00/Kg,80.00/Kg,250.0,Kwale,2026-01-15
Diani Market,Egg plant (Brinjals),-,-,-,40.00/Kg,60.00/Kg,400.0,Kwale,2026-01-15
Diani Market,Cabbages,-,-,-,80.00/Kg,100.00/Kg,2500.0,Kwale,2026-01-15
Diani Market,Capsicums,-,-,-,80.00/Kg,100.00/Kg,400.0,Kwale,2026-01-15
Diani Market,Carrots,-,-,-,60.00/Kg,80.00/Kg,450.0,Kwale,2026-01-15
Diani Market,Garlic,-,-,-,500.00/Kg,550.00/Kg,300.0,Kwale,2026-01-15
Diani Market,Dry Onions,-,-,-,100.00/Kg,120.00/Kg,1500.0,Kwale,2026-01-15
Diani Market,Tomatoes,-,-,-,100.00/Kg,200.00/Kg,6000.0,Kwale,2026-01-15
Maua,Arrow Root,-,-,-,50.00/Kg,70.00/Kg,1000.0,Meru,2026-01-15
Maua,Sweet potatoes,-,-,-,45.00/Kg,80.00/Kg,800.0,Meru,2026-01-15
Maua,White Irish Potatoes,-,-,-,50.00/Kg,70.00/Kg,40000.0,Meru,2026-01-15
Maua,Carrots,-,-,-,45.00/Kg,60.00/Kg,6000.0,Meru,2026-01-15
Maua,Fresh Peas,On pods,-,-,100.00/Kg,120.00/Kg,2000.0,Meru,2026-01-15
Maua,Spinach,-,-,-,30.00/Kg,50.00/Kg,300.0,Meru,2026-01-15
Maua,Spinach,-,-,-,15.00/Kg,40.00/Kg,560.0,Meru,2026-01-15
Maua,Spring Onions,-,-,-,50.00/Kg,70.00/Kg,1200.0,Meru,2026-01-15
Maua,Capsicums,-,-,-,60.00/Kg,80.00/Kg,2600.0,Meru,2026-01-15
Maua,Dry Onions,-,-,-,80.00/Kg,100.00/Kg,8000.0,Meru,2026-01-15
Maua,Tomatoes,-,-,-,35.00/Kg,50.00/Kg,18000.0,Meru,2026-01-15
Kinango,Tomatoes,-,-,-,55.56/Kg,80.00/Kg,6000.0,Kwale,2026-01-15
Kinango,White Irish Potatoes,-,-,-,57.89/Kg,80.00/Kg,6000.0,Kwale,2026-01-15
Lubao Livestock Market,Sheep,Red Maasai,Grade 2,Male,6000.00/Head,-,50.0,Kakamega,2026-01-15
Kerugoya,White Irish Potatoes,-,-,-,40.00/Kg,70.00/Kg,2300.0,Kirinyaga,2026-01-15
Lubao Livestock Market,Goat,East African Goat,Grade 2,Male,6000.00/Head,-,70.0,Kakamega,2026-01-15
Kerugoya,Thorn melon,-,-,-,30.00/Kg,60.00/Kg,150.0,Kirinyaga,2026-01-15
Lubao Livestock Market,Pigs,Interbreed,-,Male,20000.00/Head,-,6.0,Kakamega,2026-01-15
Lubao Livestock Market,Chicken,Improved Kienyeji,-,Female,800.00/Head,-,150.0,Kakamega,2026-01-15
Kerugoya,Passion Fruits,-,-,-,180.00/Kg,250.00/Kg,250.0,Kirinyaga,2026-01-15
Kerugoya,Oranges,-,-,-,60.00/Kg,120.00/Kg,300.0,Kirinyaga,2026-01-15
Lubao Livestock Market,Chicken,Improved Kienyeji,-,Male,1200.00/Head,-,200.0,Kakamega,2026-01-15
Kerugoya,Mangoes,Improved,-,-,60.00/Kg,120.00/Kg,300.0,Kirinyaga,2026-01-15
Lubao Livestock Market,Cattle,Mixed,Grade 2,Male,60000.00/Head,-,100.0,Kakamega,2026-01-15
Kerugoya,Banana (Ripening),-,-,-,20.00/Kg,50.00/Kg,300.0,Kirinyaga,2026-01-15
Kerugoya,Rice,Pishori,-,-,150.00/Kg,180.00/Kg,2200.0,Kirinyaga,2026-01-15
Lubao Livestock Market,Cattle,Mixed,Grade 2,Male,65000.00/Head,-,150.0,Kakamega,2026-01-15
Kerugoya,Dry Maize,White Maize,-,-,55.00/Kg,70.00/Kg,4500.0,Kirinyaga,2026-01-15
Kerugoya,Tomatoes,-,-,-,25.00/Kg,50.00/Kg,1800.0,Kirinyaga,2026-01-15
Kerugoya,Pumpkin,-,-,-,45.00/Kg,80.00/Kg,200.0,Kirinyaga,2026-01-15
Kerugoya,Kales/Sukuma Wiki,-,-,-,20.00/Kg,40.00/Kg,200.0,Kirinyaga,2026-01-15
Kerugoya,Green Maize,-,-,-,64.00/Kg,80.00/Kg,180.0,Kirinyaga,2026-01-15
Kerugoya,Ginger,-,-,-,175.00/Kg,250.00/Kg,180.0,Kirinyaga,2026-01-15
Kerugoya,Dry Onions,-,-,-,40.00/Kg,80.00/Kg,2400.0,Kirinyaga,2026-01-15
Kerugoya,Courgette,-,-,-,40.00/Kg,80.00/Kg,350.0,Kirinyaga,2026-01-15
Kerugoya,Carrots,-,-,-,40.00/Kg,70.00/Kg,400.0,Kirinyaga,2026-01-15
Kerugoya,Capsicums,-,-,-,30.00/Kg,70.00/Kg,300.0,Kirinyaga,2026-01-15
Kerugoya,Cabbages,-,-,-,20.00/Kg,30.00/Kg,350.0,Kirinyaga,2026-01-15
Kerugoya,Butternuts,-,-,-,70.00/Kg,100.00/Kg,180.0,Kirinyaga,2026-01-15
Kerugoya,Banana (Cooking),-,-,-,15.00/Kg,30.00/Kg,800.0,Kirinyaga,2026-01-15
Kerugoya,Dry Peas,-,-,-,180.00/Kg,220.00/Kg,600.0,Kirinyaga,2026-01-15
Kerugoya,Pigeon peas,-,-,-,130.00/Kg,175.00/Kg,2300.0,Kirinyaga,2026-01-15
Kerugoya,Mixed Beans,-,-,-,110.00/Kg,140.00/Kg,1200.0,Kirinyaga,2026-01-15
Kerugoya,Lentils,-,-,-,230.00/Kg,300.00/Kg,1250.0,Kirinyaga,2026-01-15
Kerugoya,Ground Nuts,Large Brown,-,-,250.00/Kg,350.00/Kg,850.0,Kirinyaga,2026-01-15
Kerugoya,Green Grams,Makueni,-,-,130.00/Kg,175.00/Kg,1600.0,Kirinyaga,2026-01-15
Kerugoya,Green Grams,Local-Special,-,-,120.00/Kg,150.00/Kg,1550.0,Kirinyaga,2026-01-15
Kerugoya,Dolichos lablab (Njahi),-,-,-,120.00/Kg,150.00/Kg,1650.0,Kirinyaga,2026-01-15
Kerugoya,Cowpeas,-,-,-,100.00/Kg,140.00/Kg,2300.0,Kirinyaga,2026-01-15
Kerugoya,Beans Rosecoco (Nyayo),-,-,-,135.00/Kg,175.00/Kg,2500.0,Kirinyaga,2026-01-15
Kerugoya,Beans Rosecoco,-,-,-,130.00/Kg,170.00/Kg,2600.0,Kirinyaga,2026-01-15
Kerugoya,Beans Red Haricot (Wairimu),-,-,-,120.00/Kg,150.00/Kg,2700.0,Kirinyaga,2026-01-15
Kerugoya,Beans (Yellow-Green),-,-,-,145.00/Kg,200.00/Kg,1650.0,Kirinyaga,2026-01-15
Kerugoya,Beans (Mwitemania),-,-,-,130.00/Kg,170.00/Kg,2300.0,Kirinyaga,2026-01-15
Kerugoya,Beans (Mwezi Moja),-,-,-,120.00/Kg,150.00/Kg,2500.0,Kirinyaga,2026-01-15
Kinango,Water Melon,-,-,-,28.00/Kg,50.00/Kg,2000.0,Kwale,2026-01-15
Kinango,Oranges,-,-,-,40.00/Kg,60.00/Kg,600.0,Kwale,2026-01-15
Kinango,Mangoes,Local,-,-,58.00/Kg,100.00/Kg,2500.0,Kwale,2026-01-15
Kinango,Lemons,-,-,-,45.00/Kg,65.00/Kg,300.0,Kwale,2026-01-15
Kinango,Banana (Ripening),-,-,-,45.00/Kg,65.00/Kg,2500.0,Kwale,2026-01-15
Kinango,Avocado,Local,-,-,55.00/Kg,90.00/Kg,500.0,Kwale,2026-01-15
Kinango,Omena,Dried,-,-,514.29/Kg,560.00/Kg,1820.0,Kwale,2026-01-15
Kinango,Black nightshade (Managu/ Osuga),-,-,-,55.00/Kg,75.00/Kg,500.0,Kwale,2026-01-15
Kinango,Amaranthus (Terere),-,-,-,38.00/Kg,60.00/Kg,1200.0,Kwale,2026-01-15
Kinango,Spinach,-,-,-,48.00/Kg,70.00/Kg,400.0,Kwale,2026-01-15
Kinango,Kales/Sukuma Wiki,-,-,-,40.00/Kg,60.00/Kg,2000.0,Kwale,2026-01-15
Kinango,Green Maize,-,-,-,48.00/Kg,70.00/Kg,600.0,Kwale,2026-01-15
Kinango,Ginger,-,-,-,198.00/Kg,250.00/Kg,600.0,Kwale,2026-01-15
Kinango,Garlic,-,-,-,450.00/Kg,550.00/Kg,400.0,Kwale,2026-01-15
Kinango,Egg plant (Brinjals),-,-,-,70.00/Kg,120.00/Kg,500.0,Kwale,2026-01-15
Kinango,Dry Onions,-,-,-,100.00/Kg,150.00/Kg,1500.0,Kwale,2026-01-15
Kinango,Coriander (Dhania),-,-,-,80.00/Kg,120.00/Kg,150.0,Kwale,2026-01-15
Kinango,Chillies,-,-,-,98.00/Kg,150.00/Kg,200.0,Kwale,2026-01-15
Kinango,Carrots,-,-,-,80.00/Kg,120.00/Kg,500.0,Kwale,2026-01-15
Kinango,Capsicums,-,-,-,97.00/Kg,150.00/Kg,700.0,Kwale,2026-01-15
Kinango,Cabbages,-,-,-,25.00/Kg,33.33/Kg,2000.0,Kwale,2026-01-15
Kinango,Banana (Cooking),-,-,-,47.00/Kg,65.00/Kg,600.0,Kwale,2026-01-15
Maua,Lentils,-,-,-,180.00/Kg,200.00/Kg,1000.0,Meru,2026-01-15
Maua,Pigeon peas,-,-,-,88.89/Kg,100.00/Kg,4500.0,Meru,2026-01-15
Maua,Green Grams,Hybrid/ polished,-,-,138.89/Kg,150.00/Kg,9000.0,Meru,2026-01-15
Maua,Cowpeas,-,-,-,100.00/Kg,120.00/Kg,1800.0,Meru,2026-01-15
Maua,Dolichos lablab (Njahi),-,-,-,83.33/Kg,100.00/Kg,9000.0,Meru,2026-01-15
Maua,Mixed Beans,-,-,-,14.00/Kg,90.00/Kg,1260.0,Meru,2026-01-15
Maua,Beans (Yellow-Green),-,-,-,133.33/Kg,150.00/Kg,900.0,Meru,2026-01-15
Maua,Beans Rosecoco (Nyayo),-,-,-,133.33/Kg,150.00/Kg,450.0,Meru,2026-01-15
Maua,Beans (Mwitemania),-,-,-,111.11/Kg,130.00/Kg,8100.0,Meru,2026-01-15
Maua,Rice,Pishori,-,-,160.00/Kg,150.00/Kg,6000.0,Meru,2026-01-15
Maua,Rice,Sindano,-,-,140.00/Kg,160.00/Kg,3800.0,Meru,2026-01-15
Maua,Wheat,-,-,-,86.67/Kg,100.00/Kg,900.0,Meru,2026-01-15
Maua,White Sorghum,-,-,-,80.00/kg,90.00/kg,1000.0,Meru,2026-01-15
Maua,Red Sorghum,-,-,-,80.00/Kg,90.00/Kg,1500.0,Meru,2026-01-15
Maua,Pearl Rush Millet,-,-,-,100.00/Kg,110.00/Kg,2800.0,Meru,2026-01-15
Maua,Finger Millet,-,-,-,130.00/Kg,140.00/Kg,2400.0,Meru,2026-01-15
Maua,Dry Maize,White Maize,-,-,50.00/Kg,60.00/Kg,7200.0,Meru,2026-01-15
Gikomba,Wheat,-,-,-,64.44/Kg,100.00/Kg,,Nairobi,2026-01-15
Gikomba,Rice,Sindano,-,-,160.00/Kg,160.00/Kg,,Nairobi,2026-01-15
Gikomba,Rice,Pishori,-,-,160.00/Kg,180.00/Kg,,Nairobi,2026-01-15
Gikomba,Red Sorghum,-,-,-,72.22/Kg,100.00/Kg,,Nairobi,2026-01-15
Gikomba,Pearl Rush Millet,-,-,-,124.00/Kg,170.00/Kg,,Nairobi,2026-01-15
Gikomba,Finger Millet,-,-,-,83.33/Kg,140.00/Kg,,Nairobi,2026-01-15
Gikomba,Dry Maize,Yellow Maize,-,-,77.78/Kg,100.00/Kg,,Nairobi,2026-01-15
Gikomba,Dry Maize,White Maize,-,-,50.00/Kg,65.00/Kg,,Nairobi,2026-01-15
Gikomba,Lentils,-,-,-,260.00/Kg,300.00/Kg,,Nairobi,2026-01-15
Gikomba,Ground Nuts,Large Brown,-,-,166.67/Kg,275.00/Kg,,Nairobi,2026-01-15
Gikomba,Green Grams,Makueni,-,-,144.44/Kg,200.00/Kg,,Nairobi,2026-01-15
Gikomba,Dolichos lablab (Njahi),-,-,-,88.89/Kg,150.00/Kg,,Nairobi,2026-01-15
Gikomba,Cowpeas,-,-,-,88.89/Kg,150.00/Kg,,Nairobi,2026-01-15
Gikomba,Beans Rosecoco (Nyayo),-,-,-,1055.56/Kg,190.00/Kg,,Nairobi,2026-01-15
Gikomba,Beans Red Haricot (Wairimu),-,-,-,88.89/Kg,150.00/Kg,,Nairobi,2026-01-15
Gikomba,Beans (Yellow-Green),-,-,-,111.11/Kg,200.00/Kg,,Nairobi,2026-01-15
Ngundune,Meat Beef,-,-,-,600.00/Kg,700.00/Kg,3500.0,Meru,2026-01-15
Ngundune,Eggs,Indigenous /Kenyeji,-,-,450.00/Tray(30),600.00/Tray(30),15.0,Meru,2026-01-15
Ngundune,Eggs,Exotic/Grade,-,-,380.00/Tray(30),450.00/Tray(30),100.0,Meru,2026-01-15
Ngundune,Cow Milk(Processd),-,-,-,94.00/Lt,120.00/Lt,1200.0,Meru,2026-01-15
Ngundune,Cow Milk(At collection point),-,-,-,70.00/Lt,80.00/Lt,350.0,Meru,2026-01-15
Ngundune,Cattle,Mixed,Grade 3,Male,35000.00/Head,-,80.0,Meru,2026-01-15
Ngundune,Cattle,Other,Grade 3,Male,60000.00/Head,-,150.0,Meru,2026-01-15
Ngundune,Cattle,Boran,Grade 2,Female,68000.00/Head,-,50.0,Meru,2026-01-15
Ngundune,Cattle,Boran,Grade 3,Male,75000.00/Head,-,120.0,Meru,2026-01-15
Kipini Fish market,Rayfish,Dried,-,-,300.00/ Kg,400.00/ Kg,23.0,Tana-River,2026-01-15
Kipini Fish market,African butter catfish,Fresh,-,-,120.00/Kg,150.00/Kg,18.0,Tana-River,2026-01-15
Kipini Fish market,Jacks/Trevallies(Kolekole),Frozen/Chilled,-,-,270.00/ Kg,350.00/ Kg,285.0,Tana-River,2026-01-15
Kipini Fish market,Scavengers (Changu/Tangu),Frozen/Chilled,-,-,290.00/Kg,380.00/Kg,48.0,Tana-River,2026-01-15
Diani Market,Okra (Lady's fingers or Gumbo),-,-,-,60.00/Kg,80.00/Kg,250.0,Kwale,2026-01-14
Diani Market,Egg plant (Brinjals),-,-,-,40.00/Kg,60.00/Kg,400.0,Kwale,2026-01-14
Diani Market,Cabbages,-,-,-,80.00/Kg,100.00/Kg,2500.0,Kwale,2026-01-14
Diani Market,Capsicums,-,-,-,80.00/Kg,100.00/Kg,400.0,Kwale,2026-01-14
Diani Market,Carrots,-,-,-,60.00/Kg,80.00/Kg,450.0,Kwale,2026-01-14
Diani Market,Garlic,-,-,-,500.00/Kg,550.00/Kg,300.0,Kwale,2026-01-14
Diani Market,Dry Onions,-,-,-,100.00/Kg,120.00/Kg,1500.0,Kwale,2026-01-14
Diani Market,Tomatoes,-,-,-,80.00/Kg,100.00/Kg,6000.0,Kwale,2026-01-14
Mukuyu Market,Banana (Cooking),-,-,-,30.00/Kg,50.00/Kg,,Muranga,2026-01-14
Makutano Kirinyaga,Water Melon,-,-,-,20.00/Kg,40.00/Kg,2800.0,Kirinyaga,2026-01-14
Mukuyu Market,Banana (Plantain),-,-,-,70.00/Kg,100.00/Kg,,Muranga,2026-01-14
Makutano Kirinyaga,Thorn melon,-,-,-,30.00/Kg,50.00/Kg,550.0,Kirinyaga,2026-01-14
Mukuyu Market,Cabbages,-,-,-,-,50.00/Kg,,Muranga,2026-01-14
Mukuyu Market,Capsicums,-,-,-,-,100.00/Kg,,Muranga,2026-01-14
Makutano Kirinyaga,Mangoes,Improved,-,-,10.00/Kg,20.00/Kg,5600.0,Kirinyaga,2026-01-14
Mukuyu Market,Cauliflower,-,-,-,-,180.00/Kg,,Muranga,2026-01-14
Mukuyu Market,Chillies,-,-,-,50.00/Kg,100.00/Kg,,Muranga,2026-01-14
Makutano Kirinyaga,Lemons,-,-,-,60.00/Kg,80.00/Kg,350.0,Kirinyaga,2026-01-14
Mukuyu Market,Coriander (Dhania),-,-,-,50.00/Kg,100.00/Kg,,Muranga,2026-01-14
Mukuyu Market,Courgette,-,-,-,120.00/Kg,150.00/Kg,,Muranga,2026-01-14
Makutano Kirinyaga,Courgette,-,-,-,60.00/Kg,80.00/Kg,860.0,Kirinyaga,2026-01-14
Mukuyu Market,Cucumber,-,-,-,100.00/Kg,150.00/Kg,,Muranga,2026-01-14
Mukuyu Market,Dry Onions,-,-,-,80.00/Kg,100.00/Kg,,Muranga,2026-01-14
Mukuyu Market,Fresh Peas,On pods,-,-,100.00/Kg,120.00/Kg,,Muranga,2026-01-14
Makutano Kirinyaga,Carrots,-,-,-,40.00/Kg,60.00/Kg,2900.0,Kirinyaga,2026-01-14
Mukuyu Market,Garlic,-,-,-,-,350.00/Kg,,Muranga,2026-01-14
Mukuyu Market,Ginger,-,-,-,-,250.00/Kg,,Muranga,2026-01-14
Mukuyu Market,Green Maize,-,-,-,50.00/Kg,60.00/Kg,,Muranga,2026-01-14
Makutano Kirinyaga,Coriander (Dhania),-,-,-,70.00/Kg,100.00/Kg,320.0,Kirinyaga,2026-01-14
Mukuyu Market,Kales/Sukuma Wiki,-,-,-,15.00/Kg,20.00/Kg,,Muranga,2026-01-14
Makutano Kirinyaga,Dry Onions,-,-,-,80.00/Kg,100.00/Kg,3400.0,Kirinyaga,2026-01-14
Mukuyu Market,Pumpkin,-,-,-,100.00/Kg,150.00/Kg,,Muranga,2026-01-14
Mukuyu Market,Spinach,-,-,-,20.00/Kg,30.00/Kg,,Muranga,2026-01-14
Mukuyu Market,Spring Onions,-,-,-,80.00/Kg,100.00/Kg,,Muranga,2026-01-14
Mukuyu Market,Tomatoes,-,-,-,30.00/Kg,40.00/Kg,,Muranga,2026-01-14
Makutano Kirinyaga,Egg plant (Brinjals),-,-,-,30.00/Kg,45.00/Kg,1200.0,Kirinyaga,2026-01-14
Mukuyu Market,Cowpea leaves (Kunde),-,-,-,50.00/Kg,70.00/Kg,,Muranga,2026-01-14
Mukuyu Market,Black nightshade (Managu/ Osuga),-,-,-,40.00/Kg,60.00/Kg,,Muranga,2026-01-14
Mukuyu Market,Amaranthus (Terere),-,-,-,-,70.00/Kg,,Muranga,2026-01-14
Mukuyu Market,Dragon Fruit,-,-,-,-,350.00/Kg,,Muranga,2026-01-14
Mukuyu Market,Eggs,Indigenous /Kenyeji,-,-,-,600.00/Tray(30),,Muranga,2026-01-14
Mukuyu Market,Eggs,Exotic/Grade,-,-,-,380.00/Tray(30),,Muranga,2026-01-14
Mukuyu Market,Cow Milk(At collection point),-,-,-,-,45.00/Lt,,Muranga,2026-01-14
Makutano Kirinyaga,French beans,-,-,-,60.00/Kg,80.00/Kg,380.0,Kirinyaga,2026-01-14
Mukuyu Market,Pork,-,-,-,-,700.00/Kg,,Muranga,2026-01-14
Mukuyu Market,Meat Beef,-,-,-,-,600.00/Kg,,Muranga,2026-01-14
Makutano Kirinyaga,Fresh Peas,On pods,-,-,80.00/Kg,100.00/Kg,3700.0,Kirinyaga,2026-01-14
Makutano Kirinyaga,Garlic,-,-,-,320.00/Kg,400.00/Kg,600.0,Kirinyaga,2026-01-14
Makutano Kirinyaga,Ginger,-,-,-,200.00/Kg,280.00/Kg,650.0,Kirinyaga,2026-01-14
Mukuyu Market,Honey,Crude,-,-,-,800.00/Kg,,Muranga,2026-01-14
Mukuyu Market,Beans (Canadian wonder),-,-,-,-,150.00/Kg,,Muranga,2026-01-14
Mukuyu Market,Beans (Yellow-Green),-,-,-,-,175.00/Kg,,Muranga,2026-01-14
Makutano Kirinyaga,Green Maize,-,-,-,40.00/Kg,60.00/Kg,2400.0,Kirinyaga,2026-01-14
Mukuyu Market,Beans Rosecoco,-,-,-,-,300.00/Kg,,Muranga,2026-01-14
Mukuyu Market,Beans Rosecoco (Nyayo),-,-,-,-,150.00/Kg,,Muranga,2026-01-14
Makutano Kirinyaga,Kales/Sukuma Wiki,-,-,-,20.00/Kg,30.00/Kg,2500.0,Kirinyaga,2026-01-14
Mukuyu Market,Dolichos lablab (Njahi),-,-,-,-,110.00/Kg,,Muranga,2026-01-14
Mukuyu Market,Green Grams,Hybrid/ polished,-,-,-,150.00/Kg,,Muranga,2026-01-14
Mukuyu Market,Ground Nuts,Large Brown,-,-,-,350.00/Kg,,Muranga,2026-01-14
Makutano Kirinyaga,Pumpkin,-,-,-,35.00/Kg,50.00/Kg,3200.0,Kirinyaga,2026-01-14
Makutano Kirinyaga,Spinach,-,-,-,20.00/Kg,30.00/Kg,1800.0,Kirinyaga,2026-01-14
Mukuyu Market,Lentils,-,-,-,-,250.00/Kg,,Muranga,2026-01-14
Mukuyu Market,Pigeon peas,-,-,-,100.00/Kg,125.00/Kg,,Muranga,2026-01-14
Makutano Kirinyaga,Spring Onions,-,-,-,40.00/Kg,60.00/Kg,3400.0,Kirinyaga,2026-01-14
Mukuyu Market,Wheat Flour,210 Atta Mark 1,-,-,-,160.00/Kg,,Muranga,2026-01-14
Makutano Kirinyaga,Tomatoes,-,-,-,18.00/Kg,28.00/Kg,5200.0,Kirinyaga,2026-01-14
Mukuyu Market,Paddy Rice,Sindano,-,-,-,160.00/Kg,,Muranga,2026-01-14
Mukuyu Market,Paddy Rice,Pishori,-,-,-,180.00/Kg,,Muranga,2026-01-14
Makutano Kirinyaga,Pumpkin Leaves,-,-,-,38.00/Kg,50.00/Kg,950.0,Kirinyaga,2026-01-14
Mukuyu Market,Paddy Rice,IRR,-,-,-,90.00/Kg,,Muranga,2026-01-14
Makutano Kirinyaga,Jute Plant (Murenda),-,-,-,20.00/Kg,30.00/Kg,1050.0,Kirinyaga,2026-01-14
Mukuyu Market,Dry Maize,Mixed-Traditional,-,-,100.00/Kg,75.00/Kg,,Muranga,2026-01-14
Makutano Kirinyaga,Cowpea leaves (Kunde),-,-,-,18.00/Kg,30.00/Kg,850.0,Kirinyaga,2026-01-14
Makutano Kirinyaga,Black nightshade (Managu/ Osuga),-,-,-,40.00/Kg,50.00/Kg,2000.0,Kirinyaga,2026-01-14
Makutano Kirinyaga,Amaranthus (Terere),-,-,-,25.00/Kg,40.00/Kg,1800.0,Kirinyaga,2026-01-14
Mwingi Town,Chicken,Indigenous,-,Male,800.00/Head,-,150.0,Kitui,2026-01-14
Mwingi Town,Chicken,Indigenous,-,Male,1100.00/Head,-,100.0,Kitui,2026-01-14
Mwingi Town,Goat,Mixed,Grade 2,Female,8000.00/Head,-,220.0,Kitui,2026-01-14
Mwingi Town,Goat,Mixed,Grade 2,Male,9000.00/Head,-,200.0,Kitui,2026-01-14
Kakamega Town,Dry Maize,White Maize,-,-,38.89/Kg,50.00/Kg,20000.0,Kakamega,2026-01-14
Kakamega Town,Tomatoes,-,-,-,50.00/Kg,80.00/Kg,10000.0,Kakamega,2026-01-14
Kakamega Town,Dry Onions,-,-,-,80.00/Kg,120.00/Kg,6000.0,Kakamega,2026-01-14
Kakamega Town,Cabbages,-,-,-,20.00/Kg,33.33/Kg,7000.0,Kakamega,2026-01-14
Kakamega Town,Beans Rosecoco (Nyayo),-,-,-,154.00/Kg,175.00/Kg,8000.0,Kakamega,2026-01-14
Mwingi Town,Goat,Mixed,Grade 2,Female,9000.00/Head,-,100.0,Kitui,2026-01-14
Mwingi Town,Goat,Mixed,Grade 2,Male,13000.00/Head,-,100.0,Kitui,2026-01-14
Vanga,Scavengers (Changu/Tangu),Fresh,-,-,250.00/Kg,350.00/Kg,200.0,Kwale,2026-01-14
Vanga,Rabbitfish (Tafi/Tasi),Fresh,-,-,200.00/Kg,270.00/Kg,50.0,Kwale,2026-01-14
Vanga,Parrotfishes(Pono),Fresh,-,-,150.00/Kg,200.00/Kg,70.0,Kwale,2026-01-14
Vanga,Kingfish (Nguru),Fresh,-,-,200.00/Kg,250.00/Kg,360.0,Kwale,2026-01-14
Mwingi Town,Kales/Sukuma Wiki,-,-,-,30.00/Kg,50.00/Kg,2000.0,Kitui,2026-01-14
Vanga,Jacks/Trevallies(Kolekole),Fresh,-,-,200.00/ Kg,300.00/ Kg,300.0,Kwale,2026-01-14
Mwingi Town,Banana (Cooking),-,-,-,20.00/Kg,50.00/Kg,2500.0,Kitui,2026-01-14
Mwingi Town,Cabbages,-,-,-,33.33/Kg,40.00/Kg,6000.0,Kitui,2026-01-14
Mwingi Town,Capsicums,-,-,-,60.00/Kg,100.00/Kg,2500.0,Kitui,2026-01-14
Mwingi Town,Tomatoes,-,-,-,50.00/Kg,70.00/Kg,6000.0,Kitui,2026-01-14
Mwingi Town,Dry Onions,-,-,-,90.00/Kg,100.00/Kg,4500.0,Kitui,2026-01-14
Mwingi Town,Carrots,-,-,-,70.00/Kg,80.00/Kg,2500.0,Kitui,2026-01-14
Mwingi Town,Banana (Ripening),-,-,-,24.00/Kg,60.00/Kg,5000.0,Kitui,2026-01-14
Mwingi Town,Mangoes,Local,-,-,30.00/Kg,50.00/Kg,5000.0,Kitui,2026-01-14
Mwingi Town,Mangoes,Improved,-,-,40.00/Kg,50.00/Kg,3000.0,Kitui,2026-01-14
Mwingi Town,Pigeon peas,-,-,-,83.33/Kg,100.00/Kg,4500.0,Kitui,2026-01-14
Mwingi Town,Dolichos lablab (Njahi),-,-,-,80.00/Kg,100.00/Kg,5000.0,Kitui,2026-01-14
Mwingi Town,Beans (Yellow-Green),-,-,-,116.67/Kg,150.00/Kg,10000.0,Kitui,2026-01-14
Sabatia,Mixed Beans,-,-,-,102.22/Kg,108.70/Kg,720.0,Kakamega,2026-01-14
Sabatia,Green Grams,Local-Special,-,-,111.11/Kg,121.74/Kg,840.0,Kakamega,2026-01-14
Sabatia,Ground Nuts,Small Red,-,-,244.44/Kg,285.71/Kg,720.0,Kakamega,2026-01-14
Sabatia,Beans (Yellow-Green),-,-,-,168.89/Kg,173.91/Kg,270.0,Kakamega,2026-01-14
Sabatia,Finger Millet,-,-,-,111.11/Kg,121.74/Kg,720.0,Kakamega,2026-01-14
Sabatia,Red Sorghum,-,-,-,62.22/Kg,68.18/Kg,450.0,Kakamega,2026-01-14
Sabatia,Dry Maize,White Maize,-,-,43.33/Kg,47.83/Kg,9900.0,Kakamega,2026-01-14
Mwingi Town,Beans Rosecoco (Nyayo),-,-,-,105.56/Kg,120.00/Kg,10000.0,Kitui,2026-01-14
Sabatia,Dry Onions,-,-,-,90.00/Kg,150.00/Kg,3000.0,Kakamega,2026-01-14
Sabatia,Tomatoes,-,-,-,46.67/Kg,55.56/Kg,7500.0,Kakamega,2026-01-14
Mwingi Town,Dry Maize,White Maize,-,-,51.11/Kg,55.00/Kg,27000.0,Kitui,2026-01-14
Sabatia,Kales/Sukuma Wiki,-,-,-,58.33/Kg,72.73/Kg,900.0,Kakamega,2026-01-14
Sabatia,Cabbages,-,-,-,30.77/Kg,38.46/Kg,8006.0,Kakamega,2026-01-14
Sabatia,Sweet potatoes,-,-,-,36.00/Kg,38.46/Kg,750.0,Kakamega,2026-01-14
Sabatia,White Irish Potatoes,-,-,-,56.92/Kg,83.33/Kg,6500.0,Kakamega,2026-01-14
Sabatia,Mangoes,Improved,-,-,20.00/Kg,46.15/Kg,2000.0,Kakamega,2026-01-14
Sabatia,Duck,Black Swedish,Grade 1,Female,-,-,4.0,Kakamega,2026-01-14
Sabatia,Duck,Black Swedish,Grade 1,Male,-,-,2.0,Kakamega,2026-01-14
Sabatia,Chicken,Improved Kienyeji,-,Female,500.00/Head,-,35.0,Kakamega,2026-01-14
Sabatia,Chicken,Improved Kienyeji,-,Male,500.00/Head,-,30.0,Kakamega,2026-01-14
Sabatia,Chicken,Improved Kienyeji,-,Female,800.00/Head,-,6.0,Kakamega,2026-01-14
Sabatia,Chicken,Improved Kienyeji,-,Male,900.00/Head,-,1.0,Kakamega,2026-01-14
Sabatia,Chicken,Improved Kienyeji,-,Female,800.00/Head,-,12.0,Kakamega,2026-01-14
Sabatia,Chicken,Improved Kienyeji,-,Female,800.00/Head,-,12.0,Kakamega,2026-01-14
Sabatia,Chicken,Improved Kienyeji,-,Male,1200.00/Head,-,10.0,Kakamega,2026-01-14
Sabatia,Chicken,Indigenous,-,Female,350.00/Head,-,9.0,Kakamega,2026-01-14
Sabatia,Chicken,Indigenous,-,Male,350.00/Head,-,6.0,Kakamega,2026-01-14
Sabatia,Chicken,Indigenous,-,Female,700.00/Head,-,40.0,Kakamega,2026-01-14
Sabatia,Chicken,Indigenous,-,Male,900.00/Head,-,20.0,Kakamega,2026-01-14
Sabatia,Chicken,Indigenous,-,Female,900.00/Head,-,30.0,Kakamega,2026-01-14
Sabatia,Chicken,Indigenous,-,Male,1300.00/Head,-,15.0,Kakamega,2026-01-14
Mulot,Mangoes,Improved,-,-,60.00/Kg,80.00/Kg,3000.0,Bomet,2026-01-14
Mulot,Banana (Ripening),-,-,-,70.00/Kg,100.00/Kg,500.0,Bomet,2026-01-14
Mulot,Carrots,-,-,-,80.00/Kg,100.00/Kg,250.0,Bomet,2026-01-14
Mulot,Butternuts,-,-,-,40.00/Kg,50.00/Kg,300.0,Bomet,2026-01-14
Mulot,Cabbages,-,-,-,30.00/Kg,50.00/Kg,1200.0,Bomet,2026-01-14
Kangeta,White Irish Potatoes,-,-,-,74.00/Kg,76.00/Kg,11000.0,Meru,2026-01-14
Mulot,Tomatoes,-,-,-,73.53/Kg,105.00/Kg,3000.0,Bomet,2026-01-14
Kangeta,Pigeon peas,-,-,-,90.00/Kg,100.00/Kg,300.0,Meru,2026-01-14
Kangeta,Green Grams,Local-Special,-,-,130.00/Kg,140.00/Kg,400.0,Meru,2026-01-14
Kangeta,Dolichos lablab (Njahi),-,-,-,90.00/Kg,100.00/Kg,1200.0,Meru,2026-01-14
Kangeta,Cowpeas,-,-,-,90.00/Kg,100.00/Kg,300.0,Meru,2026-01-14
Kangeta,Beans (Yellow-Green),-,-,-,140.00/Kg,150.00/Kg,200.0,Meru,2026-01-14
Kangeta,Beans (Mwitemania),-,-,-,110.00/Kg,120.00/Kg,500.0,Meru,2026-01-14
Kangeta,Red Sorghum,-,-,-,70.00/Kg,80.00/Kg,500.0,Meru,2026-01-14
Kangeta,Pearl Rush Millet,-,-,-,90.00/Kg,100.00/Kg,600.0,Meru,2026-01-14
Kangeta,Dry Maize,White Maize,-,-,50.00/Kg,60.00/Kg,1000.0,Meru,2026-01-14
Mulot,Dry Onions,-,-,-,80.00/Kg,90.00/Kg,300.0,Bomet,2026-01-14
Kangeta,Water Melon,-,-,-,40.00/Kg,50.00/Kg,600.0,Meru,2026-01-14
Kangeta,Pawpaw,-,-,-,30.00/Kg,40.00/Kg,100.0,Meru,2026-01-14
Kangeta,Mangoes,Local,-,-,25.00/Kg,30.00/Kg,1200.0,Meru,2026-01-14
Kangeta,Lemons,-,-,-,80.00/Kg,90.00/Kg,20.0,Meru,2026-01-14
Kangeta,Banana (Ripening),-,-,-,40.00/Kg,50.00/Kg,800.0,Meru,2026-01-14
Mulot,Spider flower (Saga),-,-,-,120.00/Kg,150.00/Kg,380.0,Bomet,2026-01-14
Kangeta,Apples,-,-,-,140.00/Kg,160.00/Kg,140.0,Meru,2026-01-14
Kangeta,Tomatoes,-,-,-,40.00/Kg,50.00/Kg,3600.0,Meru,2026-01-14
Kangeta,Spring Onions,-,-,-,70.00/Kg,80.00/Kg,120.0,Meru,2026-01-14
Kangeta,Spinach,-,-,-,35.00/Kg,40.00/Kg,300.0,Meru,2026-01-14
Kangeta,Kales/Sukuma Wiki,-,-,-,30.00/Kg,40.00/Kg,350.0,Meru,2026-01-14
Kangeta,Green Maize,-,-,-,50.00/Kg,60.00/Kg,900.0,Meru,2026-01-14
Kangeta,Ginger,-,-,-,240.00/Kg,260.00/Kg,50.0,Meru,2026-01-14
Mulot,Red Sorghum,-,-,-,72.22/Kg,80.00/Kg,580.0,Bomet,2026-01-14
Kangeta,Garlic,-,-,-,380.00/Kg,400.00/Kg,70.0,Meru,2026-01-14
Kangeta,Fresh Peas,On pods,-,-,100.00/Kg,120.00/Kg,350.0,Meru,2026-01-14
Kangeta,Fresh Peas,On pods,-,-,90.00/Kg,100.00/Kg,250.0,Meru,2026-01-14
Mulot,Dry Maize,White Maize,-,-,47.78/Kg,70.00/Kg,5400.0,Bomet,2026-01-14
Kangeta,French beans,-,-,-,110.00/Kg,120.00/Kg,15.0,Meru,2026-01-14
Kangeta,Dry Onions,-,-,-,90.00/Kg,100.00/Kg,2000.0,Meru,2026-01-14
Kangeta,Cucumber,-,-,-,160.00/Kg,170.00/Kg,30.0,Meru,2026-01-14
Kangeta,Courgette,-,-,-,110.00/Kg,120.00/Kg,50.0,Meru,2026-01-14
Kangeta,Coriander (Dhania),-,-,-,50.00/Kg,60.00/Kg,250.0,Meru,2026-01-14
Kangeta,Chillies,-,-,-,180.00/Kg,200.00/Kg,10.0,Meru,2026-01-14
Kangeta,Carrots,-,-,-,40.00/Kg,50.00/Kg,1600.0,Meru,2026-01-14
Kangeta,Carrots,-,-,-,60.00/Kg,70.00/Kg,750.0,Meru,2026-01-14
Kangeta,Capsicums,-,-,-,70.00/Kg,80.00/Kg,200.0,Meru,2026-01-14
Kangeta,Cabbages,-,-,-,25.00/Kg,30.00/Kg,2900.0,Meru,2026-01-14
Kangeta,Butternuts,-,-,-,60.00/Kg,70.00/Kg,180.0,Meru,2026-01-14
Kangeta,Banana (Cooking),-,-,-,20.00/Kg,25.00/Kg,550.0,Meru,2026-01-14
Nairobi Supermarkets,Wheat Flour,Winnie's Pure Health Atta Mark 1,-,-,-,128.50/Kg,,Nairobi,2026-01-14
Nairobi Supermarkets,Wheat Flour,Tropicana HBF,-,-,-,88.50/Kg,,Nairobi,2026-01-14
Nairobi Supermarkets,Wheat Flour,Soko Atta Mark 1,-,-,-,83.50/Kg,,Nairobi,2026-01-14
Nairobi Supermarkets,Wheat Flour,Soko All Purpose HBF,-,-,-,81.50/Kg,,Nairobi,2026-01-14
Nairobi Supermarkets,Wheat Flour,Phulka Atta Mark 1 Chapati Flour,-,-,-,80.50/Kg,,Nairobi,2026-01-14
Nairobi Supermarkets,Wheat Flour,Pembe Atta Mark 1,-,-,-,84.50/Kg,,Nairobi,2026-01-14
Nairobi Supermarkets,Wheat Flour,Pembe All Purpose HBF,-,-,-,83.50/Kg,,Nairobi,2026-01-14
Nairobi Supermarkets,Wheat Flour,Oboma all purpose HBF,-,-,-,79.00/Kg,,Nairobi,2026-01-14
Nairobi Supermarkets,Wheat Flour,Nutra Meal Atta Mark 1,-,-,-,135.00/Kg,,Nairobi,2026-01-14
Nairobi Supermarkets,Wheat Flour,Ndovu all purpose HBF,-,-,-,77.50/Kg,,Nairobi,2026-01-14
Nairobi Supermarkets,Wheat Flour,Mama Home Baking Flour,-,-,-,76.50/Kg,,Nairobi,2026-01-14
Nairobi Supermarkets,Wheat Flour,Kifaru All Purpose HBF,-,-,-,77.50/Kg,,Nairobi,2026-01-14
Nairobi Supermarkets,Wheat Flour,Golden All Purpose,-,-,-,82.00/Kg,,Nairobi,2026-01-14
Nairobi Supermarkets,Wheat Flour,Exe self raising,-,-,-,92.50/Kg,,Nairobi,2026-01-14
Nairobi Supermarkets,Wheat Flour,Exe Mandazi Fortified Wheat Flour,-,-,-,91.50/Kg,,Nairobi,2026-01-14
Nairobi Supermarkets,Wheat Flour,Exe Chapati fortified wheat flour,-,-,-,88.00/Kg,,Nairobi,2026-01-14
Nairobi Supermarkets,Wheat Flour,Exe brown bread,-,-,-,91.00/Kg,,Nairobi,2026-01-14
Nairobi Supermarkets,Wheat Flour,Exe Atta Mark 1,-,-,-,90.50/Kg,,Nairobi,2026-01-14
Nairobi Supermarkets,Wheat Flour,Exe All purpose fortified wheat flour,-,-,-,84.00/Kg,,Nairobi,2026-01-14
Nairobi Supermarkets,Wheat Flour,Elliots self raising flour,-,-,-,90.50/Kg,,Nairobi,2026-01-14
Nairobi Supermarkets,Wheat Flour,Elliots all purpose HBK,-,-,-,82.00/Kg,,Nairobi,2026-01-14
Nairobi Supermarkets,Wheat Flour,Dola premium all pupose,-,-,-,81.50/Kg,,Nairobi,2026-01-14
Nairobi Supermarkets,Wheat Flour,Dola Atta Mark 1,-,-,-,82.00/Kg,,Nairobi,2026-01-14
Nairobi Supermarkets,Wheat Flour,Chapati Afya,-,-,-,135.50/Kg,,Nairobi,2026-01-14
Nairobi Supermarkets,Wheat Flour,Ajab fortofied self raising,-,-,-,85.00/Kg,,Nairobi,2026-01-14
Nairobi Supermarkets,Wheat Flour,Ajab fortigied Home Baking flour,-,-,-,85.50/Kg,,Nairobi,2026-01-14
Nairobi Supermarkets,Wheat Flour,Ajab fortified mandazi flour,-,-,-,85.00/Kg,,Nairobi,2026-01-14
Nairobi Supermarkets,Wheat Flour,210 Home baking flour,-,-,-,80.00/Kg,,Nairobi,2026-01-14
Nairobi Supermarkets,Wheat Flour,210 Atta Mark 1,-,-,-,77.50/Kg,,Nairobi,2026-01-14
Nairobi Supermarkets,Maize Flour,Ugali Afya,-,-,-,145.00/Kg,,Nairobi,2026-01-14
Nairobi Supermarkets,Maize Flour,Soko,-,-,-,80.00/Kg,,Nairobi,2026-01-14
Nairobi Supermarkets,Maize Flour,Raha Premium,-,-,-,100.50/Kg,,Nairobi,2026-01-14
Nairobi Supermarkets,Maize Flour,Pembe,-,-,-,82.00/Kg,,Nairobi,2026-01-14
Nairobi Supermarkets,Maize Flour,Oryx,-,-,-,82.50/Kg,,Nairobi,2026-01-14
Nairobi Supermarkets,Maize Flour,Ndovu,-,-,-,71.00/Kg,,Nairobi,2026-01-14
Nairobi Supermarkets,Maize Flour,Mama,-,-,-,75.50/Kg,,Nairobi,2026-01-14
Nairobi Supermarkets,Maize Flour,Jogoo wimbi,-,-,-,139.50/Kg,,Nairobi,2026-01-14
Nairobi Supermarkets,Maize Flour,Jogoo,-,-,-,77.00/Kg,,Nairobi,2026-01-14
Nairobi Supermarkets,Maize Flour,Hostess,-,-,-,94.00/Kg,,Nairobi,2026-01-14
Nairobi Supermarkets,Maize Flour,Equatorial afya ugali,-,-,-,136.50/Kg,,Nairobi,2026-01-14
Nairobi Supermarkets,Maize Flour,Dola,-,-,-,76.50/Kg,,Nairobi,2026-01-14
Nairobi Supermarkets,Maize Flour,Amaize,-,-,-,99.50/Kg,,Nairobi,2026-01-14
Nairobi Supermarkets,Maize Flour,Ajab,-,-,-,87.00/Kg,,Nairobi,2026-01-14
Nairobi Supermarkets,Maize Flour,210(two ten),-,-,-,77.00/Kg,,Nairobi,2026-01-14
Kabati - Muranga,Black nightshade (Managu/ Osuga),-,-,-,-,50.00/Kg,,Muranga,2026-01-14
Kabati - Muranga,Amaranthus (Terere),-,-,-,-,50.00/Kg,,Muranga,2026-01-14
Kabati - Muranga,Sweet potatoes,-,-,-,80.00/Kg,100.00/Kg,,Muranga,2026-01-14
Kabati - Muranga,Yam,-,-,-,80.00/Kg,100.00/Kg,,Muranga,2026-01-14
Kabati - Muranga,Cassava Fresh,-,-,-,20.00/Kg,35.00/Kg,,Muranga,2026-01-14
Kabati - Muranga,Arrow Root,-,-,-,80.00/Kg,100.00/Kg,,Muranga,2026-01-14
Kabati - Muranga,Water Melon,-,-,-,45.00/Kg,240.00/Kg,,Muranga,2026-01-14
Kabati - Muranga,Tree tomato,-,-,-,-,100.00/Kg,,Muranga,2026-01-14
Kabati - Muranga,Thorn melon,-,-,-,-,60.00/Kg,,Muranga,2026-01-14
Kabati - Muranga,Tangerine (Sandara),-,-,-,-,100.00/Kg,,Muranga,2026-01-14
Kabati - Muranga,Pineapples,-,-,-,-,40.00/Kg,,Muranga,2026-01-14
Kabati - Muranga,Mangoes,Improved,-,-,60.00/Kg,90.00/Kg,,Muranga,2026-01-14
Kabati - Muranga,Lemons,-,-,-,-,80.00/Kg,,Muranga,2026-01-14
Kabati - Muranga,Grapes,White,-,-,480.00/Kg,600.00/Kg,,Muranga,2026-01-14
Kabati - Muranga,Banana (Ripening),-,-,-,18.00/Kg,35.00/Kg,,Muranga,2026-01-14
Kabati - Muranga,Avocado,Fuerte,-,-,60.00/Kg,120.00/Kg,,Muranga,2026-01-14
Kabati - Muranga,Apples,-,-,-,120.00/Kg,180.00/Kg,,Muranga,2026-01-14
Kabati - Muranga,Tomatoes,-,-,-,28.00/Kg,40.00/Kg,,Muranga,2026-01-14
Kabati - Muranga,Spinach,-,-,-,35.00/Kg,50.00/Kg,,Muranga,2026-01-14
Kabati - Muranga,Pumpkin,-,-,-,60.00/Kg,80.00/Kg,,Muranga,2026-01-14
Kabati - Muranga,Kales/Sukuma Wiki,-,-,-,35.00/Kg,45.00/Kg,,Muranga,2026-01-14
Kabati - Muranga,Green Maize,-,-,-,60.00/Kg,80.00/Kg,,Muranga,2026-01-14
Kabati - Muranga,Garlic,-,-,-,400.00/Kg,480.00/Kg,,Muranga,2026-01-14
Kabati - Muranga,French beans,-,-,-,45.00/Kg,55.00/Kg,,Muranga,2026-01-14
Kabati - Muranga,Coriander (Dhania),-,-,-,35.00/Kg,50.00/Kg,,Muranga,2026-01-14
Kabati - Muranga,Chillies,-,-,-,60.00/Kg,120.00/Kg,,Muranga,2026-01-14
Kabati - Muranga,Carrots,-,-,-,45.00/Kg,60.00/Kg,,Muranga,2026-01-14
Kabati - Muranga,Capsicums,-,-,-,40.00/Kg,60.00/Kg,,Muranga,2026-01-14
Kabati - Muranga,Butternuts,-,-,-,70.00/Kg,90.00/Kg,,Muranga,2026-01-14
Kabati - Muranga,Banana (Plantain),-,-,-,20.00/Kg,35.00/Kg,,Muranga,2026-01-14
Kabati - Muranga,Banana (Cooking),-,-,-,20.00/Kg,35.00/Kg,,Muranga,2026-01-14
Vanga,Cuttlefish,Fresh,-,-,200.00/Kg,300.00/Kg,100.0,Kwale,2026-01-13
Vanga,Octopus (Pweza),Fresh,-,-,450.00/Kg,550.00/Kg,520.0,Kwale,2026-01-13
Vanga,Scavengers (Changu/Tangu),Fresh,-,-,200.00/Kg,250.00/Kg,60.0,Kwale,2026-01-13
Vanga,Rabbitfish (Tafi/Tasi),Fresh,-,-,250.00/Kg,350.00/Kg,50.0,Kwale,2026-01-13
Vanga,Parrotfishes(Pono),Fresh,-,-,150.00/Kg,200.00/Kg,60.0,Kwale,2026-01-13
Vanga,Needlefishes,Fresh,-,-,130.00/ Kg,180.00/ Kg,200.0,Kwale,2026-01-13
Vanga,Barracuda(Kasumba),Fresh,-,-,150.00/Kg,200.00/Kg,300.0,Kwale,2026-01-13
Ngurubani Market,Cowpea leaves (Kunde),-,-,-,30.00/Kg,40.00/Kg,225.0,Kirinyaga,2026-01-13
Ngurubani Market,Pumpkin Leaves,-,-,-,20.00/Kg,25.00/Kg,170.0,Kirinyaga,2026-01-13
Ngurubani Market,Black nightshade (Managu/ Osuga),-,-,-,25.00/Kg,35.00/Kg,350.0,Kirinyaga,2026-01-13
Ngurubani Market,Amaranthus (Terere),-,-,-,25.00/Kg,30.00/Kg,520.0,Kirinyaga,2026-01-13
Ngurubani Market,Pork,-,-,-,500.00/Kg,700.00/Kg,420.0,Kirinyaga,2026-01-13
Ngurubani Market,Meat Beef,-,-,-,500.00/Kg,700.00/Kg,2500.0,Kirinyaga,2026-01-13
Ngurubani Market,Eggs,Exotic/Grade,-,-,400.00/Tray(30),450.00/Tray(30),2530.0,Kirinyaga,2026-01-13
Ahero,Finger Millet,-,-,-,185.00/Kg,190.00/Kg,3000.0,Kisumu,2026-01-13
Ngurubani Market,White Irish Potatoes,-,-,-,40.00/Kg,50.00/Kg,23500.0,Kirinyaga,2026-01-13
Ngurubani Market,Sweet potatoes,-,-,-,70.00/Kg,100.00/Kg,450.0,Kirinyaga,2026-01-13
Ngurubani Market,Arrow Root,-,-,-,80.00/Kg,120.00/Kg,850.0,Kirinyaga,2026-01-13
Ngurubani Market,Rice,Pishori,-,-,150.00/Kg,170.00/Kg,135000.0,Kirinyaga,2026-01-13
Ngurubani Market,Red Sorghum,-,-,-,80.00/Kg,100.00/Kg,1350.0,Kirinyaga,2026-01-13
Ngurubani Market,Dry Maize,White Maize,-,-,46.67/Kg,50.00/Kg,6500.0,Kirinyaga,2026-01-13
Ahero,Dry Maize,Mixed-Traditional,-,-,60.00/Kg,65.00/Kg,20000.0,Kisumu,2026-01-13
Ngurubani Market,Water Melon,-,-,-,30.00/Kg,35.00/Kg,1800.0,Kirinyaga,2026-01-13
Ngurubani Market,Tree tomato,-,-,-,100.00/Kg,140.00/Kg,220.0,Kirinyaga,2026-01-13
Ngurubani Market,Thorn melon,-,-,-,60.00/Kg,80.00/Kg,520.0,Kirinyaga,2026-01-13
Ngurubani Market,Pineapples,-,-,-,60.00/Kg,80.00/Kg,850.0,Kirinyaga,2026-01-13
Ngurubani Market,Pawpaw,-,-,-,25.00/Kg,40.00/Kg,250.0,Kirinyaga,2026-01-13
Ngurubani Market,Passion Fruits,-,-,-,150.00/Kg,200.00/Kg,250.0,Kirinyaga,2026-01-13
Ngurubani Market,Mangoes,Improved,-,-,60.00/Kg,80.00/Kg,2500.0,Kirinyaga,2026-01-13
Ngurubani Market,Lemons,-,-,-,40.00/Kg,60.00/Kg,120.0,Kirinyaga,2026-01-13
Ngurubani Market,Avocado,Local,-,-,60.00/Kg,90.00/Kg,820.0,Kirinyaga,2026-01-13
Ngurubani Market,Tomatoes,-,-,-,25.00/Kg,35.00/Kg,4500.0,Kirinyaga,2026-01-13
Ngurubani Market,Spring Onions,-,-,-,50.00/Kg,70.00/Kg,550.0,Kirinyaga,2026-01-13
Ngurubani Market,Spinach,-,-,-,25.00/Kg,35.00/Kg,520.0,Kirinyaga,2026-01-13
Ngurubani Market,Pumpkin,-,-,-,30.00/Kg,35.00/Kg,2580.0,Kirinyaga,2026-01-13
Ngurubani Market,Kales/Sukuma Wiki,-,-,-,25.00/Kg,30.00/Kg,850.0,Kirinyaga,2026-01-13
Ngurubani Market,Green Maize,-,-,-,35.00/Kg,50.00/Kg,2250.0,Kirinyaga,2026-01-13
Ngurubani Market,Fresh Peas,On pods,-,-,70.00/Kg,100.00/Kg,858.0,Kirinyaga,2026-01-13
Ngurubani Market,French beans,-,-,-,60.00/Kg,80.00/Kg,250.0,Kirinyaga,2026-01-13
Ngurubani Market,Egg plant (Brinjals),-,-,-,30.00/Kg,50.00/Kg,52.0,Kirinyaga,2026-01-13
Ahero,Spider flower (Saga),-,-,-,70.00/Kg,80.00/Kg,420.0,Kisumu,2026-01-13
Ngurubani Market,Dry Onions,-,-,-,70.00/Kg,100.00/Kg,5580.0,Kirinyaga,2026-01-13
Ahero,Indigenous Crotolaria (Mito/Miro),-,-,-,70.00/Kg,80.00/Kg,300.0,Kisumu,2026-01-13
Ngurubani Market,Cucumber,-,-,-,50.00/Kg,70.00/Kg,220.0,Kirinyaga,2026-01-13
Ngurubani Market,Courgette,-,-,-,50.00/Kg,70.00/Kg,170.0,Kirinyaga,2026-01-13
Ngurubani Market,Coriander (Dhania),-,-,-,50.00/Kg,70.00/Kg,120.0,Kirinyaga,2026-01-13
Ngurubani Market,Chillies,-,-,-,60.00/Kg,100.00/Kg,230.0,Kirinyaga,2026-01-13
Ngurubani Market,Capsicums,-,-,-,50.00/Kg,70.00/Kg,350.0,Kirinyaga,2026-01-13
Ngurubani Market,Cabbages,-,-,-,30.00/Kg,35.00/Kg,19500.0,Kirinyaga,2026-01-13
Ngurubani Market,Butternuts,-,-,-,35.00/Kg,45.00/Kg,3350.0,Kirinyaga,2026-01-13
Ngurubani Market,Banana (Cooking),-,-,-,28.00/Kg,35.00/Kg,3580.0,Kirinyaga,2026-01-13
Ngurubani Market,Pigeon peas,-,-,-,50.00/Kg,80.00/Kg,2500.0,Kirinyaga,2026-01-13
Ngurubani Market,Mixed Beans,-,-,-,86.67/Kg,120.00/Kg,855.0,Kirinyaga,2026-01-13
Ngurubani Market,Lentils,-,-,-,188.89/Kg,240.00/Kg,2550.0,Kirinyaga,2026-01-13
Ngurubani Market,Green Grams,Hybrid/ polished,-,-,102.22/Kg,160.00/Kg,2150.0,Kirinyaga,2026-01-13
Ahero,Ethiopian Kales -Kanzira,-,-,-,70.00/Kg,80.00/Kg,350.0,Kisumu,2026-01-13
Ngurubani Market,Dolichos lablab (Njahi),-,-,-,72.22/Kg,90.00/Kg,3580.0,Kirinyaga,2026-01-13
Ahero,Cowpea leaves (Kunde),-,-,-,60.00/Kg,70.00/Kg,2700.0,Kisumu,2026-01-13
Ahero,Black nightshade (Managu/ Osuga),-,-,-,70.00/Kg,80.00/Kg,400.0,Kisumu,2026-01-13
Ahero,Tomatoes,-,-,-,90.00/Kg,100.00/Kg,12000.0,Kisumu,2026-01-13
Ahero,Spring Onions,-,-,-,70.00/Kg,80.00/Kg,2400.0,Kisumu,2026-01-13
Ahero,Kales/Sukuma Wiki,-,-,-,60.00/Kg,70.00/Kg,4000.0,Kisumu,2026-01-13
Ahero,Green Maize,-,-,-,70.00/Kg,80.00/Kg,500.0,Kisumu,2026-01-13
Ahero,Ginger,-,-,-,330.00/Kg,350.00/Kg,240.0,Kisumu,2026-01-13
Ahero,Garlic,-,-,-,500.00/Kg,550.00/Kg,40.0,Kisumu,2026-01-13
Ahero,Dry Onions,-,-,-,90.00/Kg,100.00/Kg,1200.0,Kisumu,2026-01-13
Ahero,Cabbages,-,-,-,50.00/Kg,60.00/Kg,24000.0,Kisumu,2026-01-13
Ahero,Banana (Plantain),-,-,-,50.00/Kg,60.00/Kg,4000.0,Kisumu,2026-01-13
Ahero,Banana (Cooking),-,-,-,70.00/Kg,80.00/Kg,2500.0,Kisumu,2026-01-13
Ahero,Ground Nuts,Small Red,-,-,350.00/Kg,375.00/Kg,3500.0,Kisumu,2026-01-13
Ahero,Ground Nuts,Large Brown,-,-,325.00/Kg,350.00/Kg,8300.0,Kisumu,2026-01-13
Ahero,Green Grams,Hybrid/ polished,-,-,175.00/Kg,190.00/Kg,6900.0,Kisumu,2026-01-13
Ahero,Cowpeas,-,-,-,165.00/Kg,175.00/Kg,900.0,Kisumu,2026-01-13
Ahero,Beans Rosecoco,-,-,-,150.00/Kg,165.00/Kg,5000.0,Kisumu,2026-01-13
Ngurubani Market,Cowpeas,-,-,-,102.22/Kg,162.50/Kg,850.0,Kirinyaga,2026-01-13
Ngurubani Market,Beans Rosecoco (Nyayo),-,-,-,111.11/Kg,175.00/Kg,2580.0,Kirinyaga,2026-01-13
Ngurubani Market,Beans Red Haricot (Wairimu),-,-,-,100.00/Kg,155.00/Kg,6500.0,Kirinyaga,2026-01-13
Ngurubani Market,Beans (Yellow-Green),-,-,-,122.22/Kg,190.00/Kg,3500.0,Kirinyaga,2026-01-13
Ngurubani Market,Beans (Mwitemania),-,-,-,91.11/Kg,125.00/Kg,2580.0,Kirinyaga,2026-01-13
Ngurubani Market,Fertilizer,NPK,-,-,90.00/Kg,100.00/Kg,220000.0,Kirinyaga,2026-01-13
Ahero,Beans Red Haricot (Wairimu),-,-,-,150.00/Kg,1650.00/Kg,3900.0,Kisumu,2026-01-13
Ngurubani Market,Fertilizer,DAP,-,-,124.00/Kg,130.00/Kg,125000.0,Kirinyaga,2026-01-13
Ngurubani Market,Fertilizer,CAN,-,-,65.00/Kg,80.00/Kg,52500.0,Kirinyaga,2026-01-13
Ahero,Beans (Yellow-Green),-,-,-,225.00/Kg,250.00/Kg,8000.0,Kisumu,2026-01-13
Ahero,Beans (Mwezi Moja),-,-,-,150.00/Kg,165.00/Kg,4900.0,Kisumu,2026-01-13
Ahero,Beans (Canadian wonder),-,-,-,150.00/Kg,165.00/Kg,6000.0,Kisumu,2026-01-13
Ahero,Fertilizer,NPK,-,-,116.00/Kg,120.00/Kg,27000.0,Kisumu,2026-01-13
Ahero,Fertilizer,DAP,-,-,130.00/Kg,140.00/Kg,45000.0,Kisumu,2026-01-13
Ahero,Fertilizer,CAN,-,-,66.00/Kg,70.00/Kg,35000.0,Kisumu,2026-01-13
Holo,Pork,-,-,-,-,600.00/Kg,,Kisumu,2026-01-13
Holo,Meat Beef,-,-,-,-,600.00/Kg,,Kisumu,2026-01-13
Holo,Honey,Crude,-,-,-,1000.00/Kg,,Kisumu,2026-01-13
Holo,Eggs,Indigenous /Kenyeji,-,-,15.00/Tray(30),20.00/Tray(30),,Kisumu,2026-01-13
Holo,Eggs,Exotic/Grade,-,-,14.33/Tray(30),18.00/Tray(30),,Kisumu,2026-01-13
Holo,Cow Milk(At collection point),-,-,-,-,80.00/Lt,,Kisumu,2026-01-13
Holo,Sheep,Red Maasai,Grade 3,Male,6500.00/Head,-,,Kisumu,2026-01-13
Holo,Goat,Mixed,Grade 3,Male,5500.00/Head,-,,Kisumu,2026-01-13
Holo,Chicken,Layers,-,Male,450.00/Head,-,,Kisumu,2026-01-13
Holo,Chicken,Indigenous,-,Male,1100.00/Head,-,,Kisumu,2026-01-13
Holo,Chicken,Improved Kienyeji,-,Male,1200.00/Head,-,,Kisumu,2026-01-13
Holo,Chicken,Broiler,-,Male,550.00/Head,-,,Kisumu,2026-01-13
Holo,Cattle,Mixed,Grade 3,Male,41000.00/Head,-,,Kisumu,2026-01-13
Holo,Prawns,Dried,-,-,12.50/Kg,25.00/Kg,,Kisumu,2026-01-13
Holo,Tilapia,Dried,-,-,-,370.00/Kg,,Kisumu,2026-01-13
Holo,Omena,Dried,-,-,-,300.00/Kg,,Kisumu,2026-01-13
Holo,Nile Perch,Fresh,-,-,-,320.00/Kg,,Kisumu,2026-01-13
Holo,White Irish Potatoes,-,-,-,100.00/Kg,100.00/Kg,,Kisumu,2026-01-13
Holo,Sweet potatoes,-,-,-,-,100.00/Kg,,Kisumu,2026-01-13
Holo,Cassava Fresh,-,-,-,-,100.00/Kg,,Kisumu,2026-01-13
Holo,Cassava Chips (dry),-,-,-,-,75.00/Kg,,Kisumu,2026-01-13
Holo,Arrow Root,-,-,-,-,150.00/Kg,,Kisumu,2026-01-13
Holo,Water Melon,-,-,-,-,125.00/Kg,,Kisumu,2026-01-13
Holo,Thorn melon,-,-,-,-,150.00/Kg,,Kisumu,2026-01-13
Holo,Tangerine (Sandara),-,-,-,-,150.00/Kg,,Kisumu,2026-01-13
Holo,Pawpaw,-,-,-,-,100.00/Kg,,Kisumu,2026-01-13
Holo,Oranges,-,-,-,-,200.00/Kg,,Kisumu,2026-01-13
Holo,Mangoes,Local,-,-,-,100.00/Kg,,Kisumu,2026-01-13
Holo,Mangoes,Improved,-,-,-,150.00/Kg,,Kisumu,2026-01-13
Holo,Limes,-,-,-,-,200.00/Kg,,Kisumu,2026-01-13
Holo,Lemons,-,-,-,-,150.00/Kg,,Kisumu,2026-01-13
Holo,Avocado,Local,-,-,-,100.00/Kg,,Kisumu,2026-01-13
Holo,Avocado,Hass,-,-,-,150.00/Kg,,Kisumu,2026-01-13
Holo,White Sorghum,-,-,-,60.00/kg,75.00/kg,,Kisumu,2026-01-13
Holo,Rice,Pishori,-,-,172.00/Kg,250.00/Kg,,Kisumu,2026-01-13
Holo,Red Sorghum,-,-,-,60.00/Kg,75.00/Kg,,Kisumu,2026-01-13
Holo,Maize Flour,Dola,-,-,-,75.00/Kg,,Kisumu,2026-01-13
Holo,Maize Flour,Ajab,-,-,-,90.00/Kg,,Kisumu,2026-01-13
Holo,Finger Millet,-,-,-,175.00/Kg,200.00/Kg,,Kisumu,2026-01-13
Holo,Dry Maize,Yellow Maize,-,-,-,60.00/Kg,,Kisumu,2026-01-13
Holo,Dry Maize,White Maize,-,-,44.44/Kg,60.00/Kg,,Kisumu,2026-01-13
Holo,Spider flower (Saga),-,-,-,-,90.00/Kg,,Kisumu,2026-01-13
Holo,Pumpkin Leaves,-,-,-,-,70.00/Kg,,Kisumu,2026-01-13
Holo,Jute Plant (Murenda),-,-,-,-,60.00/Kg,,Kisumu,2026-01-13
Holo,Indigenous Crotolaria (Mito/Miro),-,-,-,-,80.00/Kg,,Kisumu,2026-01-13
Holo,Ethiopian Kales -Kanzira,-,-,-,-,70.00/Kg,,Kisumu,2026-01-13
Holo,Cowpea leaves (Kunde),-,-,-,-,60.00/Kg,,Kisumu,2026-01-13
Holo,Black nightshade (Managu/ Osuga),-,-,-,-,90.00/Kg,,Kisumu,2026-01-13
Holo,Amaranthus (Terere),-,-,-,-,80.00/Kg,,Kisumu,2026-01-13
Holo,Tomatoes,-,-,-,107.14/Kg,120.00/Kg,,Kisumu,2026-01-13
Holo,Spring Onions,-,-,-,42.31/Kg,60.00/Kg,,Kisumu,2026-01-13
Holo,Spinach,-,-,-,-,50.00/Kg,,Kisumu,2026-01-13
Holo,Kales/Sukuma Wiki,-,-,-,38.33/Kg,50.00/Kg,,Kisumu,2026-01-13
Holo,Green Maize,-,-,-,-,120.00/Kg,,Kisumu,2026-01-13
Holo,Ginger,-,-,-,-,180.00/Kg,,Kisumu,2026-01-13
Holo,Garlic,-,-,-,-,400.00/Kg,,Kisumu,2026-01-13
Holo,Egg plant (Brinjals),-,-,-,-,100.00/Kg,,Kisumu,2026-01-13
Holo,Dry Onions,-,-,-,76.19/Kg,80.00/Kg,,Kisumu,2026-01-13
Holo,Cucumber,-,-,-,-,150.00/Kg,,Kisumu,2026-01-13
Holo,Coriander (Dhania),-,-,-,-,150.00/Kg,,Kisumu,2026-01-13
Holo,Chillies,-,-,-,-,120.00/Kg,,Kisumu,2026-01-13
Holo,Carrots,-,-,-,-,100.00/Kg,,Kisumu,2026-01-13
Holo,Capsicums,-,-,-,-,130.00/Kg,,Kisumu,2026-01-13
Holo,Cabbages,-,-,-,-,80.00/Kg,,Kisumu,2026-01-13
Holo,Butternuts,-,-,-,-,150.00/Kg,,Kisumu,2026-01-13
Holo,Banana (Plantain),-,-,-,-,166.67/Kg,,Kisumu,2026-01-13
Holo,Banana (Cooking),-,-,-,150.00/Kg,-,,Kisumu,2026-01-13
Holo,Banana (Cooking),-,-,-,150.00/Kg,-,,Kisumu,2026-01-13
Holo,Banana (Cooking),-,-,-,150.00/Kg,-,,Kisumu,2026-01-13
Holo,Mixed Beans,-,-,-,12.44/Kg,150.00/Kg,,Kisumu,2026-01-13
Holo,Ground Nuts,Small Red,-,-,300.00/Kg,325.00/Kg,,Kisumu,2026-01-13
Holo,Ground Nuts,Large Brown,-,-,275.00/Kg,300.00/Kg,,Kisumu,2026-01-13
Holo,Green Grams,Local-Special,-,-,175.00/Kg,200.00/Kg,,Kisumu,2026-01-13
Holo,Green Grams,Hybrid/ polished,-,-,200.00/Kg,225.00/Kg,,Kisumu,2026-01-13
Holo,Cowpeas,-,-,-,225.00/Kg,250.00/Kg,,Kisumu,2026-01-13
Holo,Beans Rosecoco (Nyayo),-,-,-,200.00/Kg,225.00/Kg,,Kisumu,2026-01-13
Holo,Beans Rosecoco,-,-,-,225.00/Kg,250.00/Kg,,Kisumu,2026-01-13
Holo,Beans Red Haricot (Wairimu),-,-,-,175.00/Kg,200.00/Kg,,Kisumu,2026-01-13
Holo,Beans (Yellow-Green),-,-,-,225.00/Kg,250.00/Kg,,Kisumu,2026-01-13
Holo,Beans (Mwezi Moja),-,-,-,200.00/Kg,225.00/Kg,,Kisumu,2026-01-13
Holo,Beans (Canadian wonder),-,-,-,200.00/Kg,225.00/Kg,,Kisumu,2026-01-13
Holo,Fertilizer,CAN,-,-,62.00/Kg,80.00/Kg,,Kisumu,2026-01-13
Holo,Fertilizer,DAP,-,-,107.00/Kg,150.00/Kg,,Kisumu,2026-01-13
Musoli Market,Beans Red Haricot (Wairimu),-,-,-,120.00/Kg,116.67/Kg,720.0,Kakamega,2026-01-13
Musoli Market,Ground Nuts,Small Red,-,-,235.56/Kg,261.90/Kg,720.0,Kakamega,2026-01-13
Musoli Market,Green Grams,Local-Special,-,-,124.44/Kg,125.00/Kg,450.0,Kakamega,2026-01-13
Musoli Market,Beans (Yellow-Green),-,-,-,177.78/Kg,187.50/Kg,180.0,Kakamega,2026-01-13
Musoli Market,Cowpeas,-,-,-,124.44/Kg,125.00/Kg,990.0,Kakamega,2026-01-13
Musoli Market,Cabbages,-,-,-,35.71/Kg,42.86/Kg,8708.0,Kakamega,2026-01-13
Musoli Market,Red Sorghum,-,-,-,62.22/Kg,68.18/Kg,360.0,Kakamega,2026-01-13
Musoli Market,Finger Millet,-,-,-,111.11/Kg,117.39/Kg,360.0,Kakamega,2026-01-13
Musoli Market,Dry Maize,White Maize,-,-,44.44/Kg,47.83/Kg,18000.0,Kakamega,2026-01-13
Musoli Market,White Irish Potatoes,-,-,-,61.54/Kg,55.56/Kg,8607.0,Kakamega,2026-01-13
Musoli Market,Tomatoes,-,-,-,60.00/Kg,100.00/Kg,7500.0,Kakamega,2026-01-13
Musoli Market,Kales/Sukuma Wiki,-,-,-,45.00/Kg,80.00/Kg,600.0,Kakamega,2026-01-13
Musoli Market,Chicken,Improved Kienyeji,-,Female,400.00/Head,-,25.0,Kakamega,2026-01-13
Musoli Market,Chicken,Improved Kienyeji,-,Male,400.00/Head,-,9.0,Kakamega,2026-01-13
Musoli Market,Chicken,Improved Kienyeji,-,Female,500.00/Head,-,4.0,Kakamega,2026-01-13
Musoli Market,Chicken,Improved Kienyeji,-,Male,650.00/Head,-,10.0,Kakamega,2026-01-13
Musoli Market,Chicken,Improved Kienyeji,-,Female,800.00/Head,-,15.0,Kakamega,2026-01-13
Musoli Market,Chicken,Improved Kienyeji,-,Male,1000.00/Head,-,8.0,Kakamega,2026-01-13
Musoli Market,Chicken,Indigenous,-,Female,350.00/Head,-,15.0,Kakamega,2026-01-13
Musoli Market,Chicken,Indigenous,-,Male,350.00/Head,-,8.0,Kakamega,2026-01-13
Musoli Market,Chicken,Indigenous,-,Female,650.00/Head,-,30.0,Kakamega,2026-01-13
Musoli Market,Chicken,Indigenous,-,Male,700.00/Head,-,25.0,Kakamega,2026-01-13
Musoli Market,Chicken,Indigenous,-,Female,800.00/Head,-,30.0,Kakamega,2026-01-13
Musoli Market,Chicken,Indigenous,-,Male,1200.00/Head,-,10.0,Kakamega,2026-01-13
Musoli Market,Goat,Mixed,Grade 3,Female,4500.00/Head,-,5.0,Kakamega,2026-01-13
Musoli Market,Goat,Mixed,Grade 3,Male,4000.00/Head,-,7.0,Kakamega,2026-01-13
Musoli Market,Goat,Mixed,Grade 2,Female,4800.00/Head,-,3.0,Kakamega,2026-01-13
Musoli Market,Goat,Mixed,Grade 2,Male,4500.00/Head,-,5.0,Kakamega,2026-01-13
Musoli Market,Goat,Mixed,Grade 1,Female,5100.00/Head,-,3.0,Kakamega,2026-01-13
Musoli Market,Goat,Mixed,Grade 1,Male,4800.00/Head,-,2.0,Kakamega,2026-01-13
Musoli Market,Goat,Mixed,Grade 3,Female,5000.00/Head,-,9.0,Kakamega,2026-01-13
Musoli Market,Goat,Mixed,Grade 3,Male,5500.00/Head,-,5.0,Kakamega,2026-01-13
Musoli Market,Goat,Mixed,Grade 2,Female,5500.00/Head,-,6.0,Kakamega,2026-01-13
Musoli Market,Goat,Mixed,Grade 2,Male,6000.00/Head,-,4.0,Kakamega,2026-01-13
Musoli Market,Goat,Mixed,Grade 1,Female,6200.00/Head,-,5.0,Kakamega,2026-01-13
Musoli Market,Goat,Mixed,Grade 1,Male,6800.00/Head,-,7.0,Kakamega,2026-01-13
Musoli Market,Goat,Mixed,Grade 3,Female,6500.00/Head,-,9.0,Kakamega,2026-01-13
Musoli Market,Goat,Mixed,Grade 3,Male,7000.00/Head,-,6.0,Kakamega,2026-01-13
Musoli Market,Goat,Mixed,Grade 2,Female,7500.00/Head,-,2.0,Kakamega,2026-01-13
Musoli Market,Goat,Mixed,Grade 2,Male,9500.00/Head,-,3.0,Kakamega,2026-01-13
Musoli Market,Goat,Mixed,Grade 1,Female,9000.00/Head,-,1.0,Kakamega,2026-01-13
Musoli Market,Goat,Mixed,Grade 1,Male,12000.00/Head,-,2.0,Kakamega,2026-01-13
Musoli Market,Cattle,Mixed,Grade 3,Female,20000.00/Head,-,5.0,Kakamega,2026-01-13
Musoli Market,Cattle,Mixed,Grade 3,Male,19000.00/Head,-,6.0,Kakamega,2026-01-13
Musoli Market,Cattle,Mixed,Grade 2,Female,24000.00/Head,-,6.0,Kakamega,2026-01-13
Musoli Market,Cattle,Mixed,Grade 2,Male,21000.00/Head,-,7.0,Kakamega,2026-01-13
Musoli Market,Cattle,Mixed,Grade 1,Female,26000.00/Head,-,8.0,Kakamega,2026-01-13
Musoli Market,Cattle,Mixed,Grade 1,Male,23000.00/Head,-,5.0,Kakamega,2026-01-13
Musoli Market,Cattle,Mixed,Grade 3,Female,30000.00/Head,-,5.0,Kakamega,2026-01-13
Musoli Market,Cattle,Mixed,Grade 3,Male,28000.00/Head,-,7.0,Kakamega,2026-01-13
Musoli Market,Cattle,Mixed,Grade 2,Female,35000.00/Head,-,5.0,Kakamega,2026-01-13
Musoli Market,Cattle,Mixed,Grade 2,Male,32000.00/Head,-,5.0,Kakamega,2026-01-13
Musoli Market,Cattle,Mixed,Grade 2,Female,40000.00/Head,-,8.0,Kakamega,2026-01-13
Musoli Market,Cattle,Mixed,Grade 1,Male,38000.00/Head,-,6.0,Kakamega,2026-01-13
Musoli Market,Cattle,Mixed,Grade 3,Female,42000.00/Head,-,7.0,Kakamega,2026-01-13
Musoli Market,Cattle,Mixed,Grade 3,Male,45000.00/Head,-,4.0,Kakamega,2026-01-13
Musoli Market,Cattle,Zebu,Grade 2,Female,58000.00/Head,-,2.0,Kakamega,2026-01-13
Musoli Market,Cattle,Mixed,Grade 2,Male,65000.00/Head,-,3.0,Kakamega,2026-01-13
Musoli Market,Cattle,Zebu,Grade 1,Female,68000.00/Head,-,3.0,Kakamega,2026-01-13
Musoli Market,Cattle,Mixed,Grade 1,Male,98000.00/Head,-,1.0,Kakamega,2026-01-13
Musoli Market,Cattle,Zebu,Grade 3,Female,20000.00/Head,-,8.0,Kakamega,2026-01-13
Musoli Market,Cattle,Zebu,Grade 3,Male,18000.00/Head,-,5.0,Kakamega,2026-01-13
Musoli Market,Cattle,Zebu,Grade 2,Female,23000.00/Head,-,6.0,Kakamega,2026-01-13
Musoli Market,Cattle,Zebu,Grade 2,Male,20000.00/Head,-,8.0,Kakamega,2026-01-13
Musoli Market,Cattle,Zebu,Grade 1,Female,25000.00/Head,-,7.0,Kakamega,2026-01-13
Musoli Market,Cattle,Zebu,Grade 1,Male,22000.00/Head,-,9.0,Kakamega,2026-01-13
Musoli Market,Cattle,Zebu,Grade 3,Male,30000.00/Head,-,4.0,Kakamega,2026-01-13
Musoli Market,Cattle,Zebu,Grade 3,Male,28000.00/Head,-,6.0,Kakamega,2026-01-13
Musoli Market,Cattle,Zebu,Grade 2,Female,35000.00/Head,-,8.0,Kakamega,2026-01-13
Musoli Market,Cattle,Zebu,Grade 2,Male,33000.00/Head,-,9.0,Kakamega,2026-01-13
Musoli Market,Cattle,Zebu,Grade 1,Female,38000.00/Head,-,11.0,Kakamega,2026-01-13
Musoli Market,Cattle,Zebu,Grade 1,Male,35000.00/Head,-,8.0,Kakamega,2026-01-13
Musoli Market,Cattle,Zebu,Grade 3,Female,42000.00/Head,-,8.0,Kakamega,2026-01-13
Musoli Market,Cattle,Zebu,Grade 3,Male,45000.00/Head,-,10.0,Kakamega,2026-01-13
Musoli Market,Cattle,Zebu,Grade 2,Female,2.00/Head,-,55000.0,Kakamega,2026-01-13
Musoli Market,Cattle,Zebu,Grade 2,Male,68000.00/Head,-,3.0,Kakamega,2026-01-13
Musoli Market,Cattle,Zebu,Grade 1,Female,65000.00/Head,-,3.0,Kakamega,2026-01-13
Musoli Market,Cattle,Zebu,Grade 1,Male,85000.00/Head,-,2.0,Kakamega,2026-01-13
Mogogosiek Market,Sweet potatoes,-,-,-,80.00/Kg,120.00/Kg,4000.0,Bomet,2026-01-13
Mogogosiek Market,Oranges,-,-,-,30.00/Kg,40.00/Kg,12000.0,Bomet,2026-01-13
Mogogosiek Market,Dry Maize,White Maize,-,-,41.67/Kg,54.17/Kg,10800.0,Bomet,2026-01-13
Mogogosiek Market,Spider flower (Saga),-,-,-,200.00/Kg,250.00/Kg,1500.0,Bomet,2026-01-13
Mogogosiek Market,Spider flower (Saga),-,-,-,200.00/Kg,250.00/Kg,1500.0,Bomet,2026-01-13
Mogogosiek Market,Black nightshade (Managu/ Osuga),-,-,-,180.00/Kg,250.00/Kg,1300.0,Bomet,2026-01-13
Mogogosiek Market,Tomatoes,-,-,-,73.53/Kg,85.00/Kg,5000.0,Bomet,2026-01-13
Mogogosiek Market,Cabbages,-,-,-,15.00/Kg,20.00/Kg,7000.0,Bomet,2026-01-13
Mogogosiek Market,Banana (Cooking),-,-,-,70.00/Kg,100.00/Kg,800.0,Bomet,2026-01-13
Mogogosiek Market,Beans Rosecoco,-,-,-,150.00/Kg,225.00/Kg,10000.0,Bomet,2026-01-13
Mogogosiek Market,Beans (Yellow-Green),-,-,-,120.00/Kg,180.00/Kg,7000.0,Bomet,2026-01-13
Nkubu,White Irish Potatoes,-,-,-,50.00/Kg,100.00/Kg,2250.0,Meru,2026-01-13
Nkubu,Oranges,-,-,-,55.56/Kg,70.00/Kg,900.0,Meru,2026-01-13
Nkubu,Mangoes,Improved,-,-,33.33/Kg,50.00/Kg,1440.0,Meru,2026-01-13
Nkubu,White Sorghum,-,-,-,66.67/kg,80.00/kg,540.0,Meru,2026-01-13
Nkubu,Pearl Rush Millet,-,-,-,111.11/Kg,120.00/Kg,810.0,Meru,2026-01-13
Nkubu,Finger Millet,-,-,-,122.22/Kg,130.00/Kg,540.0,Meru,2026-01-13
Nkubu,Dry Maize,Mixed-Traditional,-,-,80.00/Kg,50.00/Kg,810.0,Meru,2026-01-13
Nkubu,Tomatoes,-,-,-,6.00/Kg,40.00/Kg,7000.0,Meru,2026-01-13
Nkubu,Dry Onions,-,-,-,75.00/Kg,100.00/Kg,1680.0,Meru,2026-01-13
Nkubu,Carrots,-,-,-,42.86/Kg,60.00/Kg,2240.0,Meru,2026-01-13
Nkubu,Cabbages,-,-,-,6.00/Kg,50.00/Kg,5000.0,Meru,2026-01-13
Nkubu,Pigeon peas,-,-,-,88.89/Kg,120.00/Kg,720.0,Meru,2026-01-13
Nkubu,Lentils,-,-,-,200.00/Kg,220.00/Kg,400.0,Meru,2026-01-13
Nkubu,Green Grams,Hybrid/ polished,-,-,111.11/Kg,130.00/Kg,720.0,Meru,2026-01-13
Nkubu,Dry Peas,-,-,-,144.44/Kg,170.00/Kg,720.0,Meru,2026-01-13
Nkubu,Dolichos lablab (Njahi),-,-,-,88.89/Kg,120.00/Kg,630.0,Meru,2026-01-13
Nkubu,Cowpeas,-,-,-,66.67/Kg,80.00/Kg,630.0,Meru,2026-01-13
Nkubu,Beans Rosecoco,-,-,-,111.11/Kg,130.00/Kg,720.0,Meru,2026-01-13
Nkubu,Beans Red Haricot (Wairimu),-,-,-,111.11/Kg,120.00/Kg,720.0,Meru,2026-01-13
Nkubu,Beans (Yellow-Green),-,-,-,133.33/Kg,150.00/Kg,720.0,Meru,2026-01-13
Nkubu,Beans (Mwitemania),-,-,-,111.11/Kg,120.00/Kg,1080.0,Meru,2026-01-13
Nkubu,Beans (Mwezi Moja),-,-,-,111.11/Kg,120.00/Kg,450.0,Meru,2026-01-13
Kagio,Spring Onions,-,-,-,30.00/Kg,50.00/Kg,400.0,Kirinyaga,2026-01-13
Kagio,Spinach,-,-,-,30.00/Kg,50.00/Kg,1200.0,Kirinyaga,2026-01-13
Kagio,Pumpkin,-,-,-,35.00/Kg,50.00/Kg,1200.0,Kirinyaga,2026-01-13
Kagio,Lettuce,-,-,-,120.00/Kg,180.00/Kg,100.0,Kirinyaga,2026-01-13
Kagio,Kales/Sukuma Wiki,-,-,-,20.00/Kg,30.00/Kg,2400.0,Kirinyaga,2026-01-13
Kagio,Green Maize,-,-,-,35.00/Kg,50.00/Kg,4500.0,Kirinyaga,2026-01-13
Kagio,Ginger,-,-,-,180.00/Kg,250.00/Kg,200.0,Kirinyaga,2026-01-13
Kagio,Garlic,-,-,-,440.00/Kg,550.00/Kg,200.0,Kirinyaga,2026-01-13
Kagio,Fresh Peas,On pods,-,-,55.00/Kg,70.00/Kg,800.0,Kirinyaga,2026-01-13
Kagio,French beans,-,-,-,65.00/Kg,100.00/Kg,250.0,Kirinyaga,2026-01-13
Kagio,Egg plant (Brinjals),-,-,-,20.00/Kg,30.00/Kg,100.0,Kirinyaga,2026-01-13
Kagio,Dry Onions,-,-,-,70.00/Kg,100.00/Kg,1200.0,Kirinyaga,2026-01-13
Kagio,Cucumber,-,-,-,45.00/Kg,70.00/Kg,500.0,Kirinyaga,2026-01-13
Kagio,Courgette,-,-,-,65.00/Kg,100.00/Kg,600.0,Kirinyaga,2026-01-13
Kagio,Coriander (Dhania),-,-,-,25.00/Kg,40.00/Kg,,Kirinyaga,2026-01-13
Gikomba,Beans (Yellow-Green),-,-,-,111.11/Kg,200.00/Kg,,Nairobi,2026-01-13
Kagio,Chillies,-,-,-,65.00/Kg,100.00/Kg,250.0,Kirinyaga,2026-01-13
Kagio,Cauliflower,-,-,-,100.00/Kg,160.00/Kg,100.0,Kirinyaga,2026-01-13
Kagio,Carrots,-,-,-,45.00/Kg,70.00/Kg,2300.0,Kirinyaga,2026-01-13
Kagio,Capsicums,-,-,-,50.00/Kg,70.00/Kg,500.0,Kirinyaga,2026-01-13
Kagio,Capsicums,-,-,-,180.00/Kg,250.00/Kg,100.0,Kirinyaga,2026-01-13
Kagio,Butternuts,-,-,-,35.00/Kg,60.00/Kg,1500.0,Kirinyaga,2026-01-13
Kagio,Broccoli,-,-,-,100.00/Kg,150.00/Kg,150.0,Kirinyaga,2026-01-13
Kagio,Banana (Plantain),-,-,-,60.00/Kg,80.00/Kg,600.0,Kirinyaga,2026-01-13
Kagio,Banana (Cooking),-,-,-,25.00/Kg,40.00/Kg,29000.0,Kirinyaga,2026-01-13
Kagio,Pigeon peas,-,-,-,90.00/Kg,130.00/Kg,,Kirinyaga,2026-01-13
Kagio,Green Grams,Hybrid/ polished,-,-,90.00/Kg,130.00/Kg,,Kirinyaga,2026-01-13
Kagio,Dolichos lablab (Njahi),-,-,-,140.00/Kg,180.00/Kg,,Kirinyaga,2026-01-13
Kagio,Cowpeas,-,-,-,90.00/Kg,130.00/Kg,,Kirinyaga,2026-01-13
Kagio,Beans Rosecoco (Nyayo),-,-,-,118.89/Kg,150.00/Kg,,Kirinyaga,2026-01-13
Kagio,Beans (Mwitemania),-,-,-,120.00/Kg,150.00/Kg,,Kirinyaga,2026-01-13
Kagio,Beans (Yellow-Green),-,-,-,130.00/Kg,160.00/Kg,,Kirinyaga,2026-01-13
Kapkwen,Dry Onions,-,-,-,90.00/Kg,160.00/Kg,4000.0,Bomet,2026-01-13
Kapkwen,Cabbages,-,-,-,25.00/Kg,35.00/Kg,3500.0,Bomet,2026-01-13
Kapkwen,Beans Rosecoco,-,-,-,150.00/Kg,175.00/Kg,3200.0,Bomet,2026-01-13
Kapkwen,Beans (Mwezi Moja),-,-,-,150.00/Kg,175.00/Kg,3000.0,Bomet,2026-01-13
Kapkwen,Chicken,Indigenous,-,Female,700.00/Head,-,750.0,Bomet,2026-01-13
Kapkwen,Chicken,Indigenous,-,Male,650.00/Head,-,600.0,Bomet,2026-01-13
Kapkwen,Cattle,Friesian,Grade 2,Female,71000.00/Head,-,88.0,Bomet,2026-01-13
Kapkwen,Cattle,Friesian,Grade 2,Male,73000.00/Head,-,93.0,Bomet,2026-01-13
Kapkwen,Cattle,Ayrshire,Grade 2,Female,70000.00/Head,-,83.0,Bomet,2026-01-13
Kapkwen,Cattle,Ayrshire,Grade 2,Male,72000.00/Head,-,70.0,Bomet,2026-01-13
Diani Market,Kales/Sukuma Wiki,-,-,-,40.00/Kg,60.00/Kg,400.0,Kwale,2026-01-13
Diani Market,Okra (Lady's fingers or Gumbo),-,-,-,60.00/Kg,80.00/Kg,400.0,Kwale,2026-01-13
Diani Market,Spinach,-,-,-,60.00/Kg,80.00/Kg,400.0,Kwale,2026-01-13
Diani Market,Tomatoes,-,-,-,80.00/Kg,100.00/Kg,2000.0,Kwale,2026-01-13
Vanga,Octopus (Pweza),Fresh,-,-,450.00/Kg,550.00/Kg,400.0,Kwale,2026-01-12
Vanga,Needlefishes,Fresh,-,-,150.00/ Kg,200.00/ Kg,300.0,Kwale,2026-01-12
Vanga,Scavengers (Changu/Tangu),Fresh,-,-,200.00/Kg,250.00/Kg,200.0,Kwale,2026-01-12
Vanga,Rabbitfish (Tafi/Tasi),Fresh,-,-,250.00/Kg,350.00/Kg,60.0,Kwale,2026-01-12
Vanga,Parrotfishes(Pono),Fresh,-,-,150.00/Kg,200.00/Kg,130.0,Kwale,2026-01-12
Vanga,Kingfish (Nguru),Fresh,-,-,200.00/Kg,300.00/Kg,300.0,Kwale,2026-01-12
Nambacha Market,Sheep,Red Maasai,Grade 2,Male,6000.00/Head,-,130.0,Kakamega,2026-01-12
Nambacha Market,Goat,East African Goat,Grade 2,Male,6000.00/Head,-,150.0,Kakamega,2026-01-12
Nambacha Market,Chicken,Improved Kienyeji,-,Female,800.00/Head,-,180.0,Kakamega,2026-01-12
Nambacha Market,Chicken,Improved Kienyeji,-,Male,1000.00/Head,-,200.0,Kakamega,2026-01-12
Nambacha Market,Cattle,Mixed,Grade 2,Female,50000.00/Head,-,200.0,Kakamega,2026-01-12
Nambacha Market,Cattle,Mixed,Grade 2,Male,60000.00/Head,-,300.0,Kakamega,2026-01-12
Butere Livestock Market,Oranges,-,-,-,43.75/Kg,53.76/Kg,240.0,Kakamega,2026-01-12
Butere Livestock Market,Mangoes,Improved,-,-,20.00/Kg,66.67/Kg,3200.0,Kakamega,2026-01-12
Butere Livestock Market,White Irish Potatoes,-,-,-,49.23/Kg,53.19/Kg,6500.0,Kakamega,2026-01-12
Butere Livestock Market,Sweet potatoes,-,-,-,30.00/Kg,45.45/Kg,400.0,Kakamega,2026-01-12
Butere Livestock Market,Rice,IRR,-,-,104.00/Kg,152.17/Kg,2500.0,Kakamega,2026-01-12
Butere Livestock Market,Dry Maize,White Maize,-,-,43.33/Kg,45.83/Kg,9000.0,Kakamega,2026-01-12
Butere Livestock Market,Dry Onions,-,-,-,74.00/Kg,35.71/Kg,1250.0,Kakamega,2026-01-12
Butere Livestock Market,Tomatoes,-,-,-,60.00/Kg,76.92/Kg,3375.0,Kakamega,2026-01-12
Butere Livestock Market,Cabbages,-,-,-,35.71/Kg,42.86/Kg,4142.0,Kakamega,2026-01-12
Butere Livestock Market,Sheep,Red Maasai,Grade 3,Female,4000.00/Head,-,7.0,Kakamega,2026-01-12
Butere Livestock Market,Sheep,Red Maasai,Grade 3,Male,3600.00/Head,-,5.0,Kakamega,2026-01-12
Butere Livestock Market,Sheep,Red Maasai,Grade 2,Female,4500.00/Head,-,10.0,Kakamega,2026-01-12
Butere Livestock Market,Sheep,Red Maasai,Grade 2,Male,4000.00/Head,-,9.0,Kakamega,2026-01-12
Butere Livestock Market,Sheep,Red Maasai,Grade 1,Female,5000.00/Head,-,3.0,Kakamega,2026-01-12
Butere Livestock Market,Sheep,Red Maasai,Grade 1,Male,4700.00/Head,-,5.0,Kakamega,2026-01-12
Chebunyo,Dry Maize,White Maize,-,-,50.00/Kg,65.00/Kg,18000.0,Bomet,2026-01-12
Butere Livestock Market,Sheep,Red Maasai,Grade 3,Female,5000.00/Head,-,8.0,Kakamega,2026-01-12
Chebunyo,Water Melon,-,-,-,80.00/Kg,120.00/Kg,4000.0,Bomet,2026-01-12
Butere Livestock Market,Sheep,Red Maasai,Grade 3,Male,4500.00/Head,-,10.0,Kakamega,2026-01-12
Chebunyo,Oranges,-,-,-,61.82/Kg,100.00/Kg,7000.0,Bomet,2026-01-12
Butere Livestock Market,Sheep,Red Maasai,Grade 2,Female,5200.00/Head,-,9.0,Kakamega,2026-01-12
Chebunyo,Dry Onions,-,-,-,65.00/Kg,90.00/Kg,2400.0,Bomet,2026-01-12
Butere Livestock Market,Sheep,Red Maasai,Grade 2,Male,5500.00/Head,-,7.0,Kakamega,2026-01-12
Chebunyo,Tomatoes,-,-,-,75.00/Kg,100.00/Kg,16000.0,Bomet,2026-01-12
Butere Livestock Market,Sheep,Red Maasai,Grade 1,Female,6000.00/Head,-,3.0,Kakamega,2026-01-12
Chebunyo,Cabbages,-,-,-,10.00/Kg,20.00/Kg,15000.0,Bomet,2026-01-12
Chebunyo,Eggs,Indigenous /Kenyeji,-,-,540.00/Tray(30),600.00/Tray(30),10000.0,Bomet,2026-01-12
Butere Livestock Market,Sheep,Red Maasai,Grade 1,Male,5800.00/Head,-,4.0,Kakamega,2026-01-12
Chebunyo,Chicken,Indigenous,-,Female,650.00/Head,-,2000.0,Bomet,2026-01-12
Butere Livestock Market,Sheep,Red Maasai,Grade 3,Female,6500.00/Head,-,5.0,Kakamega,2026-01-12
Chebunyo,Chicken,Indigenous,-,Male,900.00/Head,-,2000.0,Bomet,2026-01-12
Chebunyo,Sheep,Dorper,Grade 3,Female,6000.00/Head,-,500.0,Bomet,2026-01-12
Chebunyo,Sheep,Dorper,Grade 3,Male,8000.00/Head,-,600.0,Bomet,2026-01-12
Butere Livestock Market,Sheep,Red Maasai,Grade 3,Male,6500.00/Head,-,7.0,Kakamega,2026-01-12
Chebunyo,Goat,Dairy Goats,Grade 3,Male,8000.00/Head,-,480.0,Bomet,2026-01-12
Butere Livestock Market,Sheep,Red Maasai,Grade 2,Female,7500.00/Head,-,8.0,Kakamega,2026-01-12
Chebunyo,Goat,Dairy Goats,Grade 3,Female,7500.00/Head,-,300.0,Bomet,2026-01-12
Butere Livestock Market,Sheep,Red Maasai,Grade 2,Male,8000.00/Head,-,6.0,Kakamega,2026-01-12
Butere Livestock Market,Sheep,Red Maasai,Grade 1,Female,8500.00/Head,-,5.0,Kakamega,2026-01-12
Butere Livestock Market,Sheep,Red Maasai,Grade 1,Male,9000.00/Head,-,4.0,Kakamega,2026-01-12
Butere Livestock Market,Goat,Mixed,Grade 3,Female,4000.00/Head,-,8.0,Kakamega,2026-01-12
Butere Livestock Market,Goat,Mixed,Grade 3,Male,3800.00/Head,-,6.0,Kakamega,2026-01-12
Butere Livestock Market,Goat,Mixed,Grade 2,Female,4800.00/Head,-,11.0,Kakamega,2026-01-12
Butere Livestock Market,Goat,Mixed,Grade 2,Male,4500.00/Head,-,6.0,Kakamega,2026-01-12
Butere Livestock Market,Goat,Mixed,Grade 1,Female,5000.00/Head,-,10.0,Kakamega,2026-01-12
Butere Livestock Market,Goat,Mixed,Grade 1,Male,4800.00/Head,-,8.0,Kakamega,2026-01-12
Butere Livestock Market,Goat,Mixed,Grade 3,Female,5000.00/Head,-,9.0,Kakamega,2026-01-12
Butere Livestock Market,Goat,Mixed,Grade 3,Male,4800.00/Head,-,2.0,Kakamega,2026-01-12
Butere Livestock Market,Goat,Mixed,Grade 2,Female,5500.00/Head,-,8.0,Kakamega,2026-01-12
Butere Livestock Market,Goat,Mixed,Grade 2,Male,6000.00/Head,-,7.0,Kakamega,2026-01-12
Butere Livestock Market,Goat,Mixed,Grade 1,Female,6000.00/Head,-,6.0,Kakamega,2026-01-12
Butere Livestock Market,Goat,Mixed,Grade 1,Male,6500.00/Head,-,5.0,Kakamega,2026-01-12
Butere Livestock Market,Goat,Mixed,Grade 3,Female,7000.00/Head,-,9.0,Kakamega,2026-01-12
Butere Livestock Market,Goat,Mixed,Grade 3,Male,7500.00/Head,-,5.0,Kakamega,2026-01-12
Butere Livestock Market,Goat,Mixed,Grade 2,Female,8500.00/Head,-,3.0,Kakamega,2026-01-12
Butere Livestock Market,Goat,Mixed,Grade 2,Male,9000.00/Head,-,4.0,Kakamega,2026-01-12
Kutus,Fertilizer,Urea,-,-,80.00/Kg,100.00/Kg,,Kirinyaga,2026-01-12
Kutus,Fertilizer,NPK,-,-,100.00/Kg,120.00/Kg,,Kirinyaga,2026-01-12
Butere Livestock Market,Goat,Mixed,Grade 1,Female,19500.00/Head,-,2.0,Kakamega,2026-01-12
Kutus,Fertilizer,CAN,-,-,64.00/Kg,70.00/Kg,,Kirinyaga,2026-01-12
Kutus,Fertilizer,DAP,-,-,130.00/Kg,140.00/Kg,,Kirinyaga,2026-01-12
Butere Livestock Market,Goat,Mixed,Grade 1,Male,12500.00/Head,-,1.0,Kakamega,2026-01-12
Kutus,Fertilizer,CAN,-,-,130.00/Kg,140.00/Kg,,Kirinyaga,2026-01-12
Butere Livestock Market,Cattle,Zebu,Grade 3,Male,16000.00/Head,-,5.0,Kakamega,2026-01-12
Kutus,Wheat,-,-,-,87.00/Kg,100.00/Kg,,Kirinyaga,2026-01-12
Butere Livestock Market,Cattle,Mixed,Grade 3,Female,20000.00/Head,-,8.0,Kakamega,2026-01-12
Butere Livestock Market,Cattle,Mixed,Grade 2,Female,22000.00/Head,-,8.0,Kakamega,2026-01-12
Butere Livestock Market,Cattle,Mixed,Grade 2,Male,18000.00/Head,-,7.0,Kakamega,2026-01-12
Butere Livestock Market,Cattle,Zebu,Grade 3,Female,19500.00/Head,-,15.0,Kakamega,2026-01-12
Kutus,Rice,Pishori,-,-,160.00/Kg,170.00/Kg,,Kirinyaga,2026-01-12
Butere Livestock Market,Cattle,Zebu,Grade 3,Male,18000.00/Head,-,11.0,Kakamega,2026-01-12
Kutus,Red Sorghum,-,-,-,102.00/Kg,125.00/Kg,,Kirinyaga,2026-01-12
Butere Livestock Market,Cattle,Zebu,Grade 2,Female,22000.00/Head,-,7.0,Kakamega,2026-01-12
Kutus,Dry Maize,White Maize,-,-,46.00/Kg,60.00/Kg,,Kirinyaga,2026-01-12
Butere Livestock Market,Cattle,Zebu,Grade 2,Male,20000.00/Head,-,6.0,Kakamega,2026-01-12
Kutus,Avocado,Local,-,-,50.00/Kg,70.00/Kg,,Kirinyaga,2026-01-12
Kutus,Banana (Ripening),-,-,-,17.00/Kg,20.00/Kg,12000.0,Kirinyaga,2026-01-12
Butere Livestock Market,Cattle,Zebu,Grade 1,Female,24000.00/Head,-,10.0,Kakamega,2026-01-12
Kutus,Pawpaw,-,-,-,30.00/Kg,35.00/Kg,,Kirinyaga,2026-01-12
Butere Livestock Market,Cattle,Zebu,Grade 1,Male,22000.00/Head,-,8.0,Kakamega,2026-01-12
Kutus,Thorn melon,-,-,-,35.00/Kg,50.00/Kg,,Kirinyaga,2026-01-12
Kutus,Tree tomato,-,-,-,140.00/Kg,160.00/Kg,200.0,Kirinyaga,2026-01-12
Butere Livestock Market,Cattle,Zebu,Grade 3,Female,26000.00/Head,-,10.0,Kakamega,2026-01-12
Kutus,Water Melon,-,-,-,25.00/Kg,35.00/Kg,,Kirinyaga,2026-01-12
Butere Livestock Market,Cattle,Zebu,Grade 3,Male,25000.00/Head,-,9.0,Kakamega,2026-01-12
Kutus,Sweet potatoes,-,-,-,40.00/Kg,50.00/Kg,,Kirinyaga,2026-01-12
Butere Livestock Market,Cattle,Zebu,Grade 2,Female,28000.00/Head,-,8.0,Kakamega,2026-01-12
Kutus,Cassava Fresh,-,-,-,40.00/Kg,60.00/Kg,1000.0,Kirinyaga,2026-01-12
Kutus,Arrow Root,-,-,-,70.00/Kg,100.00/Kg,,Kirinyaga,2026-01-12
Butere Livestock Market,Cattle,Zebu,Grade 2,Male,30000.00/Head,-,6.0,Kakamega,2026-01-12
Butere Livestock Market,Cattle,Zebu,Grade 1,Female,33000.00/Head,-,5.0,Kakamega,2026-01-12
Kutus,Lentils,-,-,-,200.00/Kg,250.00/Kg,,Kirinyaga,2026-01-12
Butere Livestock Market,Cattle,Zebu,Grade 1,Male,35000.00/Head,-,7.0,Kakamega,2026-01-12
Kutus,Green Grams,Makueni,-,-,167.00/Kg,200.00/Kg,,Kirinyaga,2026-01-12
Butere Livestock Market,Cattle,Zebu,Grade 2,Female,35000.00/Head,-,3.0,Kakamega,2026-01-12
Kutus,Green Grams,Hybrid/ polished,-,-,155.00/Kg,175.00/Kg,,Kirinyaga,2026-01-12
Kutus,Dolichos lablab (Njahi),-,-,-,83.00/Kg,100.00/Kg,,Kirinyaga,2026-01-12
Kutus,Cowpeas,-,-,-,94.00/Kg,125.00/Kg,,Kirinyaga,2026-01-12
Butere Livestock Market,Cattle,Zebu,Grade 3,Male,38000.00/Head,-,4.0,Kakamega,2026-01-12
Kutus,Beans Rosecoco,-,-,-,112.00/Kg,130.00/Kg,,Kirinyaga,2026-01-12
Butere Livestock Market,Cattle,Zebu,Grade 2,Female,42000.00/Head,-,3.0,Kakamega,2026-01-12
Kutus,Beans Red Haricot (Wairimu),-,-,-,96.00/Kg,120.00/Kg,,Kirinyaga,2026-01-12
Butere Livestock Market,Cattle,Zebu,Grade 2,Male,48000.00/Head,-,2.0,Kakamega,2026-01-12
Kutus,Beans (Yellow-Green),-,-,-,150.00/Kg,175.00/Kg,,Kirinyaga,2026-01-12
Butere Livestock Market,Cattle,Zebu,Grade 1,Female,56000.00/Head,-,4.0,Kakamega,2026-01-12
Kutus,Beans (Mwitemania),-,-,-,112.00/Kg,125.00/Kg,,Kirinyaga,2026-01-12
Butere Livestock Market,Cattle,Zebu,Grade 1,Male,60000.00/Head,-,6.0,Kakamega,2026-01-12
Butere Livestock Market,Duck,Black Swedish,Grade 1,Female,-,-,2.0,Kakamega,2026-01-12
Butere Livestock Market,Duck,Black Swedish,Grade 1,Male,-,-,4.0,Kakamega,2026-01-12
Butere Livestock Market,Chicken,Improved Kienyeji,-,Female,350.00/Head,-,19.0,Kakamega,2026-01-12
Butere Livestock Market,Chicken,Improved Kienyeji,-,Male,350.00/Head,-,17.0,Kakamega,2026-01-12
Butere Livestock Market,Chicken,Improved Kienyeji,-,Female,700.00/Head,-,19.0,Kakamega,2026-01-12
Butere Livestock Market,Chicken,Improved Kienyeji,-,Male,750.00/Head,-,11.0,Kakamega,2026-01-12
Butere Livestock Market,Chicken,Improved Kienyeji,-,Female,900.00/Head,-,17.0,Kakamega,2026-01-12
Butere Livestock Market,Chicken,Improved Kienyeji,-,Male,950.00/Head,-,13.0,Kakamega,2026-01-12
Butere Livestock Market,Chicken,Indigenous,-,Female,350.00/Head,-,20.0,Kakamega,2026-01-12
Butere Livestock Market,Chicken,Indigenous,-,Male,350.00/Head,-,30.0,Kakamega,2026-01-12
Butere Livestock Market,Chicken,Indigenous,-,Female,850.00/Head,-,23.0,Kakamega,2026-01-12
Butere Livestock Market,Chicken,Indigenous,-,Male,900.00/Head,-,15.0,Kakamega,2026-01-12
Butere Livestock Market,Chicken,Indigenous,-,Female,850.00/Head,-,26.0,Kakamega,2026-01-12
Butere Livestock Market,Chicken,Indigenous,-,Male,1200.00/Head,-,20.0,Kakamega,2026-01-12
Kerugoya,White Irish Potatoes,-,-,-,35.00/Kg,60.00/Kg,2400.0,Kirinyaga,2026-01-12
Kerugoya,Water Melon,-,-,-,25.00/Kg,40.00/Kg,300.0,Kirinyaga,2026-01-12
Kerugoya,Tree tomato,-,-,-,120.00/Kg,220.00/Kg,250.0,Kirinyaga,2026-01-12
Kerugoya,Thorn melon,-,-,-,30.00/Kg,60.00/Kg,150.0,Kirinyaga,2026-01-12
Kerugoya,Oranges,-,-,-,60.00/Kg,120.00/Kg,300.0,Kirinyaga,2026-01-12
Kerugoya,Mangoes,Improved,-,-,60.00/Kg,120.00/Kg,300.0,Kirinyaga,2026-01-12
Kerugoya,Lemons,-,-,-,50.00/Kg,100.00/Kg,150.0,Kirinyaga,2026-01-12
Kerugoya,Banana (Ripening),-,-,-,2.00/Kg,50.00/Kg,350.0,Kirinyaga,2026-01-12
Kerugoya,Rice,Pishori,-,-,150.00/Kg,180.00/Kg,2200.0,Kirinyaga,2026-01-12
Kerugoya,Dry Maize,White Maize,-,-,50.00/Kg,70.00/Kg,4500.0,Kirinyaga,2026-01-12
Kerugoya,Tomatoes,-,-,-,20.00/Kg,50.00/Kg,2000.0,Kirinyaga,2026-01-12
Kerugoya,Pumpkin,-,-,-,35.00/Kg,80.00/Kg,180.0,Kirinyaga,2026-01-12
Kerugoya,Kales/Sukuma Wiki,-,-,-,20.00/Kg,40.00/Kg,200.0,Kirinyaga,2026-01-12
Kerugoya,Green Maize,-,-,-,60.00/Kg,80.00/Kg,180.0,Kirinyaga,2026-01-12
Kerugoya,Ginger,-,-,-,180.00/Kg,250.00/Kg,180.0,Kirinyaga,2026-01-12
Kerugoya,Dry Onions,-,-,-,40.00/Kg,80.00/Kg,2300.0,Kirinyaga,2026-01-12
Kerugoya,Courgette,-,-,-,40.00/Kg,80.00/Kg,350.0,Kirinyaga,2026-01-12
Kerugoya,Carrots,-,-,-,25.00/Kg,50.00/Kg,400.0,Kirinyaga,2026-01-12
Kerugoya,Capsicums,-,-,-,30.00/Kg,70.00/Kg,300.0,Kirinyaga,2026-01-12
Kerugoya,Cabbages,-,-,-,18.00/Kg,25.00/Kg,350.0,Kirinyaga,2026-01-12
Kerugoya,Butternuts,-,-,-,70.00/Kg,120.00/Kg,180.0,Kirinyaga,2026-01-12
Kerugoya,Banana (Cooking),-,-,-,17.00/Kg,30.00/Kg,800.0,Kirinyaga,2026-01-12
Kerugoya,Pigeon peas,-,-,-,135.00/Kg,175.00/Kg,2350.0,Kirinyaga,2026-01-12
Kerugoya,Mixed Beans,-,-,-,120.00/Kg,150.00/Kg,1200.0,Kirinyaga,2026-01-12
Kerugoya,Lentils,-,-,-,230.00/Kg,280.00/Kg,1300.0,Kirinyaga,2026-01-12
Kerugoya,Ground Nuts,Large Brown,-,-,240.00/Kg,320.00/Kg,850.0,Kirinyaga,2026-01-12
Kerugoya,Green Grams,Makueni,-,-,120.00/Kg,150.00/Kg,1600.0,Kirinyaga,2026-01-12
Kerugoya,Green Grams,Local-Special,-,-,120.00/Kg,150.00/Kg,1500.0,Kirinyaga,2026-01-12
Kerugoya,Dolichos lablab (Njahi),-,-,-,125.00/Kg,160.00/Kg,1600.0,Kirinyaga,2026-01-12
Kerugoya,Cowpeas,-,-,-,100.00/Kg,130.00/Kg,2250.0,Kirinyaga,2026-01-12
Kerugoya,Beans Rosecoco (Nyayo),-,-,-,135.00/Kg,175.00/Kg,2600.0,Kirinyaga,2026-01-12
Kerugoya,Beans Rosecoco,-,-,-,130.00/Kg,170.00/Kg,2600.0,Kirinyaga,2026-01-12
Kerugoya,Beans Red Haricot (Wairimu),-,-,-,120.00/Kg,150.00/Kg,2750.0,Kirinyaga,2026-01-12
Kerugoya,Beans (Yellow-Green),-,-,-,150.00/Kg,200.00/Kg,1650.0,Kirinyaga,2026-01-12
Kerugoya,Beans (Mwitemania),-,-,-,130.00/Kg,165.00/Kg,2350.0,Kirinyaga,2026-01-12
Kerugoya,Beans (Mwezi Moja),-,-,-,120.00/Kg,160.00/Kg,2500.0,Kirinyaga,2026-01-12
Kutus,Banana (Cooking),-,-,-,17.00/Kg,20.00/Kg,5500.0,Kirinyaga,2026-01-12
Kutus,Banana (Plantain),-,-,-,60.00/Kg,90.00/Kg,2000.0,Kirinyaga,2026-01-12
Kutus,Butternuts,-,-,-,25.00/Kg,35.00/Kg,1500.0,Kirinyaga,2026-01-12
Kutus,Cabbages,-,-,-,30.00/Kg,40.00/Kg,4500.0,Kirinyaga,2026-01-12
Kutus,Capsicums,-,-,-,60.00/Kg,80.00/Kg,400.0,Kirinyaga,2026-01-12
Kutus,Carrots,-,-,-,60.00/Kg,70.00/Kg,1800.0,Kirinyaga,2026-01-12
Kutus,Chillies,-,-,-,120.00/Kg,150.00/Kg,50.0,Kirinyaga,2026-01-12
Kutus,Coriander (Dhania),-,-,-,60.00/Kg,120.00/Kg,150.0,Kirinyaga,2026-01-12
Kutus,Courgette,-,-,-,60.00/Kg,80.00/Kg,250.0,Kirinyaga,2026-01-12
Kutus,Cucumber,-,-,-,70.00/Kg,80.00/Kg,150.0,Kirinyaga,2026-01-12
Nairobi Supermarkets,Wheat Flour,Winnie's Pure Health Atta Mark 1,-,-,-,128.50/Kg,,Nairobi,2026-01-12
Nairobi Supermarkets,Wheat Flour,Tropicana HBF,-,-,-,88.50/Kg,,Nairobi,2026-01-12
Nairobi Supermarkets,Wheat Flour,Soko Atta Mark 1,-,-,-,83.50/Kg,,Nairobi,2026-01-12
Nairobi Supermarkets,Wheat Flour,Soko All Purpose HBF,-,-,-,81.50/Kg,,Nairobi,2026-01-12
Nairobi Supermarkets,Wheat Flour,Phulka Atta Mark 1 Chapati Flour,-,-,-,80.00/Kg,,Nairobi,2026-01-12
Nairobi Supermarkets,Wheat Flour,Pembe Atta Mark 1,-,-,-,85.50/Kg,,Nairobi,2026-01-12
Nairobi Supermarkets,Wheat Flour,Pembe All Purpose HBF,-,-,-,84.00/Kg,,Nairobi,2026-01-12
Nairobi Supermarkets,Wheat Flour,Oboma all purpose HBF,-,-,-,79.00/Kg,,Nairobi,2026-01-12
Nairobi Supermarkets,Wheat Flour,Nutra Meal Atta Mark 1,-,-,-,135.00/Kg,,Nairobi,2026-01-12
Nairobi Supermarkets,Wheat Flour,Ndovu all purpose HBF,-,-,-,77.50/Kg,,Nairobi,2026-01-12
Nairobi Supermarkets,Wheat Flour,Mama Home Baking Flour,-,-,-,76.50/Kg,,Nairobi,2026-01-12
Nairobi Supermarkets,Wheat Flour,Kifaru All Purpose HBF,-,-,-,77.50/Kg,,Nairobi,2026-01-12
Nairobi Supermarkets,Wheat Flour,Golden All Purpose,-,-,-,81.00/Kg,,Nairobi,2026-01-12
Nairobi Supermarkets,Wheat Flour,Exe self raising,-,-,-,92.50/Kg,,Nairobi,2026-01-12
Nairobi Supermarkets,Wheat Flour,Exe Mandazi Fortified Wheat Flour,-,-,-,91.50/Kg,,Nairobi,2026-01-12
Nairobi Supermarkets,Wheat Flour,Exe Chapati fortified wheat flour,-,-,-,88.00/Kg,,Nairobi,2026-01-12
Nairobi Supermarkets,Wheat Flour,Exe brown bread,-,-,-,91.00/Kg,,Nairobi,2026-01-12
Nairobi Supermarkets,Wheat Flour,Exe Atta Mark 1,-,-,-,90.00/Kg,,Nairobi,2026-01-12
Nairobi Supermarkets,Wheat Flour,Exe All purpose fortified wheat flour,-,-,-,84.00/Kg,,Nairobi,2026-01-12
Nairobi Supermarkets,Wheat Flour,Elliots self raising flour,-,-,-,92.50/Kg,,Nairobi,2026-01-12
Nairobi Supermarkets,Wheat Flour,Elliots all purpose HBK,-,-,-,82.00/Kg,,Nairobi,2026-01-12
Nairobi Supermarkets,Wheat Flour,Dola premium all pupose,-,-,-,81.50/Kg,,Nairobi,2026-01-12
Nairobi Supermarkets,Wheat Flour,Dola Atta Mark 1,-,-,-,82.00/Kg,,Nairobi,2026-01-12
Kutus,Dry Onions,-,-,-,90.00/Kg,100.00/Kg,7000.0,Kirinyaga,2026-01-12
Nairobi Supermarkets,Wheat Flour,Chapati Afya,-,-,-,135.50/Kg,,Nairobi,2026-01-12
Nairobi Supermarkets,Wheat Flour,Ajab fortofied self raising,-,-,-,86.00/Kg,,Nairobi,2026-01-12
Kutus,Egg plant (Brinjals),-,-,-,40.00/Kg,50.00/Kg,400.0,Kirinyaga,2026-01-12
Nairobi Supermarkets,Wheat Flour,Ajab fortigied Home Baking flour,-,-,-,85.50/Kg,,Nairobi,2026-01-12
Kutus,French beans,-,-,-,50.00/Kg,70.00/Kg,150.0,Kirinyaga,2026-01-12
Nairobi Supermarkets,Wheat Flour,Ajab fortified mandazi flour,-,-,-,85.50/Kg,,Nairobi,2026-01-12
Nairobi Supermarkets,Wheat Flour,210 Home baking flour,-,-,-,80.00/Kg,,Nairobi,2026-01-12
Nairobi Supermarkets,Wheat Flour,210 Atta Mark 1,-,-,-,77.50/Kg,,Nairobi,2026-01-12
Nairobi Supermarkets,Maize Flour,Ugali Afya,-,-,-,145.00/Kg,,Nairobi,2026-01-12
Nairobi Supermarkets,Maize Flour,Soko,-,-,-,80.50/Kg,,Nairobi,2026-01-12
Nairobi Supermarkets,Maize Flour,Raha Premium,-,-,-,99.50/Kg,,Nairobi,2026-01-12
Nairobi Supermarkets,Maize Flour,Pembe,-,-,-,82.00/Kg,,Nairobi,2026-01-12
Kutus,Fresh Peas,On pods,-,-,80.00/Kg,90.00/Kg,2300.0,Kirinyaga,2026-01-12
Nairobi Supermarkets,Maize Flour,Ndovu,-,-,-,71.00/Kg,,Nairobi,2026-01-12
Kutus,Garlic,-,-,-,380.00/Kg,450.00/Kg,350.0,Kirinyaga,2026-01-12
Nairobi Supermarkets,Maize Flour,Mama,-,-,-,76.00/Kg,,Nairobi,2026-01-12
Kutus,Ginger,-,-,-,200.00/Kg,250.00/Kg,200.0,Kirinyaga,2026-01-12
Nairobi Supermarkets,Maize Flour,Jogoo wimbi,-,-,-,139.50/Kg,,Nairobi,2026-01-12
Kutus,Green Maize,-,-,-,45.00/Kg,55.00/Kg,1800.0,Kirinyaga,2026-01-12
Nairobi Supermarkets,Maize Flour,Jogoo,-,-,-,74.50/Kg,,Nairobi,2026-01-12
Nairobi Supermarkets,Maize Flour,Hostess,-,-,-,94.00/Kg,,Nairobi,2026-01-12
Kutus,Kales/Sukuma Wiki,-,-,-,15.00/Kg,25.00/Kg,850.0,Kirinyaga,2026-01-12
Nairobi Supermarkets,Maize Flour,Equatorial afya ugali,-,-,-,136.50/Kg,,Nairobi,2026-01-12
Nairobi Supermarkets,Maize Flour,Dola,-,-,-,75.50/Kg,,Nairobi,2026-01-12
Nairobi Supermarkets,Maize Flour,Ajab,-,-,-,85.50/Kg,,Nairobi,2026-01-12
Nairobi Supermarkets,Maize Flour,210(two ten),-,-,-,77.00/Kg,,Nairobi,2026-01-12
Kutus,Spring Onions,-,-,-,60.00/Kg,80.00/Kg,650.0,Kirinyaga,2026-01-12
Kutus,Tomatoes,-,-,-,10.00/Kg,550.00/Kg,15000.0,Kirinyaga,2026-01-12
Kutus,Pumpkin Leaves,-,-,-,40.00/Kg,50.00/Kg,80.0,Kirinyaga,2026-01-12
Kutus,Cowpea leaves (Kunde),-,-,-,40.00/Kg,50.00/Kg,80.0,Kirinyaga,2026-01-12
Kutus,Black nightshade (Managu/ Osuga),-,-,-,30.00/Kg,40.00/Kg,100.0,Kirinyaga,2026-01-12
Kutus,Amaranthus (Terere),-,-,-,30.00/Kg,40.00/Kg,130.0,Kirinyaga,2026-01-12
Diani Market,Sweet potatoes,-,-,-,80.00/Kg,100.00/Kg,6000.0,Kwale,2026-01-12
Diani Market,White Irish Potatoes,-,-,-,80.00/Kg,100.00/Kg,8000.0,Kwale,2026-01-12
Diani Market,Ginger,-,-,-,180.00/Kg,200.00/Kg,600.0,Kwale,2026-01-12
Diani Market,Garlic,-,-,-,450.00/Kg,500.00/Kg,600.0,Kwale,2026-01-12
Diani Market,Capsicums,-,-,-,80.00/Kg,100.00/Kg,450.0,Kwale,2026-01-12
Diani Market,Cauliflower,-,-,-,150.00/Kg,200.00/Kg,300.0,Kwale,2026-01-12
Diani Market,Carrots,-,-,-,50.00/Kg,70.00/Kg,600.0,Kwale,2026-01-12
Diani Market,Dry Onions,-,-,-,80.00/Kg,100.00/Kg,4000.0,Kwale,2026-01-12
Diani Market,Kales/Sukuma Wiki,-,-,-,40.00/Kg,60.00/Kg,500.0,Kwale,2026-01-12
Diani Market,Okra (Lady's fingers or Gumbo),-,-,-,60.00/Kg,80.00/Kg,350.0,Kwale,2026-01-12
Diani Market,Spinach,-,-,-,60.00/Kg,80.00/Kg,600.0,Kwale,2026-01-12
Diani Market,Spring Onions,-,-,-,250.00/Kg,300.00/Kg,600.0,Kwale,2026-01-12
Diani Market,Tomatoes,-,-,-,80.00/Kg,100.00/Kg,6000.0,Kwale,2026-01-12
Diani Market,Broccoli,-,-,-,200.00/Kg,180.00/Kg,300.0,Kwale,2026-01-12
Kutus,Pumpkin Leaves,-,-,-,40.00/Kg,50.00/Kg,,Kirinyaga,2026-01-19
Kutus,Black nightshade (Managu/ Osuga),-,-,-,30.00/Kg,40.00/Kg,,Kirinyaga,2026-01-19
Kutus,Cowpea leaves (Kunde),-,-,-,40.00/Kg,50.00/Kg,,Kirinyaga,2026-01-19
Kutus,Amaranthus (Terere),-,-,-,30.00/Kg,40.00/Kg,,Kirinyaga,2026-01-19
Kutus,Banana (Cooking),-,-,-,17.00/Kg,20.00/Kg,,Kirinyaga,2026-01-19
Kutus,Banana (Plantain),-,-,-,17.00/Kg,20.00/Kg,,Kirinyaga,2026-01-19
Kutus,Butternuts,-,-,-,30.00/Kg,50.00/Kg,600.0,Kirinyaga,2026-01-19
Kutus,Cabbages,-,-,-,35.00/Kg,45.00/Kg,,Kirinyaga,2026-01-19
Kutus,Capsicums,-,-,-,60.00/Kg,80.00/Kg,540.0,Kirinyaga,2026-01-19
Kutus,Carrots,-,-,-,60.00/Kg,80.00/Kg,3000.0,Kirinyaga,2026-01-19
Kutus,Chillies,-,-,-,120.00/Kg,150.00/Kg,60.0,Kirinyaga,2026-01-19
Kutus,Coriander (Dhania),-,-,-,60.00/Kg,120.00/Kg,100.0,Kirinyaga,2026-01-19
Kutus,Courgette,-,-,-,60.00/Kg,80.00/Kg,500.0,Kirinyaga,2026-01-19
Kutus,Cucumber,-,-,-,70.00/Kg,90.00/Kg,250.0,Kirinyaga,2026-01-19
Kutus,Dry Onions,-,-,-,75.00/Kg,90.00/Kg,,Kirinyaga,2026-01-19
Kutus,Egg plant (Brinjals),-,-,-,45.00/Kg,50.00/Kg,500.0,Kirinyaga,2026-01-19
Kutus,Fresh Peas,On pods,-,-,80.00/Kg,100.00/Kg,3000.0,Kirinyaga,2026-01-19
Kutus,Garlic,-,-,-,380.00/Kg,450.00/Kg,320.0,Kirinyaga,2026-01-19
Kutus,Ginger,-,-,-,200.00/Kg,250.00/Kg,250.0,Kirinyaga,2026-01-19
Kutus,Green Maize,-,-,-,40.00/Kg,50.00/Kg,2500.0,Kirinyaga,2026-01-19
Kutus,Kales/Sukuma Wiki,-,-,-,20.00/Kg,30.00/Kg,550.0,Kirinyaga,2026-01-19
Kutus,Pumpkin,-,-,-,25.00/Kg,35.00/Kg,650.0,Kirinyaga,2026-01-19
Kutus,Spinach,-,-,-,25.00/Kg,35.00/Kg,600.0,Kirinyaga,2026-01-19
Kutus,Spring Onions,-,-,-,50.00/Kg,80.00/Kg,800.0,Kirinyaga,2026-01-19
Chebunyo,Tomatoes,-,-,-,75.00/Kg,100.00/Kg,16000.0,Bomet,2026-01-19
Chebunyo,Dry Onions,-,-,-,65.00/Kg,90.00/Kg,2400.0,Bomet,2026-01-19
Chebunyo,Cabbages,-,-,-,10.00/Kg,20.00/Kg,15000.0,Bomet,2026-01-19
Chebunyo,Oranges,-,-,-,61.82/Kg,100.00/Kg,7000.0,Bomet,2026-01-19
Chebunyo,Water Melon,-,-,-,80.00/Kg,120.00/Kg,4000.0,Bomet,2026-01-19
Chebunyo,Dry Maize,White Maize,-,-,50.00/Kg,60.00/Kg,18000.0,Bomet,2026-01-19
Kutus,Tomatoes,-,-,-,12.86/Kg,17.14/Kg,10000.0,Kirinyaga,2026-01-19
Chebunyo,Chicken,Improved Kienyeji,-,Female,600.00/Head,-,10000.0,Bomet,2026-01-19
Chebunyo,Chicken,Improved Kienyeji,-,Male,900.00/Head,-,10000.0,Bomet,2026-01-19
Chebunyo,Goat,Dairy Goats,Grade 3,Male,7500.00/Head,-,500.0,Bomet,2026-01-19
Chebunyo,Goat,Dairy Goats,Grade 3,Male,7500.00/Head,-,500.0,Bomet,2026-01-19
Chebunyo,Sheep,Dorper,Grade 3,Female,6000.00/Head,-,600.0,Bomet,2026-01-19
Chebunyo,Sheep,Dorper,Grade 3,Male,8000.00/Head,-,500.0,Bomet,2026-01-19
Butere Livestock Market,Mangoes,Improved,-,-,22.50/Kg,70.00/Kg,3200.0,Kakamega,2026-01-19
Butere Livestock Market,Dry Onions,-,-,-,80.00/Kg,90.91/Kg,1500.0,Kakamega,2026-01-19
Butere Livestock Market,Tomatoes,-,-,-,53.33/Kg,80.00/Kg,3000.0,Kakamega,2026-01-19
Butere Livestock Market,Cabbages,-,-,-,29.17/Kg,29.17/Kg,5250.0,Kakamega,2026-01-19
Butere Livestock Market,White Irish Potatoes,-,-,-,53.85/Kg,55.56/Kg,6000.0,Kakamega,2026-01-19
Butere Livestock Market,Sweet potatoes,-,-,-,32.00/Kg,50.00/Kg,350.0,Kakamega,2026-01-19
Kerugoya,White Irish Potatoes,-,-,-,35.00/Kg,70.00/Kg,2300.0,Kirinyaga,2026-01-19
Kerugoya,Arrow Root,-,-,-,50.00/Kg,100.00/Kg,180.0,Kirinyaga,2026-01-19
Butere Livestock Market,Rice,IRR,-,-,108.00/Kg,152.17/Kg,2000.0,Kakamega,2026-01-19
Kerugoya,Water Melon,-,-,-,25.00/Kg,40.00/Kg,300.0,Kirinyaga,2026-01-19
Kerugoya,Tree tomato,-,-,-,120.00/Kg,220.00/Kg,250.0,Kirinyaga,2026-01-19
Kerugoya,Thorn melon,-,-,-,25.00/Kg,60.00/Kg,150.0,Kirinyaga,2026-01-19
Kerugoya,Passion Fruits,-,-,-,180.00/Kg,250.00/Kg,300.0,Kirinyaga,2026-01-19
Kerugoya,Oranges,-,-,-,60.00/Kg,100.00/Kg,300.0,Kirinyaga,2026-01-19
Butere Livestock Market,Dry Maize,White Maize,-,-,43.33/Kg,50.00/Kg,10350.0,Kakamega,2026-01-19
Kerugoya,Mangoes,Improved,-,-,60.00/Kg,120.00/Kg,350.0,Kirinyaga,2026-01-19
Kerugoya,Lemons,-,-,-,50.00/Kg,100.00/Kg,180.0,Kirinyaga,2026-01-19
Kerugoya,Banana (Ripening),-,-,-,20.00/Kg,50.00/Kg,300.0,Kirinyaga,2026-01-19
Kerugoya,Rice,Pishori,-,-,155.00/Kg,180.00/Kg,2300.0,Kirinyaga,2026-01-19
Butere Livestock Market,Chicken,Improved Kienyeji,-,Female,750.00/Head,-,30.0,Kakamega,2026-01-19
Kerugoya,Dry Maize,White Maize,-,-,50.00/Kg,70.00/Kg,4600.0,Kirinyaga,2026-01-19
Butere Livestock Market,Chicken,Improved Kienyeji,-,Male,850.00/Head,-,19.0,Kakamega,2026-01-19
Butere Livestock Market,Chicken,Improved Kienyeji,-,Male,850.00/Head,-,19.0,Kakamega,2026-01-19
Kerugoya,Tomatoes,-,-,-,25.00/Kg,50.00/Kg,1800.0,Kirinyaga,2026-01-19
Butere Livestock Market,Chicken,Improved Kienyeji,-,Female,900.00/Head,-,13.0,Kakamega,2026-01-19
Kerugoya,Spinach,-,-,-,25.00/Kg,50.00/Kg,150.0,Kirinyaga,2026-01-19
Kerugoya,Pumpkin,-,-,-,45.00/Kg,80.00/Kg,200.0,Kirinyaga,2026-01-19
Butere Livestock Market,Chicken,Improved Kienyeji,-,Male,1100.00/Head,-,8.0,Kakamega,2026-01-19
Kitale Municipality Market,Lemons,-,-,-,60.00/Kg,80.00/Kg,300.0,Trans-Nzoia,2026-01-19
Butere Livestock Market,Chicken,Indigenous,-,Female,350.00/Head,-,15.0,Kakamega,2026-01-19
Kitale Municipality Market,Banana (Ripening),-,-,-,80.00/Kg,100.00/Kg,4000.0,Trans-Nzoia,2026-01-19
Kerugoya,Kales/Sukuma Wiki,-,-,-,15.00/Kg,35.00/Kg,200.0,Kirinyaga,2026-01-19
Kitale Municipality Market,Avocado,Hass,-,-,120.00/Kg,150.00/Kg,300.0,Trans-Nzoia,2026-01-19
Butere Livestock Market,Chicken,Indigenous,-,Male,350.00/Head,-,11.0,Kakamega,2026-01-19
Kerugoya,Green Maize,-,-,-,48.00/Kg,75.00/Kg,180.0,Kirinyaga,2026-01-19
Kitale Municipality Market,Avocado,Fuerte,-,-,100.00/Kg,140.00/Kg,400.0,Trans-Nzoia,2026-01-19
Kitale Municipality Market,Apples,-,-,-,300.00/Kg,350.00/Kg,500.0,Trans-Nzoia,2026-01-19
Butere Livestock Market,Chicken,Indigenous,-,Female,750.00/Head,-,18.0,Kakamega,2026-01-19
Kerugoya,Ginger,-,-,-,180.00/Kg,250.00/Kg,180.0,Kirinyaga,2026-01-19
Kitale Municipality Market,White Irish Potatoes,-,-,-,60.00/Kg,75.00/Kg,4000.0,Trans-Nzoia,2026-01-19
Kerugoya,Dry Onions,-,-,-,40.00/Kg,80.00/Kg,2500.0,Kirinyaga,2026-01-19
Kitale Municipality Market,Sweet potatoes,-,-,-,80.00/Kg,100.00/Kg,500.0,Trans-Nzoia,2026-01-19
Butere Livestock Market,Chicken,Indigenous,-,Male,900.00/Head,-,11.0,Kakamega,2026-01-19
Kitale Municipality Market,Red Irish potato,-,-,-,60.00/Kg,70.00/Kg,3000.0,Trans-Nzoia,2026-01-19
Kerugoya,Courgette,-,-,-,40.00/Kg,80.00/Kg,350.0,Kirinyaga,2026-01-19
Kitale Municipality Market,Cassava Fresh,-,-,-,40.00/Kg,45.00/Kg,400.0,Trans-Nzoia,2026-01-19
Kitale Municipality Market,Cassava Chips (dry),-,-,-,75.00/Kg,100.00/Kg,300.0,Trans-Nzoia,2026-01-19
Kitale Municipality Market,Arrow Root,-,-,-,80.00/Kg,100.00/Kg,400.0,Trans-Nzoia,2026-01-19
Kitale Municipality Market,Spider flower (Saga),-,-,-,35.00/Kg,40.00/Kg,300.0,Trans-Nzoia,2026-01-19
Butere Livestock Market,Chicken,Indigenous,-,Female,900.00/Head,-,25.0,Kakamega,2026-01-19
Kerugoya,Carrots,-,-,-,35.00/Kg,70.00/Kg,400.0,Kirinyaga,2026-01-19
Kitale Municipality Market,Pumpkin Leaves,-,-,-,26.00/Kg,32.00/Kg,300.0,Trans-Nzoia,2026-01-19
Kerugoya,Capsicums,-,-,-,40.00/Kg,80.00/Kg,300.0,Kirinyaga,2026-01-19
Kitale Municipality Market,Jute Plant (Murenda),-,-,-,55.00/Kg,60.00/Kg,200.0,Trans-Nzoia,2026-01-19
Butere Livestock Market,Chicken,Indigenous,-,Male,1200.00/Head,-,15.0,Kakamega,2026-01-19
Kitale Municipality Market,Indigenous Crotolaria (Mito/Miro),-,-,-,30.00/Kg,35.00/Kg,300.0,Trans-Nzoia,2026-01-19
Butere Livestock Market,Sheep,Red Maasai,Grade 3,Female,3800.00/Head,-,3.0,Kakamega,2026-01-19
Kitale Municipality Market,Cowpea leaves (Kunde),-,-,-,24.00/Kg,30.00/Kg,300.0,Trans-Nzoia,2026-01-19
Kerugoya,Cabbages,-,-,-,20.00/Kg,30.00/Kg,300.0,Kirinyaga,2026-01-19
Kitale Municipality Market,Black nightshade (Managu/ Osuga),-,-,-,30.00/Kg,35.00/Kg,400.0,Trans-Nzoia,2026-01-19
Kerugoya,Banana (Cooking),-,-,-,15.00/Kg,30.00/Kg,800.0,Kirinyaga,2026-01-19
Butere Livestock Market,Sheep,Red Maasai,Grade 3,Male,3500.00/Head,-,6.0,Kakamega,2026-01-19
Kitale Municipality Market,Amaranthus (Terere),-,-,-,25.00/Kg,30.00/Kg,400.0,Trans-Nzoia,2026-01-19
Kitale Municipality Market,Macadamia Seed,-,-,-,200.00/Kg,250.00/Kg,200.0,Trans-Nzoia,2026-01-19
Butere Livestock Market,Sheep,Red Maasai,Grade 2,Female,4200.00/Head,-,5.0,Kakamega,2026-01-19
Kitale Municipality Market,Coconut Oil,-,-,-,160.00/Lt,200.00/Lt,1000.0,Trans-Nzoia,2026-01-19
Butere Livestock Market,Sheep,Red Maasai,Grade 2,Male,3800.00/Head,-,3.0,Kakamega,2026-01-19
Kerugoya,Pigeon peas,-,-,-,135.00/Kg,175.00/Kg,2350.0,Kirinyaga,2026-01-19
Butere Livestock Market,Sheep,Red Maasai,Grade 1,Female,4500.00/Head,-,2.0,Kakamega,2026-01-19
Butere Livestock Market,Sheep,Red Maasai,Grade 1,Male,4000.00/Head,-,4.0,Kakamega,2026-01-19
Kerugoya,Mixed Beans,-,-,-,95.00/Kg,140.00/Kg,1200.0,Kirinyaga,2026-01-19
Kerugoya,Lentils,-,-,-,250.00/Kg,300.00/Kg,1250.0,Kirinyaga,2026-01-19
Kerugoya,Ground Nuts,Large Brown,-,-,250.00/Kg,350.00/Kg,850.0,Kirinyaga,2026-01-19
Butere Livestock Market,Sheep,Red Maasai,Grade 3,Female,4200.00/Head,-,5.0,Kakamega,2026-01-19
Kerugoya,Green Grams,Makueni,-,-,120.00/Kg,150.00/Kg,1700.0,Kirinyaga,2026-01-19
Kerugoya,Green Grams,Local-Special,-,-,120.00/Kg,150.00/Kg,1600.0,Kirinyaga,2026-01-19
Butere Livestock Market,Sheep,Red Maasai,Grade 3,Male,4500.00/Head,-,7.0,Kakamega,2026-01-19
Kerugoya,Green Grams,Hybrid/ polished,-,-,125.00/Kg,160.00/Kg,1500.0,Kirinyaga,2026-01-19
Butere Livestock Market,Sheep,Red Maasai,Grade 2,Female,5500.00/Head,-,8.0,Kakamega,2026-01-19
Butere Livestock Market,Sheep,Red Maasai,Grade 2,Male,6000.00/Head,-,6.0,Kakamega,2026-01-19
Kerugoya,Dolichos lablab (Njahi),-,-,-,120.00/Kg,160.00/Kg,1600.0,Kirinyaga,2026-01-19
Butere Livestock Market,Sheep,Red Maasai,Grade 1,Female,5800.00/Head,-,5.0,Kakamega,2026-01-19
Kerugoya,Cowpeas,-,-,-,95.00/Kg,130.00/Kg,2300.0,Kirinyaga,2026-01-19
Butere Livestock Market,Sheep,Red Maasai,Grade 1,Male,6500.00/Head,-,3.0,Kakamega,2026-01-19
Kerugoya,Beans Rosecoco (Nyayo),-,-,-,135.00/Kg,175.00/Kg,2500.0,Kirinyaga,2026-01-19
Kerugoya,Beans Rosecoco,-,-,-,130.00/Kg,170.00/Kg,2650.0,Kirinyaga,2026-01-19
Butere Livestock Market,Sheep,Red Maasai,Grade 3,Female,6500.00/Head,-,5.0,Kakamega,2026-01-19
Kerugoya,Beans Red Haricot (Wairimu),-,-,-,120.00/Kg,140.00/Kg,2750.0,Kirinyaga,2026-01-19
Butere Livestock Market,Sheep,Red Maasai,Grade 3,Male,7000.00/Head,-,2.0,Kakamega,2026-01-19
Kerugoya,Beans (Yellow-Green),-,-,-,150.00/Kg,200.00/Kg,1650.0,Kirinyaga,2026-01-19
Kerugoya,Beans (Mwitemania),-,-,-,130.00/Kg,165.00/Kg,2350.0,Kirinyaga,2026-01-19
Kerugoya,Beans (Mwezi Moja),-,-,-,120.00/Kg,150.00/Kg,2600.0,Kirinyaga,2026-01-19
Butere Livestock Market,Sheep,Red Maasai,Grade 2,Female,7300.00/Head,-,6.0,Kakamega,2026-01-19
Butere Livestock Market,Sheep,Red Maasai,Grade 2,Male,8500.00/Head,-,3.0,Kakamega,2026-01-19
Butere Livestock Market,Sheep,Red Maasai,Grade 1,Female,8000.00/Head,-,2.0,Kakamega,2026-01-19
Butere Livestock Market,Sheep,Red Maasai,Grade 1,Male,9000.00/Head,-,3.0,Kakamega,2026-01-19
Butere Livestock Market,Goat,Mixed,Grade 3,Female,4500.00/Head,-,7.0,Kakamega,2026-01-19
Butere Livestock Market,Goat,Mixed,Grade 3,Male,4000.00/Head,-,4.0,Kakamega,2026-01-19
Butere Livestock Market,Goat,Mixed,Grade 2,Female,4800.00/Head,-,2.0,Kakamega,2026-01-19
Butere Livestock Market,Goat,Mixed,Grade 2,Male,4300.00/Head,-,3.0,Kakamega,2026-01-19
Butere Livestock Market,Goat,Mixed,Grade 1,Female,5000.00/Head,-,3.0,Kakamega,2026-01-19
Butere Livestock Market,Goat,Mixed,Grade 1,Male,4800.00/Head,-,5.0,Kakamega,2026-01-19
Butere Livestock Market,Goat,Mixed,Grade 3,Female,4500.00/Head,-,2.0,Kakamega,2026-01-19
Butere Livestock Market,Goat,Mixed,Grade 3,Male,4900.00/Head,-,5.0,Kakamega,2026-01-19
Butere Livestock Market,Goat,Mixed,Grade 2,Female,5000.00/Head,-,6.0,Kakamega,2026-01-19
Butere Livestock Market,Goat,Mixed,Grade 2,Male,5500.00/Head,-,4.0,Kakamega,2026-01-19
Butere Livestock Market,Goat,Mixed,Grade 1,Female,6800.00/Head,-,2.0,Kakamega,2026-01-19
Butere Livestock Market,Goat,Mixed,Grade 1,Male,6000.00/Head,-,3.0,Kakamega,2026-01-19
Butere Livestock Market,Goat,Mixed,Grade 3,Female,6500.00/Head,-,5.0,Kakamega,2026-01-19
Butere Livestock Market,Goat,Mixed,Grade 3,Male,7000.00/Head,-,3.0,Kakamega,2026-01-19
Butere Livestock Market,Goat,Mixed,Grade 2,Female,7500.00/Head,-,4.0,Kakamega,2026-01-19
Butere Livestock Market,Goat,Mixed,Grade 2,Male,8500.00/Head,-,3.0,Kakamega,2026-01-19
Butere Livestock Market,Goat,Mixed,Grade 1,Female,9000.00/Head,-,1.0,Kakamega,2026-01-19
Butere Livestock Market,Goat,Mixed,Grade 1,Male,11500.00/Head,-,2.0,Kakamega,2026-01-19
Butere Livestock Market,Cattle,Zebu,Grade 3,Female,8.00/Head,-,8.0,Kakamega,2026-01-19
Butere Livestock Market,Cattle,Zebu,Grade 3,Male,17000.00/Head,-,9.0,Kakamega,2026-01-19
Butere Livestock Market,Cattle,Zebu,Grade 2,Female,23000.00/Head,-,6.0,Kakamega,2026-01-19
Butere Livestock Market,Cattle,Zebu,Grade 2,Male,20000.00/Head,-,7.0,Kakamega,2026-01-19
Butere Livestock Market,Cattle,Zebu,Grade 1,Female,25000.00/Head,-,8.0,Kakamega,2026-01-19
Butere Livestock Market,Cattle,Zebu,Grade 1,Male,22000.00/Head,-,5.0,Kakamega,2026-01-19
Butere Livestock Market,Cattle,Zebu,Grade 3,Female,30000.00/Head,-,7.0,Kakamega,2026-01-19
Butere Livestock Market,Cattle,Zebu,Grade 3,Male,28000.00/Head,-,5.0,Kakamega,2026-01-19
Butere Livestock Market,Cattle,Zebu,Grade 2,Female,33000.00/Head,-,6.0,Kakamega,2026-01-19
Butere Livestock Market,Cattle,Zebu,Grade 2,Male,35000.00/Head,-,3.0,Kakamega,2026-01-19
Butere Livestock Market,Cattle,Zebu,Grade 1,Female,38000.00/Head,-,4.0,Kakamega,2026-01-19
Butere Livestock Market,Cattle,Zebu,Grade 1,Male,42000.00/Head,-,2.0,Kakamega,2026-01-19
Butere Livestock Market,Cattle,Zebu,Grade 3,Female,38000.00/Head,-,7.0,Kakamega,2026-01-19
Butere Livestock Market,Cattle,Zebu,Grade 3,Male,40000.00/Head,-,5.0,Kakamega,2026-01-19
Butere Livestock Market,Cattle,Zebu,Grade 2,Female,52000.00/Head,-,4.0,Kakamega,2026-01-19
Butere Livestock Market,Cattle,Zebu,Grade 2,Male,60000.00/Head,-,5.0,Kakamega,2026-01-19
Butere Livestock Market,Cattle,Zebu,Grade 1,Female,58000.00/Head,-,2.0,Kakamega,2026-01-19
Butere Livestock Market,Cattle,Zebu,Grade 1,Male,68000.00/Head,-,1.0,Kakamega,2026-01-19
Vanga,Squid(Ngisi),Fresh,-,-,150.00/Kg,250.00/Kg,200.0,Kwale,2026-01-19
Vanga,Octopus (Pweza),Fresh,-,-,450.00/Kg,550.00/Kg,600.0,Kwale,2026-01-19
Vanga,Cuttlefish,Fresh,-,-,200.00/Kg,250.00/Kg,60.0,Kwale,2026-01-19
Vanga,Jacks/Trevallies(Kolekole),Fresh,-,-,200.00/ Kg,250.00/ Kg,110.0,Kwale,2026-01-19
Vanga,Needlefishes,Fresh,-,-,150.00/ Kg,200.00/ Kg,210.0,Kwale,2026-01-19
Vanga,Sardines,Fresh,-,-,200.00/Kg,250.00/Kg,200.0,Kwale,2026-01-19
Vanga,Scavengers (Changu/Tangu),Fresh,-,-,200.00/Kg,250.00/Kg,310.0,Kwale,2026-01-19
Vanga,Rabbitfish (Tafi/Tasi),Fresh,-,-,250.00/Kg,350.00/Kg,60.0,Kwale,2026-01-19
Vanga,Parrotfishes(Pono),Fresh,-,-,150.00/Kg,200.00/Kg,60.0,Kwale,2026-01-19
Nambacha Market,Goat,East African Goat,Grade 2,Male,7000.00/Head,-,100.0,Kakamega,2026-01-19
Nambacha Market,Chicken,Improved Kienyeji,-,Female,800.00/Head,-,150.0,Kakamega,2026-01-19
Nambacha Market,Chicken,Improved Kienyeji,-,Male,1200.00/Head,-,200.0,Kakamega,2026-01-19
Nambacha Market,Cattle,Mixed,Grade 2,Female,55000.00/Head,-,150.0,Kakamega,2026-01-19
Nambacha Market,Cattle,Zebu,Grade 2,Male,50000.00/Head,-,200.0,Kakamega,2026-01-19
Gikomba,Lentils,-,-,-,260.00/Kg,300.00/Kg,,Nairobi,2026-01-19
Gikomba,Ground Nuts,Large Brown,-,-,166.67/Kg,275.00/Kg,,Nairobi,2026-01-19
Gikomba,Green Grams,Makueni,-,-,100.00/Kg,200.00/Kg,,Nairobi,2026-01-19
Gikomba,Dolichos lablab (Njahi),-,-,-,88.89/Kg,150.00/Kg,,Nairobi,2026-01-19
Gikomba,Cowpeas,-,-,-,88.89/Kg,150.00/Kg,,Nairobi,2026-01-19
Kawangware,Rice,Pishori,-,-,160.00/Kg,180.00/Kg,,Nairobi,2026-01-19
Gikomba,Beans Rosecoco (Nyayo),-,-,-,105.56/Kg,200.00/Kg,,Nairobi,2026-01-19
Kawangware,Red Sorghum,-,-,-,77.78/Kg,120.00/Kg,,Nairobi,2026-01-19
Kawangware,Pearl Rush Millet,-,-,-,122.22/Kg,120.00/Kg,,Nairobi,2026-01-19
Kawangware,Finger Millet,-,-,-,54.00/Kg,90.00/Kg,,Nairobi,2026-01-19
Gikomba,Beans Red Haricot (Wairimu),-,-,-,88.89/Kg,150.00/Kg,,Nairobi,2026-01-19
Kawangware,Dry Maize,White Maize,-,-,40.00/Kg,60.00/Kg,,Nairobi,2026-01-19
Gikomba,Beans (Yellow-Green),-,-,-,111.11/Kg,200.00/Kg,,Nairobi,2026-01-19
Gikomba,Wheat,-,-,-,64.44/Kg,100.00/Kg,,Nairobi,2026-01-19
Gikomba,Rice,Sindano,-,-,160.00/Kg,160.00/Kg,,Nairobi,2026-01-19
Gikomba,Rice,Sindano,-,-,160.00/Kg,160.00/Kg,,Nairobi,2026-01-19
Kawangware,Pigeon peas,-,-,-,115.00/Kg,110.00/Kg,,Nairobi,2026-01-19
Gikomba,Rice,Pishori,-,-,160.00/Kg,180.00/Kg,,Nairobi,2026-01-19
Kawangware,Lentils,-,-,-,182.00/Kg,200.00/Kg,,Nairobi,2026-01-19
Gikomba,Red Sorghum,-,-,-,72.22/Kg,100.00/Kg,,Nairobi,2026-01-19
Gikomba,Pearl Rush Millet,-,-,-,124.00/Kg,170.00/Kg,,Nairobi,2026-01-19
Gikomba,Finger Millet,-,-,-,83.33/Kg,140.00/Kg,,Nairobi,2026-01-19
Kawangware,Ground Nuts,Large Brown,-,-,220.00/Kg,240.00/Kg,,Nairobi,2026-01-19
Kawangware,Dry Peas,-,-,-,125.00/Kg,145.00/Kg,,Nairobi,2026-01-19
Kawangware,Dolichos lablab (Njahi),-,-,-,65.00/Kg,85.00/Kg,,Nairobi,2026-01-19
Gikomba,Dry Maize,Yellow Maize,-,-,77.78/Kg,100.00/Kg,,Nairobi,2026-01-19
Kawangware,Cowpeas,-,-,-,90.00/Kg,110.00/Kg,,Nairobi,2026-01-19
Gikomba,Dry Maize,White Maize,-,-,50.00/Kg,65.00/Kg,,Nairobi,2026-01-19
Kawangware,Beans Rosecoco (Nyayo),-,-,-,80.00/Kg,100.00/Kg,,Nairobi,2026-01-19
Kawangware,Beans Rosecoco,-,-,-,115.00/Kg,130.00/Kg,,Nairobi,2026-01-19
Nairobi Supermarkets,Wheat Flour,Winnie's Pure Health Atta Mark 1,-,-,-,128.50/Kg,,Nairobi,2026-01-19
Nairobi Supermarkets,Wheat Flour,Tropicana HBF,-,-,-,88.50/Kg,,Nairobi,2026-01-19
Kawangware,Beans Red Haricot (Wairimu),-,-,-,65.00/Kg,85.00/Kg,,Nairobi,2026-01-19
Nairobi Supermarkets,Wheat Flour,Soko Atta Mark 1,-,-,-,83.00/Kg,,Nairobi,2026-01-19
Nairobi Supermarkets,Wheat Flour,Soko All Purpose HBF,-,-,-,82.00/Kg,,Nairobi,2026-01-19
Nairobi Supermarkets,Wheat Flour,Phulka Atta Mark 1 Chapati Flour,-,-,-,80.50/Kg,,Nairobi,2026-01-19
Kawangware,Beans (Yellow-Green),-,-,-,115.00/Kg,130.00/Kg,,Nairobi,2026-01-19
Nairobi Supermarkets,Wheat Flour,Pembe Atta Mark 1,-,-,-,83.50/Kg,,Nairobi,2026-01-19
Nairobi Supermarkets,Wheat Flour,Pembe All Purpose HBF,-,-,-,82.50/Kg,,Nairobi,2026-01-19
Kawangware,Beans (Mwitemania),-,-,-,80.00/Kg,105.00/Kg,,Nairobi,2026-01-19
Nairobi Supermarkets,Wheat Flour,Nutra Meal Atta Mark 1,-,-,-,135.00/Kg,,Nairobi,2026-01-19
Nairobi Supermarkets,Wheat Flour,Oboma all purpose HBF,-,-,-,79.00/Kg,,Nairobi,2026-01-19
Nairobi Supermarkets,Wheat Flour,Ndovu all purpose HBF,-,-,-,77.50/Kg,,Nairobi,2026-01-19
Nairobi Supermarkets,Wheat Flour,Mama Home Baking Flour,-,-,-,76.50/Kg,,Nairobi,2026-01-19
Nairobi Supermarkets,Wheat Flour,Golden All Purpose,-,-,-,82.00/Kg,,Nairobi,2026-01-19
Nairobi Supermarkets,Wheat Flour,Exe self raising,-,-,-,91.50/Kg,,Nairobi,2026-01-19
Nairobi Supermarkets,Wheat Flour,Exe Mandazi Fortified Wheat Flour,-,-,-,91.00/Kg,,Nairobi,2026-01-19
Nairobi Supermarkets,Wheat Flour,Exe Chapati fortified wheat flour,-,-,-,88.00/Kg,,Nairobi,2026-01-19
Nairobi Supermarkets,Wheat Flour,Exe brown bread,-,-,-,91.00/Kg,,Nairobi,2026-01-19
Nairobi Supermarkets,Wheat Flour,Exe Atta Mark 1,-,-,-,90.50/Kg,,Nairobi,2026-01-19
Nairobi Supermarkets,Wheat Flour,Exe All purpose fortified wheat flour,-,-,-,84.00/Kg,,Nairobi,2026-01-19
Nairobi Supermarkets,Wheat Flour,Elliots self raising flour,-,-,-,90.50/Kg,,Nairobi,2026-01-19
Nairobi Supermarkets,Wheat Flour,Elliots all purpose HBK,-,-,-,82.00/Kg,,Nairobi,2026-01-19
Nairobi Supermarkets,Wheat Flour,Dola premium all pupose,-,-,-,80.00/Kg,,Nairobi,2026-01-19
Nairobi Supermarkets,Wheat Flour,Dola Atta Mark 1,-,-,-,82.00/Kg,,Nairobi,2026-01-19
Nairobi Supermarkets,Wheat Flour,Chapati Afya,-,-,-,135.50/Kg,,Nairobi,2026-01-19
Nairobi Supermarkets,Wheat Flour,Ajab fortofied self raising,-,-,-,85.00/Kg,,Nairobi,2026-01-19
Nairobi Supermarkets,Wheat Flour,Ajab fortigied Home Baking flour,-,-,-,85.00/Kg,,Nairobi,2026-01-19
Nairobi Supermarkets,Wheat Flour,Ajab fortified mandazi flour,-,-,-,84.50/Kg,,Nairobi,2026-01-19
Nairobi Supermarkets,Wheat Flour,210 Home baking flour,-,-,-,80.00/Kg,,Nairobi,2026-01-19
Nairobi Supermarkets,Wheat Flour,210 Atta Mark 1,-,-,-,77.50/Kg,,Nairobi,2026-01-19
Nairobi Supermarkets,Maize Flour,Ugali Afya,-,-,-,145.00/Kg,,Nairobi,2026-01-19
Nairobi Supermarkets,Maize Flour,Soko,-,-,-,82.00/Kg,,Nairobi,2026-01-19
Nairobi Supermarkets,Maize Flour,Raha Premium,-,-,-,100.50/Kg,,Nairobi,2026-01-19
Nairobi Supermarkets,Maize Flour,Pembe,-,-,-,82.00/Kg,,Nairobi,2026-01-19
Nairobi Supermarkets,Maize Flour,Oryx,-,-,-,82.50/Kg,,Nairobi,2026-01-19
Nairobi Supermarkets,Maize Flour,Ndovu,-,-,-,70.50/Kg,,Nairobi,2026-01-19
Nairobi Supermarkets,Maize Flour,Mama,-,-,-,75.50/Kg,,Nairobi,2026-01-19
Nairobi Supermarkets,Maize Flour,Jogoo wimbi,-,-,-,139.50/Kg,,Nairobi,2026-01-19
Nairobi Supermarkets,Maize Flour,Jogoo,-,-,-,77.00/Kg,,Nairobi,2026-01-19
Nairobi Supermarkets,Maize Flour,Hostess,-,-,-,94.00/Kg,,Nairobi,2026-01-19
Nairobi Supermarkets,Maize Flour,Equatorial afya ugali,-,-,-,136.00/Kg,,Nairobi,2026-01-19
Nairobi Supermarkets,Maize Flour,Dola,-,-,-,77.00/Kg,,Nairobi,2026-01-19
Nairobi Supermarkets,Maize Flour,Cosmo,-,-,-,67.50/Kg,,Nairobi,2026-01-19
Nairobi Supermarkets,Maize Flour,Amaize,-,-,-,102.00/Kg,,Nairobi,2026-01-19
Nairobi Supermarkets,Maize Flour,Ajab,-,-,-,85.50/Kg,,Nairobi,2026-01-19
Nairobi Supermarkets,Maize Flour,210(two ten),-,-,-,78.00/Kg,,Nairobi,2026-01-19
Diani Market,Sweet potatoes,-,-,-,80.00/Kg,100.00/Kg,4000.0,Kwale,2026-01-19
Diani Market,White Irish Potatoes,-,-,-,80.00/Kg,100.00/Kg,6000.0,Kwale,2026-01-19
Diani Market,Spinach,-,-,-,60.00/Kg,80.00/Kg,600.0,Kwale,2026-01-19
Diani Market,Okra (Lady's fingers or Gumbo),-,-,-,80.00/Kg,100.00/Kg,400.0,Kwale,2026-01-19
Diani Market,Ginger,-,-,-,160.00/Kg,180.00/Kg,550.0,Kwale,2026-01-19
Diani Market,Garlic,-,-,-,450.00/Kg,500.00/Kg,450.0,Kwale,2026-01-19
Diani Market,Egg plant (Brinjals),-,-,-,40.00/Kg,60.00/Kg,550.0,Kwale,2026-01-19
Diani Market,Dry Onions,-,-,-,100.00/Kg,120.00/Kg,4000.0,Kwale,2026-01-19
Diani Market,Carrots,-,-,-,50.00/Kg,70.00/Kg,500.0,Kwale,2026-01-19
Diani Market,Capsicums,-,-,-,80.00/Kg,100.00/Kg,600.0,Kwale,2026-01-19
Diani Market,Tomatoes,-,-,-,80.00/Kg,100.00/Kg,6000.0,Kwale,2026-01-19
Vanga,Scavengers (Changu/Tangu),Fresh,-,-,250.00/Kg,350.00/Kg,230.0,Kwale,2026-01-18
Vanga,Rabbitfish (Tafi/Tasi),Fresh,-,-,250.00/Kg,350.00/Kg,200.0,Kwale,2026-01-18
Vanga,Parrotfishes(Pono),Fresh,-,-,150.00/Kg,200.00/Kg,320.0,Kwale,2026-01-18
Vanga,Jacks/Trevallies(Kolekole),Fresh,-,-,200.00/ Kg,250.00/ Kg,200.0,Kwale,2026-01-18
Vanga,Barracuda(Kasumba),Fresh,-,-,150.00/Kg,200.00/Kg,130.0,Kwale,2026-01-18
Muhoroni,Tilapia,Fried,-,-,-,800.00/Kg,500.0,Kisumu,2026-01-18
Muhoroni,Omena,Dried,-,-,333.33/Kg,433.33/Kg,1000.0,Kisumu,2026-01-18
Muhoroni,White Irish Potatoes,-,-,-,60.00/Kg,75.00/Kg,3500.0,Kisumu,2026-01-18
Muhoroni,Cassava Chips (dry),-,-,-,-,100.00/Kg,350.0,Kisumu,2026-01-18
Muhoroni,Arrow Root,-,-,-,-,150.00/Kg,150.0,Kisumu,2026-01-18
Muhoroni,Water Melon,-,-,-,-,100.00/Kg,3000.0,Kisumu,2026-01-18
Muhoroni,Pineapples,-,-,-,-,75.00/Kg,1000.0,Kisumu,2026-01-18
Muhoroni,Oranges,-,-,-,60.00/Kg,100.00/Kg,3000.0,Kisumu,2026-01-18
Muhoroni,Mangoes,Improved,-,-,40.00/Kg,60.00/Kg,2000.0,Kisumu,2026-01-18
Muhoroni,Avocado,Fuerte,-,-,-,35.00/Kg,2000.0,Kisumu,2026-01-18
Muhoroni,Red Sorghum,-,-,-,68.18/Kg,81.82/Kg,2500.0,Kisumu,2026-01-18
Muhoroni,Dry Maize,White Maize,-,-,44.00/Kg,48.00/Kg,3500.0,Kisumu,2026-01-18
Muhoroni,Spider flower (Saga),-,-,-,-,80.00/Kg,250.0,Kisumu,2026-01-18
Muhoroni,Indigenous Crotolaria (Mito/Miro),-,-,-,-,100.00/Kg,200.0,Kisumu,2026-01-18
Muhoroni,Ethiopian Kales -Kanzira,-,-,-,-,70.00/Kg,130.0,Kisumu,2026-01-18
Muhoroni,Cowpea leaves (Kunde),-,-,-,-,65.00/Kg,200.0,Kisumu,2026-01-18
Muhoroni,Black nightshade (Managu/ Osuga),-,-,-,-,70.00/Kg,200.0,Kisumu,2026-01-18
Muhoroni,Amaranthus (Terere),-,-,-,-,60.00/Kg,100.0,Kisumu,2026-01-18
Muhoroni,Tomatoes,-,-,-,71.43/Kg,100.00/Kg,5000.0,Kisumu,2026-01-18
Muhoroni,Garlic,-,-,-,350.00/Kg,500.00/Kg,900.0,Kisumu,2026-01-18
Muhoroni,Kales/Sukuma Wiki,-,-,-,35.71/Kg,50.00/Kg,1000.0,Kisumu,2026-01-18
Muhoroni,Dry Onions,-,-,-,100.00/Kg,120.00/Kg,2500.0,Kisumu,2026-01-18
Muhoroni,Carrots,-,-,-,60.00/Kg,80.00/Kg,500.0,Kisumu,2026-01-18
Muhoroni,Capsicums,-,-,-,80.00/Kg,100.00/Kg,250.0,Kisumu,2026-01-18
Muhoroni,Cabbages,-,-,-,25.00/Kg,35.00/Kg,8000.0,Kisumu,2026-01-18
Muhoroni,Banana (Plantain),-,-,-,40.00/Kg,60.00/Kg,350.0,Kisumu,2026-01-18
Muhoroni,Banana (Cooking),-,-,-,30.00/Kg,40.00/Kg,2000.0,Kisumu,2026-01-18
Muhoroni,Mixed Beans,-,-,-,100.00/Kg,112.00/Kg,2000.0,Kisumu,2026-01-18
Muhoroni,Ground Nuts,Large Brown,-,-,300.00/Kg,325.00/Kg,2000.0,Kisumu,2026-01-18
Muhoroni,Green Grams,Hybrid/ polished,-,-,140.00/Kg,175.00/Kg,3000.0,Kisumu,2026-01-18
Muhoroni,Cowpeas,-,-,-,230.77/Kg,288.46/Kg,500.0,Kisumu,2026-01-18
Muhoroni,Beans Rosecoco (Nyayo),-,-,-,120.00/Kg,140.00/Kg,3500.0,Kisumu,2026-01-18
Muhoroni,Beans Rosecoco,-,-,-,120.00/Kg,14.00/Kg,4500.0,Kisumu,2026-01-18
Muhoroni,Beans Red Haricot (Wairimu),-,-,-,1200.00/Kg,128.00/Kg,2000.0,Kisumu,2026-01-18
Muhoroni,Beans (Yellow-Green),-,-,-,160.00/Kg,180.00/Kg,2000.0,Kisumu,2026-01-18
Muhoroni,Beans (Mwezi Moja),-,-,-,120.00/Kg,128.00/Kg,3500.0,Kisumu,2026-01-18
Muhoroni,Beans (Canadian wonder),-,-,-,120.00/Kg,128.00/Kg,2500.0,Kisumu,2026-01-18
Muhoroni,Fertilizer,DAP,-,-,100.00/Kg,110.00/Kg,52000.0,Kisumu,2026-01-18
Muhoroni,Fertilizer,CAN,-,-,80.00/Kg,90.00/Kg,3500.0,Kisumu,2026-01-18
Khayega,Sweet potatoes,-,-,-,60.00/Kg,70.00/Kg,850.0,Kakamega,2026-01-18
Khayega,White Irish Potatoes,-,-,-,56.00/Kg,61.33/Kg,7000.0,Kakamega,2026-01-18
Khayega,Arrow Root,-,-,-,120.00/Kg,150.00/Kg,650.0,Kakamega,2026-01-18
Khayega,Finger Millet,-,-,-,108.70/Kg,117.39/Kg,900.0,Kakamega,2026-01-18
Khayega,Red Sorghum,-,-,-,85.71/Kg,107.14/Kg,500.0,Kakamega,2026-01-18
Khayega,Dry Maize,White Maize,-,-,51.11/Kg,533.33/Kg,18000.0,Kakamega,2026-01-18
Khayega,Spider flower (Saga),-,-,-,55.00/Kg,60.00/Kg,470.0,Kakamega,2026-01-18
Khayega,Black nightshade (Managu/ Osuga),-,-,-,50.00/Kg,50.00/Kg,500.0,Kakamega,2026-01-18
Khayega,Tomatoes,-,-,-,50.00/Kg,60.00/Kg,3000.0,Kakamega,2026-01-18
Khayega,Kales/Sukuma Wiki,-,-,-,35.00/Kg,40.00/Kg,750.0,Kakamega,2026-01-18
Khayega,Dry Onions,-,-,-,60.00/Kg,70.00/Kg,2500.0,Kakamega,2026-01-18
Khayega,Cabbages,-,-,-,30.00/Kg,32.50/Kg,1800.0,Kakamega,2026-01-18
Khayega,Mixed Beans,-,-,-,95.83/Kg,104.17/Kg,900.0,Kakamega,2026-01-18
Khayega,Ground Nuts,Small Red,-,-,229.17/Kg,250.00/Kg,450.0,Kakamega,2026-01-18
Khayega,Green Grams,Local-Special,-,-,117.39/Kg,130.43/Kg,900.0,Kakamega,2026-01-18
Khayega,Beans Rosecoco,-,-,-,108.33/Kg,116.67/Kg,900.0,Kakamega,2026-01-18
Khayega,Beans (Yellow-Green),-,-,-,154.17/Kg,166.67/Kg,1800.0,Kakamega,2026-01-18
Khayega,Fertilizer,DAP,-,-,110.00/Kg,114.00/Kg,500.0,Kakamega,2026-01-18
Makutano Embu,Apples,-,-,-,100.00/Kg,140.00/Kg,,Embu,2026-01-17
Makutano Embu,Grapes,Black-Dark,-,-,140.00/Kg,180.00/Kg,,Embu,2026-01-17
Makutano Embu,Lemons,-,-,-,55.00/Kg,70.00/Kg,,Embu,2026-01-17
Makutano Embu,Mangoes,Improved,-,-,20.00/Kg,30.00/Kg,,Embu,2026-01-17
Makutano Embu,Passion Fruits,-,-,-,180.00/Kg,220.00/Kg,,Embu,2026-01-17
Makutano Embu,Pawpaw,-,-,-,40.00/Kg,60.00/Kg,,Embu,2026-01-17
Makutano Embu,Pineapples,-,-,-,60.00/Kg,100.00/Kg,,Embu,2026-01-17
Makutano Embu,Thorn melon,-,-,-,40.00/Kg,60.00/Kg,,Embu,2026-01-17
Makutano Embu,Water Melon,-,-,-,25.00/Kg,40.00/Kg,,Embu,2026-01-17
Makutano Embu,Banana (Cooking),-,-,-,25.00/Kg,40.00/Kg,,Embu,2026-01-17
Makutano Embu,Butternuts,-,-,-,30.00/Kg,50.00/Kg,,Embu,2026-01-17
Makutano Embu,Cabbages,-,-,-,35.00/Kg,50.00/Kg,,Embu,2026-01-17
Makutano Embu,Capsicums,-,-,-,110.00/Kg,150.00/Kg,,Embu,2026-01-17
Makutano Embu,Carrots,-,-,-,40.00/Kg,60.00/Kg,,Embu,2026-01-17
Makutano Embu,Chillies,-,-,-,70.00/Kg,100.00/Kg,,Embu,2026-01-17
Makutano Embu,Coriander (Dhania),-,-,-,80.00/Kg,100.00/Kg,,Embu,2026-01-17
Makutano Embu,Courgette,-,-,-,80.00/Kg,100.00/Kg,,Embu,2026-01-17
Makutano Embu,Cucumber,-,-,-,60.00/Kg,80.00/Kg,,Embu,2026-01-17
Makutano Embu,Dry Onions,-,-,-,70.00/Kg,90.00/Kg,,Embu,2026-01-17
Makutano Embu,French beans,-,-,-,90.00/Kg,120.00/Kg,,Embu,2026-01-17
Makutano Embu,Fresh Peas,On pods,-,-,70.00/Kg,90.00/Kg,,Embu,2026-01-17
Makutano Embu,Kales/Sukuma Wiki,-,-,-,20.00/Kg,30.00/Kg,,Embu,2026-01-17
Makutano Embu,Pumpkin,-,-,-,30.00/Kg,40.00/Kg,,Embu,2026-01-17
Makutano Embu,Spinach,-,-,-,25.00/Kg,35.00/Kg,,Embu,2026-01-17
Makutano Embu,Spring Onions,-,-,-,45.00/Kg,60.00/Kg,,Embu,2026-01-17
Makutano Embu,Tomatoes,-,-,-,28.00/Kg,30.00/Kg,,Embu,2026-01-17
Makutano Embu,Amaranthus (Terere),-,-,-,35.00/Kg,50.00/Kg,,Embu,2026-01-17
Makutano Embu,Black nightshade (Managu/ Osuga),-,-,-,40.00/Kg,50.00/Kg,,Embu,2026-01-17
Makutano Embu,Cowpea leaves (Kunde),-,-,-,30.00/Kg,40.00/Kg,,Embu,2026-01-17
Makutano Embu,Jute Plant (Murenda),-,-,-,30.00/Kg,40.00/Kg,,Embu,2026-01-17
Makutano Embu,Pumpkin Leaves,-,-,-,35.00/Kg,50.00/Kg,,Embu,2026-01-17
Makutano Embu,Dry Maize,White Maize,-,-,35.00/Kg,45.00/Kg,,Embu,2026-01-17
Makutano Embu,Dry Maize,Yellow Maize,-,-,45.00/Kg,50.00/Kg,,Embu,2026-01-17
Makutano Embu,Paddy Rice,Pishori,-,-,82.00/Kg,85.00/Kg,,Embu,2026-01-17
Makutano Embu,Rice,Pishori,-,-,140.00/Kg,160.00/Kg,,Embu,2026-01-17
Makutano Embu,White Sorghum,-,-,-,80.00/kg,100.00/kg,,Embu,2026-01-17
Makutano Embu,Lentils,-,-,-,200.00/Kg,250.00/Kg,,Embu,2026-01-17
Makutano Embu,Red Sorghum,-,-,-,70.00/Kg,90.00/Kg,,Embu,2026-01-17
Mukuyu Market,Tomatoes,-,-,-,-,40.00/Kg,,Muranga,2026-01-17
Mukuyu Market,Spinach,-,-,-,-,45.00/Kg,,Muranga,2026-01-17
Mukuyu Market,Fresh Peas,Shelled Peas,-,-,-,120.00/Kg,,Muranga,2026-01-17
Mukuyu Market,Cabbages,-,-,-,-,70.00/Kg,,Muranga,2026-01-17
Mukuyu Market,Carrots,-,-,-,-,60.00/Kg,,Muranga,2026-01-17
Mukuyu Market,Sweet potatoes,-,-,-,-,100.00/Kg,,Muranga,2026-01-17
Mukuyu Market,White Irish Potatoes,-,-,-,-,70.00/Kg,,Muranga,2026-01-17
Mukuyu Market,Arrow Root,-,-,-,-,100.00/Kg,,Muranga,2026-01-17
Vanga,Rabbitfish (Tafi/Tasi),Fresh,-,-,200.00/Kg,250.00/Kg,130.0,Kwale,2026-01-17
Vanga,Parrotfishes(Pono),Fresh,-,-,150.00/Kg,200.00/Kg,60.0,Kwale,2026-01-17
Vanga,Jacks/Trevallies(Kolekole),Fresh,-,-,200.00/ Kg,250.00/ Kg,300.0,Kwale,2026-01-17
Vanga,Barracuda(Kasumba),Fresh,-,-,150.00/Kg,200.00/Kg,300.0,Kwale,2026-01-17
Vanga,Octopus (Pweza),Fresh,-,-,450.00/Kg,550.00/Kg,600.0,Kwale,2026-01-17
Vanga,Squid(Ngisi),Fresh,-,-,300.00/Kg,400.00/Kg,230.0,Kwale,2026-01-17
Makutano Kirinyaga,Red Sorghum,-,-,-,70.00/Kg,90.00/Kg,900.0,Kirinyaga,2026-01-17
Makutano Kirinyaga,Lentils,-,-,-,200.00/Kg,250.00/Kg,1200.0,Kirinyaga,2026-01-17
Makutano Kirinyaga,White Sorghum,-,-,-,80.00/kg,100.00/kg,950.0,Kirinyaga,2026-01-17
Makutano Kirinyaga,Rice,Pishori,-,-,140.00/Kg,160.00/Kg,1300.0,Kirinyaga,2026-01-17
Makutano Kirinyaga,Paddy Rice,Pishori,-,-,82.00/Kg,85.00/Kg,2400.0,Kirinyaga,2026-01-17
Makutano Kirinyaga,Dry Maize,Yellow Maize,-,-,45.00/Kg,50.00/Kg,1200.0,Kirinyaga,2026-01-17
Makutano Kirinyaga,Dry Maize,White Maize,-,-,35.00/Kg,45.00/Kg,3100.0,Kirinyaga,2026-01-17
Makutano Kirinyaga,Pumpkin Leaves,-,-,-,35.00/Kg,50.00/Kg,300.0,Kirinyaga,2026-01-17
Makutano Kirinyaga,Jute Plant (Murenda),-,-,-,30.00/Kg,40.00/Kg,800.0,Kirinyaga,2026-01-17
Makutano Kirinyaga,Cowpea leaves (Kunde),-,-,-,30.00/Kg,40.00/Kg,650.0,Kirinyaga,2026-01-17
Makutano Kirinyaga,Black nightshade (Managu/ Osuga),-,-,-,40.00/Kg,50.00/Kg,800.0,Kirinyaga,2026-01-17
Makutano Kirinyaga,Amaranthus (Terere),-,-,-,35.00/Kg,50.00/Kg,1100.0,Kirinyaga,2026-01-17
Makutano Kirinyaga,Tomatoes,-,-,-,28.33/Kg,33.33/Kg,8400.0,Kirinyaga,2026-01-17
Makutano Kirinyaga,Spring Onions,-,-,-,45.00/Kg,60.00/Kg,3100.0,Kirinyaga,2026-01-17
Makutano Kirinyaga,Spinach,-,-,-,25.00/Kg,35.00/Kg,2100.0,Kirinyaga,2026-01-17
Makutano Kirinyaga,Pumpkin,-,-,-,30.00/Kg,40.00/Kg,2600.0,Kirinyaga,2026-01-17
Makutano Kirinyaga,Kales/Sukuma Wiki,-,-,-,20.00/Kg,30.00/Kg,1400.0,Kirinyaga,2026-01-17
Makutano Kirinyaga,Fresh Peas,On pods,-,-,70.00/Kg,90.00/Kg,2300.0,Kirinyaga,2026-01-17
Makutano Kirinyaga,French beans,-,-,-,90.00/Kg,120.00/Kg,650.0,Kirinyaga,2026-01-17
Makutano Kirinyaga,Dry Onions,-,-,-,70.00/Kg,90.00/Kg,3900.0,Kirinyaga,2026-01-17
Makutano Kirinyaga,Cucumber,-,-,-,60.00/Kg,80.00/Kg,500.0,Kirinyaga,2026-01-17
Makutano Kirinyaga,Courgette,-,-,-,80.00/Kg,100.00/Kg,1050.0,Kirinyaga,2026-01-17
Makutano Kirinyaga,Coriander (Dhania),-,-,-,80.00/Kg,100.00/Kg,600.0,Kirinyaga,2026-01-17
Makutano Kirinyaga,Chillies,-,-,-,70.00/Kg,100.00/Kg,360.0,Kirinyaga,2026-01-17
Makutano Kirinyaga,Carrots,-,-,-,40.00/Kg,60.00/Kg,2900.0,Kirinyaga,2026-01-17
Makutano Kirinyaga,Capsicums,-,-,-,110.00/Kg,150.00/Kg,200.0,Kirinyaga,2026-01-17
Makutano Kirinyaga,Capsicums,-,-,-,80.00/Kg,100.00/Kg,950.0,Kirinyaga,2026-01-17
Makutano Kirinyaga,Cabbages,-,-,-,35.71/Kg,50.00/Kg,1950.0,Kirinyaga,2026-01-17
Makutano Kirinyaga,Butternuts,-,-,-,30.00/Kg,50.00/Kg,1500.0,Kirinyaga,2026-01-17
Makutano Kirinyaga,Banana (Cooking),-,-,-,25.00/Kg,40.00/Kg,2800.0,Kirinyaga,2026-01-17
Makutano Kirinyaga,Water Melon,-,-,-,25.00/Kg,40.00/Kg,2500.0,Kirinyaga,2026-01-17
Makutano Kirinyaga,Thorn melon,-,-,-,40.00/Kg,60.00/Kg,400.0,Kirinyaga,2026-01-17
Makutano Kirinyaga,Pineapples,-,-,-,62.50/Kg,100.00/Kg,160.0,Kirinyaga,2026-01-17
Makutano Kirinyaga,Pawpaw,-,-,-,40.00/Kg,60.00/Kg,250.0,Kirinyaga,2026-01-17
Makutano Kirinyaga,Passion Fruits,-,-,-,180.00/Kg,220.00/Kg,340.0,Kirinyaga,2026-01-17
Makutano Kirinyaga,Mangoes,Improved,-,-,20.00/Kg,30.00/Kg,4300.0,Kirinyaga,2026-01-17
Makutano Kirinyaga,Lemons,-,-,-,55.00/Kg,70.00/Kg,1100.0,Kirinyaga,2026-01-17
Makutano Kirinyaga,Grapes,Black-Dark,-,-,140.00/Kg,180.00/Kg,140.0,Kirinyaga,2026-01-17
Makutano Kirinyaga,Apples,-,-,-,100.00/Kg,140.00/Kg,230.0,Kirinyaga,2026-01-17
Makutano Kirinyaga,Fertilizer,Sulphate of Ammonia,-,-,56.00/Kg,60.00/Kg,2500.0,Kirinyaga,2026-01-17
Vanga,Octopus (Pweza),Fresh,-,-,450.00/Kg,550.00/Kg,600.0,Kwale,2026-01-16
Vanga,Octopus (Pweza),Fresh,-,-,450.00/Kg,550.00/Kg,600.0,Kwale,2026-01-16
Vanga,Cuttlefish,Fresh,-,-,200.00/Kg,250.00/Kg,60.0,Kwale,2026-01-16
Vanga,Lobster(Kamba Mawe),Live,-,-,600.00/Kg,900.00/Kg,120.0,Kwale,2026-01-16
Vanga,Scavengers (Changu/Tangu),Fresh,-,-,200.00/Kg,250.00/Kg,500.0,Kwale,2026-01-16
Vanga,Rabbitfish (Tafi/Tasi),Fresh,-,-,250.00/Kg,350.00/Kg,80.0,Kwale,2026-01-16
Vanga,Parrotfishes(Pono),Fresh,-,-,150.00/Kg,200.00/Kg,70.0,Kwale,2026-01-16
Vanga,Kingfish (Nguru),Fresh,-,-,250.00/Kg,350.00/Kg,400.0,Kwale,2026-01-16
Vanga,Barracuda(Kasumba),Fresh,-,-,150.00/Kg,200.00/Kg,300.0,Kwale,2026-01-16
Ngurubani Market,Oranges,-,-,-,70.00/Kg,100.00/Kg,1500.0,Kirinyaga,2026-01-16
Ngurubani Market,Water Melon,-,-,-,25.00/Kg,35.00/Kg,23500.0,Kirinyaga,2026-01-16
Ngurubani Market,Pork,-,-,-,500.00/Kg,700.00/Kg,420.0,Kirinyaga,2026-01-16
Ngurubani Market,Meat Beef,-,-,-,150.00/Kg,170.00/Kg,145000.0,Kirinyaga,2026-01-16
Ngurubani Market,Eggs,Exotic/Grade,-,-,400.00/Tray(30),450.00/Tray(30),3200.0,Kirinyaga,2026-01-16
Ngurubani Market,Eggs,Exotic/Grade,-,-,390.00/Tray(30),600.00/Tray(30),3200.0,Kirinyaga,2026-01-16
Ngurubani Market,White Irish Potatoes,-,-,-,34.00/Kg,50.00/Kg,24400.0,Kirinyaga,2026-01-16
Ngurubani Market,Sweet potatoes,-,-,-,70.00/Kg,100.00/Kg,420.0,Kirinyaga,2026-01-16
Ngurubani Market,Arrow Root,-,-,-,80.00/Kg,120.00/Kg,1200.0,Kirinyaga,2026-01-16
Ngurubani Market,Arrow Root,-,-,-,70.00/Kg,100.00/Kg,420.0,Kirinyaga,2026-01-16
Ngurubani Market,Paddy Rice,Pishori,-,-,150.00/Kg,170.00/Kg,145000.0,Kirinyaga,2026-01-16
Mumias,Tilapia,Dried,-,-,-,287.50/Kg,,Kakamega,2026-01-16
Ngurubani Market,Red Sorghum,-,-,-,40.00/Kg,45.00/Kg,1350.0,Kirinyaga,2026-01-16
Mumias,Omena,Dried,-,-,-,611.11/Kg,,Kakamega,2026-01-16
Ngurubani Market,Dry Maize,White Maize,-,-,40.00/Kg,45.00/Kg,6250.0,Kirinyaga,2026-01-16
Ngurubani Market,Cowpea leaves (Kunde),-,-,-,40.00/Kg,60.00/Kg,180.0,Kirinyaga,2026-01-16
Mumias,White Irish Potatoes,-,-,-,-,72.00/Kg,,Kakamega,2026-01-16
Ngurubani Market,Pumpkin Leaves,-,-,-,25.00/Kg,35.00/Kg,150.0,Kirinyaga,2026-01-16
Ngurubani Market,Black nightshade (Managu/ Osuga),-,-,-,25.00/Kg,35.00/Kg,400.0,Kirinyaga,2026-01-16
Mumias,Sweet potatoes,-,-,-,-,35.71/Kg,,Kakamega,2026-01-16
Mumias,Cassava Fresh,-,-,-,-,55.56/Kg,,Kakamega,2026-01-16
Ngurubani Market,Amaranthus (Terere),-,-,-,30.00/Kg,35.00/Kg,600.0,Kirinyaga,2026-01-16
Mumias,Cassava Chips (dry),-,-,-,-,71.43/Kg,,Kakamega,2026-01-16
Ngurubani Market,Tomatoes,-,-,-,35.00/Kg,50.00/Kg,4500.0,Kirinyaga,2026-01-16
Mumias,Arrow Root,-,-,-,-,66.67/Kg,,Kakamega,2026-01-16
Ngurubani Market,Spinach,-,-,-,30.00/Kg,40.00/Kg,450.0,Kirinyaga,2026-01-16
Mumias,Water Melon,-,-,-,-,62.50/Kg,,Kakamega,2026-01-16
Ngurubani Market,Pumpkin,-,-,-,25.00/Kg,35.00/Kg,205.0,Kirinyaga,2026-01-16
Ngurubani Market,Kales/Sukuma Wiki,-,-,-,20.00/Kg,30.00/Kg,1200.0,Kirinyaga,2026-01-16
Ngurubani Market,Dry Onions,-,-,-,70.00/Kg,100.00/Kg,6800.0,Kirinyaga,2026-01-16
Ngurubani Market,Courgette,-,-,-,70.00/Kg,100.00/Kg,250.0,Kirinyaga,2026-01-16
Ngurubani Market,Coriander (Dhania),-,-,-,70.00/Kg,100.00/Kg,170.0,Kirinyaga,2026-01-16
Ngurubani Market,Carrots,-,-,-,40.00/Kg,60.00/Kg,2400.0,Kirinyaga,2026-01-16
Ngurubani Market,Cabbages,-,-,-,25.00/Kg,35.00/Kg,21000.0,Kirinyaga,2026-01-16
Ngurubani Market,Banana (Cooking),-,-,-,25.00/Kg,35.00/Kg,2500.0,Kirinyaga,2026-01-16
Ngurubani Market,Mixed Beans,-,-,-,86.67/Kg,175.00/Kg,800.0,Kirinyaga,2026-01-16
Ngurubani Market,Cowpeas,-,-,-,100.00/Kg,135.00/Kg,9000.0,Kirinyaga,2026-01-16
Ngurubani Market,Dolichos lablab (Njahi),-,-,-,97.78/Kg,135.00/Kg,1250.0,Kirinyaga,2026-01-16
Ngurubani Market,Beans Rosecoco,-,-,-,100.00/Kg,140.00/Kg,2100.0,Kirinyaga,2026-01-16
Ngurubani Market,Beans Red Haricot (Wairimu),-,-,-,100.00/Kg,140.00/Kg,6700.0,Kirinyaga,2026-01-16
Ngurubani Market,Beans (Yellow-Green),-,-,-,122.22/Kg,200.00/Kg,4250.0,Kirinyaga,2026-01-16
Mumias,Pineapples,-,-,-,-,80.00/Kg,,Kakamega,2026-01-16
Ngurubani Market,Beans (Mwitemania),-,-,-,94.44/Kg,175.00/Kg,2200.0,Kirinyaga,2026-01-16
Ngurubani Market,Fertilizer,NPK,-,-,95.00/Kg,100.00/Kg,225000.0,Kirinyaga,2026-01-16
Ngurubani Market,Fertilizer,DAP,-,-,111.00/Kg,120.00/Kg,140000.0,Kirinyaga,2026-01-16
Ngurubani Market,Fertilizer,CAN,-,-,72.00/Kg,80.00/Kg,50000.0,Kirinyaga,2026-01-16
Mumias,Pawpaw,-,-,-,-,76.92/Kg,,Kakamega,2026-01-16
Mumias,Oranges,-,-,-,-,83.33/Kg,,Kakamega,2026-01-16
Mumias,Mangoes,Improved,-,-,-,76.92/Kg,,Kakamega,2026-01-16
Ndanai Market,Eggs,Indigenous /Kenyeji,-,-,510.00/Tray(30),600.00/Tray(30),8000.0,Bomet,2026-01-16
Ndanai Market,Chicken,Indigenous,-,Female,600.00/Head,-,1500.0,Bomet,2026-01-16
Ndanai Market,Chicken,Indigenous,-,Male,900.00/Head,-,1200.0,Bomet,2026-01-16
Ndanai Market,Water Melon,-,-,-,90.00/Kg,110.00/Kg,6000.0,Bomet,2026-01-16
Ndanai Market,Oranges,-,-,-,59.09/Kg,100.00/Kg,7000.0,Bomet,2026-01-16
Ndanai Market,Banana (Ripening),-,-,-,16.00/Kg,50.00/Kg,15000.0,Bomet,2026-01-16
Ndanai Market,Dry Maize,White Maize,-,-,47.78/Kg,140.00/Kg,36000.0,Bomet,2026-01-16
Ndanai Market,Spider flower (Saga),-,-,-,60.00/Kg,100.00/Kg,4000.0,Bomet,2026-01-16
Mumias,Lemons,-,-,-,-,150.00/Kg,,Kakamega,2026-01-16
Ndanai Market,Black nightshade (Managu/ Osuga),-,-,-,70.00/Kg,100.00/Kg,5000.0,Bomet,2026-01-16
Mumias,Grapes,Black-Dark,-,-,-,720.00/Kg,,Kakamega,2026-01-16
Ndanai Market,Tomatoes,-,-,-,75.00/Kg,100.00/Kg,12800.0,Bomet,2026-01-16
Mumias,Banana (Ripening),-,-,-,-,45.45/Kg,,Kakamega,2026-01-16
Ndanai Market,Kales/Sukuma Wiki,-,-,-,11.11/Kg,30.00/Kg,3000.0,Bomet,2026-01-16
Ndanai Market,Dry Onions,-,-,-,75.00/Kg,100.00/Kg,8000.0,Bomet,2026-01-16
Ndanai Market,Cabbages,-,-,-,10.00/Kg,20.00/Kg,10000.0,Bomet,2026-01-16
Ndanai Market,Beans Rosecoco,-,-,-,133.33/Kg,175.00/Kg,27000.0,Bomet,2026-01-16
Kisasi,Sheep,Blackhead Persian,Grade 2,Female,3500.00/Head,-,,Kitui,2026-01-16
Kisasi,Sheep,Blackhead Persian,Grade 2,Male,4000.00/Head,-,,Kitui,2026-01-16
Kisasi,Sheep,Blackhead Persian,Grade 2,Female,5500.00/Head,-,,Kitui,2026-01-16
Lungalunga,Cassava Fresh,-,-,-,50.00/Kg,100.00/Kg,10000.0,Kwale,2026-01-16
Kisasi,Sheep,Blackhead Persian,Grade 2,Male,6000.00/Head,-,,Kitui,2026-01-16
Lungalunga,White Irish Potatoes,-,-,-,50.00/Kg,100.00/Kg,50000.0,Kwale,2026-01-16
Kisasi,Goat,Mixed,Grade 2,Male,6000.00/Head,-,,Kitui,2026-01-16
Lungalunga,Oranges,-,-,-,50.00/Kg,100.00/Kg,30000.0,Kwale,2026-01-16
Lungalunga,Tomatoes,-,-,-,50.00/Kg,100.00/Kg,30000.0,Kwale,2026-01-16
Lungalunga,Cabbages,-,-,-,60.00/Kg,100.00/Kg,10000.0,Kwale,2026-01-16
Kisasi,Goat,Mixed,Grade 2,Female,10000.00/Head,-,,Kitui,2026-01-16
Kisasi,Goat,Mixed,Grade 2,Male,15000.00/Head,-,,Kitui,2026-01-16
Kisasi,Donkey,-,-,Female,9000.00/Head,-,,Kitui,2026-01-16
Kisasi,Donkey,-,-,Male,7000.00/Head,-,,Kitui,2026-01-16
Kisasi,Donkey,-,-,Female,18000.00/Head,-,,Kitui,2026-01-16
Kisasi,Donkey,-,-,Male,13000.00/Head,-,,Kitui,2026-01-16
Kisasi,Chicken,Indigenous,-,Male,500.00/Head,-,,Kitui,2026-01-16
Kisasi,Chicken,Indigenous,-,Female,400.00/Head,-,,Kitui,2026-01-16
Kisasi,Chicken,Indigenous,-,Female,1000.00/Head,-,,Kitui,2026-01-16
Kisasi,Chicken,Indigenous,-,Male,1500.00/Head,-,,Kitui,2026-01-16
Kisasi,Cattle,Mixed,Grade 2,Female,35000.00/Head,-,,Kitui,2026-01-16
Kisasi,Cattle,Mixed,Grade 2,Male,45000.00/Head,-,,Kitui,2026-01-16
Kisasi,Cattle,Mixed,Grade 2,Female,55000.00/Head,-,,Kitui,2026-01-16
Kisasi,Cattle,Mixed,Grade 2,Male,75000.00/Head,-,,Kitui,2026-01-16
Kisasi,Sweet potatoes,-,-,-,75.00/Kg,100.00/Kg,,Kitui,2026-01-16
Kisasi,White Irish Potatoes,-,-,-,30.00/Kg,50.00/Kg,,Kitui,2026-01-16
Kisasi,Red Irish potato,-,-,-,60.00/Kg,100.00/Kg,,Kitui,2026-01-16
Kisasi,Cassava Fresh,-,-,-,45.00/Kg,85.00/Kg,,Kitui,2026-01-16
Kisasi,Arrow Root,-,-,-,80.00/Kg,150.00/Kg,,Kitui,2026-01-16
Mumias,Avocado,Local,-,-,-,83.33/Kg,,Kakamega,2026-01-16
Kisasi,White Sorghum,-,-,-,90.00/kg,110.00/kg,,Kitui,2026-01-16
Kisasi,Red Sorghum,-,-,-,80.00/Kg,90.00/Kg,,Kitui,2026-01-16
Kisasi,Pearl Rush Millet,-,-,-,90.00/Kg,110.00/Kg,,Kitui,2026-01-16
Kisasi,Finger Millet,-,-,-,80.00/Kg,100.00/Kg,,Kitui,2026-01-16
Kisasi,Dry Maize,White Maize,-,-,50.00/Kg,55.00/Kg,,Kitui,2026-01-16
Kisasi,Dry Maize,Mixed-Traditional,-,-,45.00/Kg,50.00/Kg,,Kitui,2026-01-16
Kisasi,Black nightshade (Managu/ Osuga),-,-,-,19.00/Kg,35.00/Kg,,Kitui,2026-01-16
Kisasi,Amaranthus (Terere),-,-,-,18.00/Kg,32.00/Kg,,Kitui,2026-01-16
Kisasi,Tomatoes,-,-,-,30.00/Kg,50.00/Kg,,Kitui,2026-01-16
Kisasi,Spinach,-,-,-,30.00/Kg,50.00/Kg,,Kitui,2026-01-16
Kisasi,Kales/Sukuma Wiki,-,-,-,23.00/Kg,42.00/Kg,,Kitui,2026-01-16
Kisasi,Ginger,-,-,-,100.00/Kg,130.00/Kg,,Kitui,2026-01-16
Kisasi,Garlic,-,-,-,300.00/Kg,400.00/Kg,,Kitui,2026-01-16
Kisasi,Dry Onions,-,-,-,50.00/Kg,80.00/Kg,,Kitui,2026-01-16
Kisasi,Coriander (Dhania),-,-,-,19.00/Kg,30.00/Kg,,Kitui,2026-01-16
Kisasi,Carrots,-,-,-,50.00/Kg,70.00/Kg,,Kitui,2026-01-16
Mumias,Apples,-,-,-,-,480.00/Kg,,Kakamega,2026-01-16
Kisasi,Cabbages,-,-,-,55.00/Kg,70.00/Kg,,Kitui,2026-01-16
Kisasi,Banana (Plantain),-,-,-,18.00/Kg,29.00/Kg,,Kitui,2026-01-16
Kisasi,Banana (Cooking),-,-,-,12.00/Kg,26.00/Kg,,Kitui,2026-01-16
Kisasi,Pigeon peas,-,-,-,80.00/Kg,100.00/Kg,,Kitui,2026-01-16
Kisasi,Green Grams,Local-Special,-,-,80.00/Kg,100.00/Kg,,Kitui,2026-01-16
Kisasi,Green Grams,Hybrid/ polished,-,-,90.00/Kg,120.00/Kg,,Kitui,2026-01-16
Kisasi,Beans Rosecoco (Nyayo),-,-,-,100.00/Kg,120.00/Kg,,Kitui,2026-01-16
Mumias,White Sorghum,-,-,-,-,68.18/kg,,Kakamega,2026-01-16
Kisasi,Beans Rosecoco,-,-,-,110.00/Kg,120.00/Kg,,Kitui,2026-01-16
Kisasi,Beans (Yellow-Green),-,-,-,130.00/Kg,150.00/Kg,,Kitui,2026-01-16
Mumias,Wheat Flour,Ndovu all purpose HBF,-,-,-,82.50/Kg,,Kakamega,2026-01-16
Kisasi,Beans (Mwitemania),-,-,-,100.00/Kg,120.00/Kg,,Kitui,2026-01-16
Mumias,Wheat Flour,Ajab fortigied Home Baking flour,-,-,-,87.50/Kg,,Kakamega,2026-01-16
Kisasi,Beans (Mwezi Moja),-,-,-,100.00/Kg,120.00/Kg,,Kitui,2026-01-16
Mumias,Wheat Flour,Ajab fortigied Home Baking flour,-,-,-,85.00/Kg,,Kakamega,2026-01-16
Mumias,Rice,IRR,-,-,-,130.00/Kg,,Kakamega,2026-01-16
Mumias,Rice,Pishori,-,-,-,300.00/Kg,,Kakamega,2026-01-16
Mumias,Red Sorghum,-,-,-,-,76.19/Kg,,Kakamega,2026-01-16
Mumias,Maize Flour,Soko,-,-,-,75.00/Kg,,Kakamega,2026-01-16
Mumias,Maize Flour,Posho Mill,-,-,-,68.18/Kg,,Kakamega,2026-01-16
Mumias,Maize Flour,Jogoo wimbi,-,-,-,145.00/Kg,,Kakamega,2026-01-16
Mumias,Maize Flour,Jogoo,-,-,-,77.50/Kg,,Kakamega,2026-01-16
Mumias,Maize Flour,Jembe,-,-,-,70.00/Kg,,Kakamega,2026-01-16
Mumias,Maize Flour,Hostess,-,-,-,92.50/Kg,,Kakamega,2026-01-16
Mumias,Maize Flour,Amaize,-,-,-,105.00/Kg,,Kakamega,2026-01-16
Mumias,Finger Millet,-,-,-,-,156.52/Kg,,Kakamega,2026-01-16
Mumias,Dry Maize,White Maize,-,-,-,54.55/Kg,,Kakamega,2026-01-16
Mumias,Spider flower (Saga),-,-,-,-,100.00/Kg,,Kakamega,2026-01-16
Mumias,Pumpkin Leaves,-,-,-,-,75.00/Kg,,Kakamega,2026-01-16
Mumias,Jute Plant (Murenda),-,-,-,-,200.00/Kg,,Kakamega,2026-01-16
Mumias,Indigenous Crotolaria (Mito/Miro),-,-,-,-,100.00/Kg,,Kakamega,2026-01-16
Mumias,Ethiopian Kales -Kanzira,-,-,-,-,166.67/Kg,,Kakamega,2026-01-16
Mumias,Cowpea leaves (Kunde),-,-,-,-,150.00/Kg,,Kakamega,2026-01-16
Mumias,Black nightshade (Managu/ Osuga),-,-,-,-,150.00/Kg,,Kakamega,2026-01-16
Mumias,Amaranthus (Terere),-,-,-,-,125.00/Kg,,Kakamega,2026-01-16
Lungalunga,Cabbages,-,-,-,60.00/Kg,100.00/Kg,5000.0,Kwale,2026-01-16
Kagio,Green Maize,-,-,-,35.00/Kg,50.00/Kg,4500.0,Kirinyaga,2026-01-16
Kagio,Fresh Peas,On pods,-,-,60.00/Kg,90.00/Kg,800.0,Kirinyaga,2026-01-16
Kagio,French beans,-,-,-,100.00/Kg,150.00/Kg,200.0,Kirinyaga,2026-01-16
Kagio,Ginger,-,-,-,180.00/Kg,250.00/Kg,200.0,Kirinyaga,2026-01-16
Kagio,Pumpkin,-,-,-,35.00/Kg,55.00/Kg,500.0,Kirinyaga,2026-01-16
Kagio,Spring Onions,-,-,-,50.00/Kg,70.00/Kg,400.0,Kirinyaga,2026-01-16
Kagio,Garlic,-,-,-,400.00/Kg,500.00/Kg,200.0,Kirinyaga,2026-01-16
Kagio,Kales/Sukuma Wiki,-,-,-,20.00/Kg,30.00/Kg,1500.0,Kirinyaga,2026-01-16
Kagio,Egg plant (Brinjals),-,-,-,30.00/Kg,40.00/Kg,200.0,Kirinyaga,2026-01-16
Kagio,Cucumber,-,-,-,35.00/Kg,60.00/Kg,500.0,Kirinyaga,2026-01-16
Kagio,Courgette,-,-,-,55.00/Kg,80.00/Kg,500.0,Kirinyaga,2026-01-16
Kagio,Coriander (Dhania),-,-,-,30.00/Kg,50.00/Kg,200.0,Kirinyaga,2026-01-16
Kagio,Cauliflower,-,-,-,120.00/Kg,180.00/Kg,100.0,Kirinyaga,2026-01-16
Kagio,Carrots,-,-,-,45.00/Kg,70.00/Kg,1500.0,Kirinyaga,2026-01-16
Kagio,Capsicums,-,-,-,200.00/Kg,300.00/Kg,100.0,Kirinyaga,2026-01-16
Kagio,Capsicums,-,-,-,55.00/Kg,80.00/Kg,800.0,Kirinyaga,2026-01-16
Kagio,Cabbages,-,-,-,20.00/Kg,25.00/Kg,18000.0,Kirinyaga,2026-01-16
Kagio,Butternuts,-,-,-,45.00/Kg,70.00/Kg,1000.0,Kirinyaga,2026-01-16
Kagio,Broccoli,-,-,-,100.00/Kg,150.00/Kg,100.0,Kirinyaga,2026-01-16
Kagio,Banana (Plantain),-,-,-,70.00/Kg,100.00/Kg,400.0,Kirinyaga,2026-01-16
Kagio,Banana (Cooking),-,-,-,25.00/Kg,40.00/Kg,28000.0,Kirinyaga,2026-01-16
Kagio,Water Melon,-,-,-,30.00/Kg,40.00/Kg,32000.0,Kirinyaga,2026-01-16
Kagio,Thorn melon,-,-,-,15.00/Kg,25.00/Kg,1200.0,Kirinyaga,2026-01-16
Kagio,Pineapples,-,-,-,50.00/Kg,50.00/Kg,3000.0,Kirinyaga,2026-01-16
Kagio,Passion Fruits,-,-,-,120.00/Kg,180.00/Kg,300.0,Kirinyaga,2026-01-16
Kagio,Pawpaw,-,-,-,30.00/Kg,50.00/Kg,2000.0,Kirinyaga,2026-01-16
Kagio,Oranges,-,-,-,70.00/Kg,100.00/Kg,600.0,Kirinyaga,2026-01-16
Kagio,Mangoes,Improved,-,-,50.00/Kg,70.00/Kg,1500.0,Kirinyaga,2026-01-16
Kagio,Lemons,-,-,-,40.00/Kg,60.00/Kg,250.0,Kirinyaga,2026-01-16
Kagio,Grapes,Black-Dark,-,-,180.00/Kg,230.00/Kg,100.0,Kirinyaga,2026-01-16
Kagio,Apples,-,-,-,180.00/Kg,250.00/Kg,200.0,Kirinyaga,2026-01-16
Kagio,Banana (Ripening),-,-,-,25.00/Kg,40.00/Kg,28000.0,Kirinyaga,2026-01-16
Gakoromone,White Irish Potatoes,-,-,-,52.86/Kg,54.29/Kg,36000.0,Meru,2026-01-16
Gakoromone,Cassava Fresh,-,-,-,50.00/Kg,60.00/Kg,500.0,Meru,2026-01-16
Gakoromone,Water Melon,-,-,-,35.00/Kg,40.00/Kg,42000.0,Meru,2026-01-16
Gakoromone,Thorn melon,-,-,-,30.00/Kg,35.00/Kg,200.0,Meru,2026-01-16
Gakoromone,Pineapples,-,-,-,80.00/Kg,90.00/Kg,1000.0,Meru,2026-01-16
Gakoromone,Pawpaw,-,-,-,40.00/Kg,50.00/Kg,600.0,Meru,2026-01-16
Gakoromone,Dry Maize,White Maize,-,-,51.11/Kg,52.22/Kg,50000.0,Meru,2026-01-16
Gakoromone,Tomatoes,-,-,-,25.00/Kg,30.00/Kg,48000.0,Meru,2026-01-16
Gakoromone,Spring Onions,-,-,-,60.00/Kg,70.00/Kg,1000.0,Meru,2026-01-16
Gakoromone,Spinach,-,-,-,45.00/Kg,50.00/Kg,4000.0,Meru,2026-01-16
Gakoromone,Pumpkin,-,-,-,40.00/Kg,60.00/Kg,600.0,Meru,2026-01-16
Gakoromone,Green Maize,-,-,-,60.00/Kg,70.00/Kg,1000.0,Meru,2026-01-16
Gakoromone,Fresh Peas,On pods,-,-,120.00/Kg,140.00/Kg,1200.0,Meru,2026-01-16
Gakoromone,Dry Onions,-,-,-,75.00/Kg,90.00/Kg,30000.0,Meru,2026-01-16
Gakoromone,Cucumber,-,-,-,90.00/Kg,100.00/Kg,400.0,Meru,2026-01-16
Gakoromone,Courgette,-,-,-,80.00/Kg,90.00/Kg,4000.0,Meru,2026-01-16
Gakoromone,Coriander (Dhania),-,-,-,50.00/Kg,60.00/Kg,1000.0,Meru,2026-01-16
Gakoromone,Carrots,-,-,-,50.00/Kg,52.86/Kg,32000.0,Meru,2026-01-16
Gakoromone,Capsicums,-,-,-,70.00/Kg,80.00/Kg,2500.0,Meru,2026-01-16
Gakoromone,Butternuts,-,-,-,40.00/Kg,50.00/Kg,150.0,Meru,2026-01-16
Gakoromone,Banana (Plantain),-,-,-,14.00/Kg,15.00/Kg,16000.0,Meru,2026-01-16
Gakoromone,Banana (Cooking),-,-,-,14.00/Kg,15.00/Kg,18000.0,Meru,2026-01-16
Gakoromone,Cabbages,-,-,-,20.00/Kg,23.33/Kg,20000.0,Meru,2026-01-16
Gakoromone,Mixed Beans,-,-,-,84.44/Kg,85.56/Kg,18000.0,Meru,2026-01-16
Malimili Livestock Market,Sheep,Red Maasai,Grade 2,Female,6500.00/Head,-,16.0,Kakamega,2026-01-16
Malimili Livestock Market,Sheep,Red Maasai,Grade 2,Male,6000.00/Head,-,10.0,Kakamega,2026-01-16
Malimili Livestock Market,Goat,Mixed,Grade 2,Female,6000.00/Head,-,15.0,Kakamega,2026-01-16
Malimili Livestock Market,Goat,Mixed,Grade 2,Female,7000.00/Head,-,14.0,Kakamega,2026-01-16
Malimili Livestock Market,Goat,Mixed,Grade 2,Male,5500.00/Head,-,15.0,Kakamega,2026-01-16
Malimili Livestock Market,Goat,Mixed,Grade 2,Male,6300.00/Head,-,13.0,Kakamega,2026-01-16
Malimili Livestock Market,Cattle,Mixed,Grade 3,Female,27000.00/Head,-,24.0,Kakamega,2026-01-16
Malimili Livestock Market,Cattle,Mixed,Grade 3,Female,38000.00/Head,-,20.0,Kakamega,2026-01-16
Malimili Livestock Market,Cattle,Mixed,Grade 3,Female,55000.00/Head,-,27.0,Kakamega,2026-01-16
Malimili Livestock Market,Cattle,Mixed,Grade 4,Male,20000.00/Head,-,22.0,Kakamega,2026-01-16
Malimili Livestock Market,Cattle,Mixed,Grade 4,Male,33000.00/Head,-,19.0,Kakamega,2026-01-16
Malimili Livestock Market,Cattle,Mixed,Grade 3,Male,50000.00/Head,-,23.0,Kakamega,2026-01-16
Malimili Livestock Market,Cattle,Ayrshire,Grade 3,Female,30000.00/Head,-,27.0,Kakamega,2026-01-16
Malimili Livestock Market,Cattle,Ayrshire,Grade 3,Female,40000.00/Head,-,20.0,Kakamega,2026-01-16
Malimili Livestock Market,Cattle,Ayrshire,Grade 3,Male,25000.00/Head,-,25.0,Kakamega,2026-01-16
Malimili Livestock Market,Cattle,Ayrshire,Grade 3,Male,35000.00/Head,-,10.0,Kakamega,2026-01-16
Nairobi Supermarkets,Wheat Flour,Winnie's Pure Health Atta Mark 1,-,-,-,128.50/Kg,,Nairobi,2026-01-16
Malimili Livestock Market,Cattle,Ayrshire,Grade 3,Female,60000.00/Head,-,23.0,Kakamega,2026-01-16
Nairobi Supermarkets,Wheat Flour,Tropicana HBF,-,-,-,88.50/Kg,,Nairobi,2026-01-16
Malimili Livestock Market,Cattle,Ayrshire,Grade 3,Male,54000.00/Head,-,16.0,Kakamega,2026-01-16
Nairobi Supermarkets,Wheat Flour,Soko Atta Mark 1,-,-,-,83.50/Kg,,Nairobi,2026-01-16
Nairobi Supermarkets,Wheat Flour,Soko All Purpose HBF,-,-,-,82.00/Kg,,Nairobi,2026-01-16
Nairobi Supermarkets,Wheat Flour,Phulka Atta Mark 1 Chapati Flour,-,-,-,80.50/Kg,,Nairobi,2026-01-16
Nairobi Supermarkets,Wheat Flour,Pembe Atta Mark 1,-,-,-,84.00/Kg,,Nairobi,2026-01-16
Nairobi Supermarkets,Wheat Flour,Pembe All Purpose HBF,-,-,-,83.00/Kg,,Nairobi,2026-01-16
Nairobi Supermarkets,Wheat Flour,Oboma all purpose HBF,-,-,-,79.00/Kg,,Nairobi,2026-01-16
Nairobi Supermarkets,Wheat Flour,Nutra Meal Atta Mark 1,-,-,-,135.00/Kg,,Nairobi,2026-01-16
Nairobi Supermarkets,Wheat Flour,Ndovu all purpose HBF,-,-,-,77.50/Kg,,Nairobi,2026-01-16
Nairobi Supermarkets,Wheat Flour,Mama Home Baking Flour,-,-,-,76.50/Kg,,Nairobi,2026-01-16
Nairobi Supermarkets,Wheat Flour,Kifaru All Purpose HBF,-,-,-,77.50/Kg,,Nairobi,2026-01-16
Malimili Livestock Market,Chicken,Improved Kienyeji,-,Male,800.00/Head,-,25.0,Kakamega,2026-01-16
Nairobi Supermarkets,Wheat Flour,Golden All Purpose,-,-,-,82.00/Kg,,Nairobi,2026-01-16
Nairobi Supermarkets,Wheat Flour,Exe self raising,-,-,-,92.50/Kg,,Nairobi,2026-01-16
Nairobi Supermarkets,Wheat Flour,Exe Mandazi Fortified Wheat Flour,-,-,-,91.50/Kg,,Nairobi,2026-01-16
Nairobi Supermarkets,Wheat Flour,Exe Chapati fortified wheat flour,-,-,-,88.00/Kg,,Nairobi,2026-01-16
Nairobi Supermarkets,Wheat Flour,Exe brown bread,-,-,-,91.00/Kg,,Nairobi,2026-01-16
Nairobi Supermarkets,Wheat Flour,Exe Atta Mark 1,-,-,-,90.50/Kg,,Nairobi,2026-01-16
Malimili Livestock Market,Chicken,Improved Kienyeji,-,Female,800.00/Head,-,30.0,Kakamega,2026-01-16
Nairobi Supermarkets,Wheat Flour,Exe All purpose fortified wheat flour,-,-,-,84.00/Kg,,Nairobi,2026-01-16
Nairobi Supermarkets,Wheat Flour,Elliots self raising flour,-,-,-,90.50/Kg,,Nairobi,2026-01-16
Nairobi Supermarkets,Wheat Flour,Elliots all purpose HBK,-,-,-,82.00/Kg,,Nairobi,2026-01-16
Nairobi Supermarkets,Wheat Flour,Dola premium all pupose,-,-,-,81.50/Kg,,Nairobi,2026-01-16
Nairobi Supermarkets,Wheat Flour,Dola Atta Mark 1,-,-,-,82.00/Kg,,Nairobi,2026-01-16
Nairobi Supermarkets,Wheat Flour,Chapati Afya,-,-,-,135.50/Kg,,Nairobi,2026-01-16
Nairobi Supermarkets,Wheat Flour,Ajab fortofied self raising,-,-,-,85.00/Kg,,Nairobi,2026-01-16
Malimili Livestock Market,Chicken,Improved Kienyeji,-,Male,1000.00/Head,-,55.0,Kakamega,2026-01-16
Nairobi Supermarkets,Wheat Flour,Ajab fortigied Home Baking flour,-,-,-,85.00/Kg,,Nairobi,2026-01-16
Nairobi Supermarkets,Wheat Flour,Ajab fortified mandazi flour,-,-,-,84.50/Kg,,Nairobi,2026-01-16
Malimili Livestock Market,Chicken,Indigenous,-,Male,700.00/Head,-,20.0,Kakamega,2026-01-16
Nairobi Supermarkets,Wheat Flour,210 Home baking flour,-,-,-,80.00/Kg,,Nairobi,2026-01-16
Nairobi Supermarkets,Wheat Flour,210 Atta Mark 1,-,-,-,77.50/Kg,,Nairobi,2026-01-16
Malimili Livestock Market,Chicken,Indigenous,-,Male,1100.00/Head,-,40.0,Kakamega,2026-01-16
Malimili Livestock Market,Chicken,Indigenous,-,Male,1100.00/Head,-,40.0,Kakamega,2026-01-16
Malimili Livestock Market,Chicken,Indigenous,-,Male,1100.00/Head,-,40.0,Kakamega,2026-01-16
Nairobi Supermarkets,Maize Flour,Ugali Afya,-,-,-,146.50/Kg,,Nairobi,2026-01-16
Nairobi Supermarkets,Maize Flour,Soko,-,-,-,80.50/Kg,,Nairobi,2026-01-16
Nairobi Supermarkets,Maize Flour,Raha Premium,-,-,-,100.50/Kg,,Nairobi,2026-01-16
Nairobi Supermarkets,Maize Flour,Pembe,-,-,-,82.00/Kg,,Nairobi,2026-01-16
Nairobi Supermarkets,Maize Flour,Oryx,-,-,-,82.50/Kg,,Nairobi,2026-01-16
Nairobi Supermarkets,Maize Flour,Ndovu,-,-,-,71.00/Kg,,Nairobi,2026-01-16
Nairobi Supermarkets,Maize Flour,Mama,-,-,-,75.50/Kg,,Nairobi,2026-01-16
Nairobi Supermarkets,Maize Flour,Jogoo wimbi,-,-,-,139.50/Kg,,Nairobi,2026-01-16
Nairobi Supermarkets,Maize Flour,Jogoo,-,-,-,77.00/Kg,,Nairobi,2026-01-16
Nairobi Supermarkets,Maize Flour,Hostess,-,-,-,94.00/Kg,,Nairobi,2026-01-16
Nairobi Supermarkets,Maize Flour,Equatorial afya ugali,-,-,-,136.00/Kg,,Nairobi,2026-01-16
Nairobi Supermarkets,Maize Flour,Dola,-,-,-,77.00/Kg,,Nairobi,2026-01-16
Nairobi Supermarkets,Maize Flour,Amaize,-,-,-,101.00/Kg,,Nairobi,2026-01-16
Nairobi Supermarkets,Maize Flour,Ajab,-,-,-,85.50/Kg,,Nairobi,2026-01-16
Nairobi Supermarkets,Maize Flour,210(two ten),-,-,-,77.00/Kg,,Nairobi,2026-01-16
Diani Market,Ginger,-,-,-,180.00/Kg,200.00/Kg,400.0,Kwale,2026-01-16
Diani Market,Kales/Sukuma Wiki,-,-,-,40.00/Kg,60.00/Kg,300.0,Kwale,2026-01-16
Diani Market,Okra (Lady's fingers or Gumbo),-,-,-,60.00/Kg,80.00/Kg,350.0,Kwale,2026-01-16
Diani Market,Spinach,-,-,-,40.00/Kg,60.00/Kg,300.0,Kwale,2026-01-16
Diani Market,Tomatoes,-,-,-,80.00/Kg,100.00/Kg,3000.0,Kwale,2026-01-16
Diani Market,Arrow Root,-,-,-,120.00/Kg,150.00/Kg,2000.0,Kwale,2026-01-16
Diani Market,Sweet potatoes,-,-,-,80.00/Kg,100.00/Kg,3000.0,Kwale,2026-01-16
Kangemi Market,Avocado,Fuerte,-,-,-,100.00/Kg,,Nairobi,2026-01-16
Kangemi Market,Oranges,-,-,-,140.00/Kg,170.00/Kg,,Nairobi,2026-01-16
Kangemi Market,Pineapples,-,-,-,65.00/Kg,80.00/Kg,,Nairobi,2026-01-16
Kangemi Market,White Irish Potatoes,-,-,-,-,80.00/Kg,,Nairobi,2026-01-16
Kangemi Market,Sweet potatoes,-,-,-,55.00/Kg,80.00/Kg,,Nairobi,2026-01-16
Kangemi Market,Dry Maize,White Maize,-,-,4500.00/Kg,5000.00/Kg,,Nairobi,2026-01-16
Kangemi Market,Rice,Pishori,-,-,150.00/Kg,170.00/Kg,,Nairobi,2026-01-16
Kangemi Market,Beans Rosecoco,-,-,-,112.22/Kg,120.00/Kg,,Nairobi,2026-01-16
Kangemi Market,Ground Nuts,Large Brown,-,-,310.00/Kg,-,,Nairobi,2026-01-16
Kangemi Market,Green Grams,Makueni,-,-,161.11/Kg,170.00/Kg,,Nairobi,2026-01-16
Kangemi Market,Beans (Canadian wonder),-,-,-,98.89/Kg,105.00/Kg,,Nairobi,2026-01-16
Kangemi Market,Beans Red Haricot (Wairimu),-,-,-,83.33/Kg,95.00/Kg,,Nairobi,2026-01-16
Kangemi Market,Beans Rosecoco (Nyayo),-,-,-,105.56/Kg,110.00/Kg,,Nairobi,2026-01-16
Kangemi Market,Beans (Yellow-Green),-,-,-,116.67/Kg,125.00/Kg,,Nairobi,2026-01-16
Kangemi Market,Dolichos lablab (Njahi),-,-,-,78.89/Kg,85.00/Kg,,Nairobi,2026-01-16
Kabati - Muranga,Pork,-,-,-,-,700.00/Kg,,Muranga,2026-01-16
Kabati - Muranga,Eggs,Exotic/Grade,-,-,-,400.00/Tray(30),,Muranga,2026-01-16
Kabati - Muranga,Cow Milk(Processd),-,-,-,100.00/Lt,110.00/Lt,,Muranga,2026-01-16
Kabati - Muranga,Cow Milk(At collection point),-,-,-,45.00/Lt,70.00/Lt,,Muranga,2026-01-16
Kabati - Muranga,Water Melon,-,-,-,-,60.00/Kg,,Muranga,2026-01-16
Kabati - Muranga,Tree tomato,-,-,-,70.00/Kg,10.00/Kg,,Muranga,2026-01-16
Kabati - Muranga,Thorn melon,-,-,-,45.00/Kg,60.00/Kg,,Muranga,2026-01-16
Kabati - Muranga,Tangerine (Sandara),-,-,-,45.00/Kg,70.00/Kg,,Muranga,2026-01-16
Kabati - Muranga,Pineapples,-,-,-,22.50/Kg,30.00/Kg,,Muranga,2026-01-16
Kabati - Muranga,Oranges,-,-,-,50.00/Kg,70.00/Kg,,Muranga,2026-01-16
Kabati - Muranga,Mangoes,Improved,-,-,40.00/Kg,80.00/Kg,,Muranga,2026-01-16
Kabati - Muranga,Lemons,-,-,-,50.00/Kg,70.00/Kg,,Muranga,2026-01-16
Kabati - Muranga,Grapes,White,-,-,480.00/Kg,600.00/Kg,,Muranga,2026-01-16
Kabati - Muranga,Banana (Ripening),-,-,-,18.00/Kg,35.00/Kg,,Muranga,2026-01-16
Kabati - Muranga,Avocado,Fuerte,-,-,60.00/Kg,120.00/Kg,,Muranga,2026-01-16
Kabati - Muranga,Apples,-,-,-,120.00/Kg,180.00/Kg,,Muranga,2026-01-16
Kabati - Muranga,Tomatoes,-,-,-,30.00/Kg,45.00/Kg,,Muranga,2026-01-16
Kabati - Muranga,Tomatoes,-,-,-,35.00/Kg,50.00/Kg,,Muranga,2026-01-16
Kabati - Muranga,Spinach,-,-,-,35.00/Kg,50.00/Kg,,Muranga,2026-01-16
Kabati - Muranga,Pumpkin,-,-,-,80.00/Kg,100.00/Kg,,Muranga,2026-01-16
Kabati - Muranga,Kales/Sukuma Wiki,-,-,-,35.00/Kg,50.00/Kg,,Muranga,2026-01-16
Kabati - Muranga,Green Maize,-,-,-,60.00/Kg,80.00/Kg,,Muranga,2026-01-16
Kabati - Muranga,Ginger,-,-,-,400.00/Kg,480.00/Kg,,Muranga,2026-01-16
Kabati - Muranga,Garlic,-,-,-,400.00/Kg,480.00/Kg,,Muranga,2026-01-16
Kabati - Muranga,Fresh Peas,Shelled Peas,-,-,-,280.00/Kg,,Muranga,2026-01-16
Kabati - Muranga,French beans,-,-,-,45.00/Kg,55.00/Kg,,Muranga,2026-01-16
Kabati - Muranga,Coriander (Dhania),-,-,-,35.00/Kg,50.00/Kg,,Muranga,2026-01-16
Kabati - Muranga,Chillies,-,-,-,60.00/Kg,120.00/Kg,,Muranga,2026-01-16
Kabati - Muranga,Capsicums,-,-,-,40.00/Kg,60.00/Kg,,Muranga,2026-01-16
Kabati - Muranga,Cabbages,-,-,-,30.00/Kg,45.00/Kg,,Muranga,2026-01-16
Kabati - Muranga,Butternuts,-,-,-,53.33/Kg,66.67/Kg,,Muranga,2026-01-16
Kabati - Muranga,Banana (Plantain),-,-,-,18.00/Kg,35.00/Kg,,Muranga,2026-01-16
Kabati - Muranga,Banana (Cooking),-,-,-,18.00/Kg,35.00/Kg,,Muranga,2026-01-16
Mumias,Tomatoes,-,-,-,-,76.92/Kg,,Kakamega,2026-01-16
Mumias,Spring Onions,-,-,-,-,100.00/Kg,,Kakamega,2026-01-16
Mumias,Spinach,-,-,-,-,83.33/Kg,,Kakamega,2026-01-16
Mumias,Pumpkin,-,-,-,-,62.50/Kg,,Kakamega,2026-01-16
Mumias,Kales/Sukuma Wiki,-,-,-,-,80.00/Kg,,Kakamega,2026-01-16
Mumias,Ginger,-,-,-,-,312.50/Kg,,Kakamega,2026-01-16
Mumias,Garlic,-,-,-,-,500.00/Kg,,Kakamega,2026-01-16
Mumias,Fresh Peas,Shelled Peas,-,-,-,136.36/Kg,,Kakamega,2026-01-16
Mumias,Dry Onions,-,-,-,-,125.00/Kg,,Kakamega,2026-01-16
Mumias,Cucumber,-,-,-,-,125.00/Kg,,Kakamega,2026-01-16
Mumias,Coriander (Dhania),-,-,-,-,333.33/Kg,,Kakamega,2026-01-16
Mumias,Chillies,-,-,-,-,125.00/Kg,,Kakamega,2026-01-16
Mumias,Carrots,-,-,-,-,83.33/Kg,,Kakamega,2026-01-16
Mumias,Capsicums,-,-,-,-,166.67/Kg,,Kakamega,2026-01-16
Mumias,Cabbages,-,-,-,-,35.71/Kg,,Kakamega,2026-01-16
Mumias,Butternuts,-,-,-,-,83.33/Kg,,Kakamega,2026-01-16
Mumias,Banana (Plantain),-,-,-,-,47.62/Kg,,Kakamega,2026-01-16
Mumias,Banana (Cooking),-,-,-,-,41.67/Kg,,Kakamega,2026-01-16
Mumias,Njugu Mawe,-,-,-,-,545.45/Kg,,Kakamega,2026-01-16
Mumias,Mixed Beans,-,-,-,-,118.18/Kg,,Kakamega,2026-01-16
Mumias,Lentils,-,-,-,-,480.00/Kg,,Kakamega,2026-01-16
Mumias,Ground Nuts,Small Red,-,-,-,261.90/Kg,,Kakamega,2026-01-16
Mumias,Ground Nuts,Large Brown,-,-,-,257.14/Kg,,Kakamega,2026-01-16
Mumias,Green Grams,Local-Special,-,-,-,120.00/Kg,,Kakamega,2026-01-16
Mumias,Green Grams,Hybrid/ polished,-,-,-,180.00/Kg,,Kakamega,2026-01-16
Mumias,Dry Peas,-,-,-,-,260.00/Kg,,Kakamega,2026-01-16
Mumias,Dolichos lablab (Njahi),-,-,-,-,240.00/Kg,,Kakamega,2026-01-16
Mumias,Cowpeas,-,-,-,-,130.43/Kg,,Kakamega,2026-01-16
Mumias,Beans Rosecoco (Nyayo),-,-,-,-,180.00/Kg,,Kakamega,2026-01-16
Mumias,Beans Rosecoco,-,-,-,-,173.91/Kg,,Kakamega,2026-01-16
Mumias,Beans Red Haricot (Wairimu),-,-,-,-,116.67/Kg,,Kakamega,2026-01-16
Mumias,Beans (Yellow-Green),-,-,-,-,173.91/Kg,,Kakamega,2026-01-16
Mumias,Beans (Mwitemania),-,-,-,-,136.36/Kg,,Kakamega,2026-01-16
Mumias,Beans (Mwezi Moja),-,-,-,-,136.36/Kg,,Kakamega,2026-01-16
Mumias,Beans (Canadian wonder),-,-,-,-,160.87/Kg,,Kakamega,2026-01-16
Mumias,Coconut,-,-,-,-,166.67/Kg,,Kakamega,2026-01-16
Mumias,Fertilizer,Urea,-,-,-,92.00/Kg,,Kakamega,2026-01-16
Mumias,Fertilizer,NPK,-,-,-,102.00/Kg,,Kakamega,2026-01-16
Mumias,Fertilizer,CAN,-,-,-,68.00/Kg,,Kakamega,2026-01-16
Mumias,Fertilizer,DAP,-,-,-,104.00/Kg,,Kakamega,2026-01-16
Katito,Sheep,Red Maasai,Grade 2,Male,6500.00/Head,-,650.0,Kisumu,2026-01-15
Katito,Goat,East African Goat,Grade 2,Female,6200.00/Head,-,950.0,Kisumu,2026-01-15
Katito,Goat,East African Goat,Grade 2,Male,7500.00/Head,-,1200.0,Kisumu,2026-01-15
Katito,Cattle,Zebu,Grade 3,Female,32000.00/Head,-,840.0,Kisumu,2026-01-15
Katito,Cattle,Zebu,Grade 4,Male,38000.00/Head,-,540.0,Kisumu,2026-01-15
Katito,Water Melon,-,-,-,62.97/Kg,100.00/Kg,1500.0,Kisumu,2026-01-15
Katito,Mangoes,Improved,-,-,70.00/Kg,108.23/Kg,6500.0,Kisumu,2026-01-15
Katito,Rice,IRR,-,-,300.00/Kg,205.64/Kg,5500.0,Kisumu,2026-01-15
Katito,Green Grams,Local-Special,-,-,150.00/Kg,154.05/Kg,3500.0,Kisumu,2026-01-15
Katito,Chicken,Indigenous,-,Female,950.00/Head,-,1300.0,Kisumu,2026-01-15
Katito,Chicken,Indigenous,-,Male,1100.00/Head,-,950.0,Kisumu,2026-01-15
Katito,Finger Millet,-,-,-,135.00/Kg,182.29/Kg,3800.0,Kisumu,2026-01-15
Katito,Beans (Mwezi Moja),-,-,-,166.67/Kg,124.16/Kg,6500.0,Kisumu,2026-01-15
Katito,Beans Rosecoco,-,-,-,177.78/Kg,148.56/Kg,4500.0,Kisumu,2026-01-15
Katito,Red Irish potato,-,-,-,90.00/Kg,96.71/Kg,8500.0,Kisumu,2026-01-15
Katito,Kales/Sukuma Wiki,-,-,-,37.50/Kg,126.58/Kg,6800.0,Kisumu,2026-01-15
Katito,Cabbages,-,-,-,22.94/Kg,26.46/Kg,3500.0,Kisumu,2026-01-15
Katito,Spring Onions,-,-,-,75.00/Kg,74.18/Kg,1500.0,Kisumu,2026-01-15
Katito,Tomatoes,-,-,-,160.00/Kg,77.12/Kg,6500.0,Kisumu,2026-01-15
Katito,Banana (Cooking),-,-,-,28.13/Kg,50.00/Kg,1800.0,Kisumu,2026-01-15
Katito,Omena,Dried,-,-,177.78/Kg,588.24/Kg,7500.0,Kisumu,2026-01-15
Katito,Tilapia,Fresh,-,-,350.00/Kg,663.45/Kg,3500.0,Kisumu,2026-01-15
Katito,Nile Perch,Fillet,-,-,36.36/Kg,447.23/Kg,2500.0,Kisumu,2026-01-15
Katito,Dry Maize,White Maize,-,-,50.00/Kg,53.45/Kg,7500.0,Kisumu,2026-01-15
Katito,Ground Nuts,Large Brown,-,-,200.00/Kg,267.90/Kg,2500.0,Kisumu,2026-01-15
Diani Market,Okra (Lady's fingers or Gumbo),-,-,-,60.00/Kg,80.00/Kg,250.0,Kwale,2026-01-15
Diani Market,Egg plant (Brinjals),-,-,-,40.00/Kg,60.00/Kg,400.0,Kwale,2026-01-15
Diani Market,Cabbages,-,-,-,80.00/Kg,100.00/Kg,2500.0,Kwale,2026-01-15
Diani Market,Capsicums,-,-,-,80.00/Kg,100.00/Kg,400.0,Kwale,2026-01-15
Diani Market,Carrots,-,-,-,60.00/Kg,80.00/Kg,450.0,Kwale,2026-01-15
Diani Market,Garlic,-,-,-,500.00/Kg,550.00/Kg,300.0,Kwale,2026-01-15
Diani Market,Dry Onions,-,-,-,100.00/Kg,120.00/Kg,1500.0,Kwale,2026-01-15
Diani Market,Tomatoes,-,-,-,100.00/Kg,200.00/Kg,6000.0,Kwale,2026-01-15
Maua,Arrow Root,-,-,-,50.00/Kg,70.00/Kg,1000.0,Meru,2026-01-15
Maua,Sweet potatoes,-,-,-,45.00/Kg,80.00/Kg,800.0,Meru,2026-01-15
Maua,White Irish Potatoes,-,-,-,50.00/Kg,70.00/Kg,40000.0,Meru,2026-01-15
Maua,Carrots,-,-,-,45.00/Kg,60.00/Kg,6000.0,Meru,2026-01-15
Maua,Fresh Peas,On pods,-,-,100.00/Kg,120.00/Kg,2000.0,Meru,2026-01-15
Maua,Spinach,-,-,-,30.00/Kg,50.00/Kg,300.0,Meru,2026-01-15
Maua,Spinach,-,-,-,15.00/Kg,40.00/Kg,560.0,Meru,2026-01-15
Maua,Spring Onions,-,-,-,50.00/Kg,70.00/Kg,1200.0,Meru,2026-01-15
Maua,Capsicums,-,-,-,60.00/Kg,80.00/Kg,2600.0,Meru,2026-01-15
Maua,Dry Onions,-,-,-,80.00/Kg,100.00/Kg,8000.0,Meru,2026-01-15
Maua,Tomatoes,-,-,-,35.00/Kg,50.00/Kg,18000.0,Meru,2026-01-15
Kinango,Tomatoes,-,-,-,55.56/Kg,80.00/Kg,6000.0,Kwale,2026-01-15
Kinango,White Irish Potatoes,-,-,-,57.89/Kg,80.00/Kg,6000.0,Kwale,2026-01-15
Lubao Livestock Market,Sheep,Red Maasai,Grade 2,Male,6000.00/Head,-,50.0,Kakamega,2026-01-15
Kerugoya,White Irish Potatoes,-,-,-,40.00/Kg,70.00/Kg,2300.0,Kirinyaga,2026-01-15
Lubao Livestock Market,Goat,East African Goat,Grade 2,Male,6000.00/Head,-,70.0,Kakamega,2026-01-15
Kerugoya,Thorn melon,-,-,-,30.00/Kg,60.00/Kg,150.0,Kirinyaga,2026-01-15
Lubao Livestock Market,Pigs,Interbreed,-,Male,20000.00/Head,-,6.0,Kakamega,2026-01-15
Lubao Livestock Market,Chicken,Improved Kienyeji,-,Female,800.00/Head,-,150.0,Kakamega,2026-01-15
Kerugoya,Passion Fruits,-,-,-,180.00/Kg,250.00/Kg,250.0,Kirinyaga,2026-01-15
Kerugoya,Oranges,-,-,-,60.00/Kg,120.00/Kg,300.0,Kirinyaga,2026-01-15
Lubao Livestock Market,Chicken,Improved Kienyeji,-,Male,1200.00/Head,-,200.0,Kakamega,2026-01-15
Kerugoya,Mangoes,Improved,-,-,60.00/Kg,120.00/Kg,300.0,Kirinyaga,2026-01-15
Lubao Livestock Market,Cattle,Mixed,Grade 2,Male,60000.00/Head,-,100.0,Kakamega,2026-01-15
Kerugoya,Banana (Ripening),-,-,-,20.00/Kg,50.00/Kg,300.0,Kirinyaga,2026-01-15
Kerugoya,Rice,Pishori,-,-,150.00/Kg,180.00/Kg,2200.0,Kirinyaga,2026-01-15
Lubao Livestock Market,Cattle,Mixed,Grade 2,Male,65000.00/Head,-,150.0,Kakamega,2026-01-15
Kerugoya,Dry Maize,White Maize,-,-,55.00/Kg,70.00/Kg,4500.0,Kirinyaga,2026-01-15
Kerugoya,Tomatoes,-,-,-,25.00/Kg,50.00/Kg,1800.0,Kirinyaga,2026-01-15
Kerugoya,Pumpkin,-,-,-,45.00/Kg,80.00/Kg,200.0,Kirinyaga,2026-01-15
Kerugoya,Kales/Sukuma Wiki,-,-,-,20.00/Kg,40.00/Kg,200.0,Kirinyaga,2026-01-15
Kerugoya,Green Maize,-,-,-,64.00/Kg,80.00/Kg,180.0,Kirinyaga,2026-01-15
Kerugoya,Ginger,-,-,-,175.00/Kg,250.00/Kg,180.0,Kirinyaga,2026-01-15
Kerugoya,Dry Onions,-,-,-,40.00/Kg,80.00/Kg,2400.0,Kirinyaga,2026-01-15
Kerugoya,Courgette,-,-,-,40.00/Kg,80.00/Kg,350.0,Kirinyaga,2026-01-15
Kerugoya,Carrots,-,-,-,40.00/Kg,70.00/Kg,400.0,Kirinyaga,2026-01-15
Kerugoya,Capsicums,-,-,-,30.00/Kg,70.00/Kg,300.0,Kirinyaga,2026-01-15
Kerugoya,Cabbages,-,-,-,20.00/Kg,30.00/Kg,350.0,Kirinyaga,2026-01-15
Kerugoya,Butternuts,-,-,-,70.00/Kg,100.00/Kg,180.0,Kirinyaga,2026-01-15
Kerugoya,Banana (Cooking),-,-,-,15.00/Kg,30.00/Kg,800.0,Kirinyaga,2026-01-15
Kerugoya,Dry Peas,-,-,-,180.00/Kg,220.00/Kg,600.0,Kirinyaga,2026-01-15
Kerugoya,Pigeon peas,-,-,-,130.00/Kg,175.00/Kg,2300.0,Kirinyaga,2026-01-15
Kerugoya,Mixed Beans,-,-,-,110.00/Kg,140.00/Kg,1200.0,Kirinyaga,2026-01-15
Kerugoya,Lentils,-,-,-,230.00/Kg,300.00/Kg,1250.0,Kirinyaga,2026-01-15
Kerugoya,Ground Nuts,Large Brown,-,-,250.00/Kg,350.00/Kg,850.0,Kirinyaga,2026-01-15
Kerugoya,Green Grams,Makueni,-,-,130.00/Kg,175.00/Kg,1600.0,Kirinyaga,2026-01-15
Kerugoya,Green Grams,Local-Special,-,-,120.00/Kg,150.00/Kg,1550.0,Kirinyaga,2026-01-15
Kerugoya,Dolichos lablab (Njahi),-,-,-,120.00/Kg,150.00/Kg,1650.0,Kirinyaga,2026-01-15
Kerugoya,Cowpeas,-,-,-,100.00/Kg,140.00/Kg,2300.0,Kirinyaga,2026-01-15
Kerugoya,Beans Rosecoco (Nyayo),-,-,-,135.00/Kg,175.00/Kg,2500.0,Kirinyaga,2026-01-15
Kerugoya,Beans Rosecoco,-,-,-,130.00/Kg,170.00/Kg,2600.0,Kirinyaga,2026-01-15
Kerugoya,Beans Red Haricot (Wairimu),-,-,-,120.00/Kg,150.00/Kg,2700.0,Kirinyaga,2026-01-15
Kerugoya,Beans (Yellow-Green),-,-,-,145.00/Kg,200.00/Kg,1650.0,Kirinyaga,2026-01-15
Kerugoya,Beans (Mwitemania),-,-,-,130.00/Kg,170.00/Kg,2300.0,Kirinyaga,2026-01-15
Kerugoya,Beans (Mwezi Moja),-,-,-,120.00/Kg,150.00/Kg,2500.0,Kirinyaga,2026-01-15
Kinango,Water Melon,-,-,-,28.00/Kg,50.00/Kg,2000.0,Kwale,2026-01-15
Kinango,Oranges,-,-,-,40.00/Kg,60.00/Kg,600.0,Kwale,2026-01-15
Kinango,Mangoes,Local,-,-,58.00/Kg,100.00/Kg,2500.0,Kwale,2026-01-15
Kinango,Lemons,-,-,-,45.00/Kg,65.00/Kg,300.0,Kwale,2026-01-15
Kinango,Banana (Ripening),-,-,-,45.00/Kg,65.00/Kg,2500.0,Kwale,2026-01-15
Kinango,Avocado,Local,-,-,55.00/Kg,90.00/Kg,500.0,Kwale,2026-01-15
Kinango,Omena,Dried,-,-,514.29/Kg,560.00/Kg,1820.0,Kwale,2026-01-15
Kinango,Black nightshade (Managu/ Osuga),-,-,-,55.00/Kg,75.00/Kg,500.0,Kwale,2026-01-15
Kinango,Amaranthus (Terere),-,-,-,38.00/Kg,60.00/Kg,1200.0,Kwale,2026-01-15
Kinango,Spinach,-,-,-,48.00/Kg,70.00/Kg,400.0,Kwale,2026-01-15
Kinango,Kales/Sukuma Wiki,-,-,-,40.00/Kg,60.00/Kg,2000.0,Kwale,2026-01-15
Kinango,Green Maize,-,-,-,48.00/Kg,70.00/Kg,600.0,Kwale,2026-01-15
Kinango,Ginger,-,-,-,198.00/Kg,250.00/Kg,600.0,Kwale,2026-01-15
Kinango,Garlic,-,-,-,450.00/Kg,550.00/Kg,400.0,Kwale,2026-01-15
Kinango,Egg plant (Brinjals),-,-,-,70.00/Kg,120.00/Kg,500.0,Kwale,2026-01-15
Kinango,Dry Onions,-,-,-,100.00/Kg,150.00/Kg,1500.0,Kwale,2026-01-15
Kinango,Coriander (Dhania),-,-,-,80.00/Kg,120.00/Kg,150.0,Kwale,2026-01-15
Kinango,Chillies,-,-,-,98.00/Kg,150.00/Kg,200.0,Kwale,2026-01-15
Kinango,Carrots,-,-,-,80.00/Kg,120.00/Kg,500.0,Kwale,2026-01-15
Kinango,Capsicums,-,-,-,97.00/Kg,150.00/Kg,700.0,Kwale,2026-01-15
Kinango,Cabbages,-,-,-,25.00/Kg,33.33/Kg,2000.0,Kwale,2026-01-15
Kinango,Banana (Cooking),-,-,-,47.00/Kg,65.00/Kg,600.0,Kwale,2026-01-15
Maua,Lentils,-,-,-,180.00/Kg,200.00/Kg,1000.0,Meru,2026-01-15
Maua,Pigeon peas,-,-,-,88.89/Kg,100.00/Kg,4500.0,Meru,2026-01-15
Maua,Green Grams,Hybrid/ polished,-,-,138.89/Kg,150.00/Kg,9000.0,Meru,2026-01-15
Maua,Cowpeas,-,-,-,100.00/Kg,120.00/Kg,1800.0,Meru,2026-01-15
Maua,Dolichos lablab (Njahi),-,-,-,83.33/Kg,100.00/Kg,9000.0,Meru,2026-01-15
Maua,Mixed Beans,-,-,-,14.00/Kg,90.00/Kg,1260.0,Meru,2026-01-15
Maua,Beans (Yellow-Green),-,-,-,133.33/Kg,150.00/Kg,900.0,Meru,2026-01-15
Maua,Beans Rosecoco (Nyayo),-,-,-,133.33/Kg,150.00/Kg,450.0,Meru,2026-01-15
Maua,Beans (Mwitemania),-,-,-,111.11/Kg,130.00/Kg,8100.0,Meru,2026-01-15
Maua,Rice,Pishori,-,-,160.00/Kg,150.00/Kg,6000.0,Meru,2026-01-15
Maua,Rice,Sindano,-,-,140.00/Kg,160.00/Kg,3800.0,Meru,2026-01-15
Maua,Wheat,-,-,-,86.67/Kg,100.00/Kg,900.0,Meru,2026-01-15
Maua,White Sorghum,-,-,-,80.00/kg,90.00/kg,1000.0,Meru,2026-01-15
Maua,Red Sorghum,-,-,-,80.00/Kg,90.00/Kg,1500.0,Meru,2026-01-15
Maua,Pearl Rush Millet,-,-,-,100.00/Kg,110.00/Kg,2800.0,Meru,2026-01-15
Maua,Finger Millet,-,-,-,130.00/Kg,140.00/Kg,2400.0,Meru,2026-01-15
Maua,Dry Maize,White Maize,-,-,50.00/Kg,60.00/Kg,7200.0,Meru,2026-01-15
Gikomba,Wheat,-,-,-,64.44/Kg,100.00/Kg,,Nairobi,2026-01-15
Gikomba,Rice,Sindano,-,-,160.00/Kg,160.00/Kg,,Nairobi,2026-01-15
Gikomba,Rice,Pishori,-,-,160.00/Kg,180.00/Kg,,Nairobi,2026-01-15
Gikomba,Red Sorghum,-,-,-,72.22/Kg,100.00/Kg,,Nairobi,2026-01-15
Gikomba,Pearl Rush Millet,-,-,-,124.00/Kg,170.00/Kg,,Nairobi,2026-01-15
Gikomba,Finger Millet,-,-,-,83.33/Kg,140.00/Kg,,Nairobi,2026-01-15
Gikomba,Dry Maize,Yellow Maize,-,-,77.78/Kg,100.00/Kg,,Nairobi,2026-01-15
Gikomba,Dry Maize,White Maize,-,-,50.00/Kg,65.00/Kg,,Nairobi,2026-01-15
Gikomba,Lentils,-,-,-,260.00/Kg,300.00/Kg,,Nairobi,2026-01-15
Gikomba,Ground Nuts,Large Brown,-,-,166.67/Kg,275.00/Kg,,Nairobi,2026-01-15
Gikomba,Green Grams,Makueni,-,-,144.44/Kg,200.00/Kg,,Nairobi,2026-01-15
Gikomba,Dolichos lablab (Njahi),-,-,-,88.89/Kg,150.00/Kg,,Nairobi,2026-01-15
Gikomba,Cowpeas,-,-,-,88.89/Kg,150.00/Kg,,Nairobi,2026-01-15
Gikomba,Beans Rosecoco (Nyayo),-,-,-,1055.56/Kg,190.00/Kg,,Nairobi,2026-01-15
Gikomba,Beans Red Haricot (Wairimu),-,-,-,88.89/Kg,150.00/Kg,,Nairobi,2026-01-15
Gikomba,Beans (Yellow-Green),-,-,-,111.11/Kg,200.00/Kg,,Nairobi,2026-01-15
Ngundune,Meat Beef,-,-,-,600.00/Kg,700.00/Kg,3500.0,Meru,2026-01-15
Ngundune,Eggs,Indigenous /Kenyeji,-,-,450.00/Tray(30),600.00/Tray(30),15.0,Meru,2026-01-15
Ngundune,Eggs,Exotic/Grade,-,-,380.00/Tray(30),450.00/Tray(30),100.0,Meru,2026-01-15
Ngundune,Cow Milk(Processd),-,-,-,94.00/Lt,120.00/Lt,1200.0,Meru,2026-01-15
Ngundune,Cow Milk(At collection point),-,-,-,70.00/Lt,80.00/Lt,350.0,Meru,2026-01-15
Ngundune,Cattle,Mixed,Grade 3,Male,35000.00/Head,-,80.0,Meru,2026-01-15
Ngundune,Cattle,Other,Grade 3,Male,60000.00/Head,-,150.0,Meru,2026-01-15
Ngundune,Cattle,Boran,Grade 2,Female,68000.00/Head,-,50.0,Meru,2026-01-15
Ngundune,Cattle,Boran,Grade 3,Male,75000.00/Head,-,120.0,Meru,2026-01-15
Kipini Fish market,Rayfish,Dried,-,-,300.00/ Kg,400.00/ Kg,23.0,Tana-River,2026-01-15
Kipini Fish market,African butter catfish,Fresh,-,-,120.00/Kg,150.00/Kg,18.0,Tana-River,2026-01-15
Kipini Fish market,Jacks/Trevallies(Kolekole),Frozen/Chilled,-,-,270.00/ Kg,350.00/ Kg,285.0,Tana-River,2026-01-15
Kipini Fish market,Scavengers (Changu/Tangu),Frozen/Chilled,-,-,290.00/Kg,380.00/Kg,48.0,Tana-River,2026-01-15
Diani Market,Okra (Lady's fingers or Gumbo),-,-,-,60.00/Kg,80.00/Kg,250.0,Kwale,2026-01-14
Diani Market,Egg plant (Brinjals),-,-,-,40.00/Kg,60.00/Kg,400.0,Kwale,2026-01-14
Diani Market,Cabbages,-,-,-,80.00/Kg,100.00/Kg,2500.0,Kwale,2026-01-14
Diani Market,Capsicums,-,-,-,80.00/Kg,100.00/Kg,400.0,Kwale,2026-01-14
Diani Market,Carrots,-,-,-,60.00/Kg,80.00/Kg,450.0,Kwale,2026-01-14
Diani Market,Garlic,-,-,-,500.00/Kg,550.00/Kg,300.0,Kwale,2026-01-14
Diani Market,Dry Onions,-,-,-,100.00/Kg,120.00/Kg,1500.0,Kwale,2026-01-14
Diani Market,Tomatoes,-,-,-,80.00/Kg,100.00/Kg,6000.0,Kwale,2026-01-14
Mukuyu Market,Banana (Cooking),-,-,-,30.00/Kg,50.00/Kg,,Muranga,2026-01-14
Makutano Kirinyaga,Water Melon,-,-,-,20.00/Kg,40.00/Kg,2800.0,Kirinyaga,2026-01-14
Mukuyu Market,Banana (Plantain),-,-,-,70.00/Kg,100.00/Kg,,Muranga,2026-01-14
Makutano Kirinyaga,Thorn melon,-,-,-,30.00/Kg,50.00/Kg,550.0,Kirinyaga,2026-01-14
Mukuyu Market,Cabbages,-,-,-,-,50.00/Kg,,Muranga,2026-01-14
Mukuyu Market,Capsicums,-,-,-,-,100.00/Kg,,Muranga,2026-01-14
Makutano Kirinyaga,Mangoes,Improved,-,-,10.00/Kg,20.00/Kg,5600.0,Kirinyaga,2026-01-14
Mukuyu Market,Cauliflower,-,-,-,-,180.00/Kg,,Muranga,2026-01-14
Mukuyu Market,Chillies,-,-,-,50.00/Kg,100.00/Kg,,Muranga,2026-01-14
Makutano Kirinyaga,Lemons,-,-,-,60.00/Kg,80.00/Kg,350.0,Kirinyaga,2026-01-14
Mukuyu Market,Coriander (Dhania),-,-,-,50.00/Kg,100.00/Kg,,Muranga,2026-01-14
Mukuyu Market,Courgette,-,-,-,120.00/Kg,150.00/Kg,,Muranga,2026-01-14
Makutano Kirinyaga,Courgette,-,-,-,60.00/Kg,80.00/Kg,860.0,Kirinyaga,2026-01-14
Mukuyu Market,Cucumber,-,-,-,100.00/Kg,150.00/Kg,,Muranga,2026-01-14
Mukuyu Market,Dry Onions,-,-,-,80.00/Kg,100.00/Kg,,Muranga,2026-01-14
Mukuyu Market,Fresh Peas,On pods,-,-,100.00/Kg,120.00/Kg,,Muranga,2026-01-14
Makutano Kirinyaga,Carrots,-,-,-,40.00/Kg,60.00/Kg,2900.0,Kirinyaga,2026-01-14
Mukuyu Market,Garlic,-,-,-,-,350.00/Kg,,Muranga,2026-01-14
Mukuyu Market,Ginger,-,-,-,-,250.00/Kg,,Muranga,2026-01-14
Mukuyu Market,Green Maize,-,-,-,50.00/Kg,60.00/Kg,,Muranga,2026-01-14
Makutano Kirinyaga,Coriander (Dhania),-,-,-,70.00/Kg,100.00/Kg,320.0,Kirinyaga,2026-01-14
Mukuyu Market,Kales/Sukuma Wiki,-,-,-,15.00/Kg,20.00/Kg,,Muranga,2026-01-14
Makutano Kirinyaga,Dry Onions,-,-,-,80.00/Kg,100.00/Kg,3400.0,Kirinyaga,2026-01-14
Mukuyu Market,Pumpkin,-,-,-,100.00/Kg,150.00/Kg,,Muranga,2026-01-14
Mukuyu Market,Spinach,-,-,-,20.00/Kg,30.00/Kg,,Muranga,2026-01-14
Mukuyu Market,Spring Onions,-,-,-,80.00/Kg,100.00/Kg,,Muranga,2026-01-14
Mukuyu Market,Tomatoes,-,-,-,30.00/Kg,40.00/Kg,,Muranga,2026-01-14
Makutano Kirinyaga,Egg plant (Brinjals),-,-,-,30.00/Kg,45.00/Kg,1200.0,Kirinyaga,2026-01-14
Mukuyu Market,Cowpea leaves (Kunde),-,-,-,50.00/Kg,70.00/Kg,,Muranga,2026-01-14
Mukuyu Market,Black nightshade (Managu/ Osuga),-,-,-,40.00/Kg,60.00/Kg,,Muranga,2026-01-14
Mukuyu Market,Amaranthus (Terere),-,-,-,-,70.00/Kg,,Muranga,2026-01-14
Mukuyu Market,Dragon Fruit,-,-,-,-,350.00/Kg,,Muranga,2026-01-14
Mukuyu Market,Eggs,Indigenous /Kenyeji,-,-,-,600.00/Tray(30),,Muranga,2026-01-14
Mukuyu Market,Eggs,Exotic/Grade,-,-,-,380.00/Tray(30),,Muranga,2026-01-14
Mukuyu Market,Cow Milk(At collection point),-,-,-,-,45.00/Lt,,Muranga,2026-01-14
Makutano Kirinyaga,French beans,-,-,-,60.00/Kg,80.00/Kg,380.0,Kirinyaga,2026-01-14
Mukuyu Market,Pork,-,-,-,-,700.00/Kg,,Muranga,2026-01-14
Mukuyu Market,Meat Beef,-,-,-,-,600.00/Kg,,Muranga,2026-01-14
Makutano Kirinyaga,Fresh Peas,On pods,-,-,80.00/Kg,100.00/Kg,3700.0,Kirinyaga,2026-01-14
Makutano Kirinyaga,Garlic,-,-,-,320.00/Kg,400.00/Kg,600.0,Kirinyaga,2026-01-14
Makutano Kirinyaga,Ginger,-,-,-,200.00/Kg,280.00/Kg,650.0,Kirinyaga,2026-01-14
Mukuyu Market,Honey,Crude,-,-,-,800.00/Kg,,Muranga,2026-01-14
Mukuyu Market,Beans (Canadian wonder),-,-,-,-,150.00/Kg,,Muranga,2026-01-14
Mukuyu Market,Beans (Yellow-Green),-,-,-,-,175.00/Kg,,Muranga,2026-01-14
Makutano Kirinyaga,Green Maize,-,-,-,40.00/Kg,60.00/Kg,2400.0,Kirinyaga,2026-01-14
Mukuyu Market,Beans Rosecoco,-,-,-,-,300.00/Kg,,Muranga,2026-01-14
Mukuyu Market,Beans Rosecoco (Nyayo),-,-,-,-,150.00/Kg,,Muranga,2026-01-14
Makutano Kirinyaga,Kales/Sukuma Wiki,-,-,-,20.00/Kg,30.00/Kg,2500.0,Kirinyaga,2026-01-14
Mukuyu Market,Dolichos lablab (Njahi),-,-,-,-,110.00/Kg,,Muranga,2026-01-14
Mukuyu Market,Green Grams,Hybrid/ polished,-,-,-,150.00/Kg,,Muranga,2026-01-14
Mukuyu Market,Ground Nuts,Large Brown,-,-,-,350.00/Kg,,Muranga,2026-01-14
Makutano Kirinyaga,Pumpkin,-,-,-,35.00/Kg,50.00/Kg,3200.0,Kirinyaga,2026-01-14
Makutano Kirinyaga,Spinach,-,-,-,20.00/Kg,30.00/Kg,1800.0,Kirinyaga,2026-01-14
Mukuyu Market,Lentils,-,-,-,-,250.00/Kg,,Muranga,2026-01-14
Mukuyu Market,Pigeon peas,-,-,-,100.00/Kg,125.00/Kg,,Muranga,2026-01-14
Makutano Kirinyaga,Spring Onions,-,-,-,40.00/Kg,60.00/Kg,3400.0,Kirinyaga,2026-01-14
Mukuyu Market,Wheat Flour,210 Atta Mark 1,-,-,-,160.00/Kg,,Muranga,2026-01-14
Makutano Kirinyaga,Tomatoes,-,-,-,18.00/Kg,28.00/Kg,5200.0,Kirinyaga,2026-01-14
Mukuyu Market,Paddy Rice,Sindano,-,-,-,160.00/Kg,,Muranga,2026-01-14
Mukuyu Market,Paddy Rice,Pishori,-,-,-,180.00/Kg,,Muranga,2026-01-14
Makutano Kirinyaga,Pumpkin Leaves,-,-,-,38.00/Kg,50.00/Kg,950.0,Kirinyaga,2026-01-14
Mukuyu Market,Paddy Rice,IRR,-,-,-,90.00/Kg,,Muranga,2026-01-14
Makutano Kirinyaga,Jute Plant (Murenda),-,-,-,20.00/Kg,30.00/Kg,1050.0,Kirinyaga,2026-01-14
Mukuyu Market,Dry Maize,Mixed-Traditional,-,-,100.00/Kg,75.00/Kg,,Muranga,2026-01-14
Makutano Kirinyaga,Cowpea leaves (Kunde),-,-,-,18.00/Kg,30.00/Kg,850.0,Kirinyaga,2026-01-14
Makutano Kirinyaga,Black nightshade (Managu/ Osuga),-,-,-,40.00/Kg,50.00/Kg,2000.0,Kirinyaga,2026-01-14
Makutano Kirinyaga,Amaranthus (Terere),-,-,-,25.00/Kg,40.00/Kg,1800.0,Kirinyaga,2026-01-14
Mwingi Town,Chicken,Indigenous,-,Male,800.00/Head,-,150.0,Kitui,2026-01-14
Mwingi Town,Chicken,Indigenous,-,Male,1100.00/Head,-,100.0,Kitui,2026-01-14
Mwingi Town,Goat,Mixed,Grade 2,Female,8000.00/Head,-,220.0,Kitui,2026-01-14
Mwingi Town,Goat,Mixed,Grade 2,Male,9000.00/Head,-,200.0,Kitui,2026-01-14
Kakamega Town,Dry Maize,White Maize,-,-,38.89/Kg,50.00/Kg,20000.0,Kakamega,2026-01-14
Kakamega Town,Tomatoes,-,-,-,50.00/Kg,80.00/Kg,10000.0,Kakamega,2026-01-14
Kakamega Town,Dry Onions,-,-,-,80.00/Kg,120.00/Kg,6000.0,Kakamega,2026-01-14
Kakamega Town,Cabbages,-,-,-,20.00/Kg,33.33/Kg,7000.0,Kakamega,2026-01-14
Kakamega Town,Beans Rosecoco (Nyayo),-,-,-,154.00/Kg,175.00/Kg,8000.0,Kakamega,2026-01-14
Mwingi Town,Goat,Mixed,Grade 2,Female,9000.00/Head,-,100.0,Kitui,2026-01-14
Mwingi Town,Goat,Mixed,Grade 2,Male,13000.00/Head,-,100.0,Kitui,2026-01-14
Vanga,Scavengers (Changu/Tangu),Fresh,-,-,250.00/Kg,350.00/Kg,200.0,Kwale,2026-01-14
Vanga,Rabbitfish (Tafi/Tasi),Fresh,-,-,200.00/Kg,270.00/Kg,50.0,Kwale,2026-01-14
Vanga,Parrotfishes(Pono),Fresh,-,-,150.00/Kg,200.00/Kg,70.0,Kwale,2026-01-14
Vanga,Kingfish (Nguru),Fresh,-,-,200.00/Kg,250.00/Kg,360.0,Kwale,2026-01-14
Mwingi Town,Kales/Sukuma Wiki,-,-,-,30.00/Kg,50.00/Kg,2000.0,Kitui,2026-01-14
Vanga,Jacks/Trevallies(Kolekole),Fresh,-,-,200.00/ Kg,300.00/ Kg,300.0,Kwale,2026-01-14
Mwingi Town,Banana (Cooking),-,-,-,20.00/Kg,50.00/Kg,2500.0,Kitui,2026-01-14
Mwingi Town,Cabbages,-,-,-,33.33/Kg,40.00/Kg,6000.0,Kitui,2026-01-14
Mwingi Town,Capsicums,-,-,-,60.00/Kg,100.00/Kg,2500.0,Kitui,2026-01-14
Mwingi Town,Tomatoes,-,-,-,50.00/Kg,70.00/Kg,6000.0,Kitui,2026-01-14
Mwingi Town,Dry Onions,-,-,-,90.00/Kg,100.00/Kg,4500.0,Kitui,2026-01-14
Mwingi Town,Carrots,-,-,-,70.00/Kg,80.00/Kg,2500.0,Kitui,2026-01-14
Mwingi Town,Banana (Ripening),-,-,-,24.00/Kg,60.00/Kg,5000.0,Kitui,2026-01-14
Mwingi Town,Mangoes,Local,-,-,30.00/Kg,50.00/Kg,5000.0,Kitui,2026-01-14
Mwingi Town,Mangoes,Improved,-,-,40.00/Kg,50.00/Kg,3000.0,Kitui,2026-01-14
Mwingi Town,Pigeon peas,-,-,-,83.33/Kg,100.00/Kg,4500.0,Kitui,2026-01-14
Mwingi Town,Dolichos lablab (Njahi),-,-,-,80.00/Kg,100.00/Kg,5000.0,Kitui,2026-01-14
Mwingi Town,Beans (Yellow-Green),-,-,-,116.67/Kg,150.00/Kg,10000.0,Kitui,2026-01-14
Sabatia,Mixed Beans,-,-,-,102.22/Kg,108.70/Kg,720.0,Kakamega,2026-01-14
Sabatia,Green Grams,Local-Special,-,-,111.11/Kg,121.74/Kg,840.0,Kakamega,2026-01-14
Sabatia,Ground Nuts,Small Red,-,-,244.44/Kg,285.71/Kg,720.0,Kakamega,2026-01-14
Sabatia,Beans (Yellow-Green),-,-,-,168.89/Kg,173.91/Kg,270.0,Kakamega,2026-01-14
Sabatia,Finger Millet,-,-,-,111.11/Kg,121.74/Kg,720.0,Kakamega,2026-01-14
Sabatia,Red Sorghum,-,-,-,62.22/Kg,68.18/Kg,450.0,Kakamega,2026-01-14
Sabatia,Dry Maize,White Maize,-,-,43.33/Kg,47.83/Kg,9900.0,Kakamega,2026-01-14
Mwingi Town,Beans Rosecoco (Nyayo),-,-,-,105.56/Kg,120.00/Kg,10000.0,Kitui,2026-01-14
Sabatia,Dry Onions,-,-,-,90.00/Kg,150.00/Kg,3000.0,Kakamega,2026-01-14
Sabatia,Tomatoes,-,-,-,46.67/Kg,55.56/Kg,7500.0,Kakamega,2026-01-14
Mwingi Town,Dry Maize,White Maize,-,-,51.11/Kg,55.00/Kg,27000.0,Kitui,2026-01-14
Sabatia,Kales/Sukuma Wiki,-,-,-,58.33/Kg,72.73/Kg,900.0,Kakamega,2026-01-14
Sabatia,Cabbages,-,-,-,30.77/Kg,38.46/Kg,8006.0,Kakamega,2026-01-14
Sabatia,Sweet potatoes,-,-,-,36.00/Kg,38.46/Kg,750.0,Kakamega,2026-01-14
Sabatia,White Irish Potatoes,-,-,-,56.92/Kg,83.33/Kg,6500.0,Kakamega,2026-01-14
Sabatia,Mangoes,Improved,-,-,20.00/Kg,46.15/Kg,2000.0,Kakamega,2026-01-14
Sabatia,Duck,Black Swedish,Grade 1,Female,-,-,4.0,Kakamega,2026-01-14
Sabatia,Duck,Black Swedish,Grade 1,Male,-,-,2.0,Kakamega,2026-01-14
Sabatia,Chicken,Improved Kienyeji,-,Female,500.00/Head,-,35.0,Kakamega,2026-01-14
Sabatia,Chicken,Improved Kienyeji,-,Male,500.00/Head,-,30.0,Kakamega,2026-01-14
Sabatia,Chicken,Improved Kienyeji,-,Female,800.00/Head,-,6.0,Kakamega,2026-01-14
Sabatia,Chicken,Improved Kienyeji,-,Male,900.00/Head,-,1.0,Kakamega,2026-01-14
Sabatia,Chicken,Improved Kienyeji,-,Female,800.00/Head,-,12.0,Kakamega,2026-01-14
Sabatia,Chicken,Improved Kienyeji,-,Female,800.00/Head,-,12.0,Kakamega,2026-01-14
Sabatia,Chicken,Improved Kienyeji,-,Male,1200.00/Head,-,10.0,Kakamega,2026-01-14
Sabatia,Chicken,Indigenous,-,Female,350.00/Head,-,9.0,Kakamega,2026-01-14
Sabatia,Chicken,Indigenous,-,Male,350.00/Head,-,6.0,Kakamega,2026-01-14
Sabatia,Chicken,Indigenous,-,Female,700.00/Head,-,40.0,Kakamega,2026-01-14
Sabatia,Chicken,Indigenous,-,Male,900.00/Head,-,20.0,Kakamega,2026-01-14
Sabatia,Chicken,Indigenous,-,Female,900.00/Head,-,30.0,Kakamega,2026-01-14
Sabatia,Chicken,Indigenous,-,Male,1300.00/Head,-,15.0,Kakamega,2026-01-14
Mulot,Mangoes,Improved,-,-,60.00/Kg,80.00/Kg,3000.0,Bomet,2026-01-14
Mulot,Banana (Ripening),-,-,-,70.00/Kg,100.00/Kg,500.0,Bomet,2026-01-14
Mulot,Carrots,-,-,-,80.00/Kg,100.00/Kg,250.0,Bomet,2026-01-14
Mulot,Butternuts,-,-,-,40.00/Kg,50.00/Kg,300.0,Bomet,2026-01-14
Mulot,Cabbages,-,-,-,30.00/Kg,50.00/Kg,1200.0,Bomet,2026-01-14
Kangeta,White Irish Potatoes,-,-,-,74.00/Kg,76.00/Kg,11000.0,Meru,2026-01-14
Mulot,Tomatoes,-,-,-,73.53/Kg,105.00/Kg,3000.0,Bomet,2026-01-14
Kangeta,Pigeon peas,-,-,-,90.00/Kg,100.00/Kg,300.0,Meru,2026-01-14
Kangeta,Green Grams,Local-Special,-,-,130.00/Kg,140.00/Kg,400.0,Meru,2026-01-14
Kangeta,Dolichos lablab (Njahi),-,-,-,90.00/Kg,100.00/Kg,1200.0,Meru,2026-01-14
Kangeta,Cowpeas,-,-,-,90.00/Kg,100.00/Kg,300.0,Meru,2026-01-14
Kangeta,Beans (Yellow-Green),-,-,-,140.00/Kg,150.00/Kg,200.0,Meru,2026-01-14
Kangeta,Beans (Mwitemania),-,-,-,110.00/Kg,120.00/Kg,500.0,Meru,2026-01-14
Kangeta,Red Sorghum,-,-,-,70.00/Kg,80.00/Kg,500.0,Meru,2026-01-14
Kangeta,Pearl Rush Millet,-,-,-,90.00/Kg,100.00/Kg,600.0,Meru,2026-01-14
Kangeta,Dry Maize,White Maize,-,-,50.00/Kg,60.00/Kg,1000.0,Meru,2026-01-14
Mulot,Dry Onions,-,-,-,80.00/Kg,90.00/Kg,300.0,Bomet,2026-01-14
Kangeta,Water Melon,-,-,-,40.00/Kg,50.00/Kg,600.0,Meru,2026-01-14
Kangeta,Pawpaw,-,-,-,30.00/Kg,40.00/Kg,100.0,Meru,2026-01-14
Kangeta,Mangoes,Local,-,-,25.00/Kg,30.00/Kg,1200.0,Meru,2026-01-14
Kangeta,Lemons,-,-,-,80.00/Kg,90.00/Kg,20.0,Meru,2026-01-14
Kangeta,Banana (Ripening),-,-,-,40.00/Kg,50.00/Kg,800.0,Meru,2026-01-14
Mulot,Spider flower (Saga),-,-,-,120.00/Kg,150.00/Kg,380.0,Bomet,2026-01-14
Kangeta,Apples,-,-,-,140.00/Kg,160.00/Kg,140.0,Meru,2026-01-14
Kangeta,Tomatoes,-,-,-,40.00/Kg,50.00/Kg,3600.0,Meru,2026-01-14
Kangeta,Spring Onions,-,-,-,70.00/Kg,80.00/Kg,120.0,Meru,2026-01-14
Kangeta,Spinach,-,-,-,35.00/Kg,40.00/Kg,300.0,Meru,2026-01-14
Kangeta,Kales/Sukuma Wiki,-,-,-,30.00/Kg,40.00/Kg,350.0,Meru,2026-01-14
Kangeta,Green Maize,-,-,-,50.00/Kg,60.00/Kg,900.0,Meru,2026-01-14
Kangeta,Ginger,-,-,-,240.00/Kg,260.00/Kg,50.0,Meru,2026-01-14
Mulot,Red Sorghum,-,-,-,72.22/Kg,80.00/Kg,580.0,Bomet,2026-01-14
Kangeta,Garlic,-,-,-,380.00/Kg,400.00/Kg,70.0,Meru,2026-01-14
Kangeta,Fresh Peas,On pods,-,-,100.00/Kg,120.00/Kg,350.0,Meru,2026-01-14
Kangeta,Fresh Peas,On pods,-,-,90.00/Kg,100.00/Kg,250.0,Meru,2026-01-14
Mulot,Dry Maize,White Maize,-,-,47.78/Kg,70.00/Kg,5400.0,Bomet,2026-01-14
Kangeta,French beans,-,-,-,110.00/Kg,120.00/Kg,15.0,Meru,2026-01-14
Kangeta,Dry Onions,-,-,-,90.00/Kg,100.00/Kg,2000.0,Meru,2026-01-14
Kangeta,Cucumber,-,-,-,160.00/Kg,170.00/Kg,30.0,Meru,2026-01-14
Kangeta,Courgette,-,-,-,110.00/Kg,120.00/Kg,50.0,Meru,2026-01-14
Kangeta,Coriander (Dhania),-,-,-,50.00/Kg,60.00/Kg,250.0,Meru,2026-01-14
Kangeta,Chillies,-,-,-,180.00/Kg,200.00/Kg,10.0,Meru,2026-01-14
Kangeta,Carrots,-,-,-,40.00/Kg,50.00/Kg,1600.0,Meru,2026-01-14
Kangeta,Carrots,-,-,-,60.00/Kg,70.00/Kg,750.0,Meru,2026-01-14
Kangeta,Capsicums,-,-,-,70.00/Kg,80.00/Kg,200.0,Meru,2026-01-14
Kangeta,Cabbages,-,-,-,25.00/Kg,30.00/Kg,2900.0,Meru,2026-01-14
Kangeta,Butternuts,-,-,-,60.00/Kg,70.00/Kg,180.0,Meru,2026-01-14
Kangeta,Banana (Cooking),-,-,-,20.00/Kg,25.00/Kg,550.0,Meru,2026-01-14
Nairobi Supermarkets,Wheat Flour,Winnie's Pure Health Atta Mark 1,-,-,-,128.50/Kg,,Nairobi,2026-01-14
Nairobi Supermarkets,Wheat Flour,Tropicana HBF,-,-,-,88.50/Kg,,Nairobi,2026-01-14
Nairobi Supermarkets,Wheat Flour,Soko Atta Mark 1,-,-,-,83.50/Kg,,Nairobi,2026-01-14
Nairobi Supermarkets,Wheat Flour,Soko All Purpose HBF,-,-,-,81.50/Kg,,Nairobi,2026-01-14
Nairobi Supermarkets,Wheat Flour,Phulka Atta Mark 1 Chapati Flour,-,-,-,80.50/Kg,,Nairobi,2026-01-14
Nairobi Supermarkets,Wheat Flour,Pembe Atta Mark 1,-,-,-,84.50/Kg,,Nairobi,2026-01-14
Nairobi Supermarkets,Wheat Flour,Pembe All Purpose HBF,-,-,-,83.50/Kg,,Nairobi,2026-01-14
Nairobi Supermarkets,Wheat Flour,Oboma all purpose HBF,-,-,-,79.00/Kg,,Nairobi,2026-01-14
Nairobi Supermarkets,Wheat Flour,Nutra Meal Atta Mark 1,-,-,-,135.00/Kg,,Nairobi,2026-01-14
Nairobi Supermarkets,Wheat Flour,Ndovu all purpose HBF,-,-,-,77.50/Kg,,Nairobi,2026-01-14
Nairobi Supermarkets,Wheat Flour,Mama Home Baking Flour,-,-,-,76.50/Kg,,Nairobi,2026-01-14
Nairobi Supermarkets,Wheat Flour,Kifaru All Purpose HBF,-,-,-,77.50/Kg,,Nairobi,2026-01-14
Nairobi Supermarkets,Wheat Flour,Golden All Purpose,-,-,-,82.00/Kg,,Nairobi,2026-01-14
Nairobi Supermarkets,Wheat Flour,Exe self raising,-,-,-,92.50/Kg,,Nairobi,2026-01-14
Nairobi Supermarkets,Wheat Flour,Exe Mandazi Fortified Wheat Flour,-,-,-,91.50/Kg,,Nairobi,2026-01-14
Nairobi Supermarkets,Wheat Flour,Exe Chapati fortified wheat flour,-,-,-,88.00/Kg,,Nairobi,2026-01-14
Nairobi Supermarkets,Wheat Flour,Exe brown bread,-,-,-,91.00/Kg,,Nairobi,2026-01-14
Nairobi Supermarkets,Wheat Flour,Exe Atta Mark 1,-,-,-,90.50/Kg,,Nairobi,2026-01-14
Nairobi Supermarkets,Wheat Flour,Exe All purpose fortified wheat flour,-,-,-,84.00/Kg,,Nairobi,2026-01-14
Nairobi Supermarkets,Wheat Flour,Elliots self raising flour,-,-,-,90.50/Kg,,Nairobi,2026-01-14
Nairobi Supermarkets,Wheat Flour,Elliots all purpose HBK,-,-,-,82.00/Kg,,Nairobi,2026-01-14
Nairobi Supermarkets,Wheat Flour,Dola premium all pupose,-,-,-,81.50/Kg,,Nairobi,2026-01-14
Nairobi Supermarkets,Wheat Flour,Dola Atta Mark 1,-,-,-,82.00/Kg,,Nairobi,2026-01-14
Nairobi Supermarkets,Wheat Flour,Chapati Afya,-,-,-,135.50/Kg,,Nairobi,2026-01-14
Nairobi Supermarkets,Wheat Flour,Ajab fortofied self raising,-,-,-,85.00/Kg,,Nairobi,2026-01-14
Nairobi Supermarkets,Wheat Flour,Ajab fortigied Home Baking flour,-,-,-,85.50/Kg,,Nairobi,2026-01-14
Nairobi Supermarkets,Wheat Flour,Ajab fortified mandazi flour,-,-,-,85.00/Kg,,Nairobi,2026-01-14
Nairobi Supermarkets,Wheat Flour,210 Home baking flour,-,-,-,80.00/Kg,,Nairobi,2026-01-14
Nairobi Supermarkets,Wheat Flour,210 Atta Mark 1,-,-,-,77.50/Kg,,Nairobi,2026-01-14
Nairobi Supermarkets,Maize Flour,Ugali Afya,-,-,-,145.00/Kg,,Nairobi,2026-01-14
Nairobi Supermarkets,Maize Flour,Soko,-,-,-,80.00/Kg,,Nairobi,2026-01-14
Nairobi Supermarkets,Maize Flour,Raha Premium,-,-,-,100.50/Kg,,Nairobi,2026-01-14
Nairobi Supermarkets,Maize Flour,Pembe,-,-,-,82.00/Kg,,Nairobi,2026-01-14
Nairobi Supermarkets,Maize Flour,Oryx,-,-,-,82.50/Kg,,Nairobi,2026-01-14
Nairobi Supermarkets,Maize Flour,Ndovu,-,-,-,71.00/Kg,,Nairobi,2026-01-14
Nairobi Supermarkets,Maize Flour,Mama,-,-,-,75.50/Kg,,Nairobi,2026-01-14
Nairobi Supermarkets,Maize Flour,Jogoo wimbi,-,-,-,139.50/Kg,,Nairobi,2026-01-14
Nairobi Supermarkets,Maize Flour,Jogoo,-,-,-,77.00/Kg,,Nairobi,2026-01-14
Nairobi Supermarkets,Maize Flour,Hostess,-,-,-,94.00/Kg,,Nairobi,2026-01-14
Nairobi Supermarkets,Maize Flour,Equatorial afya ugali,-,-,-,136.50/Kg,,Nairobi,2026-01-14
Nairobi Supermarkets,Maize Flour,Dola,-,-,-,76.50/Kg,,Nairobi,2026-01-14
Nairobi Supermarkets,Maize Flour,Amaize,-,-,-,99.50/Kg,,Nairobi,2026-01-14
Nairobi Supermarkets,Maize Flour,Ajab,-,-,-,87.00/Kg,,Nairobi,2026-01-14
Nairobi Supermarkets,Maize Flour,210(two ten),-,-,-,77.00/Kg,,Nairobi,2026-01-14
Kabati - Muranga,Black nightshade (Managu/ Osuga),-,-,-,-,50.00/Kg,,Muranga,2026-01-14
Kabati - Muranga,Amaranthus (Terere),-,-,-,-,50.00/Kg,,Muranga,2026-01-14
Kabati - Muranga,Sweet potatoes,-,-,-,80.00/Kg,100.00/Kg,,Muranga,2026-01-14
Kabati - Muranga,Yam,-,-,-,80.00/Kg,100.00/Kg,,Muranga,2026-01-14
Kabati - Muranga,Cassava Fresh,-,-,-,20.00/Kg,35.00/Kg,,Muranga,2026-01-14
Kabati - Muranga,Arrow Root,-,-,-,80.00/Kg,100.00/Kg,,Muranga,2026-01-14
Kabati - Muranga,Water Melon,-,-,-,45.00/Kg,240.00/Kg,,Muranga,2026-01-14
Kabati - Muranga,Tree tomato,-,-,-,-,100.00/Kg,,Muranga,2026-01-14
Kabati - Muranga,Thorn melon,-,-,-,-,60.00/Kg,,Muranga,2026-01-14
Kabati - Muranga,Tangerine (Sandara),-,-,-,-,100.00/Kg,,Muranga,2026-01-14
Kabati - Muranga,Pineapples,-,-,-,-,40.00/Kg,,Muranga,2026-01-14
Kabati - Muranga,Mangoes,Improved,-,-,60.00/Kg,90.00/Kg,,Muranga,2026-01-14
Kabati - Muranga,Lemons,-,-,-,-,80.00/Kg,,Muranga,2026-01-14
Kabati - Muranga,Grapes,White,-,-,480.00/Kg,600.00/Kg,,Muranga,2026-01-14
Kabati - Muranga,Banana (Ripening),-,-,-,18.00/Kg,35.00/Kg,,Muranga,2026-01-14
Kabati - Muranga,Avocado,Fuerte,-,-,60.00/Kg,120.00/Kg,,Muranga,2026-01-14
Kabati - Muranga,Apples,-,-,-,120.00/Kg,180.00/Kg,,Muranga,2026-01-14
Kabati - Muranga,Tomatoes,-,-,-,28.00/Kg,40.00/Kg,,Muranga,2026-01-14
Kabati - Muranga,Spinach,-,-,-,35.00/Kg,50.00/Kg,,Muranga,2026-01-14
Kabati - Muranga,Pumpkin,-,-,-,60.00/Kg,80.00/Kg,,Muranga,2026-01-14
Kabati - Muranga,Kales/Sukuma Wiki,-,-,-,35.00/Kg,45.00/Kg,,Muranga,2026-01-14
Kabati - Muranga,Green Maize,-,-,-,60.00/Kg,80.00/Kg,,Muranga,2026-01-14
Kabati - Muranga,Garlic,-,-,-,400.00/Kg,480.00/Kg,,Muranga,2026-01-14
Kabati - Muranga,French beans,-,-,-,45.00/Kg,55.00/Kg,,Muranga,2026-01-14
Kabati - Muranga,Coriander (Dhania),-,-,-,35.00/Kg,50.00/Kg,,Muranga,2026-01-14
Kabati - Muranga,Chillies,-,-,-,60.00/Kg,120.00/Kg,,Muranga,2026-01-14
Kabati - Muranga,Carrots,-,-,-,45.00/Kg,60.00/Kg,,Muranga,2026-01-14
Kabati - Muranga,Capsicums,-,-,-,40.00/Kg,60.00/Kg,,Muranga,2026-01-14
Kabati - Muranga,Butternuts,-,-,-,70.00/Kg,90.00/Kg,,Muranga,2026-01-14
Kabati - Muranga,Banana (Plantain),-,-,-,20.00/Kg,35.00/Kg,,Muranga,2026-01-14
Kabati - Muranga,Banana (Cooking),-,-,-,20.00/Kg,35.00/Kg,,Muranga,2026-01-14
Vanga,Cuttlefish,Fresh,-,-,200.00/Kg,300.00/Kg,100.0,Kwale,2026-01-13
Vanga,Octopus (Pweza),Fresh,-,-,450.00/Kg,550.00/Kg,520.0,Kwale,2026-01-13
Vanga,Scavengers (Changu/Tangu),Fresh,-,-,200.00/Kg,250.00/Kg,60.0,Kwale,2026-01-13
Vanga,Rabbitfish (Tafi/Tasi),Fresh,-,-,250.00/Kg,350.00/Kg,50.0,Kwale,2026-01-13
Vanga,Parrotfishes(Pono),Fresh,-,-,150.00/Kg,200.00/Kg,60.0,Kwale,2026-01-13
Vanga,Needlefishes,Fresh,-,-,130.00/ Kg,180.00/ Kg,200.0,Kwale,2026-01-13
Vanga,Barracuda(Kasumba),Fresh,-,-,150.00/Kg,200.00/Kg,300.0,Kwale,2026-01-13
Ngurubani Market,Cowpea leaves (Kunde),-,-,-,30.00/Kg,40.00/Kg,225.0,Kirinyaga,2026-01-13
Ngurubani Market,Pumpkin Leaves,-,-,-,20.00/Kg,25.00/Kg,170.0,Kirinyaga,2026-01-13
Ngurubani Market,Black nightshade (Managu/ Osuga),-,-,-,25.00/Kg,35.00/Kg,350.0,Kirinyaga,2026-01-13
Ngurubani Market,Amaranthus (Terere),-,-,-,25.00/Kg,30.00/Kg,520.0,Kirinyaga,2026-01-13
Ngurubani Market,Pork,-,-,-,500.00/Kg,700.00/Kg,420.0,Kirinyaga,2026-01-13
Ngurubani Market,Meat Beef,-,-,-,500.00/Kg,700.00/Kg,2500.0,Kirinyaga,2026-01-13
Ngurubani Market,Eggs,Exotic/Grade,-,-,400.00/Tray(30),450.00/Tray(30),2530.0,Kirinyaga,2026-01-13
Ahero,Finger Millet,-,-,-,185.00/Kg,190.00/Kg,3000.0,Kisumu,2026-01-13
Ngurubani Market,White Irish Potatoes,-,-,-,40.00/Kg,50.00/Kg,23500.0,Kirinyaga,2026-01-13
Ngurubani Market,Sweet potatoes,-,-,-,70.00/Kg,100.00/Kg,450.0,Kirinyaga,2026-01-13
Ngurubani Market,Arrow Root,-,-,-,80.00/Kg,120.00/Kg,850.0,Kirinyaga,2026-01-13
Ngurubani Market,Rice,Pishori,-,-,150.00/Kg,170.00/Kg,135000.0,Kirinyaga,2026-01-13
Ngurubani Market,Red Sorghum,-,-,-,80.00/Kg,100.00/Kg,1350.0,Kirinyaga,2026-01-13
Ngurubani Market,Dry Maize,White Maize,-,-,46.67/Kg,50.00/Kg,6500.0,Kirinyaga,2026-01-13
Ahero,Dry Maize,Mixed-Traditional,-,-,60.00/Kg,65.00/Kg,20000.0,Kisumu,2026-01-13
Ngurubani Market,Water Melon,-,-,-,30.00/Kg,35.00/Kg,1800.0,Kirinyaga,2026-01-13
Ngurubani Market,Tree tomato,-,-,-,100.00/Kg,140.00/Kg,220.0,Kirinyaga,2026-01-13
Ngurubani Market,Thorn melon,-,-,-,60.00/Kg,80.00/Kg,520.0,Kirinyaga,2026-01-13
Ngurubani Market,Pineapples,-,-,-,60.00/Kg,80.00/Kg,850.0,Kirinyaga,2026-01-13
Ngurubani Market,Pawpaw,-,-,-,25.00/Kg,40.00/Kg,250.0,Kirinyaga,2026-01-13
Ngurubani Market,Passion Fruits,-,-,-,150.00/Kg,200.00/Kg,250.0,Kirinyaga,2026-01-13
Ngurubani Market,Mangoes,Improved,-,-,60.00/Kg,80.00/Kg,2500.0,Kirinyaga,2026-01-13
Ngurubani Market,Lemons,-,-,-,40.00/Kg,60.00/Kg,120.0,Kirinyaga,2026-01-13
Ngurubani Market,Avocado,Local,-,-,60.00/Kg,90.00/Kg,820.0,Kirinyaga,2026-01-13
Ngurubani Market,Tomatoes,-,-,-,25.00/Kg,35.00/Kg,4500.0,Kirinyaga,2026-01-13
Ngurubani Market,Spring Onions,-,-,-,50.00/Kg,70.00/Kg,550.0,Kirinyaga,2026-01-13
Ngurubani Market,Spinach,-,-,-,25.00/Kg,35.00/Kg,520.0,Kirinyaga,2026-01-13
Ngurubani Market,Pumpkin,-,-,-,30.00/Kg,35.00/Kg,2580.0,Kirinyaga,2026-01-13
Ngurubani Market,Kales/Sukuma Wiki,-,-,-,25.00/Kg,30.00/Kg,850.0,Kirinyaga,2026-01-13
Ngurubani Market,Green Maize,-,-,-,35.00/Kg,50.00/Kg,2250.0,Kirinyaga,2026-01-13
Ngurubani Market,Fresh Peas,On pods,-,-,70.00/Kg,100.00/Kg,858.0,Kirinyaga,2026-01-13
Ngurubani Market,French beans,-,-,-,60.00/Kg,80.00/Kg,250.0,Kirinyaga,2026-01-13
Ngurubani Market,Egg plant (Brinjals),-,-,-,30.00/Kg,50.00/Kg,52.0,Kirinyaga,2026-01-13
Ahero,Spider flower (Saga),-,-,-,70.00/Kg,80.00/Kg,420.0,Kisumu,2026-01-13
Ngurubani Market,Dry Onions,-,-,-,70.00/Kg,100.00/Kg,5580.0,Kirinyaga,2026-01-13
Ahero,Indigenous Crotolaria (Mito/Miro),-,-,-,70.00/Kg,80.00/Kg,300.0,Kisumu,2026-01-13
Ngurubani Market,Cucumber,-,-,-,50.00/Kg,70.00/Kg,220.0,Kirinyaga,2026-01-13
Ngurubani Market,Courgette,-,-,-,50.00/Kg,70.00/Kg,170.0,Kirinyaga,2026-01-13
Ngurubani Market,Coriander (Dhania),-,-,-,50.00/Kg,70.00/Kg,120.0,Kirinyaga,2026-01-13
Ngurubani Market,Chillies,-,-,-,60.00/Kg,100.00/Kg,230.0,Kirinyaga,2026-01-13
Ngurubani Market,Capsicums,-,-,-,50.00/Kg,70.00/Kg,350.0,Kirinyaga,2026-01-13
Ngurubani Market,Cabbages,-,-,-,30.00/Kg,35.00/Kg,19500.0,Kirinyaga,2026-01-13
Ngurubani Market,Butternuts,-,-,-,35.00/Kg,45.00/Kg,3350.0,Kirinyaga,2026-01-13
Ngurubani Market,Banana (Cooking),-,-,-,28.00/Kg,35.00/Kg,3580.0,Kirinyaga,2026-01-13
Ngurubani Market,Pigeon peas,-,-,-,50.00/Kg,80.00/Kg,2500.0,Kirinyaga,2026-01-13
Ngurubani Market,Mixed Beans,-,-,-,86.67/Kg,120.00/Kg,855.0,Kirinyaga,2026-01-13
Ngurubani Market,Lentils,-,-,-,188.89/Kg,240.00/Kg,2550.0,Kirinyaga,2026-01-13
Ngurubani Market,Green Grams,Hybrid/ polished,-,-,102.22/Kg,160.00/Kg,2150.0,Kirinyaga,2026-01-13
Ahero,Ethiopian Kales -Kanzira,-,-,-,70.00/Kg,80.00/Kg,350.0,Kisumu,2026-01-13
Ngurubani Market,Dolichos lablab (Njahi),-,-,-,72.22/Kg,90.00/Kg,3580.0,Kirinyaga,2026-01-13
Ahero,Cowpea leaves (Kunde),-,-,-,60.00/Kg,70.00/Kg,2700.0,Kisumu,2026-01-13
Ahero,Black nightshade (Managu/ Osuga),-,-,-,70.00/Kg,80.00/Kg,400.0,Kisumu,2026-01-13
Ahero,Tomatoes,-,-,-,90.00/Kg,100.00/Kg,12000.0,Kisumu,2026-01-13
Ahero,Spring Onions,-,-,-,70.00/Kg,80.00/Kg,2400.0,Kisumu,2026-01-13
Ahero,Kales/Sukuma Wiki,-,-,-,60.00/Kg,70.00/Kg,4000.0,Kisumu,2026-01-13
Ahero,Green Maize,-,-,-,70.00/Kg,80.00/Kg,500.0,Kisumu,2026-01-13
Ahero,Ginger,-,-,-,330.00/Kg,350.00/Kg,240.0,Kisumu,2026-01-13
Ahero,Garlic,-,-,-,500.00/Kg,550.00/Kg,40.0,Kisumu,2026-01-13
Ahero,Dry Onions,-,-,-,90.00/Kg,100.00/Kg,1200.0,Kisumu,2026-01-13
Ahero,Cabbages,-,-,-,50.00/Kg,60.00/Kg,24000.0,Kisumu,2026-01-13
Ahero,Banana (Plantain),-,-,-,50.00/Kg,60.00/Kg,4000.0,Kisumu,2026-01-13
Ahero,Banana (Cooking),-,-,-,70.00/Kg,80.00/Kg,2500.0,Kisumu,2026-01-13
Ahero,Ground Nuts,Small Red,-,-,350.00/Kg,375.00/Kg,3500.0,Kisumu,2026-01-13
Ahero,Ground Nuts,Large Brown,-,-,325.00/Kg,350.00/Kg,8300.0,Kisumu,2026-01-13
Ahero,Green Grams,Hybrid/ polished,-,-,175.00/Kg,190.00/Kg,6900.0,Kisumu,2026-01-13
Ahero,Cowpeas,-,-,-,165.00/Kg,175.00/Kg,900.0,Kisumu,2026-01-13
Ahero,Beans Rosecoco,-,-,-,150.00/Kg,165.00/Kg,5000.0,Kisumu,2026-01-13
Ngurubani Market,Cowpeas,-,-,-,102.22/Kg,162.50/Kg,850.0,Kirinyaga,2026-01-13
Ngurubani Market,Beans Rosecoco (Nyayo),-,-,-,111.11/Kg,175.00/Kg,2580.0,Kirinyaga,2026-01-13
Ngurubani Market,Beans Red Haricot (Wairimu),-,-,-,100.00/Kg,155.00/Kg,6500.0,Kirinyaga,2026-01-13
Ngurubani Market,Beans (Yellow-Green),-,-,-,122.22/Kg,190.00/Kg,3500.0,Kirinyaga,2026-01-13
Ngurubani Market,Beans (Mwitemania),-,-,-,91.11/Kg,125.00/Kg,2580.0,Kirinyaga,2026-01-13
Ngurubani Market,Fertilizer,NPK,-,-,90.00/Kg,100.00/Kg,220000.0,Kirinyaga,2026-01-13
Ahero,Beans Red Haricot (Wairimu),-,-,-,150.00/Kg,1650.00/Kg,3900.0,Kisumu,2026-01-13
Ngurubani Market,Fertilizer,DAP,-,-,124.00/Kg,130.00/Kg,125000.0,Kirinyaga,2026-01-13
Ngurubani Market,Fertilizer,CAN,-,-,65.00/Kg,80.00/Kg,52500.0,Kirinyaga,2026-01-13
Ahero,Beans (Yellow-Green),-,-,-,225.00/Kg,250.00/Kg,8000.0,Kisumu,2026-01-13
Ahero,Beans (Mwezi Moja),-,-,-,150.00/Kg,165.00/Kg,4900.0,Kisumu,2026-01-13
Ahero,Beans (Canadian wonder),-,-,-,150.00/Kg,165.00/Kg,6000.0,Kisumu,2026-01-13
Ahero,Fertilizer,NPK,-,-,116.00/Kg,120.00/Kg,27000.0,Kisumu,2026-01-13
Ahero,Fertilizer,DAP,-,-,130.00/Kg,140.00/Kg,45000.0,Kisumu,2026-01-13
Ahero,Fertilizer,CAN,-,-,66.00/Kg,70.00/Kg,35000.0,Kisumu,2026-01-13
Holo,Pork,-,-,-,-,600.00/Kg,,Kisumu,2026-01-13
Holo,Meat Beef,-,-,-,-,600.00/Kg,,Kisumu,2026-01-13
Holo,Honey,Crude,-,-,-,1000.00/Kg,,Kisumu,2026-01-13
Holo,Eggs,Indigenous /Kenyeji,-,-,15.00/Tray(30),20.00/Tray(30),,Kisumu,2026-01-13
Holo,Eggs,Exotic/Grade,-,-,14.33/Tray(30),18.00/Tray(30),,Kisumu,2026-01-13
Holo,Cow Milk(At collection point),-,-,-,-,80.00/Lt,,Kisumu,2026-01-13
Holo,Sheep,Red Maasai,Grade 3,Male,6500.00/Head,-,,Kisumu,2026-01-13
Holo,Goat,Mixed,Grade 3,Male,5500.00/Head,-,,Kisumu,2026-01-13
Holo,Chicken,Layers,-,Male,450.00/Head,-,,Kisumu,2026-01-13
Holo,Chicken,Indigenous,-,Male,1100.00/Head,-,,Kisumu,2026-01-13
Holo,Chicken,Improved Kienyeji,-,Male,1200.00/Head,-,,Kisumu,2026-01-13
Holo,Chicken,Broiler,-,Male,550.00/Head,-,,Kisumu,2026-01-13
Holo,Cattle,Mixed,Grade 3,Male,41000.00/Head,-,,Kisumu,2026-01-13
Holo,Prawns,Dried,-,-,12.50/Kg,25.00/Kg,,Kisumu,2026-01-13
Holo,Tilapia,Dried,-,-,-,370.00/Kg,,Kisumu,2026-01-13
Holo,Omena,Dried,-,-,-,300.00/Kg,,Kisumu,2026-01-13
Holo,Nile Perch,Fresh,-,-,-,320.00/Kg,,Kisumu,2026-01-13
Holo,White Irish Potatoes,-,-,-,100.00/Kg,100.00/Kg,,Kisumu,2026-01-13
Holo,Sweet potatoes,-,-,-,-,100.00/Kg,,Kisumu,2026-01-13
Holo,Cassava Fresh,-,-,-,-,100.00/Kg,,Kisumu,2026-01-13
Holo,Cassava Chips (dry),-,-,-,-,75.00/Kg,,Kisumu,2026-01-13
Holo,Arrow Root,-,-,-,-,150.00/Kg,,Kisumu,2026-01-13
Holo,Water Melon,-,-,-,-,125.00/Kg,,Kisumu,2026-01-13
Holo,Thorn melon,-,-,-,-,150.00/Kg,,Kisumu,2026-01-13
Holo,Tangerine (Sandara),-,-,-,-,150.00/Kg,,Kisumu,2026-01-13
Holo,Pawpaw,-,-,-,-,100.00/Kg,,Kisumu,2026-01-13
Holo,Oranges,-,-,-,-,200.00/Kg,,Kisumu,2026-01-13
Holo,Mangoes,Local,-,-,-,100.00/Kg,,Kisumu,2026-01-13
Holo,Mangoes,Improved,-,-,-,150.00/Kg,,Kisumu,2026-01-13
Holo,Limes,-,-,-,-,200.00/Kg,,Kisumu,2026-01-13
Holo,Lemons,-,-,-,-,150.00/Kg,,Kisumu,2026-01-13
Holo,Avocado,Local,-,-,-,100.00/Kg,,Kisumu,2026-01-13
Holo,Avocado,Hass,-,-,-,150.00/Kg,,Kisumu,2026-01-13
Holo,White Sorghum,-,-,-,60.00/kg,75.00/kg,,Kisumu,2026-01-13
Holo,Rice,Pishori,-,-,172.00/Kg,250.00/Kg,,Kisumu,2026-01-13
Holo,Red Sorghum,-,-,-,60.00/Kg,75.00/Kg,,Kisumu,2026-01-13
Holo,Maize Flour,Dola,-,-,-,75.00/Kg,,Kisumu,2026-01-13
Holo,Maize Flour,Ajab,-,-,-,90.00/Kg,,Kisumu,2026-01-13
Holo,Finger Millet,-,-,-,175.00/Kg,200.00/Kg,,Kisumu,2026-01-13
Holo,Dry Maize,Yellow Maize,-,-,-,60.00/Kg,,Kisumu,2026-01-13
Holo,Dry Maize,White Maize,-,-,44.44/Kg,60.00/Kg,,Kisumu,2026-01-13
Holo,Spider flower (Saga),-,-,-,-,90.00/Kg,,Kisumu,2026-01-13
Holo,Pumpkin Leaves,-,-,-,-,70.00/Kg,,Kisumu,2026-01-13
Holo,Jute Plant (Murenda),-,-,-,-,60.00/Kg,,Kisumu,2026-01-13
Holo,Indigenous Crotolaria (Mito/Miro),-,-,-,-,80.00/Kg,,Kisumu,2026-01-13
Holo,Ethiopian Kales -Kanzira,-,-,-,-,70.00/Kg,,Kisumu,2026-01-13
Holo,Cowpea leaves (Kunde),-,-,-,-,60.00/Kg,,Kisumu,2026-01-13
Holo,Black nightshade (Managu/ Osuga),-,-,-,-,90.00/Kg,,Kisumu,2026-01-13
Holo,Amaranthus (Terere),-,-,-,-,80.00/Kg,,Kisumu,2026-01-13
Holo,Tomatoes,-,-,-,107.14/Kg,120.00/Kg,,Kisumu,2026-01-13
Holo,Spring Onions,-,-,-,42.31/Kg,60.00/Kg,,Kisumu,2026-01-13
Holo,Spinach,-,-,-,-,50.00/Kg,,Kisumu,2026-01-13
Holo,Kales/Sukuma Wiki,-,-,-,38.33/Kg,50.00/Kg,,Kisumu,2026-01-13
Holo,Green Maize,-,-,-,-,120.00/Kg,,Kisumu,2026-01-13
Holo,Ginger,-,-,-,-,180.00/Kg,,Kisumu,2026-01-13
Holo,Garlic,-,-,-,-,400.00/Kg,,Kisumu,2026-01-13
Holo,Egg plant (Brinjals),-,-,-,-,100.00/Kg,,Kisumu,2026-01-13
Holo,Dry Onions,-,-,-,76.19/Kg,80.00/Kg,,Kisumu,2026-01-13
Holo,Cucumber,-,-,-,-,150.00/Kg,,Kisumu,2026-01-13
Holo,Coriander (Dhania),-,-,-,-,150.00/Kg,,Kisumu,2026-01-13
Holo,Chillies,-,-,-,-,120.00/Kg,,Kisumu,2026-01-13
Holo,Carrots,-,-,-,-,100.00/Kg,,Kisumu,2026-01-13
Holo,Capsicums,-,-,-,-,130.00/Kg,,Kisumu,2026-01-13
Holo,Cabbages,-,-,-,-,80.00/Kg,,Kisumu,2026-01-13
Holo,Butternuts,-,-,-,-,150.00/Kg,,Kisumu,2026-01-13
Holo,Banana (Plantain),-,-,-,-,166.67/Kg,,Kisumu,2026-01-13
Holo,Banana (Cooking),-,-,-,150.00/Kg,-,,Kisumu,2026-01-13
Holo,Banana (Cooking),-,-,-,150.00/Kg,-,,Kisumu,2026-01-13
Holo,Banana (Cooking),-,-,-,150.00/Kg,-,,Kisumu,2026-01-13
Holo,Mixed Beans,-,-,-,12.44/Kg,150.00/Kg,,Kisumu,2026-01-13
Holo,Ground Nuts,Small Red,-,-,300.00/Kg,325.00/Kg,,Kisumu,2026-01-13
Holo,Ground Nuts,Large Brown,-,-,275.00/Kg,300.00/Kg,,Kisumu,2026-01-13
Holo,Green Grams,Local-Special,-,-,175.00/Kg,200.00/Kg,,Kisumu,2026-01-13
Holo,Green Grams,Hybrid/ polished,-,-,200.00/Kg,225.00/Kg,,Kisumu,2026-01-13
Holo,Cowpeas,-,-,-,225.00/Kg,250.00/Kg,,Kisumu,2026-01-13
Holo,Beans Rosecoco (Nyayo),-,-,-,200.00/Kg,225.00/Kg,,Kisumu,2026-01-13
Holo,Beans Rosecoco,-,-,-,225.00/Kg,250.00/Kg,,Kisumu,2026-01-13
Holo,Beans Red Haricot (Wairimu),-,-,-,175.00/Kg,200.00/Kg,,Kisumu,2026-01-13
Holo,Beans (Yellow-Green),-,-,-,225.00/Kg,250.00/Kg,,Kisumu,2026-01-13
Holo,Beans (Mwezi Moja),-,-,-,200.00/Kg,225.00/Kg,,Kisumu,2026-01-13
Holo,Beans (Canadian wonder),-,-,-,200.00/Kg,225.00/Kg,,Kisumu,2026-01-13
Holo,Fertilizer,CAN,-,-,62.00/Kg,80.00/Kg,,Kisumu,2026-01-13
Holo,Fertilizer,DAP,-,-,107.00/Kg,150.00/Kg,,Kisumu,2026-01-13
Musoli Market,Beans Red Haricot (Wairimu),-,-,-,120.00/Kg,116.67/Kg,720.0,Kakamega,2026-01-13
Musoli Market,Ground Nuts,Small Red,-,-,235.56/Kg,261.90/Kg,720.0,Kakamega,2026-01-13
Musoli Market,Green Grams,Local-Special,-,-,124.44/Kg,125.00/Kg,450.0,Kakamega,2026-01-13
Musoli Market,Beans (Yellow-Green),-,-,-,177.78/Kg,187.50/Kg,180.0,Kakamega,2026-01-13
Musoli Market,Cowpeas,-,-,-,124.44/Kg,125.00/Kg,990.0,Kakamega,2026-01-13
Musoli Market,Cabbages,-,-,-,35.71/Kg,42.86/Kg,8708.0,Kakamega,2026-01-13
Musoli Market,Red Sorghum,-,-,-,62.22/Kg,68.18/Kg,360.0,Kakamega,2026-01-13
Musoli Market,Finger Millet,-,-,-,111.11/Kg,117.39/Kg,360.0,Kakamega,2026-01-13
Musoli Market,Dry Maize,White Maize,-,-,44.44/Kg,47.83/Kg,18000.0,Kakamega,2026-01-13
Musoli Market,White Irish Potatoes,-,-,-,61.54/Kg,55.56/Kg,8607.0,Kakamega,2026-01-13
Musoli Market,Tomatoes,-,-,-,60.00/Kg,100.00/Kg,7500.0,Kakamega,2026-01-13
Musoli Market,Kales/Sukuma Wiki,-,-,-,45.00/Kg,80.00/Kg,600.0,Kakamega,2026-01-13
Musoli Market,Chicken,Improved Kienyeji,-,Female,400.00/Head,-,25.0,Kakamega,2026-01-13
Musoli Market,Chicken,Improved Kienyeji,-,Male,400.00/Head,-,9.0,Kakamega,2026-01-13
Musoli Market,Chicken,Improved Kienyeji,-,Female,500.00/Head,-,4.0,Kakamega,2026-01-13
Musoli Market,Chicken,Improved Kienyeji,-,Male,650.00/Head,-,10.0,Kakamega,2026-01-13
Musoli Market,Chicken,Improved Kienyeji,-,Female,800.00/Head,-,15.0,Kakamega,2026-01-13
Musoli Market,Chicken,Improved Kienyeji,-,Male,1000.00/Head,-,8.0,Kakamega,2026-01-13
Musoli Market,Chicken,Indigenous,-,Female,350.00/Head,-,15.0,Kakamega,2026-01-13
Musoli Market,Chicken,Indigenous,-,Male,350.00/Head,-,8.0,Kakamega,2026-01-13
Musoli Market,Chicken,Indigenous,-,Female,650.00/Head,-,30.0,Kakamega,2026-01-13
Musoli Market,Chicken,Indigenous,-,Male,700.00/Head,-,25.0,Kakamega,2026-01-13
Musoli Market,Chicken,Indigenous,-,Female,800.00/Head,-,30.0,Kakamega,2026-01-13
Musoli Market,Chicken,Indigenous,-,Male,1200.00/Head,-,10.0,Kakamega,2026-01-13
Musoli Market,Goat,Mixed,Grade 3,Female,4500.00/Head,-,5.0,Kakamega,2026-01-13
Musoli Market,Goat,Mixed,Grade 3,Male,4000.00/Head,-,7.0,Kakamega,2026-01-13
Musoli Market,Goat,Mixed,Grade 2,Female,4800.00/Head,-,3.0,Kakamega,2026-01-13
Musoli Market,Goat,Mixed,Grade 2,Male,4500.00/Head,-,5.0,Kakamega,2026-01-13
Musoli Market,Goat,Mixed,Grade 1,Female,5100.00/Head,-,3.0,Kakamega,2026-01-13
Musoli Market,Goat,Mixed,Grade 1,Male,4800.00/Head,-,2.0,Kakamega,2026-01-13
Musoli Market,Goat,Mixed,Grade 3,Female,5000.00/Head,-,9.0,Kakamega,2026-01-13
Musoli Market,Goat,Mixed,Grade 3,Male,5500.00/Head,-,5.0,Kakamega,2026-01-13
Musoli Market,Goat,Mixed,Grade 2,Female,5500.00/Head,-,6.0,Kakamega,2026-01-13
Musoli Market,Goat,Mixed,Grade 2,Male,6000.00/Head,-,4.0,Kakamega,2026-01-13
Musoli Market,Goat,Mixed,Grade 1,Female,6200.00/Head,-,5.0,Kakamega,2026-01-13
Musoli Market,Goat,Mixed,Grade 1,Male,6800.00/Head,-,7.0,Kakamega,2026-01-13
Musoli Market,Goat,Mixed,Grade 3,Female,6500.00/Head,-,9.0,Kakamega,2026-01-13
Musoli Market,Goat,Mixed,Grade 3,Male,7000.00/Head,-,6.0,Kakamega,2026-01-13
Musoli Market,Goat,Mixed,Grade 2,Female,7500.00/Head,-,2.0,Kakamega,2026-01-13
Musoli Market,Goat,Mixed,Grade 2,Male,9500.00/Head,-,3.0,Kakamega,2026-01-13
Musoli Market,Goat,Mixed,Grade 1,Female,9000.00/Head,-,1.0,Kakamega,2026-01-13
Musoli Market,Goat,Mixed,Grade 1,Male,12000.00/Head,-,2.0,Kakamega,2026-01-13
Musoli Market,Cattle,Mixed,Grade 3,Female,20000.00/Head,-,5.0,Kakamega,2026-01-13
Musoli Market,Cattle,Mixed,Grade 3,Male,19000.00/Head,-,6.0,Kakamega,2026-01-13
Musoli Market,Cattle,Mixed,Grade 2,Female,24000.00/Head,-,6.0,Kakamega,2026-01-13
Musoli Market,Cattle,Mixed,Grade 2,Male,21000.00/Head,-,7.0,Kakamega,2026-01-13
Musoli Market,Cattle,Mixed,Grade 1,Female,26000.00/Head,-,8.0,Kakamega,2026-01-13
Musoli Market,Cattle,Mixed,Grade 1,Male,23000.00/Head,-,5.0,Kakamega,2026-01-13
Musoli Market,Cattle,Mixed,Grade 3,Female,30000.00/Head,-,5.0,Kakamega,2026-01-13
Musoli Market,Cattle,Mixed,Grade 3,Male,28000.00/Head,-,7.0,Kakamega,2026-01-13
Musoli Market,Cattle,Mixed,Grade 2,Female,35000.00/Head,-,5.0,Kakamega,2026-01-13
Musoli Market,Cattle,Mixed,Grade 2,Male,32000.00/Head,-,5.0,Kakamega,2026-01-13
Musoli Market,Cattle,Mixed,Grade 2,Female,40000.00/Head,-,8.0,Kakamega,2026-01-13
Musoli Market,Cattle,Mixed,Grade 1,Male,38000.00/Head,-,6.0,Kakamega,2026-01-13
Musoli Market,Cattle,Mixed,Grade 3,Female,42000.00/Head,-,7.0,Kakamega,2026-01-13
Musoli Market,Cattle,Mixed,Grade 3,Male,45000.00/Head,-,4.0,Kakamega,2026-01-13
Musoli Market,Cattle,Zebu,Grade 2,Female,58000.00/Head,-,2.0,Kakamega,2026-01-13
Musoli Market,Cattle,Mixed,Grade 2,Male,65000.00/Head,-,3.0,Kakamega,2026-01-13
Musoli Market,Cattle,Zebu,Grade 1,Female,68000.00/Head,-,3.0,Kakamega,2026-01-13
Musoli Market,Cattle,Mixed,Grade 1,Male,98000.00/Head,-,1.0,Kakamega,2026-01-13
Musoli Market,Cattle,Zebu,Grade 3,Female,20000.00/Head,-,8.0,Kakamega,2026-01-13
Musoli Market,Cattle,Zebu,Grade 3,Male,18000.00/Head,-,5.0,Kakamega,2026-01-13
Musoli Market,Cattle,Zebu,Grade 2,Female,23000.00/Head,-,6.0,Kakamega,2026-01-13
Musoli Market,Cattle,Zebu,Grade 2,Male,20000.00/Head,-,8.0,Kakamega,2026-01-13
Musoli Market,Cattle,Zebu,Grade 1,Female,25000.00/Head,-,7.0,Kakamega,2026-01-13
Musoli Market,Cattle,Zebu,Grade 1,Male,22000.00/Head,-,9.0,Kakamega,2026-01-13
Musoli Market,Cattle,Zebu,Grade 3,Male,30000.00/Head,-,4.0,Kakamega,2026-01-13
Musoli Market,Cattle,Zebu,Grade 3,Male,28000.00/Head,-,6.0,Kakamega,2026-01-13
Musoli Market,Cattle,Zebu,Grade 2,Female,35000.00/Head,-,8.0,Kakamega,2026-01-13
Musoli Market,Cattle,Zebu,Grade 2,Male,33000.00/Head,-,9.0,Kakamega,2026-01-13
Musoli Market,Cattle,Zebu,Grade 1,Female,38000.00/Head,-,11.0,Kakamega,2026-01-13
Musoli Market,Cattle,Zebu,Grade 1,Male,35000.00/Head,-,8.0,Kakamega,2026-01-13
Musoli Market,Cattle,Zebu,Grade 3,Female,42000.00/Head,-,8.0,Kakamega,2026-01-13
Musoli Market,Cattle,Zebu,Grade 3,Male,45000.00/Head,-,10.0,Kakamega,2026-01-13
Musoli Market,Cattle,Zebu,Grade 2,Female,2.00/Head,-,55000.0,Kakamega,2026-01-13
Musoli Market,Cattle,Zebu,Grade 2,Male,68000.00/Head,-,3.0,Kakamega,2026-01-13
Musoli Market,Cattle,Zebu,Grade 1,Female,65000.00/Head,-,3.0,Kakamega,2026-01-13
Musoli Market,Cattle,Zebu,Grade 1,Male,85000.00/Head,-,2.0,Kakamega,2026-01-13
Mogogosiek Market,Sweet potatoes,-,-,-,80.00/Kg,120.00/Kg,4000.0,Bomet,2026-01-13
Mogogosiek Market,Oranges,-,-,-,30.00/Kg,40.00/Kg,12000.0,Bomet,2026-01-13
Mogogosiek Market,Dry Maize,White Maize,-,-,41.67/Kg,54.17/Kg,10800.0,Bomet,2026-01-13
Mogogosiek Market,Spider flower (Saga),-,-,-,200.00/Kg,250.00/Kg,1500.0,Bomet,2026-01-13
Mogogosiek Market,Spider flower (Saga),-,-,-,200.00/Kg,250.00/Kg,1500.0,Bomet,2026-01-13
Mogogosiek Market,Black nightshade (Managu/ Osuga),-,-,-,180.00/Kg,250.00/Kg,1300.0,Bomet,2026-01-13
Mogogosiek Market,Tomatoes,-,-,-,73.53/Kg,85.00/Kg,5000.0,Bomet,2026-01-13
Mogogosiek Market,Cabbages,-,-,-,15.00/Kg,20.00/Kg,7000.0,Bomet,2026-01-13
Mogogosiek Market,Banana (Cooking),-,-,-,70.00/Kg,100.00/Kg,800.0,Bomet,2026-01-13
Mogogosiek Market,Beans Rosecoco,-,-,-,150.00/Kg,225.00/Kg,10000.0,Bomet,2026-01-13
Mogogosiek Market,Beans (Yellow-Green),-,-,-,120.00/Kg,180.00/Kg,7000.0,Bomet,2026-01-13
Nkubu,White Irish Potatoes,-,-,-,50.00/Kg,100.00/Kg,2250.0,Meru,2026-01-13
Nkubu,Oranges,-,-,-,55.56/Kg,70.00/Kg,900.0,Meru,2026-01-13
Nkubu,Mangoes,Improved,-,-,33.33/Kg,50.00/Kg,1440.0,Meru,2026-01-13
Nkubu,White Sorghum,-,-,-,66.67/kg,80.00/kg,540.0,Meru,2026-01-13
Nkubu,Pearl Rush Millet,-,-,-,111.11/Kg,120.00/Kg,810.0,Meru,2026-01-13
Nkubu,Finger Millet,-,-,-,122.22/Kg,130.00/Kg,540.0,Meru,2026-01-13
Nkubu,Dry Maize,Mixed-Traditional,-,-,80.00/Kg,50.00/Kg,810.0,Meru,2026-01-13
Nkubu,Tomatoes,-,-,-,6.00/Kg,40.00/Kg,7000.0,Meru,2026-01-13
Nkubu,Dry Onions,-,-,-,75.00/Kg,100.00/Kg,1680.0,Meru,2026-01-13
Nkubu,Carrots,-,-,-,42.86/Kg,60.00/Kg,2240.0,Meru,2026-01-13
Nkubu,Cabbages,-,-,-,6.00/Kg,50.00/Kg,5000.0,Meru,2026-01-13
Nkubu,Pigeon peas,-,-,-,88.89/Kg,120.00/Kg,720.0,Meru,2026-01-13
Nkubu,Lentils,-,-,-,200.00/Kg,220.00/Kg,400.0,Meru,2026-01-13
Nkubu,Green Grams,Hybrid/ polished,-,-,111.11/Kg,130.00/Kg,720.0,Meru,2026-01-13
Nkubu,Dry Peas,-,-,-,144.44/Kg,170.00/Kg,720.0,Meru,2026-01-13
Nkubu,Dolichos lablab (Njahi),-,-,-,88.89/Kg,120.00/Kg,630.0,Meru,2026-01-13
Nkubu,Cowpeas,-,-,-,66.67/Kg,80.00/Kg,630.0,Meru,2026-01-13
Nkubu,Beans Rosecoco,-,-,-,111.11/Kg,130.00/Kg,720.0,Meru,2026-01-13
Nkubu,Beans Red Haricot (Wairimu),-,-,-,111.11/Kg,120.00/Kg,720.0,Meru,2026-01-13
Nkubu,Beans (Yellow-Green),-,-,-,133.33/Kg,150.00/Kg,720.0,Meru,2026-01-13
Nkubu,Beans (Mwitemania),-,-,-,111.11/Kg,120.00/Kg,1080.0,Meru,2026-01-13
Nkubu,Beans (Mwezi Moja),-,-,-,111.11/Kg,120.00/Kg,450.0,Meru,2026-01-13
Kagio,Spring Onions,-,-,-,30.00/Kg,50.00/Kg,400.0,Kirinyaga,2026-01-13
Kagio,Spinach,-,-,-,30.00/Kg,50.00/Kg,1200.0,Kirinyaga,2026-01-13
Kagio,Pumpkin,-,-,-,35.00/Kg,50.00/Kg,1200.0,Kirinyaga,2026-01-13
Kagio,Lettuce,-,-,-,120.00/Kg,180.00/Kg,100.0,Kirinyaga,2026-01-13
Kagio,Kales/Sukuma Wiki,-,-,-,20.00/Kg,30.00/Kg,2400.0,Kirinyaga,2026-01-13
Kagio,Green Maize,-,-,-,35.00/Kg,50.00/Kg,4500.0,Kirinyaga,2026-01-13
Kagio,Ginger,-,-,-,180.00/Kg,250.00/Kg,200.0,Kirinyaga,2026-01-13
Kagio,Garlic,-,-,-,440.00/Kg,550.00/Kg,200.0,Kirinyaga,2026-01-13
Kagio,Fresh Peas,On pods,-,-,55.00/Kg,70.00/Kg,800.0,Kirinyaga,2026-01-13
Kagio,French beans,-,-,-,65.00/Kg,100.00/Kg,250.0,Kirinyaga,2026-01-13
Kagio,Egg plant (Brinjals),-,-,-,20.00/Kg,30.00/Kg,100.0,Kirinyaga,2026-01-13
Kagio,Dry Onions,-,-,-,70.00/Kg,100.00/Kg,1200.0,Kirinyaga,2026-01-13
Kagio,Cucumber,-,-,-,45.00/Kg,70.00/Kg,500.0,Kirinyaga,2026-01-13
Kagio,Courgette,-,-,-,65.00/Kg,100.00/Kg,600.0,Kirinyaga,2026-01-13
Kagio,Coriander (Dhania),-,-,-,25.00/Kg,40.00/Kg,,Kirinyaga,2026-01-13
Gikomba,Beans (Yellow-Green),-,-,-,111.11/Kg,200.00/Kg,,Nairobi,2026-01-13
Kagio,Chillies,-,-,-,65.00/Kg,100.00/Kg,250.0,Kirinyaga,2026-01-13
Kagio,Cauliflower,-,-,-,100.00/Kg,160.00/Kg,100.0,Kirinyaga,2026-01-13
Kagio,Carrots,-,-,-,45.00/Kg,70.00/Kg,2300.0,Kirinyaga,2026-01-13
Kagio,Capsicums,-,-,-,50.00/Kg,70.00/Kg,500.0,Kirinyaga,2026-01-13
Kagio,Capsicums,-,-,-,180.00/Kg,250.00/Kg,100.0,Kirinyaga,2026-01-13
Kagio,Butternuts,-,-,-,35.00/Kg,60.00/Kg,1500.0,Kirinyaga,2026-01-13
Kagio,Broccoli,-,-,-,100.00/Kg,150.00/Kg,150.0,Kirinyaga,2026-01-13
Kagio,Banana (Plantain),-,-,-,60.00/Kg,80.00/Kg,600.0,Kirinyaga,2026-01-13
Kagio,Banana (Cooking),-,-,-,25.00/Kg,40.00/Kg,29000.0,Kirinyaga,2026-01-13
Kagio,Pigeon peas,-,-,-,90.00/Kg,130.00/Kg,,Kirinyaga,2026-01-13
Kagio,Green Grams,Hybrid/ polished,-,-,90.00/Kg,130.00/Kg,,Kirinyaga,2026-01-13
Kagio,Dolichos lablab (Njahi),-,-,-,140.00/Kg,180.00/Kg,,Kirinyaga,2026-01-13
Kagio,Cowpeas,-,-,-,90.00/Kg,130.00/Kg,,Kirinyaga,2026-01-13
Kagio,Beans Rosecoco (Nyayo),-,-,-,118.89/Kg,150.00/Kg,,Kirinyaga,2026-01-13
Kagio,Beans (Mwitemania),-,-,-,120.00/Kg,150.00/Kg,,Kirinyaga,2026-01-13
Kagio,Beans (Yellow-Green),-,-,-,130.00/Kg,160.00/Kg,,Kirinyaga,2026-01-13
Kapkwen,Dry Onions,-,-,-,90.00/Kg,160.00/Kg,4000.0,Bomet,2026-01-13
Kapkwen,Cabbages,-,-,-,25.00/Kg,35.00/Kg,3500.0,Bomet,2026-01-13
Kapkwen,Beans Rosecoco,-,-,-,150.00/Kg,175.00/Kg,3200.0,Bomet,2026-01-13
Kapkwen,Beans (Mwezi Moja),-,-,-,150.00/Kg,175.00/Kg,3000.0,Bomet,2026-01-13
Kapkwen,Chicken,Indigenous,-,Female,700.00/Head,-,750.0,Bomet,2026-01-13
Kapkwen,Chicken,Indigenous,-,Male,650.00/Head,-,600.0,Bomet,2026-01-13
Kapkwen,Cattle,Friesian,Grade 2,Female,71000.00/Head,-,88.0,Bomet,2026-01-13
Kapkwen,Cattle,Friesian,Grade 2,Male,73000.00/Head,-,93.0,Bomet,2026-01-13
Kapkwen,Cattle,Ayrshire,Grade 2,Female,70000.00/Head,-,83.0,Bomet,2026-01-13
Kapkwen,Cattle,Ayrshire,Grade 2,Male,72000.00/Head,-,70.0,Bomet,2026-01-13
Diani Market,Kales/Sukuma Wiki,-,-,-,40.00/Kg,60.00/Kg,400.0,Kwale,2026-01-13
Diani Market,Okra (Lady's fingers or Gumbo),-,-,-,60.00/Kg,80.00/Kg,400.0,Kwale,2026-01-13
Diani Market,Spinach,-,-,-,60.00/Kg,80.00/Kg,400.0,Kwale,2026-01-13
Diani Market,Tomatoes,-,-,-,80.00/Kg,100.00/Kg,2000.0,Kwale,2026-01-13
Vanga,Octopus (Pweza),Fresh,-,-,450.00/Kg,550.00/Kg,400.0,Kwale,2026-01-12
Vanga,Needlefishes,Fresh,-,-,150.00/ Kg,200.00/ Kg,300.0,Kwale,2026-01-12
Vanga,Scavengers (Changu/Tangu),Fresh,-,-,200.00/Kg,250.00/Kg,200.0,Kwale,2026-01-12
Vanga,Rabbitfish (Tafi/Tasi),Fresh,-,-,250.00/Kg,350.00/Kg,60.0,Kwale,2026-01-12
Vanga,Parrotfishes(Pono),Fresh,-,-,150.00/Kg,200.00/Kg,130.0,Kwale,2026-01-12
Vanga,Kingfish (Nguru),Fresh,-,-,200.00/Kg,300.00/Kg,300.0,Kwale,2026-01-12
Nambacha Market,Sheep,Red Maasai,Grade 2,Male,6000.00/Head,-,130.0,Kakamega,2026-01-12
Nambacha Market,Goat,East African Goat,Grade 2,Male,6000.00/Head,-,150.0,Kakamega,2026-01-12
Nambacha Market,Chicken,Improved Kienyeji,-,Female,800.00/Head,-,180.0,Kakamega,2026-01-12
Nambacha Market,Chicken,Improved Kienyeji,-,Male,1000.00/Head,-,200.0,Kakamega,2026-01-12
Nambacha Market,Cattle,Mixed,Grade 2,Female,50000.00/Head,-,200.0,Kakamega,2026-01-12
Nambacha Market,Cattle,Mixed,Grade 2,Male,60000.00/Head,-,300.0,Kakamega,2026-01-12
Butere Livestock Market,Oranges,-,-,-,43.75/Kg,53.76/Kg,240.0,Kakamega,2026-01-12
Butere Livestock Market,Mangoes,Improved,-,-,20.00/Kg,66.67/Kg,3200.0,Kakamega,2026-01-12
Butere Livestock Market,White Irish Potatoes,-,-,-,49.23/Kg,53.19/Kg,6500.0,Kakamega,2026-01-12
Butere Livestock Market,Sweet potatoes,-,-,-,30.00/Kg,45.45/Kg,400.0,Kakamega,2026-01-12
Butere Livestock Market,Rice,IRR,-,-,104.00/Kg,152.17/Kg,2500.0,Kakamega,2026-01-12
Butere Livestock Market,Dry Maize,White Maize,-,-,43.33/Kg,45.83/Kg,9000.0,Kakamega,2026-01-12
Butere Livestock Market,Dry Onions,-,-,-,74.00/Kg,35.71/Kg,1250.0,Kakamega,2026-01-12
Butere Livestock Market,Tomatoes,-,-,-,60.00/Kg,76.92/Kg,3375.0,Kakamega,2026-01-12
Butere Livestock Market,Cabbages,-,-,-,35.71/Kg,42.86/Kg,4142.0,Kakamega,2026-01-12
Butere Livestock Market,Sheep,Red Maasai,Grade 3,Female,4000.00/Head,-,7.0,Kakamega,2026-01-12
Butere Livestock Market,Sheep,Red Maasai,Grade 3,Male,3600.00/Head,-,5.0,Kakamega,2026-01-12
Butere Livestock Market,Sheep,Red Maasai,Grade 2,Female,4500.00/Head,-,10.0,Kakamega,2026-01-12
Butere Livestock Market,Sheep,Red Maasai,Grade 2,Male,4000.00/Head,-,9.0,Kakamega,2026-01-12
Butere Livestock Market,Sheep,Red Maasai,Grade 1,Female,5000.00/Head,-,3.0,Kakamega,2026-01-12
Butere Livestock Market,Sheep,Red Maasai,Grade 1,Male,4700.00/Head,-,5.0,Kakamega,2026-01-12
Chebunyo,Dry Maize,White Maize,-,-,50.00/Kg,65.00/Kg,18000.0,Bomet,2026-01-12
Butere Livestock Market,Sheep,Red Maasai,Grade 3,Female,5000.00/Head,-,8.0,Kakamega,2026-01-12
Chebunyo,Water Melon,-,-,-,80.00/Kg,120.00/Kg,4000.0,Bomet,2026-01-12
Butere Livestock Market,Sheep,Red Maasai,Grade 3,Male,4500.00/Head,-,10.0,Kakamega,2026-01-12
Chebunyo,Oranges,-,-,-,61.82/Kg,100.00/Kg,7000.0,Bomet,2026-01-12
Butere Livestock Market,Sheep,Red Maasai,Grade 2,Female,5200.00/Head,-,9.0,Kakamega,2026-01-12
Chebunyo,Dry Onions,-,-,-,65.00/Kg,90.00/Kg,2400.0,Bomet,2026-01-12
Butere Livestock Market,Sheep,Red Maasai,Grade 2,Male,5500.00/Head,-,7.0,Kakamega,2026-01-12
Chebunyo,Tomatoes,-,-,-,75.00/Kg,100.00/Kg,16000.0,Bomet,2026-01-12
Butere Livestock Market,Sheep,Red Maasai,Grade 1,Female,6000.00/Head,-,3.0,Kakamega,2026-01-12
Chebunyo,Cabbages,-,-,-,10.00/Kg,20.00/Kg,15000.0,Bomet,2026-01-12
Chebunyo,Eggs,Indigenous /Kenyeji,-,-,540.00/Tray(30),600.00/Tray(30),10000.0,Bomet,2026-01-12
Butere Livestock Market,Sheep,Red Maasai,Grade 1,Male,5800.00/Head,-,4.0,Kakamega,2026-01-12
Chebunyo,Chicken,Indigenous,-,Female,650.00/Head,-,2000.0,Bomet,2026-01-12
Butere Livestock Market,Sheep,Red Maasai,Grade 3,Female,6500.00/Head,-,5.0,Kakamega,2026-01-12
Chebunyo,Chicken,Indigenous,-,Male,900.00/Head,-,2000.0,Bomet,2026-01-12
Chebunyo,Sheep,Dorper,Grade 3,Female,6000.00/Head,-,500.0,Bomet,2026-01-12
Chebunyo,Sheep,Dorper,Grade 3,Male,8000.00/Head,-,600.0,Bomet,2026-01-12
Butere Livestock Market,Sheep,Red Maasai,Grade 3,Male,6500.00/Head,-,7.0,Kakamega,2026-01-12
Chebunyo,Goat,Dairy Goats,Grade 3,Male,8000.00/Head,-,480.0,Bomet,2026-01-12
Butere Livestock Market,Sheep,Red Maasai,Grade 2,Female,7500.00/Head,-,8.0,Kakamega,2026-01-12
Chebunyo,Goat,Dairy Goats,Grade 3,Female,7500.00/Head,-,300.0,Bomet,2026-01-12
Butere Livestock Market,Sheep,Red Maasai,Grade 2,Male,8000.00/Head,-,6.0,Kakamega,2026-01-12
Butere Livestock Market,Sheep,Red Maasai,Grade 1,Female,8500.00/Head,-,5.0,Kakamega,2026-01-12
Butere Livestock Market,Sheep,Red Maasai,Grade 1,Male,9000.00/Head,-,4.0,Kakamega,2026-01-12
Butere Livestock Market,Goat,Mixed,Grade 3,Female,4000.00/Head,-,8.0,Kakamega,2026-01-12
Butere Livestock Market,Goat,Mixed,Grade 3,Male,3800.00/Head,-,6.0,Kakamega,2026-01-12
Butere Livestock Market,Goat,Mixed,Grade 2,Female,4800.00/Head,-,11.0,Kakamega,2026-01-12
Butere Livestock Market,Goat,Mixed,Grade 2,Male,4500.00/Head,-,6.0,Kakamega,2026-01-12
Butere Livestock Market,Goat,Mixed,Grade 1,Female,5000.00/Head,-,10.0,Kakamega,2026-01-12
Butere Livestock Market,Goat,Mixed,Grade 1,Male,4800.00/Head,-,8.0,Kakamega,2026-01-12
Butere Livestock Market,Goat,Mixed,Grade 3,Female,5000.00/Head,-,9.0,Kakamega,2026-01-12
Butere Livestock Market,Goat,Mixed,Grade 3,Male,4800.00/Head,-,2.0,Kakamega,2026-01-12
Butere Livestock Market,Goat,Mixed,Grade 2,Female,5500.00/Head,-,8.0,Kakamega,2026-01-12
Butere Livestock Market,Goat,Mixed,Grade 2,Male,6000.00/Head,-,7.0,Kakamega,2026-01-12
Butere Livestock Market,Goat,Mixed,Grade 1,Female,6000.00/Head,-,6.0,Kakamega,2026-01-12
Butere Livestock Market,Goat,Mixed,Grade 1,Male,6500.00/Head,-,5.0,Kakamega,2026-01-12
Butere Livestock Market,Goat,Mixed,Grade 3,Female,7000.00/Head,-,9.0,Kakamega,2026-01-12
Butere Livestock Market,Goat,Mixed,Grade 3,Male,7500.00/Head,-,5.0,Kakamega,2026-01-12
Butere Livestock Market,Goat,Mixed,Grade 2,Female,8500.00/Head,-,3.0,Kakamega,2026-01-12
Butere Livestock Market,Goat,Mixed,Grade 2,Male,9000.00/Head,-,4.0,Kakamega,2026-01-12
Kutus,Fertilizer,Urea,-,-,80.00/Kg,100.00/Kg,,Kirinyaga,2026-01-12
Kutus,Fertilizer,NPK,-,-,100.00/Kg,120.00/Kg,,Kirinyaga,2026-01-12
Butere Livestock Market,Goat,Mixed,Grade 1,Female,19500.00/Head,-,2.0,Kakamega,2026-01-12
Kutus,Fertilizer,CAN,-,-,64.00/Kg,70.00/Kg,,Kirinyaga,2026-01-12
Kutus,Fertilizer,DAP,-,-,130.00/Kg,140.00/Kg,,Kirinyaga,2026-01-12
Butere Livestock Market,Goat,Mixed,Grade 1,Male,12500.00/Head,-,1.0,Kakamega,2026-01-12
Kutus,Fertilizer,CAN,-,-,130.00/Kg,140.00/Kg,,Kirinyaga,2026-01-12
Butere Livestock Market,Cattle,Zebu,Grade 3,Male,16000.00/Head,-,5.0,Kakamega,2026-01-12
Kutus,Wheat,-,-,-,87.00/Kg,100.00/Kg,,Kirinyaga,2026-01-12
Butere Livestock Market,Cattle,Mixed,Grade 3,Female,20000.00/Head,-,8.0,Kakamega,2026-01-12
Butere Livestock Market,Cattle,Mixed,Grade 2,Female,22000.00/Head,-,8.0,Kakamega,2026-01-12
Butere Livestock Market,Cattle,Mixed,Grade 2,Male,18000.00/Head,-,7.0,Kakamega,2026-01-12
Butere Livestock Market,Cattle,Zebu,Grade 3,Female,19500.00/Head,-,15.0,Kakamega,2026-01-12
Kutus,Rice,Pishori,-,-,160.00/Kg,170.00/Kg,,Kirinyaga,2026-01-12
Butere Livestock Market,Cattle,Zebu,Grade 3,Male,18000.00/Head,-,11.0,Kakamega,2026-01-12
Kutus,Red Sorghum,-,-,-,102.00/Kg,125.00/Kg,,Kirinyaga,2026-01-12
Butere Livestock Market,Cattle,Zebu,Grade 2,Female,22000.00/Head,-,7.0,Kakamega,2026-01-12
Kutus,Dry Maize,White Maize,-,-,46.00/Kg,60.00/Kg,,Kirinyaga,2026-01-12
Butere Livestock Market,Cattle,Zebu,Grade 2,Male,20000.00/Head,-,6.0,Kakamega,2026-01-12
Kutus,Avocado,Local,-,-,50.00/Kg,70.00/Kg,,Kirinyaga,2026-01-12
Kutus,Banana (Ripening),-,-,-,17.00/Kg,20.00/Kg,12000.0,Kirinyaga,2026-01-12
Butere Livestock Market,Cattle,Zebu,Grade 1,Female,24000.00/Head,-,10.0,Kakamega,2026-01-12
Kutus,Pawpaw,-,-,-,30.00/Kg,35.00/Kg,,Kirinyaga,2026-01-12
Butere Livestock Market,Cattle,Zebu,Grade 1,Male,22000.00/Head,-,8.0,Kakamega,2026-01-12
Kutus,Thorn melon,-,-,-,35.00/Kg,50.00/Kg,,Kirinyaga,2026-01-12
Kutus,Tree tomato,-,-,-,140.00/Kg,160.00/Kg,200.0,Kirinyaga,2026-01-12
Butere Livestock Market,Cattle,Zebu,Grade 3,Female,26000.00/Head,-,10.0,Kakamega,2026-01-12
Kutus,Water Melon,-,-,-,25.00/Kg,35.00/Kg,,Kirinyaga,2026-01-12
Butere Livestock Market,Cattle,Zebu,Grade 3,Male,25000.00/Head,-,9.0,Kakamega,2026-01-12
Kutus,Sweet potatoes,-,-,-,40.00/Kg,50.00/Kg,,Kirinyaga,2026-01-12
Butere Livestock Market,Cattle,Zebu,Grade 2,Female,28000.00/Head,-,8.0,Kakamega,2026-01-12
Kutus,Cassava Fresh,-,-,-,40.00/Kg,60.00/Kg,1000.0,Kirinyaga,2026-01-12
Kutus,Arrow Root,-,-,-,70.00/Kg,100.00/Kg,,Kirinyaga,2026-01-12
Butere Livestock Market,Cattle,Zebu,Grade 2,Male,30000.00/Head,-,6.0,Kakamega,2026-01-12
Butere Livestock Market,Cattle,Zebu,Grade 1,Female,33000.00/Head,-,5.0,Kakamega,2026-01-12
Kutus,Lentils,-,-,-,200.00/Kg,250.00/Kg,,Kirinyaga,2026-01-12
Butere Livestock Market,Cattle,Zebu,Grade 1,Male,35000.00/Head,-,7.0,Kakamega,2026-01-12
Kutus,Green Grams,Makueni,-,-,167.00/Kg,200.00/Kg,,Kirinyaga,2026-01-12
Butere Livestock Market,Cattle,Zebu,Grade 2,Female,35000.00/Head,-,3.0,Kakamega,2026-01-12
Kutus,Green Grams,Hybrid/ polished,-,-,155.00/Kg,175.00/Kg,,Kirinyaga,2026-01-12
Kutus,Dolichos lablab (Njahi),-,-,-,83.00/Kg,100.00/Kg,,Kirinyaga,2026-01-12
Kutus,Cowpeas,-,-,-,94.00/Kg,125.00/Kg,,Kirinyaga,2026-01-12
Butere Livestock Market,Cattle,Zebu,Grade 3,Male,38000.00/Head,-,4.0,Kakamega,2026-01-12
Kutus,Beans Rosecoco,-,-,-,112.00/Kg,130.00/Kg,,Kirinyaga,2026-01-12
Butere Livestock Market,Cattle,Zebu,Grade 2,Female,42000.00/Head,-,3.0,Kakamega,2026-01-12
Kutus,Beans Red Haricot (Wairimu),-,-,-,96.00/Kg,120.00/Kg,,Kirinyaga,2026-01-12
Butere Livestock Market,Cattle,Zebu,Grade 2,Male,48000.00/Head,-,2.0,Kakamega,2026-01-12
Kutus,Beans (Yellow-Green),-,-,-,150.00/Kg,175.00/Kg,,Kirinyaga,2026-01-12
Butere Livestock Market,Cattle,Zebu,Grade 1,Female,56000.00/Head,-,4.0,Kakamega,2026-01-12
Kutus,Beans (Mwitemania),-,-,-,112.00/Kg,125.00/Kg,,Kirinyaga,2026-01-12
Butere Livestock Market,Cattle,Zebu,Grade 1,Male,60000.00/Head,-,6.0,Kakamega,2026-01-12
Butere Livestock Market,Duck,Black Swedish,Grade 1,Female,-,-,2.0,Kakamega,2026-01-12
Butere Livestock Market,Duck,Black Swedish,Grade 1,Male,-,-,4.0,Kakamega,2026-01-12
Butere Livestock Market,Chicken,Improved Kienyeji,-,Female,350.00/Head,-,19.0,Kakamega,2026-01-12
Butere Livestock Market,Chicken,Improved Kienyeji,-,Male,350.00/Head,-,17.0,Kakamega,2026-01-12
Butere Livestock Market,Chicken,Improved Kienyeji,-,Female,700.00/Head,-,19.0,Kakamega,2026-01-12
Butere Livestock Market,Chicken,Improved Kienyeji,-,Male,750.00/Head,-,11.0,Kakamega,2026-01-12
Butere Livestock Market,Chicken,Improved Kienyeji,-,Female,900.00/Head,-,17.0,Kakamega,2026-01-12
Butere Livestock Market,Chicken,Improved Kienyeji,-,Male,950.00/Head,-,13.0,Kakamega,2026-01-12
Butere Livestock Market,Chicken,Indigenous,-,Female,350.00/Head,-,20.0,Kakamega,2026-01-12
Butere Livestock Market,Chicken,Indigenous,-,Male,350.00/Head,-,30.0,Kakamega,2026-01-12
Butere Livestock Market,Chicken,Indigenous,-,Female,850.00/Head,-,23.0,Kakamega,2026-01-12
Butere Livestock Market,Chicken,Indigenous,-,Male,900.00/Head,-,15.0,Kakamega,2026-01-12
Butere Livestock Market,Chicken,Indigenous,-,Female,850.00/Head,-,26.0,Kakamega,2026-01-12
Butere Livestock Market,Chicken,Indigenous,-,Male,1200.00/Head,-,20.0,Kakamega,2026-01-12
Kerugoya,White Irish Potatoes,-,-,-,35.00/Kg,60.00/Kg,2400.0,Kirinyaga,2026-01-12
Kerugoya,Water Melon,-,-,-,25.00/Kg,40.00/Kg,300.0,Kirinyaga,2026-01-12
Kerugoya,Tree tomato,-,-,-,120.00/Kg,220.00/Kg,250.0,Kirinyaga,2026-01-12
Kerugoya,Thorn melon,-,-,-,30.00/Kg,60.00/Kg,150.0,Kirinyaga,2026-01-12
Kerugoya,Oranges,-,-,-,60.00/Kg,120.00/Kg,300.0,Kirinyaga,2026-01-12
Kerugoya,Mangoes,Improved,-,-,60.00/Kg,120.00/Kg,300.0,Kirinyaga,2026-01-12
Kerugoya,Lemons,-,-,-,50.00/Kg,100.00/Kg,150.0,Kirinyaga,2026-01-12
Kerugoya,Banana (Ripening),-,-,-,2.00/Kg,50.00/Kg,350.0,Kirinyaga,2026-01-12
Kerugoya,Rice,Pishori,-,-,150.00/Kg,180.00/Kg,2200.0,Kirinyaga,2026-01-12
Kerugoya,Dry Maize,White Maize,-,-,50.00/Kg,70.00/Kg,4500.0,Kirinyaga,2026-01-12
Kerugoya,Tomatoes,-,-,-,20.00/Kg,50.00/Kg,2000.0,Kirinyaga,2026-01-12
Kerugoya,Pumpkin,-,-,-,35.00/Kg,80.00/Kg,180.0,Kirinyaga,2026-01-12
Kerugoya,Kales/Sukuma Wiki,-,-,-,20.00/Kg,40.00/Kg,200.0,Kirinyaga,2026-01-12
Kerugoya,Green Maize,-,-,-,60.00/Kg,80.00/Kg,180.0,Kirinyaga,2026-01-12
Kerugoya,Ginger,-,-,-,180.00/Kg,250.00/Kg,180.0,Kirinyaga,2026-01-12
Kerugoya,Dry Onions,-,-,-,40.00/Kg,80.00/Kg,2300.0,Kirinyaga,2026-01-12
Kerugoya,Courgette,-,-,-,40.00/Kg,80.00/Kg,350.0,Kirinyaga,2026-01-12
Kerugoya,Carrots,-,-,-,25.00/Kg,50.00/Kg,400.0,Kirinyaga,2026-01-12
Kerugoya,Capsicums,-,-,-,30.00/Kg,70.00/Kg,300.0,Kirinyaga,2026-01-12
Kerugoya,Cabbages,-,-,-,18.00/Kg,25.00/Kg,350.0,Kirinyaga,2026-01-12
Kerugoya,Butternuts,-,-,-,70.00/Kg,120.00/Kg,180.0,Kirinyaga,2026-01-12
Kerugoya,Banana (Cooking),-,-,-,17.00/Kg,30.00/Kg,800.0,Kirinyaga,2026-01-12
Kerugoya,Pigeon peas,-,-,-,135.00/Kg,175.00/Kg,2350.0,Kirinyaga,2026-01-12
Kerugoya,Mixed Beans,-,-,-,120.00/Kg,150.00/Kg,1200.0,Kirinyaga,2026-01-12
Kerugoya,Lentils,-,-,-,230.00/Kg,280.00/Kg,1300.0,Kirinyaga,2026-01-12
Kerugoya,Ground Nuts,Large Brown,-,-,240.00/Kg,320.00/Kg,850.0,Kirinyaga,2026-01-12
Kerugoya,Green Grams,Makueni,-,-,120.00/Kg,150.00/Kg,1600.0,Kirinyaga,2026-01-12
Kerugoya,Green Grams,Local-Special,-,-,120.00/Kg,150.00/Kg,1500.0,Kirinyaga,2026-01-12
Kerugoya,Dolichos lablab (Njahi),-,-,-,125.00/Kg,160.00/Kg,1600.0,Kirinyaga,2026-01-12
Kerugoya,Cowpeas,-,-,-,100.00/Kg,130.00/Kg,2250.0,Kirinyaga,2026-01-12
Kerugoya,Beans Rosecoco (Nyayo),-,-,-,135.00/Kg,175.00/Kg,2600.0,Kirinyaga,2026-01-12
Kerugoya,Beans Rosecoco,-,-,-,130.00/Kg,170.00/Kg,2600.0,Kirinyaga,2026-01-12
Kerugoya,Beans Red Haricot (Wairimu),-,-,-,120.00/Kg,150.00/Kg,2750.0,Kirinyaga,2026-01-12
Kerugoya,Beans (Yellow-Green),-,-,-,150.00/Kg,200.00/Kg,1650.0,Kirinyaga,2026-01-12
Kerugoya,Beans (Mwitemania),-,-,-,130.00/Kg,165.00/Kg,2350.0,Kirinyaga,2026-01-12
Kerugoya,Beans (Mwezi Moja),-,-,-,120.00/Kg,160.00/Kg,2500.0,Kirinyaga,2026-01-12
Kutus,Banana (Cooking),-,-,-,17.00/Kg,20.00/Kg,5500.0,Kirinyaga,2026-01-12
Kutus,Banana (Plantain),-,-,-,60.00/Kg,90.00/Kg,2000.0,Kirinyaga,2026-01-12
Kutus,Butternuts,-,-,-,25.00/Kg,35.00/Kg,1500.0,Kirinyaga,2026-01-12
Kutus,Cabbages,-,-,-,30.00/Kg,40.00/Kg,4500.0,Kirinyaga,2026-01-12
Kutus,Capsicums,-,-,-,60.00/Kg,80.00/Kg,400.0,Kirinyaga,2026-01-12
Kutus,Carrots,-,-,-,60.00/Kg,70.00/Kg,1800.0,Kirinyaga,2026-01-12
Kutus,Chillies,-,-,-,120.00/Kg,150.00/Kg,50.0,Kirinyaga,2026-01-12
Kutus,Coriander (Dhania),-,-,-,60.00/Kg,120.00/Kg,150.0,Kirinyaga,2026-01-12
Kutus,Courgette,-,-,-,60.00/Kg,80.00/Kg,250.0,Kirinyaga,2026-01-12
Kutus,Cucumber,-,-,-,70.00/Kg,80.00/Kg,150.0,Kirinyaga,2026-01-12
Nairobi Supermarkets,Wheat Flour,Winnie's Pure Health Atta Mark 1,-,-,-,128.50/Kg,,Nairobi,2026-01-12
Nairobi Supermarkets,Wheat Flour,Tropicana HBF,-,-,-,88.50/Kg,,Nairobi,2026-01-12
Nairobi Supermarkets,Wheat Flour,Soko Atta Mark 1,-,-,-,83.50/Kg,,Nairobi,2026-01-12
Nairobi Supermarkets,Wheat Flour,Soko All Purpose HBF,-,-,-,81.50/Kg,,Nairobi,2026-01-12
Nairobi Supermarkets,Wheat Flour,Phulka Atta Mark 1 Chapati Flour,-,-,-,80.00/Kg,,Nairobi,2026-01-12
Nairobi Supermarkets,Wheat Flour,Pembe Atta Mark 1,-,-,-,85.50/Kg,,Nairobi,2026-01-12
Nairobi Supermarkets,Wheat Flour,Pembe All Purpose HBF,-,-,-,84.00/Kg,,Nairobi,2026-01-12
Nairobi Supermarkets,Wheat Flour,Oboma all purpose HBF,-,-,-,79.00/Kg,,Nairobi,2026-01-12
Nairobi Supermarkets,Wheat Flour,Nutra Meal Atta Mark 1,-,-,-,135.00/Kg,,Nairobi,2026-01-12
Nairobi Supermarkets,Wheat Flour,Ndovu all purpose HBF,-,-,-,77.50/Kg,,Nairobi,2026-01-12
Nairobi Supermarkets,Wheat Flour,Mama Home Baking Flour,-,-,-,76.50/Kg,,Nairobi,2026-01-12
Nairobi Supermarkets,Wheat Flour,Kifaru All Purpose HBF,-,-,-,77.50/Kg,,Nairobi,2026-01-12
Nairobi Supermarkets,Wheat Flour,Golden All Purpose,-,-,-,81.00/Kg,,Nairobi,2026-01-12
Nairobi Supermarkets,Wheat Flour,Exe self raising,-,-,-,92.50/Kg,,Nairobi,2026-01-12
Nairobi Supermarkets,Wheat Flour,Exe Mandazi Fortified Wheat Flour,-,-,-,91.50/Kg,,Nairobi,2026-01-12
Nairobi Supermarkets,Wheat Flour,Exe Chapati fortified wheat flour,-,-,-,88.00/Kg,,Nairobi,2026-01-12
Nairobi Supermarkets,Wheat Flour,Exe brown bread,-,-,-,91.00/Kg,,Nairobi,2026-01-12
Nairobi Supermarkets,Wheat Flour,Exe Atta Mark 1,-,-,-,90.00/Kg,,Nairobi,2026-01-12
Nairobi Supermarkets,Wheat Flour,Exe All purpose fortified wheat flour,-,-,-,84.00/Kg,,Nairobi,2026-01-12
Nairobi Supermarkets,Wheat Flour,Elliots self raising flour,-,-,-,92.50/Kg,,Nairobi,2026-01-12
Nairobi Supermarkets,Wheat Flour,Elliots all purpose HBK,-,-,-,82.00/Kg,,Nairobi,2026-01-12
Nairobi Supermarkets,Wheat Flour,Dola premium all pupose,-,-,-,81.50/Kg,,Nairobi,2026-01-12
Nairobi Supermarkets,Wheat Flour,Dola Atta Mark 1,-,-,-,82.00/Kg,,Nairobi,2026-01-12
Kutus,Dry Onions,-,-,-,90.00/Kg,100.00/Kg,7000.0,Kirinyaga,2026-01-12
Nairobi Supermarkets,Wheat Flour,Chapati Afya,-,-,-,135.50/Kg,,Nairobi,2026-01-12
Nairobi Supermarkets,Wheat Flour,Ajab fortofied self raising,-,-,-,86.00/Kg,,Nairobi,2026-01-12
Kutus,Egg plant (Brinjals),-,-,-,40.00/Kg,50.00/Kg,400.0,Kirinyaga,2026-01-12
Nairobi Supermarkets,Wheat Flour,Ajab fortigied Home Baking flour,-,-,-,85.50/Kg,,Nairobi,2026-01-12
Kutus,French beans,-,-,-,50.00/Kg,70.00/Kg,150.0,Kirinyaga,2026-01-12
Nairobi Supermarkets,Wheat Flour,Ajab fortified mandazi flour,-,-,-,85.50/Kg,,Nairobi,2026-01-12
Nairobi Supermarkets,Wheat Flour,210 Home baking flour,-,-,-,80.00/Kg,,Nairobi,2026-01-12
Nairobi Supermarkets,Wheat Flour,210 Atta Mark 1,-,-,-,77.50/Kg,,Nairobi,2026-01-12
Nairobi Supermarkets,Maize Flour,Ugali Afya,-,-,-,145.00/Kg,,Nairobi,2026-01-12
Nairobi Supermarkets,Maize Flour,Soko,-,-,-,80.50/Kg,,Nairobi,2026-01-12
Nairobi Supermarkets,Maize Flour,Raha Premium,-,-,-,99.50/Kg,,Nairobi,2026-01-12
Nairobi Supermarkets,Maize Flour,Pembe,-,-,-,82.00/Kg,,Nairobi,2026-01-12
Kutus,Fresh Peas,On pods,-,-,80.00/Kg,90.00/Kg,2300.0,Kirinyaga,2026-01-12
Nairobi Supermarkets,Maize Flour,Ndovu,-,-,-,71.00/Kg,,Nairobi,2026-01-12
Kutus,Garlic,-,-,-,380.00/Kg,450.00/Kg,350.0,Kirinyaga,2026-01-12
Nairobi Supermarkets,Maize Flour,Mama,-,-,-,76.00/Kg,,Nairobi,2026-01-12
Kutus,Ginger,-,-,-,200.00/Kg,250.00/Kg,200.0,Kirinyaga,2026-01-12
Nairobi Supermarkets,Maize Flour,Jogoo wimbi,-,-,-,139.50/Kg,,Nairobi,2026-01-12
Kutus,Green Maize,-,-,-,45.00/Kg,55.00/Kg,1800.0,Kirinyaga,2026-01-12
Nairobi Supermarkets,Maize Flour,Jogoo,-,-,-,74.50/Kg,,Nairobi,2026-01-12
Nairobi Supermarkets,Maize Flour,Hostess,-,-,-,94.00/Kg,,Nairobi,2026-01-12
Kutus,Kales/Sukuma Wiki,-,-,-,15.00/Kg,25.00/Kg,850.0,Kirinyaga,2026-01-12
Nairobi Supermarkets,Maize Flour,Equatorial afya ugali,-,-,-,136.50/Kg,,Nairobi,2026-01-12
Nairobi Supermarkets,Maize Flour,Dola,-,-,-,75.50/Kg,,Nairobi,2026-01-12
Nairobi Supermarkets,Maize Flour,Ajab,-,-,-,85.50/Kg,,Nairobi,2026-01-12
Nairobi Supermarkets,Maize Flour,210(two ten),-,-,-,77.00/Kg,,Nairobi,2026-01-12
Kutus,Spring Onions,-,-,-,60.00/Kg,80.00/Kg,650.0,Kirinyaga,2026-01-12
Kutus,Tomatoes,-,-,-,10.00/Kg,550.00/Kg,15000.0,Kirinyaga,2026-01-12
Kutus,Pumpkin Leaves,-,-,-,40.00/Kg,50.00/Kg,80.0,Kirinyaga,2026-01-12
Kutus,Cowpea leaves (Kunde),-,-,-,40.00/Kg,50.00/Kg,80.0,Kirinyaga,2026-01-12
Kutus,Black nightshade (Managu/ Osuga),-,-,-,30.00/Kg,40.00/Kg,100.0,Kirinyaga,2026-01-12
Kutus,Amaranthus (Terere),-,-,-,30.00/Kg,40.00/Kg,130.0,Kirinyaga,2026-01-12
Diani Market,Sweet potatoes,-,-,-,80.00/Kg,100.00/Kg,6000.0,Kwale,2026-01-12
Diani Market,White Irish Potatoes,-,-,-,80.00/Kg,100.00/Kg,8000.0,Kwale,2026-01-12
Diani Market,Ginger,-,-,-,180.00/Kg,200.00/Kg,600.0,Kwale,2026-01-12
Diani Market,Garlic,-,-,-,450.00/Kg,500.00/Kg,600.0,Kwale,2026-01-12
Diani Market,Capsicums,-,-,-,80.00/Kg,100.00/Kg,450.0,Kwale,2026-01-12
Diani Market,Cauliflower,-,-,-,150.00/Kg,200.00/Kg,300.0,Kwale,2026-01-12
Diani Market,Carrots,-,-,-,50.00/Kg,70.00/Kg,600.0,Kwale,2026-01-12
Diani Market,Dry Onions,-,-,-,80.00/Kg,100.00/Kg,4000.0,Kwale,2026-01-12
Diani Market,Kales/Sukuma Wiki,-,-,-,40.00/Kg,60.00/Kg,500.0,Kwale,2026-01-12
Diani Market,Okra (Lady's fingers or Gumbo),-,-,-,60.00/Kg,80.00/Kg,350.0,Kwale,2026-01-12
Diani Market,Spinach,-,-,-,60.00/Kg,80.00/Kg,600.0,Kwale,2026-01-12
Diani Market,Spring Onions,-,-,-,250.00/Kg,300.00/Kg,600.0,Kwale,2026-01-12
Diani Market,Tomatoes,-,-,-,80.00/Kg,100.00/Kg,6000.0,Kwale,2026-01-12
Diani Market,Broccoli,-,-,-,200.00/Kg,180.00/Kg,300.0,Kwale,2026-01-12
Kutus,Pumpkin Leaves,-,-,-,40.00/Kg,50.00/Kg,,Kirinyaga,2026-01-19
Kutus,Black nightshade (Managu/ Osuga),-,-,-,30.00/Kg,40.00/Kg,,Kirinyaga,2026-01-19
Kutus,Cowpea leaves (Kunde),-,-,-,40.00/Kg,50.00/Kg,,Kirinyaga,2026-01-19
Kutus,Amaranthus (Terere),-,-,-,30.00/Kg,40.00/Kg,,Kirinyaga,2026-01-19
Kutus,Banana (Cooking),-,-,-,17.00/Kg,20.00/Kg,,Kirinyaga,2026-01-19
Kutus,Banana (Plantain),-,-,-,17.00/Kg,20.00/Kg,,Kirinyaga,2026-01-19
Kutus,Butternuts,-,-,-,30.00/Kg,50.00/Kg,600.0,Kirinyaga,2026-01-19
Kutus,Cabbages,-,-,-,35.00/Kg,45.00/Kg,,Kirinyaga,2026-01-19
Kutus,Capsicums,-,-,-,60.00/Kg,80.00/Kg,540.0,Kirinyaga,2026-01-19
Kutus,Carrots,-,-,-,60.00/Kg,80.00/Kg,3000.0,Kirinyaga,2026-01-19
Kutus,Chillies,-,-,-,120.00/Kg,150.00/Kg,60.0,Kirinyaga,2026-01-19
Kutus,Coriander (Dhania),-,-,-,60.00/Kg,120.00/Kg,100.0,Kirinyaga,2026-01-19
Kutus,Courgette,-,-,-,60.00/Kg,80.00/Kg,500.0,Kirinyaga,2026-01-19
Kutus,Cucumber,-,-,-,70.00/Kg,90.00/Kg,250.0,Kirinyaga,2026-01-19
Kutus,Dry Onions,-,-,-,75.00/Kg,90.00/Kg,,Kirinyaga,2026-01-19
Kutus,Egg plant (Brinjals),-,-,-,45.00/Kg,50.00/Kg,500.0,Kirinyaga,2026-01-19
Kutus,Fresh Peas,On pods,-,-,80.00/Kg,100.00/Kg,3000.0,Kirinyaga,2026-01-19
Kutus,Garlic,-,-,-,380.00/Kg,450.00/Kg,320.0,Kirinyaga,2026-01-19
Kutus,Ginger,-,-,-,200.00/Kg,250.00/Kg,250.0,Kirinyaga,2026-01-19
Kutus,Green Maize,-,-,-,40.00/Kg,50.00/Kg,2500.0,Kirinyaga,2026-01-19
Kutus,Kales/Sukuma Wiki,-,-,-,20.00/Kg,30.00/Kg,550.0,Kirinyaga,2026-01-19
Kutus,Pumpkin,-,-,-,25.00/Kg,35.00/Kg,650.0,Kirinyaga,2026-01-19
Kutus,Spinach,-,-,-,25.00/Kg,35.00/Kg,600.0,Kirinyaga,2026-01-19
Kutus,Spring Onions,-,-,-,50.00/Kg,80.00/Kg,800.0,Kirinyaga,2026-01-19
Chebunyo,Tomatoes,-,-,-,75.00/Kg,100.00/Kg,16000.0,Bomet,2026-01-19
Chebunyo,Dry Onions,-,-,-,65.00/Kg,90.00/Kg,2400.0,Bomet,2026-01-19
Chebunyo,Cabbages,-,-,-,10.00/Kg,20.00/Kg,15000.0,Bomet,2026-01-19
Chebunyo,Oranges,-,-,-,61.82/Kg,100.00/Kg,7000.0,Bomet,2026-01-19
Chebunyo,Water Melon,-,-,-,80.00/Kg,120.00/Kg,4000.0,Bomet,2026-01-19
Chebunyo,Dry Maize,White Maize,-,-,50.00/Kg,60.00/Kg,18000.0,Bomet,2026-01-19
Kutus,Tomatoes,-,-,-,12.86/Kg,17.14/Kg,10000.0,Kirinyaga,2026-01-19
Chebunyo,Chicken,Improved Kienyeji,-,Female,600.00/Head,-,10000.0,Bomet,2026-01-19
Chebunyo,Chicken,Improved Kienyeji,-,Male,900.00/Head,-,10000.0,Bomet,2026-01-19
Chebunyo,Goat,Dairy Goats,Grade 3,Male,7500.00/Head,-,500.0,Bomet,2026-01-19
Chebunyo,Goat,Dairy Goats,Grade 3,Male,7500.00/Head,-,500.0,Bomet,2026-01-19
Chebunyo,Sheep,Dorper,Grade 3,Female,6000.00/Head,-,600.0,Bomet,2026-01-19
Chebunyo,Sheep,Dorper,Grade 3,Male,8000.00/Head,-,500.0,Bomet,2026-01-19
Butere Livestock Market,Mangoes,Improved,-,-,22.50/Kg,70.00/Kg,3200.0,Kakamega,2026-01-19
Butere Livestock Market,Dry Onions,-,-,-,80.00/Kg,90.91/Kg,1500.0,Kakamega,2026-01-19
Butere Livestock Market,Tomatoes,-,-,-,53.33/Kg,80.00/Kg,3000.0,Kakamega,2026-01-19
Butere Livestock Market,Cabbages,-,-,-,29.17/Kg,29.17/Kg,5250.0,Kakamega,2026-01-19
Butere Livestock Market,White Irish Potatoes,-,-,-,53.85/Kg,55.56/Kg,6000.0,Kakamega,2026-01-19
Butere Livestock Market,Sweet potatoes,-,-,-,32.00/Kg,50.00/Kg,350.0,Kakamega,2026-01-19
Kerugoya,White Irish Potatoes,-,-,-,35.00/Kg,70.00/Kg,2300.0,Kirinyaga,2026-01-19
Kerugoya,Arrow Root,-,-,-,50.00/Kg,100.00/Kg,180.0,Kirinyaga,2026-01-19
Butere Livestock Market,Rice,IRR,-,-,108.00/Kg,152.17/Kg,2000.0,Kakamega,2026-01-19
Kerugoya,Water Melon,-,-,-,25.00/Kg,40.00/Kg,300.0,Kirinyaga,2026-01-19
Kerugoya,Tree tomato,-,-,-,120.00/Kg,220.00/Kg,250.0,Kirinyaga,2026-01-19
Kerugoya,Thorn melon,-,-,-,25.00/Kg,60.00/Kg,150.0,Kirinyaga,2026-01-19
Kerugoya,Passion Fruits,-,-,-,180.00/Kg,250.00/Kg,300.0,Kirinyaga,2026-01-19
Kerugoya,Oranges,-,-,-,60.00/Kg,100.00/Kg,300.0,Kirinyaga,2026-01-19
Butere Livestock Market,Dry Maize,White Maize,-,-,43.33/Kg,50.00/Kg,10350.0,Kakamega,2026-01-19
Kerugoya,Mangoes,Improved,-,-,60.00/Kg,120.00/Kg,350.0,Kirinyaga,2026-01-19
Kerugoya,Lemons,-,-,-,50.00/Kg,100.00/Kg,180.0,Kirinyaga,2026-01-19
Kerugoya,Banana (Ripening),-,-,-,20.00/Kg,50.00/Kg,300.0,Kirinyaga,2026-01-19
Kerugoya,Rice,Pishori,-,-,155.00/Kg,180.00/Kg,2300.0,Kirinyaga,2026-01-19
Butere Livestock Market,Chicken,Improved Kienyeji,-,Female,750.00/Head,-,30.0,Kakamega,2026-01-19
Kerugoya,Dry Maize,White Maize,-,-,50.00/Kg,70.00/Kg,4600.0,Kirinyaga,2026-01-19
Butere Livestock Market,Chicken,Improved Kienyeji,-,Male,850.00/Head,-,19.0,Kakamega,2026-01-19
Butere Livestock Market,Chicken,Improved Kienyeji,-,Male,850.00/Head,-,19.0,Kakamega,2026-01-19
Kerugoya,Tomatoes,-,-,-,25.00/Kg,50.00/Kg,1800.0,Kirinyaga,2026-01-19
Butere Livestock Market,Chicken,Improved Kienyeji,-,Female,900.00/Head,-,13.0,Kakamega,2026-01-19
Kerugoya,Spinach,-,-,-,25.00/Kg,50.00/Kg,150.0,Kirinyaga,2026-01-19
Kerugoya,Pumpkin,-,-,-,45.00/Kg,80.00/Kg,200.0,Kirinyaga,2026-01-19
Butere Livestock Market,Chicken,Improved Kienyeji,-,Male,1100.00/Head,-,8.0,Kakamega,2026-01-19
Kitale Municipality Market,Lemons,-,-,-,60.00/Kg,80.00/Kg,300.0,Trans-Nzoia,2026-01-19
Butere Livestock Market,Chicken,Indigenous,-,Female,350.00/Head,-,15.0,Kakamega,2026-01-19
Kitale Municipality Market,Banana (Ripening),-,-,-,80.00/Kg,100.00/Kg,4000.0,Trans-Nzoia,2026-01-19
Kerugoya,Kales/Sukuma Wiki,-,-,-,15.00/Kg,35.00/Kg,200.0,Kirinyaga,2026-01-19
Kitale Municipality Market,Avocado,Hass,-,-,120.00/Kg,150.00/Kg,300.0,Trans-Nzoia,2026-01-19
Butere Livestock Market,Chicken,Indigenous,-,Male,350.00/Head,-,11.0,Kakamega,2026-01-19
Kerugoya,Green Maize,-,-,-,48.00/Kg,75.00/Kg,180.0,Kirinyaga,2026-01-19
Kitale Municipality Market,Avocado,Fuerte,-,-,100.00/Kg,140.00/Kg,400.0,Trans-Nzoia,2026-01-19
Kitale Municipality Market,Apples,-,-,-,300.00/Kg,350.00/Kg,500.0,Trans-Nzoia,2026-01-19
Butere Livestock Market,Chicken,Indigenous,-,Female,750.00/Head,-,18.0,Kakamega,2026-01-19
Kerugoya,Ginger,-,-,-,180.00/Kg,250.00/Kg,180.0,Kirinyaga,2026-01-19
Kitale Municipality Market,White Irish Potatoes,-,-,-,60.00/Kg,75.00/Kg,4000.0,Trans-Nzoia,2026-01-19
Kerugoya,Dry Onions,-,-,-,40.00/Kg,80.00/Kg,2500.0,Kirinyaga,2026-01-19
Kitale Municipality Market,Sweet potatoes,-,-,-,80.00/Kg,100.00/Kg,500.0,Trans-Nzoia,2026-01-19
Butere Livestock Market,Chicken,Indigenous,-,Male,900.00/Head,-,11.0,Kakamega,2026-01-19
Kitale Municipality Market,Red Irish potato,-,-,-,60.00/Kg,70.00/Kg,3000.0,Trans-Nzoia,2026-01-19
Kerugoya,Courgette,-,-,-,40.00/Kg,80.00/Kg,350.0,Kirinyaga,2026-01-19
Kitale Municipality Market,Cassava Fresh,-,-,-,40.00/Kg,45.00/Kg,400.0,Trans-Nzoia,2026-01-19
Kitale Municipality Market,Cassava Chips (dry),-,-,-,75.00/Kg,100.00/Kg,300.0,Trans-Nzoia,2026-01-19
Kitale Municipality Market,Arrow Root,-,-,-,80.00/Kg,100.00/Kg,400.0,Trans-Nzoia,2026-01-19
Kitale Municipality Market,Spider flower (Saga),-,-,-,35.00/Kg,40.00/Kg,300.0,Trans-Nzoia,2026-01-19
Butere Livestock Market,Chicken,Indigenous,-,Female,900.00/Head,-,25.0,Kakamega,2026-01-19
Kerugoya,Carrots,-,-,-,35.00/Kg,70.00/Kg,400.0,Kirinyaga,2026-01-19
Kitale Municipality Market,Pumpkin Leaves,-,-,-,26.00/Kg,32.00/Kg,300.0,Trans-Nzoia,2026-01-19
Kerugoya,Capsicums,-,-,-,40.00/Kg,80.00/Kg,300.0,Kirinyaga,2026-01-19
Kitale Municipality Market,Jute Plant (Murenda),-,-,-,55.00/Kg,60.00/Kg,200.0,Trans-Nzoia,2026-01-19
Butere Livestock Market,Chicken,Indigenous,-,Male,1200.00/Head,-,15.0,Kakamega,2026-01-19
Kitale Municipality Market,Indigenous Crotolaria (Mito/Miro),-,-,-,30.00/Kg,35.00/Kg,300.0,Trans-Nzoia,2026-01-19
Butere Livestock Market,Sheep,Red Maasai,Grade 3,Female,3800.00/Head,-,3.0,Kakamega,2026-01-19
Kitale Municipality Market,Cowpea leaves (Kunde),-,-,-,24.00/Kg,30.00/Kg,300.0,Trans-Nzoia,2026-01-19
Kerugoya,Cabbages,-,-,-,20.00/Kg,30.00/Kg,300.0,Kirinyaga,2026-01-19
Kitale Municipality Market,Black nightshade (Managu/ Osuga),-,-,-,30.00/Kg,35.00/Kg,400.0,Trans-Nzoia,2026-01-19
Kerugoya,Banana (Cooking),-,-,-,15.00/Kg,30.00/Kg,800.0,Kirinyaga,2026-01-19
Butere Livestock Market,Sheep,Red Maasai,Grade 3,Male,3500.00/Head,-,6.0,Kakamega,2026-01-19
Kitale Municipality Market,Amaranthus (Terere),-,-,-,25.00/Kg,30.00/Kg,400.0,Trans-Nzoia,2026-01-19
Kitale Municipality Market,Macadamia Seed,-,-,-,200.00/Kg,250.00/Kg,200.0,Trans-Nzoia,2026-01-19
Butere Livestock Market,Sheep,Red Maasai,Grade 2,Female,4200.00/Head,-,5.0,Kakamega,2026-01-19
Kitale Municipality Market,Coconut Oil,-,-,-,160.00/Lt,200.00/Lt,1000.0,Trans-Nzoia,2026-01-19
Butere Livestock Market,Sheep,Red Maasai,Grade 2,Male,3800.00/Head,-,3.0,Kakamega,2026-01-19
Kerugoya,Pigeon peas,-,-,-,135.00/Kg,175.00/Kg,2350.0,Kirinyaga,2026-01-19
Butere Livestock Market,Sheep,Red Maasai,Grade 1,Female,4500.00/Head,-,2.0,Kakamega,2026-01-19
Butere Livestock Market,Sheep,Red Maasai,Grade 1,Male,4000.00/Head,-,4.0,Kakamega,2026-01-19
Kerugoya,Mixed Beans,-,-,-,95.00/Kg,140.00/Kg,1200.0,Kirinyaga,2026-01-19
Kerugoya,Lentils,-,-,-,250.00/Kg,300.00/Kg,1250.0,Kirinyaga,2026-01-19
Kerugoya,Ground Nuts,Large Brown,-,-,250.00/Kg,350.00/Kg,850.0,Kirinyaga,2026-01-19
Butere Livestock Market,Sheep,Red Maasai,Grade 3,Female,4200.00/Head,-,5.0,Kakamega,2026-01-19
Kerugoya,Green Grams,Makueni,-,-,120.00/Kg,150.00/Kg,1700.0,Kirinyaga,2026-01-19
Kerugoya,Green Grams,Local-Special,-,-,120.00/Kg,150.00/Kg,1600.0,Kirinyaga,2026-01-19
Butere Livestock Market,Sheep,Red Maasai,Grade 3,Male,4500.00/Head,-,7.0,Kakamega,2026-01-19
Kerugoya,Green Grams,Hybrid/ polished,-,-,125.00/Kg,160.00/Kg,1500.0,Kirinyaga,2026-01-19
Butere Livestock Market,Sheep,Red Maasai,Grade 2,Female,5500.00/Head,-,8.0,Kakamega,2026-01-19
Butere Livestock Market,Sheep,Red Maasai,Grade 2,Male,6000.00/Head,-,6.0,Kakamega,2026-01-19
Kerugoya,Dolichos lablab (Njahi),-,-,-,120.00/Kg,160.00/Kg,1600.0,Kirinyaga,2026-01-19
Butere Livestock Market,Sheep,Red Maasai,Grade 1,Female,5800.00/Head,-,5.0,Kakamega,2026-01-19
Kerugoya,Cowpeas,-,-,-,95.00/Kg,130.00/Kg,2300.0,Kirinyaga,2026-01-19
Butere Livestock Market,Sheep,Red Maasai,Grade 1,Male,6500.00/Head,-,3.0,Kakamega,2026-01-19
Kerugoya,Beans Rosecoco (Nyayo),-,-,-,135.00/Kg,175.00/Kg,2500.0,Kirinyaga,2026-01-19
Kerugoya,Beans Rosecoco,-,-,-,130.00/Kg,170.00/Kg,2650.0,Kirinyaga,2026-01-19
Butere Livestock Market,Sheep,Red Maasai,Grade 3,Female,6500.00/Head,-,5.0,Kakamega,2026-01-19
Kerugoya,Beans Red Haricot (Wairimu),-,-,-,120.00/Kg,140.00/Kg,2750.0,Kirinyaga,2026-01-19
Butere Livestock Market,Sheep,Red Maasai,Grade 3,Male,7000.00/Head,-,2.0,Kakamega,2026-01-19
Kerugoya,Beans (Yellow-Green),-,-,-,150.00/Kg,200.00/Kg,1650.0,Kirinyaga,2026-01-19
Kerugoya,Beans (Mwitemania),-,-,-,130.00/Kg,165.00/Kg,2350.0,Kirinyaga,2026-01-19
Kerugoya,Beans (Mwezi Moja),-,-,-,120.00/Kg,150.00/Kg,2600.0,Kirinyaga,2026-01-19
Butere Livestock Market,Sheep,Red Maasai,Grade 2,Female,7300.00/Head,-,6.0,Kakamega,2026-01-19
Butere Livestock Market,Sheep,Red Maasai,Grade 2,Male,8500.00/Head,-,3.0,Kakamega,2026-01-19
Butere Livestock Market,Sheep,Red Maasai,Grade 1,Female,8000.00/Head,-,2.0,Kakamega,2026-01-19
Butere Livestock Market,Sheep,Red Maasai,Grade 1,Male,9000.00/Head,-,3.0,Kakamega,2026-01-19
Butere Livestock Market,Goat,Mixed,Grade 3,Female,4500.00/Head,-,7.0,Kakamega,2026-01-19
Butere Livestock Market,Goat,Mixed,Grade 3,Male,4000.00/Head,-,4.0,Kakamega,2026-01-19
Butere Livestock Market,Goat,Mixed,Grade 2,Female,4800.00/Head,-,2.0,Kakamega,2026-01-19
Butere Livestock Market,Goat,Mixed,Grade 2,Male,4300.00/Head,-,3.0,Kakamega,2026-01-19
Butere Livestock Market,Goat,Mixed,Grade 1,Female,5000.00/Head,-,3.0,Kakamega,2026-01-19
Butere Livestock Market,Goat,Mixed,Grade 1,Male,4800.00/Head,-,5.0,Kakamega,2026-01-19
Butere Livestock Market,Goat,Mixed,Grade 3,Female,4500.00/Head,-,2.0,Kakamega,2026-01-19
Butere Livestock Market,Goat,Mixed,Grade 3,Male,4900.00/Head,-,5.0,Kakamega,2026-01-19
Butere Livestock Market,Goat,Mixed,Grade 2,Female,5000.00/Head,-,6.0,Kakamega,2026-01-19
Butere Livestock Market,Goat,Mixed,Grade 2,Male,5500.00/Head,-,4.0,Kakamega,2026-01-19
Butere Livestock Market,Goat,Mixed,Grade 1,Female,6800.00/Head,-,2.0,Kakamega,2026-01-19
Butere Livestock Market,Goat,Mixed,Grade 1,Male,6000.00/Head,-,3.0,Kakamega,2026-01-19
Butere Livestock Market,Goat,Mixed,Grade 3,Female,6500.00/Head,-,5.0,Kakamega,2026-01-19
Butere Livestock Market,Goat,Mixed,Grade 3,Male,7000.00/Head,-,3.0,Kakamega,2026-01-19
Butere Livestock Market,Goat,Mixed,Grade 2,Female,7500.00/Head,-,4.0,Kakamega,2026-01-19
Butere Livestock Market,Goat,Mixed,Grade 2,Male,8500.00/Head,-,3.0,Kakamega,2026-01-19
Butere Livestock Market,Goat,Mixed,Grade 1,Female,9000.00/Head,-,1.0,Kakamega,2026-01-19
Butere Livestock Market,Goat,Mixed,Grade 1,Male,11500.00/Head,-,2.0,Kakamega,2026-01-19
Butere Livestock Market,Cattle,Zebu,Grade 3,Female,8.00/Head,-,8.0,Kakamega,2026-01-19
Butere Livestock Market,Cattle,Zebu,Grade 3,Male,17000.00/Head,-,9.0,Kakamega,2026-01-19
Butere Livestock Market,Cattle,Zebu,Grade 2,Female,23000.00/Head,-,6.0,Kakamega,2026-01-19
Butere Livestock Market,Cattle,Zebu,Grade 2,Male,20000.00/Head,-,7.0,Kakamega,2026-01-19
Butere Livestock Market,Cattle,Zebu,Grade 1,Female,25000.00/Head,-,8.0,Kakamega,2026-01-19
Butere Livestock Market,Cattle,Zebu,Grade 1,Male,22000.00/Head,-,5.0,Kakamega,2026-01-19
Butere Livestock Market,Cattle,Zebu,Grade 3,Female,30000.00/Head,-,7.0,Kakamega,2026-01-19
Butere Livestock Market,Cattle,Zebu,Grade 3,Male,28000.00/Head,-,5.0,Kakamega,2026-01-19
Butere Livestock Market,Cattle,Zebu,Grade 2,Female,33000.00/Head,-,6.0,Kakamega,2026-01-19
Butere Livestock Market,Cattle,Zebu,Grade 2,Male,35000.00/Head,-,3.0,Kakamega,2026-01-19
Butere Livestock Market,Cattle,Zebu,Grade 1,Female,38000.00/Head,-,4.0,Kakamega,2026-01-19
Butere Livestock Market,Cattle,Zebu,Grade 1,Male,42000.00/Head,-,2.0,Kakamega,2026-01-19
Butere Livestock Market,Cattle,Zebu,Grade 3,Female,38000.00/Head,-,7.0,Kakamega,2026-01-19
Butere Livestock Market,Cattle,Zebu,Grade 3,Male,40000.00/Head,-,5.0,Kakamega,2026-01-19
Butere Livestock Market,Cattle,Zebu,Grade 2,Female,52000.00/Head,-,4.0,Kakamega,2026-01-19
Butere Livestock Market,Cattle,Zebu,Grade 2,Male,60000.00/Head,-,5.0,Kakamega,2026-01-19
Butere Livestock Market,Cattle,Zebu,Grade 1,Female,58000.00/Head,-,2.0,Kakamega,2026-01-19
Butere Livestock Market,Cattle,Zebu,Grade 1,Male,68000.00/Head,-,1.0,Kakamega,2026-01-19
Vanga,Squid(Ngisi),Fresh,-,-,150.00/Kg,250.00/Kg,200.0,Kwale,2026-01-19
Vanga,Octopus (Pweza),Fresh,-,-,450.00/Kg,550.00/Kg,600.0,Kwale,2026-01-19
Vanga,Cuttlefish,Fresh,-,-,200.00/Kg,250.00/Kg,60.0,Kwale,2026-01-19
Vanga,Jacks/Trevallies(Kolekole),Fresh,-,-,200.00/ Kg,250.00/ Kg,110.0,Kwale,2026-01-19
Vanga,Needlefishes,Fresh,-,-,150.00/ Kg,200.00/ Kg,210.0,Kwale,2026-01-19
Vanga,Sardines,Fresh,-,-,200.00/Kg,250.00/Kg,200.0,Kwale,2026-01-19
Vanga,Scavengers (Changu/Tangu),Fresh,-,-,200.00/Kg,250.00/Kg,310.0,Kwale,2026-01-19
Vanga,Rabbitfish (Tafi/Tasi),Fresh,-,-,250.00/Kg,350.00/Kg,60.0,Kwale,2026-01-19
Vanga,Parrotfishes(Pono),Fresh,-,-,150.00/Kg,200.00/Kg,60.0,Kwale,2026-01-19
Nambacha Market,Goat,East African Goat,Grade 2,Male,7000.00/Head,-,100.0,Kakamega,2026-01-19
Nambacha Market,Chicken,Improved Kienyeji,-,Female,800.00/Head,-,150.0,Kakamega,2026-01-19
Nambacha Market,Chicken,Improved Kienyeji,-,Male,1200.00/Head,-,200.0,Kakamega,2026-01-19
Nambacha Market,Cattle,Mixed,Grade 2,Female,55000.00/Head,-,150.0,Kakamega,2026-01-19
Nambacha Market,Cattle,Zebu,Grade 2,Male,50000.00/Head,-,200.0,Kakamega,2026-01-19
Gikomba,Lentils,-,-,-,260.00/Kg,300.00/Kg,,Nairobi,2026-01-19
Gikomba,Ground Nuts,Large Brown,-,-,166.67/Kg,275.00/Kg,,Nairobi,2026-01-19
Gikomba,Green Grams,Makueni,-,-,100.00/Kg,200.00/Kg,,Nairobi,2026-01-19
Gikomba,Dolichos lablab (Njahi),-,-,-,88.89/Kg,150.00/Kg,,Nairobi,2026-01-19
Gikomba,Cowpeas,-,-,-,88.89/Kg,150.00/Kg,,Nairobi,2026-01-19
Kawangware,Rice,Pishori,-,-,160.00/Kg,180.00/Kg,,Nairobi,2026-01-19
Gikomba,Beans Rosecoco (Nyayo),-,-,-,105.56/Kg,200.00/Kg,,Nairobi,2026-01-19
Kawangware,Red Sorghum,-,-,-,77.78/Kg,120.00/Kg,,Nairobi,2026-01-19
Kawangware,Pearl Rush Millet,-,-,-,122.22/Kg,120.00/Kg,,Nairobi,2026-01-19
Kawangware,Finger Millet,-,-,-,54.00/Kg,90.00/Kg,,Nairobi,2026-01-19
Gikomba,Beans Red Haricot (Wairimu),-,-,-,88.89/Kg,150.00/Kg,,Nairobi,2026-01-19
Kawangware,Dry Maize,White Maize,-,-,40.00/Kg,60.00/Kg,,Nairobi,2026-01-19
Gikomba,Beans (Yellow-Green),-,-,-,111.11/Kg,200.00/Kg,,Nairobi,2026-01-19
Gikomba,Wheat,-,-,-,64.44/Kg,100.00/Kg,,Nairobi,2026-01-19
Gikomba,Rice,Sindano,-,-,160.00/Kg,160.00/Kg,,Nairobi,2026-01-19
Gikomba,Rice,Sindano,-,-,160.00/Kg,160.00/Kg,,Nairobi,2026-01-19
Kawangware,Pigeon peas,-,-,-,115.00/Kg,110.00/Kg,,Nairobi,2026-01-19
Gikomba,Rice,Pishori,-,-,160.00/Kg,180.00/Kg,,Nairobi,2026-01-19
Kawangware,Lentils,-,-,-,182.00/Kg,200.00/Kg,,Nairobi,2026-01-19
Gikomba,Red Sorghum,-,-,-,72.22/Kg,100.00/Kg,,Nairobi,2026-01-19
Gikomba,Pearl Rush Millet,-,-,-,124.00/Kg,170.00/Kg,,Nairobi,2026-01-19
Gikomba,Finger Millet,-,-,-,83.33/Kg,140.00/Kg,,Nairobi,2026-01-19
Kawangware,Ground Nuts,Large Brown,-,-,220.00/Kg,240.00/Kg,,Nairobi,2026-01-19
Kawangware,Dry Peas,-,-,-,125.00/Kg,145.00/Kg,,Nairobi,2026-01-19
Kawangware,Dolichos lablab (Njahi),-,-,-,65.00/Kg,85.00/Kg,,Nairobi,2026-01-19
Gikomba,Dry Maize,Yellow Maize,-,-,77.78/Kg,100.00/Kg,,Nairobi,2026-01-19
Kawangware,Cowpeas,-,-,-,90.00/Kg,110.00/Kg,,Nairobi,2026-01-19
Gikomba,Dry Maize,White Maize,-,-,50.00/Kg,65.00/Kg,,Nairobi,2026-01-19
Kawangware,Beans Rosecoco (Nyayo),-,-,-,80.00/Kg,100.00/Kg,,Nairobi,2026-01-19
Kawangware,Beans Rosecoco,-,-,-,115.00/Kg,130.00/Kg,,Nairobi,2026-01-19
Nairobi Supermarkets,Wheat Flour,Winnie's Pure Health Atta Mark 1,-,-,-,128.50/Kg,,Nairobi,2026-01-19
Nairobi Supermarkets,Wheat Flour,Tropicana HBF,-,-,-,88.50/Kg,,Nairobi,2026-01-19
Kawangware,Beans Red Haricot (Wairimu),-,-,-,65.00/Kg,85.00/Kg,,Nairobi,2026-01-19
Nairobi Supermarkets,Wheat Flour,Soko Atta Mark 1,-,-,-,83.00/Kg,,Nairobi,2026-01-19
Nairobi Supermarkets,Wheat Flour,Soko All Purpose HBF,-,-,-,82.00/Kg,,Nairobi,2026-01-19
Nairobi Supermarkets,Wheat Flour,Phulka Atta Mark 1 Chapati Flour,-,-,-,80.50/Kg,,Nairobi,2026-01-19
Kawangware,Beans (Yellow-Green),-,-,-,115.00/Kg,130.00/Kg,,Nairobi,2026-01-19
Nairobi Supermarkets,Wheat Flour,Pembe Atta Mark 1,-,-,-,83.50/Kg,,Nairobi,2026-01-19
Nairobi Supermarkets,Wheat Flour,Pembe All Purpose HBF,-,-,-,82.50/Kg,,Nairobi,2026-01-19
Kawangware,Beans (Mwitemania),-,-,-,80.00/Kg,105.00/Kg,,Nairobi,2026-01-19
Nairobi Supermarkets,Wheat Flour,Nutra Meal Atta Mark 1,-,-,-,135.00/Kg,,Nairobi,2026-01-19
Nairobi Supermarkets,Wheat Flour,Oboma all purpose HBF,-,-,-,79.00/Kg,,Nairobi,2026-01-19
Nairobi Supermarkets,Wheat Flour,Ndovu all purpose HBF,-,-,-,77.50/Kg,,Nairobi,2026-01-19
Nairobi Supermarkets,Wheat Flour,Mama Home Baking Flour,-,-,-,76.50/Kg,,Nairobi,2026-01-19
Nairobi Supermarkets,Wheat Flour,Golden All Purpose,-,-,-,82.00/Kg,,Nairobi,2026-01-19
Nairobi Supermarkets,Wheat Flour,Exe self raising,-,-,-,91.50/Kg,,Nairobi,2026-01-19
Nairobi Supermarkets,Wheat Flour,Exe Mandazi Fortified Wheat Flour,-,-,-,91.00/Kg,,Nairobi,2026-01-19
Nairobi Supermarkets,Wheat Flour,Exe Chapati fortified wheat flour,-,-,-,88.00/Kg,,Nairobi,2026-01-19
Nairobi Supermarkets,Wheat Flour,Exe brown bread,-,-,-,91.00/Kg,,Nairobi,2026-01-19
Nairobi Supermarkets,Wheat Flour,Exe Atta Mark 1,-,-,-,90.50/Kg,,Nairobi,2026-01-19
Nairobi Supermarkets,Wheat Flour,Exe All purpose fortified wheat flour,-,-,-,84.00/Kg,,Nairobi,2026-01-19
Nairobi Supermarkets,Wheat Flour,Elliots self raising flour,-,-,-,90.50/Kg,,Nairobi,2026-01-19
Nairobi Supermarkets,Wheat Flour,Elliots all purpose HBK,-,-,-,82.00/Kg,,Nairobi,2026-01-19
Nairobi Supermarkets,Wheat Flour,Dola premium all pupose,-,-,-,80.00/Kg,,Nairobi,2026-01-19
Nairobi Supermarkets,Wheat Flour,Dola Atta Mark 1,-,-,-,82.00/Kg,,Nairobi,2026-01-19
Nairobi Supermarkets,Wheat Flour,Chapati Afya,-,-,-,135.50/Kg,,Nairobi,2026-01-19
Nairobi Supermarkets,Wheat Flour,Ajab fortofied self raising,-,-,-,85.00/Kg,,Nairobi,2026-01-19
Nairobi Supermarkets,Wheat Flour,Ajab fortigied Home Baking flour,-,-,-,85.00/Kg,,Nairobi,2026-01-19
Nairobi Supermarkets,Wheat Flour,Ajab fortified mandazi flour,-,-,-,84.50/Kg,,Nairobi,2026-01-19
Nairobi Supermarkets,Wheat Flour,210 Home baking flour,-,-,-,80.00/Kg,,Nairobi,2026-01-19
Nairobi Supermarkets,Wheat Flour,210 Atta Mark 1,-,-,-,77.50/Kg,,Nairobi,2026-01-19
Nairobi Supermarkets,Maize Flour,Ugali Afya,-,-,-,145.00/Kg,,Nairobi,2026-01-19
Nairobi Supermarkets,Maize Flour,Soko,-,-,-,82.00/Kg,,Nairobi,2026-01-19
Nairobi Supermarkets,Maize Flour,Raha Premium,-,-,-,100.50/Kg,,Nairobi,2026-01-19
Nairobi Supermarkets,Maize Flour,Pembe,-,-,-,82.00/Kg,,Nairobi,2026-01-19
Nairobi Supermarkets,Maize Flour,Oryx,-,-,-,82.50/Kg,,Nairobi,2026-01-19
Nairobi Supermarkets,Maize Flour,Ndovu,-,-,-,70.50/Kg,,Nairobi,2026-01-19
Nairobi Supermarkets,Maize Flour,Mama,-,-,-,75.50/Kg,,Nairobi,2026-01-19
Nairobi Supermarkets,Maize Flour,Jogoo wimbi,-,-,-,139.50/Kg,,Nairobi,2026-01-19
Nairobi Supermarkets,Maize Flour,Jogoo,-,-,-,77.00/Kg,,Nairobi,2026-01-19
Nairobi Supermarkets,Maize Flour,Hostess,-,-,-,94.00/Kg,,Nairobi,2026-01-19
Nairobi Supermarkets,Maize Flour,Equatorial afya ugali,-,-,-,136.00/Kg,,Nairobi,2026-01-19
Nairobi Supermarkets,Maize Flour,Dola,-,-,-,77.00/Kg,,Nairobi,2026-01-19
Nairobi Supermarkets,Maize Flour,Cosmo,-,-,-,67.50/Kg,,Nairobi,2026-01-19
Nairobi Supermarkets,Maize Flour,Amaize,-,-,-,102.00/Kg,,Nairobi,2026-01-19
Nairobi Supermarkets,Maize Flour,Ajab,-,-,-,85.50/Kg,,Nairobi,2026-01-19
Nairobi Supermarkets,Maize Flour,210(two ten),-,-,-,78.00/Kg,,Nairobi,2026-01-19
Diani Market,Sweet potatoes,-,-,-,80.00/Kg,100.00/Kg,4000.0,Kwale,2026-01-19
Diani Market,White Irish Potatoes,-,-,-,80.00/Kg,100.00/Kg,6000.0,Kwale,2026-01-19
Diani Market,Spinach,-,-,-,60.00/Kg,80.00/Kg,600.0,Kwale,2026-01-19
Diani Market,Okra (Lady's fingers or Gumbo),-,-,-,80.00/Kg,100.00/Kg,400.0,Kwale,2026-01-19
Diani Market,Ginger,-,-,-,160.00/Kg,180.00/Kg,550.0,Kwale,2026-01-19
Diani Market,Garlic,-,-,-,450.00/Kg,500.00/Kg,450.0,Kwale,2026-01-19
Diani Market,Egg plant (Brinjals),-,-,-,40.00/Kg,60.00/Kg,550.0,Kwale,2026-01-19
Diani Market,Dry Onions,-,-,-,100.00/Kg,120.00/Kg,4000.0,Kwale,2026-01-19
Diani Market,Carrots,-,-,-,50.00/Kg,70.00/Kg,500.0,Kwale,2026-01-19
Diani Market,Capsicums,-,-,-,80.00/Kg,100.00/Kg,600.0,Kwale,2026-01-19
Diani Market,Tomatoes,-,-,-,80.00/Kg,100.00/Kg,6000.0,Kwale,2026-01-19
Vanga,Scavengers (Changu/Tangu),Fresh,-,-,250.00/Kg,350.00/Kg,230.0,Kwale,2026-01-18
Vanga,Rabbitfish (Tafi/Tasi),Fresh,-,-,250.00/Kg,350.00/Kg,200.0,Kwale,2026-01-18
Vanga,Parrotfishes(Pono),Fresh,-,-,150.00/Kg,200.00/Kg,320.0,Kwale,2026-01-18
Vanga,Jacks/Trevallies(Kolekole),Fresh,-,-,200.00/ Kg,250.00/ Kg,200.0,Kwale,2026-01-18
Vanga,Barracuda(Kasumba),Fresh,-,-,150.00/Kg,200.00/Kg,130.0,Kwale,2026-01-18
Muhoroni,Tilapia,Fried,-,-,-,800.00/Kg,500.0,Kisumu,2026-01-18
Muhoroni,Omena,Dried,-,-,333.33/Kg,433.33/Kg,1000.0,Kisumu,2026-01-18
Muhoroni,White Irish Potatoes,-,-,-,60.00/Kg,75.00/Kg,3500.0,Kisumu,2026-01-18
Muhoroni,Cassava Chips (dry),-,-,-,-,100.00/Kg,350.0,Kisumu,2026-01-18
Muhoroni,Arrow Root,-,-,-,-,150.00/Kg,150.0,Kisumu,2026-01-18
Muhoroni,Water Melon,-,-,-,-,100.00/Kg,3000.0,Kisumu,2026-01-18
Muhoroni,Pineapples,-,-,-,-,75.00/Kg,1000.0,Kisumu,2026-01-18
Muhoroni,Oranges,-,-,-,60.00/Kg,100.00/Kg,3000.0,Kisumu,2026-01-18
Muhoroni,Mangoes,Improved,-,-,40.00/Kg,60.00/Kg,2000.0,Kisumu,2026-01-18
Muhoroni,Avocado,Fuerte,-,-,-,35.00/Kg,2000.0,Kisumu,2026-01-18
Muhoroni,Red Sorghum,-,-,-,68.18/Kg,81.82/Kg,2500.0,Kisumu,2026-01-18
Muhoroni,Dry Maize,White Maize,-,-,44.00/Kg,48.00/Kg,3500.0,Kisumu,2026-01-18
Muhoroni,Spider flower (Saga),-,-,-,-,80.00/Kg,250.0,Kisumu,2026-01-18
Muhoroni,Indigenous Crotolaria (Mito/Miro),-,-,-,-,100.00/Kg,200.0,Kisumu,2026-01-18
Muhoroni,Ethiopian Kales -Kanzira,-,-,-,-,70.00/Kg,130.0,Kisumu,2026-01-18
Muhoroni,Cowpea leaves (Kunde),-,-,-,-,65.00/Kg,200.0,Kisumu,2026-01-18
Muhoroni,Black nightshade (Managu/ Osuga),-,-,-,-,70.00/Kg,200.0,Kisumu,2026-01-18
Muhoroni,Amaranthus (Terere),-,-,-,-,60.00/Kg,100.0,Kisumu,2026-01-18
Muhoroni,Tomatoes,-,-,-,71.43/Kg,100.00/Kg,5000.0,Kisumu,2026-01-18
Muhoroni,Garlic,-,-,-,350.00/Kg,500.00/Kg,900.0,Kisumu,2026-01-18
Muhoroni,Kales/Sukuma Wiki,-,-,-,35.71/Kg,50.00/Kg,1000.0,Kisumu,2026-01-18
Muhoroni,Dry Onions,-,-,-,100.00/Kg,120.00/Kg,2500.0,Kisumu,2026-01-18
Muhoroni,Carrots,-,-,-,60.00/Kg,80.00/Kg,500.0,Kisumu,2026-01-18
Muhoroni,Capsicums,-,-,-,80.00/Kg,100.00/Kg,250.0,Kisumu,2026-01-18
Muhoroni,Cabbages,-,-,-,25.00/Kg,35.00/Kg,8000.0,Kisumu,2026-01-18
Muhoroni,Banana (Plantain),-,-,-,40.00/Kg,60.00/Kg,350.0,Kisumu,2026-01-18
Muhoroni,Banana (Cooking),-,-,-,30.00/Kg,40.00/Kg,2000.0,Kisumu,2026-01-18
Muhoroni,Mixed Beans,-,-,-,100.00/Kg,112.00/Kg,2000.0,Kisumu,2026-01-18
Muhoroni,Ground Nuts,Large Brown,-,-,300.00/Kg,325.00/Kg,2000.0,Kisumu,2026-01-18
Muhoroni,Green Grams,Hybrid/ polished,-,-,140.00/Kg,175.00/Kg,3000.0,Kisumu,2026-01-18
Muhoroni,Cowpeas,-,-,-,230.77/Kg,288.46/Kg,500.0,Kisumu,2026-01-18
Muhoroni,Beans Rosecoco (Nyayo),-,-,-,120.00/Kg,140.00/Kg,3500.0,Kisumu,2026-01-18
Muhoroni,Beans Rosecoco,-,-,-,120.00/Kg,14.00/Kg,4500.0,Kisumu,2026-01-18
Muhoroni,Beans Red Haricot (Wairimu),-,-,-,1200.00/Kg,128.00/Kg,2000.0,Kisumu,2026-01-18
Muhoroni,Beans (Yellow-Green),-,-,-,160.00/Kg,180.00/Kg,2000.0,Kisumu,2026-01-18
Muhoroni,Beans (Mwezi Moja),-,-,-,120.00/Kg,128.00/Kg,3500.0,Kisumu,2026-01-18
Muhoroni,Beans (Canadian wonder),-,-,-,120.00/Kg,128.00/Kg,2500.0,Kisumu,2026-01-18
Muhoroni,Fertilizer,DAP,-,-,100.00/Kg,110.00/Kg,52000.0,Kisumu,2026-01-18
Muhoroni,Fertilizer,CAN,-,-,80.00/Kg,90.00/Kg,3500.0,Kisumu,2026-01-18
Khayega,Sweet potatoes,-,-,-,60.00/Kg,70.00/Kg,850.0,Kakamega,2026-01-18
Khayega,White Irish Potatoes,-,-,-,56.00/Kg,61.33/Kg,7000.0,Kakamega,2026-01-18
Khayega,Arrow Root,-,-,-,120.00/Kg,150.00/Kg,650.0,Kakamega,2026-01-18
Khayega,Finger Millet,-,-,-,108.70/Kg,117.39/Kg,900.0,Kakamega,2026-01-18
Khayega,Red Sorghum,-,-,-,85.71/Kg,107.14/Kg,500.0,Kakamega,2026-01-18
Khayega,Dry Maize,White Maize,-,-,51.11/Kg,533.33/Kg,18000.0,Kakamega,2026-01-18
Khayega,Spider flower (Saga),-,-,-,55.00/Kg,60.00/Kg,470.0,Kakamega,2026-01-18
Khayega,Black nightshade (Managu/ Osuga),-,-,-,50.00/Kg,50.00/Kg,500.0,Kakamega,2026-01-18
Khayega,Tomatoes,-,-,-,50.00/Kg,60.00/Kg,3000.0,Kakamega,2026-01-18
Khayega,Kales/Sukuma Wiki,-,-,-,35.00/Kg,40.00/Kg,750.0,Kakamega,2026-01-18
Khayega,Dry Onions,-,-,-,60.00/Kg,70.00/Kg,2500.0,Kakamega,2026-01-18
Khayega,Cabbages,-,-,-,30.00/Kg,32.50/Kg,1800.0,Kakamega,2026-01-18
Khayega,Mixed Beans,-,-,-,95.83/Kg,104.17/Kg,900.0,Kakamega,2026-01-18
Khayega,Ground Nuts,Small Red,-,-,229.17/Kg,250.00/Kg,450.0,Kakamega,2026-01-18
Khayega,Green Grams,Local-Special,-,-,117.39/Kg,130.43/Kg,900.0,Kakamega,2026-01-18
Khayega,Beans Rosecoco,-,-,-,108.33/Kg,116.67/Kg,900.0,Kakamega,2026-01-18
Khayega,Beans (Yellow-Green),-,-,-,154.17/Kg,166.67/Kg,1800.0,Kakamega,2026-01-18
Khayega,Fertilizer,DAP,-,-,110.00/Kg,114.00/Kg,500.0,Kakamega,2026-01-18
Makutano Embu,Apples,-,-,-,100.00/Kg,140.00/Kg,,Embu,2026-01-17
Makutano Embu,Grapes,Black-Dark,-,-,140.00/Kg,180.00/Kg,,Embu,2026-01-17
Makutano Embu,Lemons,-,-,-,55.00/Kg,70.00/Kg,,Embu,2026-01-17
Makutano Embu,Mangoes,Improved,-,-,20.00/Kg,30.00/Kg,,Embu,2026-01-17
Makutano Embu,Passion Fruits,-,-,-,180.00/Kg,220.00/Kg,,Embu,2026-01-17
Makutano Embu,Pawpaw,-,-,-,40.00/Kg,60.00/Kg,,Embu,2026-01-17
Makutano Embu,Pineapples,-,-,-,60.00/Kg,100.00/Kg,,Embu,2026-01-17
Makutano Embu,Thorn melon,-,-,-,40.00/Kg,60.00/Kg,,Embu,2026-01-17
Makutano Embu,Water Melon,-,-,-,25.00/Kg,40.00/Kg,,Embu,2026-01-17
Makutano Embu,Banana (Cooking),-,-,-,25.00/Kg,40.00/Kg,,Embu,2026-01-17
Makutano Embu,Butternuts,-,-,-,30.00/Kg,50.00/Kg,,Embu,2026-01-17
Makutano Embu,Cabbages,-,-,-,35.00/Kg,50.00/Kg,,Embu,2026-01-17
Makutano Embu,Capsicums,-,-,-,110.00/Kg,150.00/Kg,,Embu,2026-01-17
Makutano Embu,Carrots,-,-,-,40.00/Kg,60.00/Kg,,Embu,2026-01-17
Makutano Embu,Chillies,-,-,-,70.00/Kg,100.00/Kg,,Embu,2026-01-17
Makutano Embu,Coriander (Dhania),-,-,-,80.00/Kg,100.00/Kg,,Embu,2026-01-17
Makutano Embu,Courgette,-,-,-,80.00/Kg,100.00/Kg,,Embu,2026-01-17
Makutano Embu,Cucumber,-,-,-,60.00/Kg,80.00/Kg,,Embu,2026-01-17
Makutano Embu,Dry Onions,-,-,-,70.00/Kg,90.00/Kg,,Embu,2026-01-17
Makutano Embu,French beans,-,-,-,90.00/Kg,120.00/Kg,,Embu,2026-01-17
Makutano Embu,Fresh Peas,On pods,-,-,70.00/Kg,90.00/Kg,,Embu,2026-01-17
Makutano Embu,Kales/Sukuma Wiki,-,-,-,20.00/Kg,30.00/Kg,,Embu,2026-01-17
Makutano Embu,Pumpkin,-,-,-,30.00/Kg,40.00/Kg,,Embu,2026-01-17
Makutano Embu,Spinach,-,-,-,25.00/Kg,35.00/Kg,,Embu,2026-01-17
Makutano Embu,Spring Onions,-,-,-,45.00/Kg,60.00/Kg,,Embu,2026-01-17
Makutano Embu,Tomatoes,-,-,-,28.00/Kg,30.00/Kg,,Embu,2026-01-17
Makutano Embu,Amaranthus (Terere),-,-,-,35.00/Kg,50.00/Kg,,Embu,2026-01-17
Makutano Embu,Black nightshade (Managu/ Osuga),-,-,-,40.00/Kg,50.00/Kg,,Embu,2026-01-17
Makutano Embu,Cowpea leaves (Kunde),-,-,-,30.00/Kg,40.00/Kg,,Embu,2026-01-17
Makutano Embu,Jute Plant (Murenda),-,-,-,30.00/Kg,40.00/Kg,,Embu,2026-01-17
Makutano Embu,Pumpkin Leaves,-,-,-,35.00/Kg,50.00/Kg,,Embu,2026-01-17
Makutano Embu,Dry Maize,White Maize,-,-,35.00/Kg,45.00/Kg,,Embu,2026-01-17
Makutano Embu,Dry Maize,Yellow Maize,-,-,45.00/Kg,50.00/Kg,,Embu,2026-01-17
Makutano Embu,Paddy Rice,Pishori,-,-,82.00/Kg,85.00/Kg,,Embu,2026-01-17
Makutano Embu,Rice,Pishori,-,-,140.00/Kg,160.00/Kg,,Embu,2026-01-17
Makutano Embu,White Sorghum,-,-,-,80.00/kg,100.00/kg,,Embu,2026-01-17
Makutano Embu,Lentils,-,-,-,200.00/Kg,250.00/Kg,,Embu,2026-01-17
Makutano Embu,Red Sorghum,-,-,-,70.00/Kg,90.00/Kg,,Embu,2026-01-17
Mukuyu Market,Tomatoes,-,-,-,-,40.00/Kg,,Muranga,2026-01-17
Mukuyu Market,Spinach,-,-,-,-,45.00/Kg,,Muranga,2026-01-17
Mukuyu Market,Fresh Peas,Shelled Peas,-,-,-,120.00/Kg,,Muranga,2026-01-17
Mukuyu Market,Cabbages,-,-,-,-,70.00/Kg,,Muranga,2026-01-17
Mukuyu Market,Carrots,-,-,-,-,60.00/Kg,,Muranga,2026-01-17
Mukuyu Market,Sweet potatoes,-,-,-,-,100.00/Kg,,Muranga,2026-01-17
Mukuyu Market,White Irish Potatoes,-,-,-,-,70.00/Kg,,Muranga,2026-01-17
Mukuyu Market,Arrow Root,-,-,-,-,100.00/Kg,,Muranga,2026-01-17
Vanga,Rabbitfish (Tafi/Tasi),Fresh,-,-,200.00/Kg,250.00/Kg,130.0,Kwale,2026-01-17
Vanga,Parrotfishes(Pono),Fresh,-,-,150.00/Kg,200.00/Kg,60.0,Kwale,2026-01-17
Vanga,Jacks/Trevallies(Kolekole),Fresh,-,-,200.00/ Kg,250.00/ Kg,300.0,Kwale,2026-01-17
Vanga,Barracuda(Kasumba),Fresh,-,-,150.00/Kg,200.00/Kg,300.0,Kwale,2026-01-17
Vanga,Octopus (Pweza),Fresh,-,-,450.00/Kg,550.00/Kg,600.0,Kwale,2026-01-17
Vanga,Squid(Ngisi),Fresh,-,-,300.00/Kg,400.00/Kg,230.0,Kwale,2026-01-17
Makutano Kirinyaga,Red Sorghum,-,-,-,70.00/Kg,90.00/Kg,900.0,Kirinyaga,2026-01-17
Makutano Kirinyaga,Lentils,-,-,-,200.00/Kg,250.00/Kg,1200.0,Kirinyaga,2026-01-17
Makutano Kirinyaga,White Sorghum,-,-,-,80.00/kg,100.00/kg,950.0,Kirinyaga,2026-01-17
Makutano Kirinyaga,Rice,Pishori,-,-,140.00/Kg,160.00/Kg,1300.0,Kirinyaga,2026-01-17
Makutano Kirinyaga,Paddy Rice,Pishori,-,-,82.00/Kg,85.00/Kg,2400.0,Kirinyaga,2026-01-17
Makutano Kirinyaga,Dry Maize,Yellow Maize,-,-,45.00/Kg,50.00/Kg,1200.0,Kirinyaga,2026-01-17
Makutano Kirinyaga,Dry Maize,White Maize,-,-,35.00/Kg,45.00/Kg,3100.0,Kirinyaga,2026-01-17
Makutano Kirinyaga,Pumpkin Leaves,-,-,-,35.00/Kg,50.00/Kg,300.0,Kirinyaga,2026-01-17
Makutano Kirinyaga,Jute Plant (Murenda),-,-,-,30.00/Kg,40.00/Kg,800.0,Kirinyaga,2026-01-17
Makutano Kirinyaga,Cowpea leaves (Kunde),-,-,-,30.00/Kg,40.00/Kg,650.0,Kirinyaga,2026-01-17
Makutano Kirinyaga,Black nightshade (Managu/ Osuga),-,-,-,40.00/Kg,50.00/Kg,800.0,Kirinyaga,2026-01-17
Makutano Kirinyaga,Amaranthus (Terere),-,-,-,35.00/Kg,50.00/Kg,1100.0,Kirinyaga,2026-01-17
Makutano Kirinyaga,Tomatoes,-,-,-,28.33/Kg,33.33/Kg,8400.0,Kirinyaga,2026-01-17
Makutano Kirinyaga,Spring Onions,-,-,-,45.00/Kg,60.00/Kg,3100.0,Kirinyaga,2026-01-17
Makutano Kirinyaga,Spinach,-,-,-,25.00/Kg,35.00/Kg,2100.0,Kirinyaga,2026-01-17
Makutano Kirinyaga,Pumpkin,-,-,-,30.00/Kg,40.00/Kg,2600.0,Kirinyaga,2026-01-17
Makutano Kirinyaga,Kales/Sukuma Wiki,-,-,-,20.00/Kg,30.00/Kg,1400.0,Kirinyaga,2026-01-17
Makutano Kirinyaga,Fresh Peas,On pods,-,-,70.00/Kg,90.00/Kg,2300.0,Kirinyaga,2026-01-17
Makutano Kirinyaga,French beans,-,-,-,90.00/Kg,120.00/Kg,650.0,Kirinyaga,2026-01-17
Makutano Kirinyaga,Dry Onions,-,-,-,70.00/Kg,90.00/Kg,3900.0,Kirinyaga,2026-01-17
Makutano Kirinyaga,Cucumber,-,-,-,60.00/Kg,80.00/Kg,500.0,Kirinyaga,2026-01-17
Makutano Kirinyaga,Courgette,-,-,-,80.00/Kg,100.00/Kg,1050.0,Kirinyaga,2026-01-17
Makutano Kirinyaga,Coriander (Dhania),-,-,-,80.00/Kg,100.00/Kg,600.0,Kirinyaga,2026-01-17
Makutano Kirinyaga,Chillies,-,-,-,70.00/Kg,100.00/Kg,360.0,Kirinyaga,2026-01-17
Makutano Kirinyaga,Carrots,-,-,-,40.00/Kg,60.00/Kg,2900.0,Kirinyaga,2026-01-17
Makutano Kirinyaga,Capsicums,-,-,-,110.00/Kg,150.00/Kg,200.0,Kirinyaga,2026-01-17
Makutano Kirinyaga,Capsicums,-,-,-,80.00/Kg,100.00/Kg,950.0,Kirinyaga,2026-01-17
Makutano Kirinyaga,Cabbages,-,-,-,35.71/Kg,50.00/Kg,1950.0,Kirinyaga,2026-01-17
Makutano Kirinyaga,Butternuts,-,-,-,30.00/Kg,50.00/Kg,1500.0,Kirinyaga,2026-01-17
Makutano Kirinyaga,Banana (Cooking),-,-,-,25.00/Kg,40.00/Kg,2800.0,Kirinyaga,2026-01-17
Makutano Kirinyaga,Water Melon,-,-,-,25.00/Kg,40.00/Kg,2500.0,Kirinyaga,2026-01-17
Makutano Kirinyaga,Thorn melon,-,-,-,40.00/Kg,60.00/Kg,400.0,Kirinyaga,2026-01-17
Makutano Kirinyaga,Pineapples,-,-,-,62.50/Kg,100.00/Kg,160.0,Kirinyaga,2026-01-17
Makutano Kirinyaga,Pawpaw,-,-,-,40.00/Kg,60.00/Kg,250.0,Kirinyaga,2026-01-17
Makutano Kirinyaga,Passion Fruits,-,-,-,180.00/Kg,220.00/Kg,340.0,Kirinyaga,2026-01-17
Makutano Kirinyaga,Mangoes,Improved,-,-,20.00/Kg,30.00/Kg,4300.0,Kirinyaga,2026-01-17
Makutano Kirinyaga,Lemons,-,-,-,55.00/Kg,70.00/Kg,1100.0,Kirinyaga,2026-01-17
Makutano Kirinyaga,Grapes,Black-Dark,-,-,140.00/Kg,180.00/Kg,140.0,Kirinyaga,2026-01-17
Makutano Kirinyaga,Apples,-,-,-,100.00/Kg,140.00/Kg,230.0,Kirinyaga,2026-01-17
Makutano Kirinyaga,Fertilizer,Sulphate of Ammonia,-,-,56.00/Kg,60.00/Kg,2500.0,Kirinyaga,2026-01-17
Vanga,Octopus (Pweza),Fresh,-,-,450.00/Kg,550.00/Kg,600.0,Kwale,2026-01-16
Vanga,Octopus (Pweza),Fresh,-,-,450.00/Kg,550.00/Kg,600.0,Kwale,2026-01-16
Vanga,Cuttlefish,Fresh,-,-,200.00/Kg,250.00/Kg,60.0,Kwale,2026-01-16
Vanga,Lobster(Kamba Mawe),Live,-,-,600.00/Kg,900.00/Kg,120.0,Kwale,2026-01-16
Vanga,Scavengers (Changu/Tangu),Fresh,-,-,200.00/Kg,250.00/Kg,500.0,Kwale,2026-01-16
Vanga,Rabbitfish (Tafi/Tasi),Fresh,-,-,250.00/Kg,350.00/Kg,80.0,Kwale,2026-01-16
Vanga,Parrotfishes(Pono),Fresh,-,-,150.00/Kg,200.00/Kg,70.0,Kwale,2026-01-16
Vanga,Kingfish (Nguru),Fresh,-,-,250.00/Kg,350.00/Kg,400.0,Kwale,2026-01-16
Vanga,Barracuda(Kasumba),Fresh,-,-,150.00/Kg,200.00/Kg,300.0,Kwale,2026-01-16
Ngurubani Market,Oranges,-,-,-,70.00/Kg,100.00/Kg,1500.0,Kirinyaga,2026-01-16
Ngurubani Market,Water Melon,-,-,-,25.00/Kg,35.00/Kg,23500.0,Kirinyaga,2026-01-16
Ngurubani Market,Pork,-,-,-,500.00/Kg,700.00/Kg,420.0,Kirinyaga,2026-01-16
Ngurubani Market,Meat Beef,-,-,-,150.00/Kg,170.00/Kg,145000.0,Kirinyaga,2026-01-16
Ngurubani Market,Eggs,Exotic/Grade,-,-,400.00/Tray(30),450.00/Tray(30),3200.0,Kirinyaga,2026-01-16
Ngurubani Market,Eggs,Exotic/Grade,-,-,390.00/Tray(30),600.00/Tray(30),3200.0,Kirinyaga,2026-01-16
Ngurubani Market,White Irish Potatoes,-,-,-,34.00/Kg,50.00/Kg,24400.0,Kirinyaga,2026-01-16
Ngurubani Market,Sweet potatoes,-,-,-,70.00/Kg,100.00/Kg,420.0,Kirinyaga,2026-01-16
Ngurubani Market,Arrow Root,-,-,-,80.00/Kg,120.00/Kg,1200.0,Kirinyaga,2026-01-16
Ngurubani Market,Arrow Root,-,-,-,70.00/Kg,100.00/Kg,420.0,Kirinyaga,2026-01-16
Ngurubani Market,Paddy Rice,Pishori,-,-,150.00/Kg,170.00/Kg,145000.0,Kirinyaga,2026-01-16
Mumias,Tilapia,Dried,-,-,-,287.50/Kg,,Kakamega,2026-01-16
Ngurubani Market,Red Sorghum,-,-,-,40.00/Kg,45.00/Kg,1350.0,Kirinyaga,2026-01-16
Mumias,Omena,Dried,-,-,-,611.11/Kg,,Kakamega,2026-01-16
Ngurubani Market,Dry Maize,White Maize,-,-,40.00/Kg,45.00/Kg,6250.0,Kirinyaga,2026-01-16
Ngurubani Market,Cowpea leaves (Kunde),-,-,-,40.00/Kg,60.00/Kg,180.0,Kirinyaga,2026-01-16
Mumias,White Irish Potatoes,-,-,-,-,72.00/Kg,,Kakamega,2026-01-16
Ngurubani Market,Pumpkin Leaves,-,-,-,25.00/Kg,35.00/Kg,150.0,Kirinyaga,2026-01-16
Ngurubani Market,Black nightshade (Managu/ Osuga),-,-,-,25.00/Kg,35.00/Kg,400.0,Kirinyaga,2026-01-16
Mumias,Sweet potatoes,-,-,-,-,35.71/Kg,,Kakamega,2026-01-16
Mumias,Cassava Fresh,-,-,-,-,55.56/Kg,,Kakamega,2026-01-16
Ngurubani Market,Amaranthus (Terere),-,-,-,30.00/Kg,35.00/Kg,600.0,Kirinyaga,2026-01-16
Mumias,Cassava Chips (dry),-,-,-,-,71.43/Kg,,Kakamega,2026-01-16
Ngurubani Market,Tomatoes,-,-,-,35.00/Kg,50.00/Kg,4500.0,Kirinyaga,2026-01-16
Mumias,Arrow Root,-,-,-,-,66.67/Kg,,Kakamega,2026-01-16
Ngurubani Market,Spinach,-,-,-,30.00/Kg,40.00/Kg,450.0,Kirinyaga,2026-01-16
Mumias,Water Melon,-,-,-,-,62.50/Kg,,Kakamega,2026-01-16
Ngurubani Market,Pumpkin,-,-,-,25.00/Kg,35.00/Kg,205.0,Kirinyaga,2026-01-16
Ngurubani Market,Kales/Sukuma Wiki,-,-,-,20.00/Kg,30.00/Kg,1200.0,Kirinyaga,2026-01-16
Ngurubani Market,Dry Onions,-,-,-,70.00/Kg,100.00/Kg,6800.0,Kirinyaga,2026-01-16
Ngurubani Market,Courgette,-,-,-,70.00/Kg,100.00/Kg,250.0,Kirinyaga,2026-01-16
Ngurubani Market,Coriander (Dhania),-,-,-,70.00/Kg,100.00/Kg,170.0,Kirinyaga,2026-01-16
Ngurubani Market,Carrots,-,-,-,40.00/Kg,60.00/Kg,2400.0,Kirinyaga,2026-01-16
Ngurubani Market,Cabbages,-,-,-,25.00/Kg,35.00/Kg,21000.0,Kirinyaga,2026-01-16
Ngurubani Market,Banana (Cooking),-,-,-,25.00/Kg,35.00/Kg,2500.0,Kirinyaga,2026-01-16
Ngurubani Market,Mixed Beans,-,-,-,86.67/Kg,175.00/Kg,800.0,Kirinyaga,2026-01-16
Ngurubani Market,Cowpeas,-,-,-,100.00/Kg,135.00/Kg,9000.0,Kirinyaga,2026-01-16
Ngurubani Market,Dolichos lablab (Njahi),-,-,-,97.78/Kg,135.00/Kg,1250.0,Kirinyaga,2026-01-16
Ngurubani Market,Beans Rosecoco,-,-,-,100.00/Kg,140.00/Kg,2100.0,Kirinyaga,2026-01-16
Ngurubani Market,Beans Red Haricot (Wairimu),-,-,-,100.00/Kg,140.00/Kg,6700.0,Kirinyaga,2026-01-16
Ngurubani Market,Beans (Yellow-Green),-,-,-,122.22/Kg,200.00/Kg,4250.0,Kirinyaga,2026-01-16
Mumias,Pineapples,-,-,-,-,80.00/Kg,,Kakamega,2026-01-16
Ngurubani Market,Beans (Mwitemania),-,-,-,94.44/Kg,175.00/Kg,2200.0,Kirinyaga,2026-01-16
Ngurubani Market,Fertilizer,NPK,-,-,95.00/Kg,100.00/Kg,225000.0,Kirinyaga,2026-01-16
Ngurubani Market,Fertilizer,DAP,-,-,111.00/Kg,120.00/Kg,140000.0,Kirinyaga,2026-01-16
Ngurubani Market,Fertilizer,CAN,-,-,72.00/Kg,80.00/Kg,50000.0,Kirinyaga,2026-01-16
Mumias,Pawpaw,-,-,-,-,76.92/Kg,,Kakamega,2026-01-16
Mumias,Oranges,-,-,-,-,83.33/Kg,,Kakamega,2026-01-16
Mumias,Mangoes,Improved,-,-,-,76.92/Kg,,Kakamega,2026-01-16
Ndanai Market,Eggs,Indigenous /Kenyeji,-,-,510.00/Tray(30),600.00/Tray(30),8000.0,Bomet,2026-01-16
Ndanai Market,Chicken,Indigenous,-,Female,600.00/Head,-,1500.0,Bomet,2026-01-16
Ndanai Market,Chicken,Indigenous,-,Male,900.00/Head,-,1200.0,Bomet,2026-01-16
Ndanai Market,Water Melon,-,-,-,90.00/Kg,110.00/Kg,6000.0,Bomet,2026-01-16
Ndanai Market,Oranges,-,-,-,59.09/Kg,100.00/Kg,7000.0,Bomet,2026-01-16
Ndanai Market,Banana (Ripening),-,-,-,16.00/Kg,50.00/Kg,15000.0,Bomet,2026-01-16
Ndanai Market,Dry Maize,White Maize,-,-,47.78/Kg,140.00/Kg,36000.0,Bomet,2026-01-16
Ndanai Market,Spider flower (Saga),-,-,-,60.00/Kg,100.00/Kg,4000.0,Bomet,2026-01-16
Mumias,Lemons,-,-,-,-,150.00/Kg,,Kakamega,2026-01-16
Ndanai Market,Black nightshade (Managu/ Osuga),-,-,-,70.00/Kg,100.00/Kg,5000.0,Bomet,2026-01-16
Mumias,Grapes,Black-Dark,-,-,-,720.00/Kg,,Kakamega,2026-01-16
Ndanai Market,Tomatoes,-,-,-,75.00/Kg,100.00/Kg,12800.0,Bomet,2026-01-16
Mumias,Banana (Ripening),-,-,-,-,45.45/Kg,,Kakamega,2026-01-16
Ndanai Market,Kales/Sukuma Wiki,-,-,-,11.11/Kg,30.00/Kg,3000.0,Bomet,2026-01-16
Ndanai Market,Dry Onions,-,-,-,75.00/Kg,100.00/Kg,8000.0,Bomet,2026-01-16
Ndanai Market,Cabbages,-,-,-,10.00/Kg,20.00/Kg,10000.0,Bomet,2026-01-16
Ndanai Market,Beans Rosecoco,-,-,-,133.33/Kg,175.00/Kg,27000.0,Bomet,2026-01-16
Kisasi,Sheep,Blackhead Persian,Grade 2,Female,3500.00/Head,-,,Kitui,2026-01-16
Kisasi,Sheep,Blackhead Persian,Grade 2,Male,4000.00/Head,-,,Kitui,2026-01-16
Kisasi,Sheep,Blackhead Persian,Grade 2,Female,5500.00/Head,-,,Kitui,2026-01-16
Lungalunga,Cassava Fresh,-,-,-,50.00/Kg,100.00/Kg,10000.0,Kwale,2026-01-16
Kisasi,Sheep,Blackhead Persian,Grade 2,Male,6000.00/Head,-,,Kitui,2026-01-16
Lungalunga,White Irish Potatoes,-,-,-,50.00/Kg,100.00/Kg,50000.0,Kwale,2026-01-16
Kisasi,Goat,Mixed,Grade 2,Male,6000.00/Head,-,,Kitui,2026-01-16
Lungalunga,Oranges,-,-,-,50.00/Kg,100.00/Kg,30000.0,Kwale,2026-01-16
Lungalunga,Tomatoes,-,-,-,50.00/Kg,100.00/Kg,30000.0,Kwale,2026-01-16
Lungalunga,Cabbages,-,-,-,60.00/Kg,100.00/Kg,10000.0,Kwale,2026-01-16
Kisasi,Goat,Mixed,Grade 2,Female,10000.00/Head,-,,Kitui,2026-01-16
Kisasi,Goat,Mixed,Grade 2,Male,15000.00/Head,-,,Kitui,2026-01-16
Kisasi,Donkey,-,-,Female,9000.00/Head,-,,Kitui,2026-01-16
Kisasi,Donkey,-,-,Male,7000.00/Head,-,,Kitui,2026-01-16
Kisasi,Donkey,-,-,Female,18000.00/Head,-,,Kitui,2026-01-16
Kisasi,Donkey,-,-,Male,13000.00/Head,-,,Kitui,2026-01-16
Kisasi,Chicken,Indigenous,-,Male,500.00/Head,-,,Kitui,2026-01-16
Kisasi,Chicken,Indigenous,-,Female,400.00/Head,-,,Kitui,2026-01-16
Kisasi,Chicken,Indigenous,-,Female,1000.00/Head,-,,Kitui,2026-01-16
Kisasi,Chicken,Indigenous,-,Male,1500.00/Head,-,,Kitui,2026-01-16
Kisasi,Cattle,Mixed,Grade 2,Female,35000.00/Head,-,,Kitui,2026-01-16
Kisasi,Cattle,Mixed,Grade 2,Male,45000.00/Head,-,,Kitui,2026-01-16
Kisasi,Cattle,Mixed,Grade 2,Female,55000.00/Head,-,,Kitui,2026-01-16
Kisasi,Cattle,Mixed,Grade 2,Male,75000.00/Head,-,,Kitui,2026-01-16
Kisasi,Sweet potatoes,-,-,-,75.00/Kg,100.00/Kg,,Kitui,2026-01-16
Kisasi,White Irish Potatoes,-,-,-,30.00/Kg,50.00/Kg,,Kitui,2026-01-16
Kisasi,Red Irish potato,-,-,-,60.00/Kg,100.00/Kg,,Kitui,2026-01-16
Kisasi,Cassava Fresh,-,-,-,45.00/Kg,85.00/Kg,,Kitui,2026-01-16
Kisasi,Arrow Root,-,-,-,80.00/Kg,150.00/Kg,,Kitui,2026-01-16
Mumias,Avocado,Local,-,-,-,83.33/Kg,,Kakamega,2026-01-16
Kisasi,White Sorghum,-,-,-,90.00/kg,110.00/kg,,Kitui,2026-01-16
Kisasi,Red Sorghum,-,-,-,80.00/Kg,90.00/Kg,,Kitui,2026-01-16
Kisasi,Pearl Rush Millet,-,-,-,90.00/Kg,110.00/Kg,,Kitui,2026-01-16
Kisasi,Finger Millet,-,-,-,80.00/Kg,100.00/Kg,,Kitui,2026-01-16
Kisasi,Dry Maize,White Maize,-,-,50.00/Kg,55.00/Kg,,Kitui,2026-01-16
Kisasi,Dry Maize,Mixed-Traditional,-,-,45.00/Kg,50.00/Kg,,Kitui,2026-01-16
Kisasi,Black nightshade (Managu/ Osuga),-,-,-,19.00/Kg,35.00/Kg,,Kitui,2026-01-16
Kisasi,Amaranthus (Terere),-,-,-,18.00/Kg,32.00/Kg,,Kitui,2026-01-16
Kisasi,Tomatoes,-,-,-,30.00/Kg,50.00/Kg,,Kitui,2026-01-16
Kisasi,Spinach,-,-,-,30.00/Kg,50.00/Kg,,Kitui,2026-01-16
Kisasi,Kales/Sukuma Wiki,-,-,-,23.00/Kg,42.00/Kg,,Kitui,2026-01-16
Kisasi,Ginger,-,-,-,100.00/Kg,130.00/Kg,,Kitui,2026-01-16
Kisasi,Garlic,-,-,-,300.00/Kg,400.00/Kg,,Kitui,2026-01-16
Kisasi,Dry Onions,-,-,-,50.00/Kg,80.00/Kg,,Kitui,2026-01-16
Kisasi,Coriander (Dhania),-,-,-,19.00/Kg,30.00/Kg,,Kitui,2026-01-16
Kisasi,Carrots,-,-,-,50.00/Kg,70.00/Kg,,Kitui,2026-01-16
Mumias,Apples,-,-,-,-,480.00/Kg,,Kakamega,2026-01-16
Kisasi,Cabbages,-,-,-,55.00/Kg,70.00/Kg,,Kitui,2026-01-16
Kisasi,Banana (Plantain),-,-,-,18.00/Kg,29.00/Kg,,Kitui,2026-01-16
Kisasi,Banana (Cooking),-,-,-,12.00/Kg,26.00/Kg,,Kitui,2026-01-16
Kisasi,Pigeon peas,-,-,-,80.00/Kg,100.00/Kg,,Kitui,2026-01-16
Kisasi,Green Grams,Local-Special,-,-,80.00/Kg,100.00/Kg,,Kitui,2026-01-16
Kisasi,Green Grams,Hybrid/ polished,-,-,90.00/Kg,120.00/Kg,,Kitui,2026-01-16
Kisasi,Beans Rosecoco (Nyayo),-,-,-,100.00/Kg,120.00/Kg,,Kitui,2026-01-16
Mumias,White Sorghum,-,-,-,-,68.18/kg,,Kakamega,2026-01-16
Kisasi,Beans Rosecoco,-,-,-,110.00/Kg,120.00/Kg,,Kitui,2026-01-16
Kisasi,Beans (Yellow-Green),-,-,-,130.00/Kg,150.00/Kg,,Kitui,2026-01-16
Mumias,Wheat Flour,Ndovu all purpose HBF,-,-,-,82.50/Kg,,Kakamega,2026-01-16
Kisasi,Beans (Mwitemania),-,-,-,100.00/Kg,120.00/Kg,,Kitui,2026-01-16
Mumias,Wheat Flour,Ajab fortigied Home Baking flour,-,-,-,87.50/Kg,,Kakamega,2026-01-16
Kisasi,Beans (Mwezi Moja),-,-,-,100.00/Kg,120.00/Kg,,Kitui,2026-01-16
Mumias,Wheat Flour,Ajab fortigied Home Baking flour,-,-,-,85.00/Kg,,Kakamega,2026-01-16
Mumias,Rice,IRR,-,-,-,130.00/Kg,,Kakamega,2026-01-16
Mumias,Rice,Pishori,-,-,-,300.00/Kg,,Kakamega,2026-01-16
Mumias,Red Sorghum,-,-,-,-,76.19/Kg,,Kakamega,2026-01-16
Mumias,Maize Flour,Soko,-,-,-,75.00/Kg,,Kakamega,2026-01-16
Mumias,Maize Flour,Posho Mill,-,-,-,68.18/Kg,,Kakamega,2026-01-16
Mumias,Maize Flour,Jogoo wimbi,-,-,-,145.00/Kg,,Kakamega,2026-01-16
Mumias,Maize Flour,Jogoo,-,-,-,77.50/Kg,,Kakamega,2026-01-16
Mumias,Maize Flour,Jembe,-,-,-,70.00/Kg,,Kakamega,2026-01-16
Mumias,Maize Flour,Hostess,-,-,-,92.50/Kg,,Kakamega,2026-01-16
Mumias,Maize Flour,Amaize,-,-,-,105.00/Kg,,Kakamega,2026-01-16
Mumias,Finger Millet,-,-,-,-,156.52/Kg,,Kakamega,2026-01-16
Mumias,Dry Maize,White Maize,-,-,-,54.55/Kg,,Kakamega,2026-01-16
Mumias,Spider flower (Saga),-,-,-,-,100.00/Kg,,Kakamega,2026-01-16
Mumias,Pumpkin Leaves,-,-,-,-,75.00/Kg,,Kakamega,2026-01-16
Mumias,Jute Plant (Murenda),-,-,-,-,200.00/Kg,,Kakamega,2026-01-16
Mumias,Indigenous Crotolaria (Mito/Miro),-,-,-,-,100.00/Kg,,Kakamega,2026-01-16
Mumias,Ethiopian Kales -Kanzira,-,-,-,-,166.67/Kg,,Kakamega,2026-01-16
Mumias,Cowpea leaves (Kunde),-,-,-,-,150.00/Kg,,Kakamega,2026-01-16
Mumias,Black nightshade (Managu/ Osuga),-,-,-,-,150.00/Kg,,Kakamega,2026-01-16
Mumias,Amaranthus (Terere),-,-,-,-,125.00/Kg,,Kakamega,2026-01-16
Lungalunga,Cabbages,-,-,-,60.00/Kg,100.00/Kg,5000.0,Kwale,2026-01-16
Kagio,Green Maize,-,-,-,35.00/Kg,50.00/Kg,4500.0,Kirinyaga,2026-01-16
Kagio,Fresh Peas,On pods,-,-,60.00/Kg,90.00/Kg,800.0,Kirinyaga,2026-01-16
Kagio,French beans,-,-,-,100.00/Kg,150.00/Kg,200.0,Kirinyaga,2026-01-16
Kagio,Ginger,-,-,-,180.00/Kg,250.00/Kg,200.0,Kirinyaga,2026-01-16
Kagio,Pumpkin,-,-,-,35.00/Kg,55.00/Kg,500.0,Kirinyaga,2026-01-16
Kagio,Spring Onions,-,-,-,50.00/Kg,70.00/Kg,400.0,Kirinyaga,2026-01-16
Kagio,Garlic,-,-,-,400.00/Kg,500.00/Kg,200.0,Kirinyaga,2026-01-16
Kagio,Kales/Sukuma Wiki,-,-,-,20.00/Kg,30.00/Kg,1500.0,Kirinyaga,2026-01-16
Kagio,Egg plant (Brinjals),-,-,-,30.00/Kg,40.00/Kg,200.0,Kirinyaga,2026-01-16
Kagio,Cucumber,-,-,-,35.00/Kg,60.00/Kg,500.0,Kirinyaga,2026-01-16
Kagio,Courgette,-,-,-,55.00/Kg,80.00/Kg,500.0,Kirinyaga,2026-01-16
Kagio,Coriander (Dhania),-,-,-,30.00/Kg,50.00/Kg,200.0,Kirinyaga,2026-01-16
Kagio,Cauliflower,-,-,-,120.00/Kg,180.00/Kg,100.0,Kirinyaga,2026-01-16
Kagio,Carrots,-,-,-,45.00/Kg,70.00/Kg,1500.0,Kirinyaga,2026-01-16
Kagio,Capsicums,-,-,-,200.00/Kg,300.00/Kg,100.0,Kirinyaga,2026-01-16
Kagio,Capsicums,-,-,-,55.00/Kg,80.00/Kg,800.0,Kirinyaga,2026-01-16
Kagio,Cabbages,-,-,-,20.00/Kg,25.00/Kg,18000.0,Kirinyaga,2026-01-16
Kagio,Butternuts,-,-,-,45.00/Kg,70.00/Kg,1000.0,Kirinyaga,2026-01-16
Kagio,Broccoli,-,-,-,100.00/Kg,150.00/Kg,100.0,Kirinyaga,2026-01-16
Kagio,Banana (Plantain),-,-,-,70.00/Kg,100.00/Kg,400.0,Kirinyaga,2026-01-16
Kagio,Banana (Cooking),-,-,-,25.00/Kg,40.00/Kg,28000.0,Kirinyaga,2026-01-16
Kagio,Water Melon,-,-,-,30.00/Kg,40.00/Kg,32000.0,Kirinyaga,2026-01-16
Kagio,Thorn melon,-,-,-,15.00/Kg,25.00/Kg,1200.0,Kirinyaga,2026-01-16
Kagio,Pineapples,-,-,-,50.00/Kg,50.00/Kg,3000.0,Kirinyaga,2026-01-16
Kagio,Passion Fruits,-,-,-,120.00/Kg,180.00/Kg,300.0,Kirinyaga,2026-01-16
Kagio,Pawpaw,-,-,-,30.00/Kg,50.00/Kg,2000.0,Kirinyaga,2026-01-16
Kagio,Oranges,-,-,-,70.00/Kg,100.00/Kg,600.0,Kirinyaga,2026-01-16
Kagio,Mangoes,Improved,-,-,50.00/Kg,70.00/Kg,1500.0,Kirinyaga,2026-01-16
Kagio,Lemons,-,-,-,40.00/Kg,60.00/Kg,250.0,Kirinyaga,2026-01-16
Kagio,Grapes,Black-Dark,-,-,180.00/Kg,230.00/Kg,100.0,Kirinyaga,2026-01-16
Kagio,Apples,-,-,-,180.00/Kg,250.00/Kg,200.0,Kirinyaga,2026-01-16
Kagio,Banana (Ripening),-,-,-,25.00/Kg,40.00/Kg,28000.0,Kirinyaga,2026-01-16
Gakoromone,White Irish Potatoes,-,-,-,52.86/Kg,54.29/Kg,36000.0,Meru,2026-01-16
Gakoromone,Cassava Fresh,-,-,-,50.00/Kg,60.00/Kg,500.0,Meru,2026-01-16
Gakoromone,Water Melon,-,-,-,35.00/Kg,40.00/Kg,42000.0,Meru,2026-01-16
Gakoromone,Thorn melon,-,-,-,30.00/Kg,35.00/Kg,200.0,Meru,2026-01-16
Gakoromone,Pineapples,-,-,-,80.00/Kg,90.00/Kg,1000.0,Meru,2026-01-16
Gakoromone,Pawpaw,-,-,-,40.00/Kg,50.00/Kg,600.0,Meru,2026-01-16
Gakoromone,Dry Maize,White Maize,-,-,51.11/Kg,52.22/Kg,50000.0,Meru,2026-01-16
Gakoromone,Tomatoes,-,-,-,25.00/Kg,30.00/Kg,48000.0,Meru,2026-01-16
Gakoromone,Spring Onions,-,-,-,60.00/Kg,70.00/Kg,1000.0,Meru,2026-01-16
Gakoromone,Spinach,-,-,-,45.00/Kg,50.00/Kg,4000.0,Meru,2026-01-16
Gakoromone,Pumpkin,-,-,-,40.00/Kg,60.00/Kg,600.0,Meru,2026-01-16
Gakoromone,Green Maize,-,-,-,60.00/Kg,70.00/Kg,1000.0,Meru,2026-01-16
Gakoromone,Fresh Peas,On pods,-,-,120.00/Kg,140.00/Kg,1200.0,Meru,2026-01-16
Gakoromone,Dry Onions,-,-,-,75.00/Kg,90.00/Kg,30000.0,Meru,2026-01-16
Gakoromone,Cucumber,-,-,-,90.00/Kg,100.00/Kg,400.0,Meru,2026-01-16
Gakoromone,Courgette,-,-,-,80.00/Kg,90.00/Kg,4000.0,Meru,2026-01-16
Gakoromone,Coriander (Dhania),-,-,-,50.00/Kg,60.00/Kg,1000.0,Meru,2026-01-16
Gakoromone,Carrots,-,-,-,50.00/Kg,52.86/Kg,32000.0,Meru,2026-01-16
Gakoromone,Capsicums,-,-,-,70.00/Kg,80.00/Kg,2500.0,Meru,2026-01-16
Gakoromone,Butternuts,-,-,-,40.00/Kg,50.00/Kg,150.0,Meru,2026-01-16
Gakoromone,Banana (Plantain),-,-,-,14.00/Kg,15.00/Kg,16000.0,Meru,2026-01-16
Gakoromone,Banana (Cooking),-,-,-,14.00/Kg,15.00/Kg,18000.0,Meru,2026-01-16
Gakoromone,Cabbages,-,-,-,20.00/Kg,23.33/Kg,20000.0,Meru,2026-01-16
Gakoromone,Mixed Beans,-,-,-,84.44/Kg,85.56/Kg,18000.0,Meru,2026-01-16
Malimili Livestock Market,Sheep,Red Maasai,Grade 2,Female,6500.00/Head,-,16.0,Kakamega,2026-01-16
Malimili Livestock Market,Sheep,Red Maasai,Grade 2,Male,6000.00/Head,-,10.0,Kakamega,2026-01-16
Malimili Livestock Market,Goat,Mixed,Grade 2,Female,6000.00/Head,-,15.0,Kakamega,2026-01-16
Malimili Livestock Market,Goat,Mixed,Grade 2,Female,7000.00/Head,-,14.0,Kakamega,2026-01-16
Malimili Livestock Market,Goat,Mixed,Grade 2,Male,5500.00/Head,-,15.0,Kakamega,2026-01-16
Malimili Livestock Market,Goat,Mixed,Grade 2,Male,6300.00/Head,-,13.0,Kakamega,2026-01-16
Malimili Livestock Market,Cattle,Mixed,Grade 3,Female,27000.00/Head,-,24.0,Kakamega,2026-01-16
Malimili Livestock Market,Cattle,Mixed,Grade 3,Female,38000.00/Head,-,20.0,Kakamega,2026-01-16
Malimili Livestock Market,Cattle,Mixed,Grade 3,Female,55000.00/Head,-,27.0,Kakamega,2026-01-16
Malimili Livestock Market,Cattle,Mixed,Grade 4,Male,20000.00/Head,-,22.0,Kakamega,2026-01-16
Malimili Livestock Market,Cattle,Mixed,Grade 4,Male,33000.00/Head,-,19.0,Kakamega,2026-01-16
Malimili Livestock Market,Cattle,Mixed,Grade 3,Male,50000.00/Head,-,23.0,Kakamega,2026-01-16
Malimili Livestock Market,Cattle,Ayrshire,Grade 3,Female,30000.00/Head,-,27.0,Kakamega,2026-01-16
Malimili Livestock Market,Cattle,Ayrshire,Grade 3,Female,40000.00/Head,-,20.0,Kakamega,2026-01-16
Malimili Livestock Market,Cattle,Ayrshire,Grade 3,Male,25000.00/Head,-,25.0,Kakamega,2026-01-16
Malimili Livestock Market,Cattle,Ayrshire,Grade 3,Male,35000.00/Head,-,10.0,Kakamega,2026-01-16
Nairobi Supermarkets,Wheat Flour,Winnie's Pure Health Atta Mark 1,-,-,-,128.50/Kg,,Nairobi,2026-01-16
Malimili Livestock Market,Cattle,Ayrshire,Grade 3,Female,60000.00/Head,-,23.0,Kakamega,2026-01-16
Nairobi Supermarkets,Wheat Flour,Tropicana HBF,-,-,-,88.50/Kg,,Nairobi,2026-01-16
Malimili Livestock Market,Cattle,Ayrshire,Grade 3,Male,54000.00/Head,-,16.0,Kakamega,2026-01-16
Nairobi Supermarkets,Wheat Flour,Soko Atta Mark 1,-,-,-,83.50/Kg,,Nairobi,2026-01-16
Nairobi Supermarkets,Wheat Flour,Soko All Purpose HBF,-,-,-,82.00/Kg,,Nairobi,2026-01-16
Nairobi Supermarkets,Wheat Flour,Phulka Atta Mark 1 Chapati Flour,-,-,-,80.50/Kg,,Nairobi,2026-01-16
Nairobi Supermarkets,Wheat Flour,Pembe Atta Mark 1,-,-,-,84.00/Kg,,Nairobi,2026-01-16
Nairobi Supermarkets,Wheat Flour,Pembe All Purpose HBF,-,-,-,83.00/Kg,,Nairobi,2026-01-16
Nairobi Supermarkets,Wheat Flour,Oboma all purpose HBF,-,-,-,79.00/Kg,,Nairobi,2026-01-16
Nairobi Supermarkets,Wheat Flour,Nutra Meal Atta Mark 1,-,-,-,135.00/Kg,,Nairobi,2026-01-16
Nairobi Supermarkets,Wheat Flour,Ndovu all purpose HBF,-,-,-,77.50/Kg,,Nairobi,2026-01-16
Nairobi Supermarkets,Wheat Flour,Mama Home Baking Flour,-,-,-,76.50/Kg,,Nairobi,2026-01-16
Nairobi Supermarkets,Wheat Flour,Kifaru All Purpose HBF,-,-,-,77.50/Kg,,Nairobi,2026-01-16
Malimili Livestock Market,Chicken,Improved Kienyeji,-,Male,800.00/Head,-,25.0,Kakamega,2026-01-16
Nairobi Supermarkets,Wheat Flour,Golden All Purpose,-,-,-,82.00/Kg,,Nairobi,2026-01-16
Nairobi Supermarkets,Wheat Flour,Exe self raising,-,-,-,92.50/Kg,,Nairobi,2026-01-16
Nairobi Supermarkets,Wheat Flour,Exe Mandazi Fortified Wheat Flour,-,-,-,91.50/Kg,,Nairobi,2026-01-16
Nairobi Supermarkets,Wheat Flour,Exe Chapati fortified wheat flour,-,-,-,88.00/Kg,,Nairobi,2026-01-16
Nairobi Supermarkets,Wheat Flour,Exe brown bread,-,-,-,91.00/Kg,,Nairobi,2026-01-16
Nairobi Supermarkets,Wheat Flour,Exe Atta Mark 1,-,-,-,90.50/Kg,,Nairobi,2026-01-16
Malimili Livestock Market,Chicken,Improved Kienyeji,-,Female,800.00/Head,-,30.0,Kakamega,2026-01-16
Nairobi Supermarkets,Wheat Flour,Exe All purpose fortified wheat flour,-,-,-,84.00/Kg,,Nairobi,2026-01-16
Nairobi Supermarkets,Wheat Flour,Elliots self raising flour,-,-,-,90.50/Kg,,Nairobi,2026-01-16
Nairobi Supermarkets,Wheat Flour,Elliots all purpose HBK,-,-,-,82.00/Kg,,Nairobi,2026-01-16
Nairobi Supermarkets,Wheat Flour,Dola premium all pupose,-,-,-,81.50/Kg,,Nairobi,2026-01-16
Nairobi Supermarkets,Wheat Flour,Dola Atta Mark 1,-,-,-,82.00/Kg,,Nairobi,2026-01-16
Nairobi Supermarkets,Wheat Flour,Chapati Afya,-,-,-,135.50/Kg,,Nairobi,2026-01-16
Nairobi Supermarkets,Wheat Flour,Ajab fortofied self raising,-,-,-,85.00/Kg,,Nairobi,2026-01-16
Malimili Livestock Market,Chicken,Improved Kienyeji,-,Male,1000.00/Head,-,55.0,Kakamega,2026-01-16
Nairobi Supermarkets,Wheat Flour,Ajab fortigied Home Baking flour,-,-,-,85.00/Kg,,Nairobi,2026-01-16
Nairobi Supermarkets,Wheat Flour,Ajab fortified mandazi flour,-,-,-,84.50/Kg,,Nairobi,2026-01-16
Malimili Livestock Market,Chicken,Indigenous,-,Male,700.00/Head,-,20.0,Kakamega,2026-01-16
Nairobi Supermarkets,Wheat Flour,210 Home baking flour,-,-,-,80.00/Kg,,Nairobi,2026-01-16
Nairobi Supermarkets,Wheat Flour,210 Atta Mark 1,-,-,-,77.50/Kg,,Nairobi,2026-01-16
Malimili Livestock Market,Chicken,Indigenous,-,Male,1100.00/Head,-,40.0,Kakamega,2026-01-16
Malimili Livestock Market,Chicken,Indigenous,-,Male,1100.00/Head,-,40.0,Kakamega,2026-01-16
Malimili Livestock Market,Chicken,Indigenous,-,Male,1100.00/Head,-,40.0,Kakamega,2026-01-16
Nairobi Supermarkets,Maize Flour,Ugali Afya,-,-,-,146.50/Kg,,Nairobi,2026-01-16
Nairobi Supermarkets,Maize Flour,Soko,-,-,-,80.50/Kg,,Nairobi,2026-01-16
Nairobi Supermarkets,Maize Flour,Raha Premium,-,-,-,100.50/Kg,,Nairobi,2026-01-16
Nairobi Supermarkets,Maize Flour,Pembe,-,-,-,82.00/Kg,,Nairobi,2026-01-16
Nairobi Supermarkets,Maize Flour,Oryx,-,-,-,82.50/Kg,,Nairobi,2026-01-16
Nairobi Supermarkets,Maize Flour,Ndovu,-,-,-,71.00/Kg,,Nairobi,2026-01-16
Nairobi Supermarkets,Maize Flour,Mama,-,-,-,75.50/Kg,,Nairobi,2026-01-16
Nairobi Supermarkets,Maize Flour,Jogoo wimbi,-,-,-,139.50/Kg,,Nairobi,2026-01-16
Nairobi Supermarkets,Maize Flour,Jogoo,-,-,-,77.00/Kg,,Nairobi,2026-01-16
Nairobi Supermarkets,Maize Flour,Hostess,-,-,-,94.00/Kg,,Nairobi,2026-01-16
Nairobi Supermarkets,Maize Flour,Equatorial afya ugali,-,-,-,136.00/Kg,,Nairobi,2026-01-16
Nairobi Supermarkets,Maize Flour,Dola,-,-,-,77.00/Kg,,Nairobi,2026-01-16
Nairobi Supermarkets,Maize Flour,Amaize,-,-,-,101.00/Kg,,Nairobi,2026-01-16
Nairobi Supermarkets,Maize Flour,Ajab,-,-,-,85.50/Kg,,Nairobi,2026-01-16
Nairobi Supermarkets,Maize Flour,210(two ten),-,-,-,77.00/Kg,,Nairobi,2026-01-16
Diani Market,Ginger,-,-,-,180.00/Kg,200.00/Kg,400.0,Kwale,2026-01-16
Diani Market,Kales/Sukuma Wiki,-,-,-,40.00/Kg,60.00/Kg,300.0,Kwale,2026-01-16
Diani Market,Okra (Lady's fingers or Gumbo),-,-,-,60.00/Kg,80.00/Kg,350.0,Kwale,2026-01-16
Diani Market,Spinach,-,-,-,40.00/Kg,60.00/Kg,300.0,Kwale,2026-01-16
Diani Market,Tomatoes,-,-,-,80.00/Kg,100.00/Kg,3000.0,Kwale,2026-01-16
Diani Market,Arrow Root,-,-,-,120.00/Kg,150.00/Kg,2000.0,Kwale,2026-01-16
Diani Market,Sweet potatoes,-,-,-,80.00/Kg,100.00/Kg,3000.0,Kwale,2026-01-16
Kangemi Market,Avocado,Fuerte,-,-,-,100.00/Kg,,Nairobi,2026-01-16
Kangemi Market,Oranges,-,-,-,140.00/Kg,170.00/Kg,,Nairobi,2026-01-16
Kangemi Market,Pineapples,-,-,-,65.00/Kg,80.00/Kg,,Nairobi,2026-01-16
Kangemi Market,White Irish Potatoes,-,-,-,-,80.00/Kg,,Nairobi,2026-01-16
Kangemi Market,Sweet potatoes,-,-,-,55.00/Kg,80.00/Kg,,Nairobi,2026-01-16
Kangemi Market,Dry Maize,White Maize,-,-,4500.00/Kg,5000.00/Kg,,Nairobi,2026-01-16
Kangemi Market,Rice,Pishori,-,-,150.00/Kg,170.00/Kg,,Nairobi,2026-01-16
Kangemi Market,Beans Rosecoco,-,-,-,112.22/Kg,120.00/Kg,,Nairobi,2026-01-16
Kangemi Market,Ground Nuts,Large Brown,-,-,310.00/Kg,-,,Nairobi,2026-01-16
Kangemi Market,Green Grams,Makueni,-,-,161.11/Kg,170.00/Kg,,Nairobi,2026-01-16
Kangemi Market,Beans (Canadian wonder),-,-,-,98.89/Kg,105.00/Kg,,Nairobi,2026-01-16
Kangemi Market,Beans Red Haricot (Wairimu),-,-,-,83.33/Kg,95.00/Kg,,Nairobi,2026-01-16
Kangemi Market,Beans Rosecoco (Nyayo),-,-,-,105.56/Kg,110.00/Kg,,Nairobi,2026-01-16
Kangemi Market,Beans (Yellow-Green),-,-,-,116.67/Kg,125.00/Kg,,Nairobi,2026-01-16
Kangemi Market,Dolichos lablab (Njahi),-,-,-,78.89/Kg,85.00/Kg,,Nairobi,2026-01-16
Kabati - Muranga,Pork,-,-,-,-,700.00/Kg,,Muranga,2026-01-16
Kabati - Muranga,Eggs,Exotic/Grade,-,-,-,400.00/Tray(30),,Muranga,2026-01-16
Kabati - Muranga,Cow Milk(Processd),-,-,-,100.00/Lt,110.00/Lt,,Muranga,2026-01-16
Kabati - Muranga,Cow Milk(At collection point),-,-,-,45.00/Lt,70.00/Lt,,Muranga,2026-01-16
Kabati - Muranga,Water Melon,-,-,-,-,60.00/Kg,,Muranga,2026-01-16
Kabati - Muranga,Tree tomato,-,-,-,70.00/Kg,10.00/Kg,,Muranga,2026-01-16
Kabati - Muranga,Thorn melon,-,-,-,45.00/Kg,60.00/Kg,,Muranga,2026-01-16
Kabati - Muranga,Tangerine (Sandara),-,-,-,45.00/Kg,70.00/Kg,,Muranga,2026-01-16
Kabati - Muranga,Pineapples,-,-,-,22.50/Kg,30.00/Kg,,Muranga,2026-01-16
Kabati - Muranga,Oranges,-,-,-,50.00/Kg,70.00/Kg,,Muranga,2026-01-16
Kabati - Muranga,Mangoes,Improved,-,-,40.00/Kg,80.00/Kg,,Muranga,2026-01-16
Kabati - Muranga,Lemons,-,-,-,50.00/Kg,70.00/Kg,,Muranga,2026-01-16
Kabati - Muranga,Grapes,White,-,-,480.00/Kg,600.00/Kg,,Muranga,2026-01-16
Kabati - Muranga,Banana (Ripening),-,-,-,18.00/Kg,35.00/Kg,,Muranga,2026-01-16
Kabati - Muranga,Avocado,Fuerte,-,-,60.00/Kg,120.00/Kg,,Muranga,2026-01-16
Kabati - Muranga,Apples,-,-,-,120.00/Kg,180.00/Kg,,Muranga,2026-01-16
Kabati - Muranga,Tomatoes,-,-,-,30.00/Kg,45.00/Kg,,Muranga,2026-01-16
Kabati - Muranga,Tomatoes,-,-,-,35.00/Kg,50.00/Kg,,Muranga,2026-01-16
Kabati - Muranga,Spinach,-,-,-,35.00/Kg,50.00/Kg,,Muranga,2026-01-16
Kabati - Muranga,Pumpkin,-,-,-,80.00/Kg,100.00/Kg,,Muranga,2026-01-16
Kabati - Muranga,Kales/Sukuma Wiki,-,-,-,35.00/Kg,50.00/Kg,,Muranga,2026-01-16
Kabati - Muranga,Green Maize,-,-,-,60.00/Kg,80.00/Kg,,Muranga,2026-01-16
Kabati - Muranga,Ginger,-,-,-,400.00/Kg,480.00/Kg,,Muranga,2026-01-16
Kabati - Muranga,Garlic,-,-,-,400.00/Kg,480.00/Kg,,Muranga,2026-01-16
Kabati - Muranga,Fresh Peas,Shelled Peas,-,-,-,280.00/Kg,,Muranga,2026-01-16
Kabati - Muranga,French beans,-,-,-,45.00/Kg,55.00/Kg,,Muranga,2026-01-16
Kabati - Muranga,Coriander (Dhania),-,-,-,35.00/Kg,50.00/Kg,,Muranga,2026-01-16
Kabati - Muranga,Chillies,-,-,-,60.00/Kg,120.00/Kg,,Muranga,2026-01-16
Kabati - Muranga,Capsicums,-,-,-,40.00/Kg,60.00/Kg,,Muranga,2026-01-16
Kabati - Muranga,Cabbages,-,-,-,30.00/Kg,45.00/Kg,,Muranga,2026-01-16
Kabati - Muranga,Butternuts,-,-,-,53.33/Kg,66.67/Kg,,Muranga,2026-01-16
Kabati - Muranga,Banana (Plantain),-,-,-,18.00/Kg,35.00/Kg,,Muranga,2026-01-16
Kabati - Muranga,Banana (Cooking),-,-,-,18.00/Kg,35.00/Kg,,Muranga,2026-01-16
Mumias,Tomatoes,-,-,-,-,76.92/Kg,,Kakamega,2026-01-16
Mumias,Spring Onions,-,-,-,-,100.00/Kg,,Kakamega,2026-01-16
Mumias,Spinach,-,-,-,-,83.33/Kg,,Kakamega,2026-01-16
Mumias,Pumpkin,-,-,-,-,62.50/Kg,,Kakamega,2026-01-16
Mumias,Kales/Sukuma Wiki,-,-,-,-,80.00/Kg,,Kakamega,2026-01-16
Mumias,Ginger,-,-,-,-,312.50/Kg,,Kakamega,2026-01-16
Mumias,Garlic,-,-,-,-,500.00/Kg,,Kakamega,2026-01-16
Mumias,Fresh Peas,Shelled Peas,-,-,-,136.36/Kg,,Kakamega,2026-01-16
Mumias,Dry Onions,-,-,-,-,125.00/Kg,,Kakamega,2026-01-16
Mumias,Cucumber,-,-,-,-,125.00/Kg,,Kakamega,2026-01-16
Mumias,Coriander (Dhania),-,-,-,-,333.33/Kg,,Kakamega,2026-01-16
Mumias,Chillies,-,-,-,-,125.00/Kg,,Kakamega,2026-01-16
Mumias,Carrots,-,-,-,-,83.33/Kg,,Kakamega,2026-01-16
Mumias,Capsicums,-,-,-,-,166.67/Kg,,Kakamega,2026-01-16
Mumias,Cabbages,-,-,-,-,35.71/Kg,,Kakamega,2026-01-16
Mumias,Butternuts,-,-,-,-,83.33/Kg,,Kakamega,2026-01-16
Mumias,Banana (Plantain),-,-,-,-,47.62/Kg,,Kakamega,2026-01-16
Mumias,Banana (Cooking),-,-,-,-,41.67/Kg,,Kakamega,2026-01-16
Mumias,Njugu Mawe,-,-,-,-,545.45/Kg,,Kakamega,2026-01-16
Mumias,Mixed Beans,-,-,-,-,118.18/Kg,,Kakamega,2026-01-16
Mumias,Lentils,-,-,-,-,480.00/Kg,,Kakamega,2026-01-16
Mumias,Ground Nuts,Small Red,-,-,-,261.90/Kg,,Kakamega,2026-01-16
Mumias,Ground Nuts,Large Brown,-,-,-,257.14/Kg,,Kakamega,2026-01-16
Mumias,Green Grams,Local-Special,-,-,-,120.00/Kg,,Kakamega,2026-01-16
Mumias,Green Grams,Hybrid/ polished,-,-,-,180.00/Kg,,Kakamega,2026-01-16
Mumias,Dry Peas,-,-,-,-,260.00/Kg,,Kakamega,2026-01-16
Mumias,Dolichos lablab (Njahi),-,-,-,-,240.00/Kg,,Kakamega,2026-01-16
Mumias,Cowpeas,-,-,-,-,130.43/Kg,,Kakamega,2026-01-16
Mumias,Beans Rosecoco (Nyayo),-,-,-,-,180.00/Kg,,Kakamega,2026-01-16
Mumias,Beans Rosecoco,-,-,-,-,173.91/Kg,,Kakamega,2026-01-16
Mumias,Beans Red Haricot (Wairimu),-,-,-,-,116.67/Kg,,Kakamega,2026-01-16
Mumias,Beans (Yellow-Green),-,-,-,-,173.91/Kg,,Kakamega,2026-01-16
Mumias,Beans (Mwitemania),-,-,-,-,136.36/Kg,,Kakamega,2026-01-16
Mumias,Beans (Mwezi Moja),-,-,-,-,136.36/Kg,,Kakamega,2026-01-16
Mumias,Beans (Canadian wonder),-,-,-,-,160.87/Kg,,Kakamega,2026-01-16
Mumias,Coconut,-,-,-,-,166.67/Kg,,Kakamega,2026-01-16
Mumias,Fertilizer,Urea,-,-,-,92.00/Kg,,Kakamega,2026-01-16
Mumias,Fertilizer,NPK,-,-,-,102.00/Kg,,Kakamega,2026-01-16
Mumias,Fertilizer,CAN,-,-,-,68.00/Kg,,Kakamega,2026-01-16
Mumias,Fertilizer,DAP,-,-,-,104.00/Kg,,Kakamega,2026-01-16
Katito,Sheep,Red Maasai,Grade 2,Male,6500.00/Head,-,650.0,Kisumu,2026-01-15
Katito,Goat,East African Goat,Grade 2,Female,6200.00/Head,-,950.0,Kisumu,2026-01-15
Katito,Goat,East African Goat,Grade 2,Male,7500.00/Head,-,1200.0,Kisumu,2026-01-15
Katito,Cattle,Zebu,Grade 3,Female,32000.00/Head,-,840.0,Kisumu,2026-01-15
Katito,Cattle,Zebu,Grade 4,Male,38000.00/Head,-,540.0,Kisumu,2026-01-15
Katito,Water Melon,-,-,-,62.97/Kg,100.00/Kg,1500.0,Kisumu,2026-01-15
Katito,Mangoes,Improved,-,-,70.00/Kg,108.23/Kg,6500.0,Kisumu,2026-01-15
Katito,Rice,IRR,-,-,300.00/Kg,205.64/Kg,5500.0,Kisumu,2026-01-15
Katito,Green Grams,Local-Special,-,-,150.00/Kg,154.05/Kg,3500.0,Kisumu,2026-01-15
Katito,Chicken,Indigenous,-,Female,950.00/Head,-,1300.0,Kisumu,2026-01-15
Katito,Chicken,Indigenous,-,Male,1100.00/Head,-,950.0,Kisumu,2026-01-15
Katito,Finger Millet,-,-,-,135.00/Kg,182.29/Kg,3800.0,Kisumu,2026-01-15
Katito,Beans (Mwezi Moja),-,-,-,166.67/Kg,124.16/Kg,6500.0,Kisumu,2026-01-15
Katito,Beans Rosecoco,-,-,-,177.78/Kg,148.56/Kg,4500.0,Kisumu,2026-01-15
Katito,Red Irish potato,-,-,-,90.00/Kg,96.71/Kg,8500.0,Kisumu,2026-01-15
Katito,Kales/Sukuma Wiki,-,-,-,37.50/Kg,126.58/Kg,6800.0,Kisumu,2026-01-15
Katito,Cabbages,-,-,-,22.94/Kg,26.46/Kg,3500.0,Kisumu,2026-01-15
Katito,Spring Onions,-,-,-,75.00/Kg,74.18/Kg,1500.0,Kisumu,2026-01-15
Katito,Tomatoes,-,-,-,160.00/Kg,77.12/Kg,6500.0,Kisumu,2026-01-15
Katito,Banana (Cooking),-,-,-,28.13/Kg,50.00/Kg,1800.0,Kisumu,2026-01-15
Katito,Omena,Dried,-,-,177.78/Kg,588.24/Kg,7500.0,Kisumu,2026-01-15
Katito,Tilapia,Fresh,-,-,350.00/Kg,663.45/Kg,3500.0,Kisumu,2026-01-15
Katito,Nile Perch,Fillet,-,-,36.36/Kg,447.23/Kg,2500.0,Kisumu,2026-01-15
Katito,Dry Maize,White Maize,-,-,50.00/Kg,53.45/Kg,7500.0,Kisumu,2026-01-15
Katito,Ground Nuts,Large Brown,-,-,200.00/Kg,267.90/Kg,2500.0,Kisumu,2026-01-15
Diani Market,Okra (Lady's fingers or Gumbo),-,-,-,60.00/Kg,80.00/Kg,250.0,Kwale,2026-01-15
Diani Market,Egg plant (Brinjals),-,-,-,40.00/Kg,60.00/Kg,400.0,Kwale,2026-01-15
Diani Market,Cabbages,-,-,-,80.00/Kg,100.00/Kg,2500.0,Kwale,2026-01-15
Diani Market,Capsicums,-,-,-,80.00/Kg,100.00/Kg,400.0,Kwale,2026-01-15
Diani Market,Carrots,-,-,-,60.00/Kg,80.00/Kg,450.0,Kwale,2026-01-15
Diani Market,Garlic,-,-,-,500.00/Kg,550.00/Kg,300.0,Kwale,2026-01-15
Diani Market,Dry Onions,-,-,-,100.00/Kg,120.00/Kg,1500.0,Kwale,2026-01-15
Diani Market,Tomatoes,-,-,-,100.00/Kg,200.00/Kg,6000.0,Kwale,2026-01-15
Maua,Arrow Root,-,-,-,50.00/Kg,70.00/Kg,1000.0,Meru,2026-01-15
Maua,Sweet potatoes,-,-,-,45.00/Kg,80.00/Kg,800.0,Meru,2026-01-15
Maua,White Irish Potatoes,-,-,-,50.00/Kg,70.00/Kg,40000.0,Meru,2026-01-15
Maua,Carrots,-,-,-,45.00/Kg,60.00/Kg,6000.0,Meru,2026-01-15
Maua,Fresh Peas,On pods,-,-,100.00/Kg,120.00/Kg,2000.0,Meru,2026-01-15
Maua,Spinach,-,-,-,30.00/Kg,50.00/Kg,300.0,Meru,2026-01-15
Maua,Spinach,-,-,-,15.00/Kg,40.00/Kg,560.0,Meru,2026-01-15
Maua,Spring Onions,-,-,-,50.00/Kg,70.00/Kg,1200.0,Meru,2026-01-15
Maua,Capsicums,-,-,-,60.00/Kg,80.00/Kg,2600.0,Meru,2026-01-15
Maua,Dry Onions,-,-,-,80.00/Kg,100.00/Kg,8000.0,Meru,2026-01-15
Maua,Tomatoes,-,-,-,35.00/Kg,50.00/Kg,18000.0,Meru,2026-01-15
Kinango,Tomatoes,-,-,-,55.56/Kg,80.00/Kg,6000.0,Kwale,2026-01-15
Kinango,White Irish Potatoes,-,-,-,57.89/Kg,80.00/Kg,6000.0,Kwale,2026-01-15
Lubao Livestock Market,Sheep,Red Maasai,Grade 2,Male,6000.00/Head,-,50.0,Kakamega,2026-01-15
Kerugoya,White Irish Potatoes,-,-,-,40.00/Kg,70.00/Kg,2300.0,Kirinyaga,2026-01-15
Lubao Livestock Market,Goat,East African Goat,Grade 2,Male,6000.00/Head,-,70.0,Kakamega,2026-01-15
Kerugoya,Thorn melon,-,-,-,30.00/Kg,60.00/Kg,150.0,Kirinyaga,2026-01-15
Lubao Livestock Market,Pigs,Interbreed,-,Male,20000.00/Head,-,6.0,Kakamega,2026-01-15
Lubao Livestock Market,Chicken,Improved Kienyeji,-,Female,800.00/Head,-,150.0,Kakamega,2026-01-15
Kerugoya,Passion Fruits,-,-,-,180.00/Kg,250.00/Kg,250.0,Kirinyaga,2026-01-15
Kerugoya,Oranges,-,-,-,60.00/Kg,120.00/Kg,300.0,Kirinyaga,2026-01-15
Lubao Livestock Market,Chicken,Improved Kienyeji,-,Male,1200.00/Head,-,200.0,Kakamega,2026-01-15
Kerugoya,Mangoes,Improved,-,-,60.00/Kg,120.00/Kg,300.0,Kirinyaga,2026-01-15
Lubao Livestock Market,Cattle,Mixed,Grade 2,Male,60000.00/Head,-,100.0,Kakamega,2026-01-15
Kerugoya,Banana (Ripening),-,-,-,20.00/Kg,50.00/Kg,300.0,Kirinyaga,2026-01-15
Kerugoya,Rice,Pishori,-,-,150.00/Kg,180.00/Kg,2200.0,Kirinyaga,2026-01-15
Lubao Livestock Market,Cattle,Mixed,Grade 2,Male,65000.00/Head,-,150.0,Kakamega,2026-01-15
Kerugoya,Dry Maize,White Maize,-,-,55.00/Kg,70.00/Kg,4500.0,Kirinyaga,2026-01-15
Kerugoya,Tomatoes,-,-,-,25.00/Kg,50.00/Kg,1800.0,Kirinyaga,2026-01-15
Kerugoya,Pumpkin,-,-,-,45.00/Kg,80.00/Kg,200.0,Kirinyaga,2026-01-15
Kerugoya,Kales/Sukuma Wiki,-,-,-,20.00/Kg,40.00/Kg,200.0,Kirinyaga,2026-01-15
Kerugoya,Green Maize,-,-,-,64.00/Kg,80.00/Kg,180.0,Kirinyaga,2026-01-15
Kerugoya,Ginger,-,-,-,175.00/Kg,250.00/Kg,180.0,Kirinyaga,2026-01-15
Kerugoya,Dry Onions,-,-,-,40.00/Kg,80.00/Kg,2400.0,Kirinyaga,2026-01-15
Kerugoya,Courgette,-,-,-,40.00/Kg,80.00/Kg,350.0,Kirinyaga,2026-01-15
Kerugoya,Carrots,-,-,-,40.00/Kg,70.00/Kg,400.0,Kirinyaga,2026-01-15
Kerugoya,Capsicums,-,-,-,30.00/Kg,70.00/Kg,300.0,Kirinyaga,2026-01-15
Kerugoya,Cabbages,-,-,-,20.00/Kg,30.00/Kg,350.0,Kirinyaga,2026-01-15
Kerugoya,Butternuts,-,-,-,70.00/Kg,100.00/Kg,180.0,Kirinyaga,2026-01-15
Kerugoya,Banana (Cooking),-,-,-,15.00/Kg,30.00/Kg,800.0,Kirinyaga,2026-01-15
Kerugoya,Dry Peas,-,-,-,180.00/Kg,220.00/Kg,600.0,Kirinyaga,2026-01-15
Kerugoya,Pigeon peas,-,-,-,130.00/Kg,175.00/Kg,2300.0,Kirinyaga,2026-01-15
Kerugoya,Mixed Beans,-,-,-,110.00/Kg,140.00/Kg,1200.0,Kirinyaga,2026-01-15
Kerugoya,Lentils,-,-,-,230.00/Kg,300.00/Kg,1250.0,Kirinyaga,2026-01-15
Kerugoya,Ground Nuts,Large Brown,-,-,250.00/Kg,350.00/Kg,850.0,Kirinyaga,2026-01-15
Kerugoya,Green Grams,Makueni,-,-,130.00/Kg,175.00/Kg,1600.0,Kirinyaga,2026-01-15
Kerugoya,Green Grams,Local-Special,-,-,120.00/Kg,150.00/Kg,1550.0,Kirinyaga,2026-01-15
Kerugoya,Dolichos lablab (Njahi),-,-,-,120.00/Kg,150.00/Kg,1650.0,Kirinyaga,2026-01-15
Kerugoya,Cowpeas,-,-,-,100.00/Kg,140.00/Kg,2300.0,Kirinyaga,2026-01-15
Kerugoya,Beans Rosecoco (Nyayo),-,-,-,135.00/Kg,175.00/Kg,2500.0,Kirinyaga,2026-01-15
Kerugoya,Beans Rosecoco,-,-,-,130.00/Kg,170.00/Kg,2600.0,Kirinyaga,2026-01-15
Kerugoya,Beans Red Haricot (Wairimu),-,-,-,120.00/Kg,150.00/Kg,2700.0,Kirinyaga,2026-01-15
Kerugoya,Beans (Yellow-Green),-,-,-,145.00/Kg,200.00/Kg,1650.0,Kirinyaga,2026-01-15
Kerugoya,Beans (Mwitemania),-,-,-,130.00/Kg,170.00/Kg,2300.0,Kirinyaga,2026-01-15
Kerugoya,Beans (Mwezi Moja),-,-,-,120.00/Kg,150.00/Kg,2500.0,Kirinyaga,2026-01-15
Kinango,Water Melon,-,-,-,28.00/Kg,50.00/Kg,2000.0,Kwale,2026-01-15
Kinango,Oranges,-,-,-,40.00/Kg,60.00/Kg,600.0,Kwale,2026-01-15
Kinango,Mangoes,Local,-,-,58.00/Kg,100.00/Kg,2500.0,Kwale,2026-01-15
Kinango,Lemons,-,-,-,45.00/Kg,65.00/Kg,300.0,Kwale,2026-01-15
Kinango,Banana (Ripening),-,-,-,45.00/Kg,65.00/Kg,2500.0,Kwale,2026-01-15
Kinango,Avocado,Local,-,-,55.00/Kg,90.00/Kg,500.0,Kwale,2026-01-15
Kinango,Omena,Dried,-,-,514.29/Kg,560.00/Kg,1820.0,Kwale,2026-01-15
Kinango,Black nightshade (Managu/ Osuga),-,-,-,55.00/Kg,75.00/Kg,500.0,Kwale,2026-01-15
Kinango,Amaranthus (Terere),-,-,-,38.00/Kg,60.00/Kg,1200.0,Kwale,2026-01-15
Kinango,Spinach,-,-,-,48.00/Kg,70.00/Kg,400.0,Kwale,2026-01-15
Kinango,Kales/Sukuma Wiki,-,-,-,40.00/Kg,60.00/Kg,2000.0,Kwale,2026-01-15
Kinango,Green Maize,-,-,-,48.00/Kg,70.00/Kg,600.0,Kwale,2026-01-15
Kinango,Ginger,-,-,-,198.00/Kg,250.00/Kg,600.0,Kwale,2026-01-15
Kinango,Garlic,-,-,-,450.00/Kg,550.00/Kg,400.0,Kwale,2026-01-15
Kinango,Egg plant (Brinjals),-,-,-,70.00/Kg,120.00/Kg,500.0,Kwale,2026-01-15
Kinango,Dry Onions,-,-,-,100.00/Kg,150.00/Kg,1500.0,Kwale,2026-01-15
Kinango,Coriander (Dhania),-,-,-,80.00/Kg,120.00/Kg,150.0,Kwale,2026-01-15
Kinango,Chillies,-,-,-,98.00/Kg,150.00/Kg,200.0,Kwale,2026-01-15
Kinango,Carrots,-,-,-,80.00/Kg,120.00/Kg,500.0,Kwale,2026-01-15
Kinango,Capsicums,-,-,-,97.00/Kg,150.00/Kg,700.0,Kwale,2026-01-15
Kinango,Cabbages,-,-,-,25.00/Kg,33.33/Kg,2000.0,Kwale,2026-01-15
Kinango,Banana (Cooking),-,-,-,47.00/Kg,65.00/Kg,600.0,Kwale,2026-01-15
Maua,Lentils,-,-,-,180.00/Kg,200.00/Kg,1000.0,Meru,2026-01-15
Maua,Pigeon peas,-,-,-,88.89/Kg,100.00/Kg,4500.0,Meru,2026-01-15
Maua,Green Grams,Hybrid/ polished,-,-,138.89/Kg,150.00/Kg,9000.0,Meru,2026-01-15
Maua,Cowpeas,-,-,-,100.00/Kg,120.00/Kg,1800.0,Meru,2026-01-15
Maua,Dolichos lablab (Njahi),-,-,-,83.33/Kg,100.00/Kg,9000.0,Meru,2026-01-15
Maua,Mixed Beans,-,-,-,14.00/Kg,90.00/Kg,1260.0,Meru,2026-01-15
Maua,Beans (Yellow-Green),-,-,-,133.33/Kg,150.00/Kg,900.0,Meru,2026-01-15
Maua,Beans Rosecoco (Nyayo),-,-,-,133.33/Kg,150.00/Kg,450.0,Meru,2026-01-15
Maua,Beans (Mwitemania),-,-,-,111.11/Kg,130.00/Kg,8100.0,Meru,2026-01-15
Maua,Rice,Pishori,-,-,160.00/Kg,150.00/Kg,6000.0,Meru,2026-01-15
Maua,Rice,Sindano,-,-,140.00/Kg,160.00/Kg,3800.0,Meru,2026-01-15
Maua,Wheat,-,-,-,86.67/Kg,100.00/Kg,900.0,Meru,2026-01-15
Maua,White Sorghum,-,-,-,80.00/kg,90.00/kg,1000.0,Meru,2026-01-15
Maua,Red Sorghum,-,-,-,80.00/Kg,90.00/Kg,1500.0,Meru,2026-01-15
Maua,Pearl Rush Millet,-,-,-,100.00/Kg,110.00/Kg,2800.0,Meru,2026-01-15
Maua,Finger Millet,-,-,-,130.00/Kg,140.00/Kg,2400.0,Meru,2026-01-15
Maua,Dry Maize,White Maize,-,-,50.00/Kg,60.00/Kg,7200.0,Meru,2026-01-15
Gikomba,Wheat,-,-,-,64.44/Kg,100.00/Kg,,Nairobi,2026-01-15
Gikomba,Rice,Sindano,-,-,160.00/Kg,160.00/Kg,,Nairobi,2026-01-15
Gikomba,Rice,Pishori,-,-,160.00/Kg,180.00/Kg,,Nairobi,2026-01-15
Gikomba,Red Sorghum,-,-,-,72.22/Kg,100.00/Kg,,Nairobi,2026-01-15
Gikomba,Pearl Rush Millet,-,-,-,124.00/Kg,170.00/Kg,,Nairobi,2026-01-15
Gikomba,Finger Millet,-,-,-,83.33/Kg,140.00/Kg,,Nairobi,2026-01-15
Gikomba,Dry Maize,Yellow Maize,-,-,77.78/Kg,100.00/Kg,,Nairobi,2026-01-15
Gikomba,Dry Maize,White Maize,-,-,50.00/Kg,65.00/Kg,,Nairobi,2026-01-15
Gikomba,Lentils,-,-,-,260.00/Kg,300.00/Kg,,Nairobi,2026-01-15
Gikomba,Ground Nuts,Large Brown,-,-,166.67/Kg,275.00/Kg,,Nairobi,2026-01-15
Gikomba,Green Grams,Makueni,-,-,144.44/Kg,200.00/Kg,,Nairobi,2026-01-15
Gikomba,Dolichos lablab (Njahi),-,-,-,88.89/Kg,150.00/Kg,,Nairobi,2026-01-15
Gikomba,Cowpeas,-,-,-,88.89/Kg,150.00/Kg,,Nairobi,2026-01-15
Gikomba,Beans Rosecoco (Nyayo),-,-,-,1055.56/Kg,190.00/Kg,,Nairobi,2026-01-15
Gikomba,Beans Red Haricot (Wairimu),-,-,-,88.89/Kg,150.00/Kg,,Nairobi,2026-01-15
Gikomba,Beans (Yellow-Green),-,-,-,111.11/Kg,200.00/Kg,,Nairobi,2026-01-15
Ngundune,Meat Beef,-,-,-,600.00/Kg,700.00/Kg,3500.0,Meru,2026-01-15
Ngundune,Eggs,Indigenous /Kenyeji,-,-,450.00/Tray(30),600.00/Tray(30),15.0,Meru,2026-01-15
Ngundune,Eggs,Exotic/Grade,-,-,380.00/Tray(30),450.00/Tray(30),100.0,Meru,2026-01-15
Ngundune,Cow Milk(Processd),-,-,-,94.00/Lt,120.00/Lt,1200.0,Meru,2026-01-15
Ngundune,Cow Milk(At collection point),-,-,-,70.00/Lt,80.00/Lt,350.0,Meru,2026-01-15
Ngundune,Cattle,Mixed,Grade 3,Male,35000.00/Head,-,80.0,Meru,2026-01-15
Ngundune,Cattle,Other,Grade 3,Male,60000.00/Head,-,150.0,Meru,2026-01-15
Ngundune,Cattle,Boran,Grade 2,Female,68000.00/Head,-,50.0,Meru,2026-01-15
Ngundune,Cattle,Boran,Grade 3,Male,75000.00/Head,-,120.0,Meru,2026-01-15
Kipini Fish market,Rayfish,Dried,-,-,300.00/ Kg,400.00/ Kg,23.0,Tana-River,2026-01-15
Kipini Fish market,African butter catfish,Fresh,-,-,120.00/Kg,150.00/Kg,18.0,Tana-River,2026-01-15
Kipini Fish market,Jacks/Trevallies(Kolekole),Frozen/Chilled,-,-,270.00/ Kg,350.00/ Kg,285.0,Tana-River,2026-01-15
Kipini Fish market,Scavengers (Changu/Tangu),Frozen/Chilled,-,-,290.00/Kg,380.00/Kg,48.0,Tana-River,2026-01-15
Diani Market,Okra (Lady's fingers or Gumbo),-,-,-,60.00/Kg,80.00/Kg,250.0,Kwale,2026-01-14
Diani Market,Egg plant (Brinjals),-,-,-,40.00/Kg,60.00/Kg,400.0,Kwale,2026-01-14
Diani Market,Cabbages,-,-,-,80.00/Kg,100.00/Kg,2500.0,Kwale,2026-01-14
Diani Market,Capsicums,-,-,-,80.00/Kg,100.00/Kg,400.0,Kwale,2026-01-14
Diani Market,Carrots,-,-,-,60.00/Kg,80.00/Kg,450.0,Kwale,2026-01-14
Diani Market,Garlic,-,-,-,500.00/Kg,550.00/Kg,300.0,Kwale,2026-01-14
Diani Market,Dry Onions,-,-,-,100.00/Kg,120.00/Kg,1500.0,Kwale,2026-01-14
Diani Market,Tomatoes,-,-,-,80.00/Kg,100.00/Kg,6000.0,Kwale,2026-01-14
Mukuyu Market,Banana (Cooking),-,-,-,30.00/Kg,50.00/Kg,,Muranga,2026-01-14
Makutano Kirinyaga,Water Melon,-,-,-,20.00/Kg,40.00/Kg,2800.0,Kirinyaga,2026-01-14
Mukuyu Market,Banana (Plantain),-,-,-,70.00/Kg,100.00/Kg,,Muranga,2026-01-14
Makutano Kirinyaga,Thorn melon,-,-,-,30.00/Kg,50.00/Kg,550.0,Kirinyaga,2026-01-14
Mukuyu Market,Cabbages,-,-,-,-,50.00/Kg,,Muranga,2026-01-14
Mukuyu Market,Capsicums,-,-,-,-,100.00/Kg,,Muranga,2026-01-14
Makutano Kirinyaga,Mangoes,Improved,-,-,10.00/Kg,20.00/Kg,5600.0,Kirinyaga,2026-01-14
Mukuyu Market,Cauliflower,-,-,-,-,180.00/Kg,,Muranga,2026-01-14
Mukuyu Market,Chillies,-,-,-,50.00/Kg,100.00/Kg,,Muranga,2026-01-14
Makutano Kirinyaga,Lemons,-,-,-,60.00/Kg,80.00/Kg,350.0,Kirinyaga,2026-01-14
Mukuyu Market,Coriander (Dhania),-,-,-,50.00/Kg,100.00/Kg,,Muranga,2026-01-14
Mukuyu Market,Courgette,-,-,-,120.00/Kg,150.00/Kg,,Muranga,2026-01-14
Makutano Kirinyaga,Courgette,-,-,-,60.00/Kg,80.00/Kg,860.0,Kirinyaga,2026-01-14
Mukuyu Market,Cucumber,-,-,-,100.00/Kg,150.00/Kg,,Muranga,2026-01-14
Mukuyu Market,Dry Onions,-,-,-,80.00/Kg,100.00/Kg,,Muranga,2026-01-14
Mukuyu Market,Fresh Peas,On pods,-,-,100.00/Kg,120.00/Kg,,Muranga,2026-01-14
Makutano Kirinyaga,Carrots,-,-,-,40.00/Kg,60.00/Kg,2900.0,Kirinyaga,2026-01-14
Mukuyu Market,Garlic,-,-,-,-,350.00/Kg,,Muranga,2026-01-14
Mukuyu Market,Ginger,-,-,-,-,250.00/Kg,,Muranga,2026-01-14
Mukuyu Market,Green Maize,-,-,-,50.00/Kg,60.00/Kg,,Muranga,2026-01-14
Makutano Kirinyaga,Coriander (Dhania),-,-,-,70.00/Kg,100.00/Kg,320.0,Kirinyaga,2026-01-14
Mukuyu Market,Kales/Sukuma Wiki,-,-,-,15.00/Kg,20.00/Kg,,Muranga,2026-01-14
Makutano Kirinyaga,Dry Onions,-,-,-,80.00/Kg,100.00/Kg,3400.0,Kirinyaga,2026-01-14
Mukuyu Market,Pumpkin,-,-,-,100.00/Kg,150.00/Kg,,Muranga,2026-01-14
Mukuyu Market,Spinach,-,-,-,20.00/Kg,30.00/Kg,,Muranga,2026-01-14
Mukuyu Market,Spring Onions,-,-,-,80.00/Kg,100.00/Kg,,Muranga,2026-01-14
Mukuyu Market,Tomatoes,-,-,-,30.00/Kg,40.00/Kg,,Muranga,2026-01-14
Makutano Kirinyaga,Egg plant (Brinjals),-,-,-,30.00/Kg,45.00/Kg,1200.0,Kirinyaga,2026-01-14
Mukuyu Market,Cowpea leaves (Kunde),-,-,-,50.00/Kg,70.00/Kg,,Muranga,2026-01-14
Mukuyu Market,Black nightshade (Managu/ Osuga),-,-,-,40.00/Kg,60.00/Kg,,Muranga,2026-01-14
Mukuyu Market,Amaranthus (Terere),-,-,-,-,70.00/Kg,,Muranga,2026-01-14
Mukuyu Market,Dragon Fruit,-,-,-,-,350.00/Kg,,Muranga,2026-01-14
Mukuyu Market,Eggs,Indigenous /Kenyeji,-,-,-,600.00/Tray(30),,Muranga,2026-01-14
Mukuyu Market,Eggs,Exotic/Grade,-,-,-,380.00/Tray(30),,Muranga,2026-01-14
Mukuyu Market,Cow Milk(At collection point),-,-,-,-,45.00/Lt,,Muranga,2026-01-14
Makutano Kirinyaga,French beans,-,-,-,60.00/Kg,80.00/Kg,380.0,Kirinyaga,2026-01-14
Mukuyu Market,Pork,-,-,-,-,700.00/Kg,,Muranga,2026-01-14
Mukuyu Market,Meat Beef,-,-,-,-,600.00/Kg,,Muranga,2026-01-14
Makutano Kirinyaga,Fresh Peas,On pods,-,-,80.00/Kg,100.00/Kg,3700.0,Kirinyaga,2026-01-14
Makutano Kirinyaga,Garlic,-,-,-,320.00/Kg,400.00/Kg,600.0,Kirinyaga,2026-01-14
Makutano Kirinyaga,Ginger,-,-,-,200.00/Kg,280.00/Kg,650.0,Kirinyaga,2026-01-14
Mukuyu Market,Honey,Crude,-,-,-,800.00/Kg,,Muranga,2026-01-14
Mukuyu Market,Beans (Canadian wonder),-,-,-,-,150.00/Kg,,Muranga,2026-01-14
Mukuyu Market,Beans (Yellow-Green),-,-,-,-,175.00/Kg,,Muranga,2026-01-14
Makutano Kirinyaga,Green Maize,-,-,-,40.00/Kg,60.00/Kg,2400.0,Kirinyaga,2026-01-14
Mukuyu Market,Beans Rosecoco,-,-,-,-,300.00/Kg,,Muranga,2026-01-14
Mukuyu Market,Beans Rosecoco (Nyayo),-,-,-,-,150.00/Kg,,Muranga,2026-01-14
Makutano Kirinyaga,Kales/Sukuma Wiki,-,-,-,20.00/Kg,30.00/Kg,2500.0,Kirinyaga,2026-01-14
Mukuyu Market,Dolichos lablab (Njahi),-,-,-,-,110.00/Kg,,Muranga,2026-01-14
Mukuyu Market,Green Grams,Hybrid/ polished,-,-,-,150.00/Kg,,Muranga,2026-01-14
Mukuyu Market,Ground Nuts,Large Brown,-,-,-,350.00/Kg,,Muranga,2026-01-14
Makutano Kirinyaga,Pumpkin,-,-,-,35.00/Kg,50.00/Kg,3200.0,Kirinyaga,2026-01-14
Makutano Kirinyaga,Spinach,-,-,-,20.00/Kg,30.00/Kg,1800.0,Kirinyaga,2026-01-14
Mukuyu Market,Lentils,-,-,-,-,250.00/Kg,,Muranga,2026-01-14
Mukuyu Market,Pigeon peas,-,-,-,100.00/Kg,125.00/Kg,,Muranga,2026-01-14
Makutano Kirinyaga,Spring Onions,-,-,-,40.00/Kg,60.00/Kg,3400.0,Kirinyaga,2026-01-14
Mukuyu Market,Wheat Flour,210 Atta Mark 1,-,-,-,160.00/Kg,,Muranga,2026-01-14
Makutano Kirinyaga,Tomatoes,-,-,-,18.00/Kg,28.00/Kg,5200.0,Kirinyaga,2026-01-14
Mukuyu Market,Paddy Rice,Sindano,-,-,-,160.00/Kg,,Muranga,2026-01-14
Mukuyu Market,Paddy Rice,Pishori,-,-,-,180.00/Kg,,Muranga,2026-01-14
Makutano Kirinyaga,Pumpkin Leaves,-,-,-,38.00/Kg,50.00/Kg,950.0,Kirinyaga,2026-01-14
Mukuyu Market,Paddy Rice,IRR,-,-,-,90.00/Kg,,Muranga,2026-01-14
Makutano Kirinyaga,Jute Plant (Murenda),-,-,-,20.00/Kg,30.00/Kg,1050.0,Kirinyaga,2026-01-14
Mukuyu Market,Dry Maize,Mixed-Traditional,-,-,100.00/Kg,75.00/Kg,,Muranga,2026-01-14
Makutano Kirinyaga,Cowpea leaves (Kunde),-,-,-,18.00/Kg,30.00/Kg,850.0,Kirinyaga,2026-01-14
Makutano Kirinyaga,Black nightshade (Managu/ Osuga),-,-,-,40.00/Kg,50.00/Kg,2000.0,Kirinyaga,2026-01-14
Makutano Kirinyaga,Amaranthus (Terere),-,-,-,25.00/Kg,40.00/Kg,1800.0,Kirinyaga,2026-01-14
Mwingi Town,Chicken,Indigenous,-,Male,800.00/Head,-,150.0,Kitui,2026-01-14
Mwingi Town,Chicken,Indigenous,-,Male,1100.00/Head,-,100.0,Kitui,2026-01-14
Mwingi Town,Goat,Mixed,Grade 2,Female,8000.00/Head,-,220.0,Kitui,2026-01-14
Mwingi Town,Goat,Mixed,Grade 2,Male,9000.00/Head,-,200.0,Kitui,2026-01-14
Kakamega Town,Dry Maize,White Maize,-,-,38.89/Kg,50.00/Kg,20000.0,Kakamega,2026-01-14
Kakamega Town,Tomatoes,-,-,-,50.00/Kg,80.00/Kg,10000.0,Kakamega,2026-01-14
Kakamega Town,Dry Onions,-,-,-,80.00/Kg,120.00/Kg,6000.0,Kakamega,2026-01-14
Kakamega Town,Cabbages,-,-,-,20.00/Kg,33.33/Kg,7000.0,Kakamega,2026-01-14
Kakamega Town,Beans Rosecoco (Nyayo),-,-,-,154.00/Kg,175.00/Kg,8000.0,Kakamega,2026-01-14
Mwingi Town,Goat,Mixed,Grade 2,Female,9000.00/Head,-,100.0,Kitui,2026-01-14
Mwingi Town,Goat,Mixed,Grade 2,Male,13000.00/Head,-,100.0,Kitui,2026-01-14
Vanga,Scavengers (Changu/Tangu),Fresh,-,-,250.00/Kg,350.00/Kg,200.0,Kwale,2026-01-14
Vanga,Rabbitfish (Tafi/Tasi),Fresh,-,-,200.00/Kg,270.00/Kg,50.0,Kwale,2026-01-14
Vanga,Parrotfishes(Pono),Fresh,-,-,150.00/Kg,200.00/Kg,70.0,Kwale,2026-01-14
Vanga,Kingfish (Nguru),Fresh,-,-,200.00/Kg,250.00/Kg,360.0,Kwale,2026-01-14
Mwingi Town,Kales/Sukuma Wiki,-,-,-,30.00/Kg,50.00/Kg,2000.0,Kitui,2026-01-14
Vanga,Jacks/Trevallies(Kolekole),Fresh,-,-,200.00/ Kg,300.00/ Kg,300.0,Kwale,2026-01-14
Mwingi Town,Banana (Cooking),-,-,-,20.00/Kg,50.00/Kg,2500.0,Kitui,2026-01-14
Mwingi Town,Cabbages,-,-,-,33.33/Kg,40.00/Kg,6000.0,Kitui,2026-01-14
Mwingi Town,Capsicums,-,-,-,60.00/Kg,100.00/Kg,2500.0,Kitui,2026-01-14
Mwingi Town,Tomatoes,-,-,-,50.00/Kg,70.00/Kg,6000.0,Kitui,2026-01-14
Mwingi Town,Dry Onions,-,-,-,90.00/Kg,100.00/Kg,4500.0,Kitui,2026-01-14
Mwingi Town,Carrots,-,-,-,70.00/Kg,80.00/Kg,2500.0,Kitui,2026-01-14
Mwingi Town,Banana (Ripening),-,-,-,24.00/Kg,60.00/Kg,5000.0,Kitui,2026-01-14
Mwingi Town,Mangoes,Local,-,-,30.00/Kg,50.00/Kg,5000.0,Kitui,2026-01-14
Mwingi Town,Mangoes,Improved,-,-,40.00/Kg,50.00/Kg,3000.0,Kitui,2026-01-14
Mwingi Town,Pigeon peas,-,-,-,83.33/Kg,100.00/Kg,4500.0,Kitui,2026-01-14
Mwingi Town,Dolichos lablab (Njahi),-,-,-,80.00/Kg,100.00/Kg,5000.0,Kitui,2026-01-14
Mwingi Town,Beans (Yellow-Green),-,-,-,116.67/Kg,150.00/Kg,10000.0,Kitui,2026-01-14
Sabatia,Mixed Beans,-,-,-,102.22/Kg,108.70/Kg,720.0,Kakamega,2026-01-14
Sabatia,Green Grams,Local-Special,-,-,111.11/Kg,121.74/Kg,840.0,Kakamega,2026-01-14
Sabatia,Ground Nuts,Small Red,-,-,244.44/Kg,285.71/Kg,720.0,Kakamega,2026-01-14
Sabatia,Beans (Yellow-Green),-,-,-,168.89/Kg,173.91/Kg,270.0,Kakamega,2026-01-14
Sabatia,Finger Millet,-,-,-,111.11/Kg,121.74/Kg,720.0,Kakamega,2026-01-14
Sabatia,Red Sorghum,-,-,-,62.22/Kg,68.18/Kg,450.0,Kakamega,2026-01-14
Sabatia,Dry Maize,White Maize,-,-,43.33/Kg,47.83/Kg,9900.0,Kakamega,2026-01-14
Mwingi Town,Beans Rosecoco (Nyayo),-,-,-,105.56/Kg,120.00/Kg,10000.0,Kitui,2026-01-14
Sabatia,Dry Onions,-,-,-,90.00/Kg,150.00/Kg,3000.0,Kakamega,2026-01-14
Sabatia,Tomatoes,-,-,-,46.67/Kg,55.56/Kg,7500.0,Kakamega,2026-01-14
Mwingi Town,Dry Maize,White Maize,-,-,51.11/Kg,55.00/Kg,27000.0,Kitui,2026-01-14
Sabatia,Kales/Sukuma Wiki,-,-,-,58.33/Kg,72.73/Kg,900.0,Kakamega,2026-01-14
Sabatia,Cabbages,-,-,-,30.77/Kg,38.46/Kg,8006.0,Kakamega,2026-01-14
Sabatia,Sweet potatoes,-,-,-,36.00/Kg,38.46/Kg,750.0,Kakamega,2026-01-14
Sabatia,White Irish Potatoes,-,-,-,56.92/Kg,83.33/Kg,6500.0,Kakamega,2026-01-14
Sabatia,Mangoes,Improved,-,-,20.00/Kg,46.15/Kg,2000.0,Kakamega,2026-01-14
Sabatia,Duck,Black Swedish,Grade 1,Female,-,-,4.0,Kakamega,2026-01-14
Sabatia,Duck,Black Swedish,Grade 1,Male,-,-,2.0,Kakamega,2026-01-14
Sabatia,Chicken,Improved Kienyeji,-,Female,500.00/Head,-,35.0,Kakamega,2026-01-14
Sabatia,Chicken,Improved Kienyeji,-,Male,500.00/Head,-,30.0,Kakamega,2026-01-14
Sabatia,Chicken,Improved Kienyeji,-,Female,800.00/Head,-,6.0,Kakamega,2026-01-14
Sabatia,Chicken,Improved Kienyeji,-,Male,900.00/Head,-,1.0,Kakamega,2026-01-14
Sabatia,Chicken,Improved Kienyeji,-,Female,800.00/Head,-,12.0,Kakamega,2026-01-14
Sabatia,Chicken,Improved Kienyeji,-,Female,800.00/Head,-,12.0,Kakamega,2026-01-14
Sabatia,Chicken,Improved Kienyeji,-,Male,1200.00/Head,-,10.0,Kakamega,2026-01-14
Sabatia,Chicken,Indigenous,-,Female,350.00/Head,-,9.0,Kakamega,2026-01-14
Sabatia,Chicken,Indigenous,-,Male,350.00/Head,-,6.0,Kakamega,2026-01-14
Sabatia,Chicken,Indigenous,-,Female,700.00/Head,-,40.0,Kakamega,2026-01-14
Sabatia,Chicken,Indigenous,-,Male,900.00/Head,-,20.0,Kakamega,2026-01-14
Sabatia,Chicken,Indigenous,-,Female,900.00/Head,-,30.0,Kakamega,2026-01-14
Sabatia,Chicken,Indigenous,-,Male,1300.00/Head,-,15.0,Kakamega,2026-01-14
Mulot,Mangoes,Improved,-,-,60.00/Kg,80.00/Kg,3000.0,Bomet,2026-01-14
Mulot,Banana (Ripening),-,-,-,70.00/Kg,100.00/Kg,500.0,Bomet,2026-01-14
Mulot,Carrots,-,-,-,80.00/Kg,100.00/Kg,250.0,Bomet,2026-01-14
Mulot,Butternuts,-,-,-,40.00/Kg,50.00/Kg,300.0,Bomet,2026-01-14
Mulot,Cabbages,-,-,-,30.00/Kg,50.00/Kg,1200.0,Bomet,2026-01-14
Kangeta,White Irish Potatoes,-,-,-,74.00/Kg,76.00/Kg,11000.0,Meru,2026-01-14
Mulot,Tomatoes,-,-,-,73.53/Kg,105.00/Kg,3000.0,Bomet,2026-01-14
Kangeta,Pigeon peas,-,-,-,90.00/Kg,100.00/Kg,300.0,Meru,2026-01-14
Kangeta,Green Grams,Local-Special,-,-,130.00/Kg,140.00/Kg,400.0,Meru,2026-01-14
Kangeta,Dolichos lablab (Njahi),-,-,-,90.00/Kg,100.00/Kg,1200.0,Meru,2026-01-14
Kangeta,Cowpeas,-,-,-,90.00/Kg,100.00/Kg,300.0,Meru,2026-01-14
Kangeta,Beans (Yellow-Green),-,-,-,140.00/Kg,150.00/Kg,200.0,Meru,2026-01-14
Kangeta,Beans (Mwitemania),-,-,-,110.00/Kg,120.00/Kg,500.0,Meru,2026-01-14
Kangeta,Red Sorghum,-,-,-,70.00/Kg,80.00/Kg,500.0,Meru,2026-01-14
Kangeta,Pearl Rush Millet,-,-,-,90.00/Kg,100.00/Kg,600.0,Meru,2026-01-14
Kangeta,Dry Maize,White Maize,-,-,50.00/Kg,60.00/Kg,1000.0,Meru,2026-01-14
Mulot,Dry Onions,-,-,-,80.00/Kg,90.00/Kg,300.0,Bomet,2026-01-14
Kangeta,Water Melon,-,-,-,40.00/Kg,50.00/Kg,600.0,Meru,2026-01-14
Kangeta,Pawpaw,-,-,-,30.00/Kg,40.00/Kg,100.0,Meru,2026-01-14
Kangeta,Mangoes,Local,-,-,25.00/Kg,30.00/Kg,1200.0,Meru,2026-01-14
Kangeta,Lemons,-,-,-,80.00/Kg,90.00/Kg,20.0,Meru,2026-01-14
Kangeta,Banana (Ripening),-,-,-,40.00/Kg,50.00/Kg,800.0,Meru,2026-01-14
Mulot,Spider flower (Saga),-,-,-,120.00/Kg,150.00/Kg,380.0,Bomet,2026-01-14
Kangeta,Apples,-,-,-,140.00/Kg,160.00/Kg,140.0,Meru,2026-01-14
Kangeta,Tomatoes,-,-,-,40.00/Kg,50.00/Kg,3600.0,Meru,2026-01-14
Kangeta,Spring Onions,-,-,-,70.00/Kg,80.00/Kg,120.0,Meru,2026-01-14
Kangeta,Spinach,-,-,-,35.00/Kg,40.00/Kg,300.0,Meru,2026-01-14
Kangeta,Kales/Sukuma Wiki,-,-,-,30.00/Kg,40.00/Kg,350.0,Meru,2026-01-14
Kangeta,Green Maize,-,-,-,50.00/Kg,60.00/Kg,900.0,Meru,2026-01-14
Kangeta,Ginger,-,-,-,240.00/Kg,260.00/Kg,50.0,Meru,2026-01-14
Mulot,Red Sorghum,-,-,-,72.22/Kg,80.00/Kg,580.0,Bomet,2026-01-14
Kangeta,Garlic,-,-,-,380.00/Kg,400.00/Kg,70.0,Meru,2026-01-14
Kangeta,Fresh Peas,On pods,-,-,100.00/Kg,120.00/Kg,350.0,Meru,2026-01-14
Kangeta,Fresh Peas,On pods,-,-,90.00/Kg,100.00/Kg,250.0,Meru,2026-01-14
Mulot,Dry Maize,White Maize,-,-,47.78/Kg,70.00/Kg,5400.0,Bomet,2026-01-14
Kangeta,French beans,-,-,-,110.00/Kg,120.00/Kg,15.0,Meru,2026-01-14
Kangeta,Dry Onions,-,-,-,90.00/Kg,100.00/Kg,2000.0,Meru,2026-01-14
Kangeta,Cucumber,-,-,-,160.00/Kg,170.00/Kg,30.0,Meru,2026-01-14
Kangeta,Courgette,-,-,-,110.00/Kg,120.00/Kg,50.0,Meru,2026-01-14
Kangeta,Coriander (Dhania),-,-,-,50.00/Kg,60.00/Kg,250.0,Meru,2026-01-14
Kangeta,Chillies,-,-,-,180.00/Kg,200.00/Kg,10.0,Meru,2026-01-14
Kangeta,Carrots,-,-,-,40.00/Kg,50.00/Kg,1600.0,Meru,2026-01-14
Kangeta,Carrots,-,-,-,60.00/Kg,70.00/Kg,750.0,Meru,2026-01-14
Kangeta,Capsicums,-,-,-,70.00/Kg,80.00/Kg,200.0,Meru,2026-01-14
Kangeta,Cabbages,-,-,-,25.00/Kg,30.00/Kg,2900.0,Meru,2026-01-14
Kangeta,Butternuts,-,-,-,60.00/Kg,70.00/Kg,180.0,Meru,2026-01-14
Kangeta,Banana (Cooking),-,-,-,20.00/Kg,25.00/Kg,550.0,Meru,2026-01-14
Nairobi Supermarkets,Wheat Flour,Winnie's Pure Health Atta Mark 1,-,-,-,128.50/Kg,,Nairobi,2026-01-14
Nairobi Supermarkets,Wheat Flour,Tropicana HBF,-,-,-,88.50/Kg,,Nairobi,2026-01-14
Nairobi Supermarkets,Wheat Flour,Soko Atta Mark 1,-,-,-,83.50/Kg,,Nairobi,2026-01-14
Nairobi Supermarkets,Wheat Flour,Soko All Purpose HBF,-,-,-,81.50/Kg,,Nairobi,2026-01-14
Nairobi Supermarkets,Wheat Flour,Phulka Atta Mark 1 Chapati Flour,-,-,-,80.50/Kg,,Nairobi,2026-01-14
Nairobi Supermarkets,Wheat Flour,Pembe Atta Mark 1,-,-,-,84.50/Kg,,Nairobi,2026-01-14
Nairobi Supermarkets,Wheat Flour,Pembe All Purpose HBF,-,-,-,83.50/Kg,,Nairobi,2026-01-14
Nairobi Supermarkets,Wheat Flour,Oboma all purpose HBF,-,-,-,79.00/Kg,,Nairobi,2026-01-14
Nairobi Supermarkets,Wheat Flour,Nutra Meal Atta Mark 1,-,-,-,135.00/Kg,,Nairobi,2026-01-14
Nairobi Supermarkets,Wheat Flour,Ndovu all purpose HBF,-,-,-,77.50/Kg,,Nairobi,2026-01-14
Nairobi Supermarkets,Wheat Flour,Mama Home Baking Flour,-,-,-,76.50/Kg,,Nairobi,2026-01-14
Nairobi Supermarkets,Wheat Flour,Kifaru All Purpose HBF,-,-,-,77.50/Kg,,Nairobi,2026-01-14
Nairobi Supermarkets,Wheat Flour,Golden All Purpose,-,-,-,82.00/Kg,,Nairobi,2026-01-14
Nairobi Supermarkets,Wheat Flour,Exe self raising,-,-,-,92.50/Kg,,Nairobi,2026-01-14
Nairobi Supermarkets,Wheat Flour,Exe Mandazi Fortified Wheat Flour,-,-,-,91.50/Kg,,Nairobi,2026-01-14
Nairobi Supermarkets,Wheat Flour,Exe Chapati fortified wheat flour,-,-,-,88.00/Kg,,Nairobi,2026-01-14
Nairobi Supermarkets,Wheat Flour,Exe brown bread,-,-,-,91.00/Kg,,Nairobi,2026-01-14
Nairobi Supermarkets,Wheat Flour,Exe Atta Mark 1,-,-,-,90.50/Kg,,Nairobi,2026-01-14
Nairobi Supermarkets,Wheat Flour,Exe All purpose fortified wheat flour,-,-,-,84.00/Kg,,Nairobi,2026-01-14
Nairobi Supermarkets,Wheat Flour,Elliots self raising flour,-,-,-,90.50/Kg,,Nairobi,2026-01-14
Nairobi Supermarkets,Wheat Flour,Elliots all purpose HBK,-,-,-,82.00/Kg,,Nairobi,2026-01-14
Nairobi Supermarkets,Wheat Flour,Dola premium all pupose,-,-,-,81.50/Kg,,Nairobi,2026-01-14
Nairobi Supermarkets,Wheat Flour,Dola Atta Mark 1,-,-,-,82.00/Kg,,Nairobi,2026-01-14
Nairobi Supermarkets,Wheat Flour,Chapati Afya,-,-,-,135.50/Kg,,Nairobi,2026-01-14
Nairobi Supermarkets,Wheat Flour,Ajab fortofied self raising,-,-,-,85.00/Kg,,Nairobi,2026-01-14
Nairobi Supermarkets,Wheat Flour,Ajab fortigied Home Baking flour,-,-,-,85.50/Kg,,Nairobi,2026-01-14
Nairobi Supermarkets,Wheat Flour,Ajab fortified mandazi flour,-,-,-,85.00/Kg,,Nairobi,2026-01-14
Nairobi Supermarkets,Wheat Flour,210 Home baking flour,-,-,-,80.00/Kg,,Nairobi,2026-01-14
Nairobi Supermarkets,Wheat Flour,210 Atta Mark 1,-,-,-,77.50/Kg,,Nairobi,2026-01-14
Nairobi Supermarkets,Maize Flour,Ugali Afya,-,-,-,145.00/Kg,,Nairobi,2026-01-14
Nairobi Supermarkets,Maize Flour,Soko,-,-,-,80.00/Kg,,Nairobi,2026-01-14
Nairobi Supermarkets,Maize Flour,Raha Premium,-,-,-,100.50/Kg,,Nairobi,2026-01-14
Nairobi Supermarkets,Maize Flour,Pembe,-,-,-,82.00/Kg,,Nairobi,2026-01-14
Nairobi Supermarkets,Maize Flour,Oryx,-,-,-,82.50/Kg,,Nairobi,2026-01-14
Nairobi Supermarkets,Maize Flour,Ndovu,-,-,-,71.00/Kg,,Nairobi,2026-01-14
Nairobi Supermarkets,Maize Flour,Mama,-,-,-,75.50/Kg,,Nairobi,2026-01-14
Nairobi Supermarkets,Maize Flour,Jogoo wimbi,-,-,-,139.50/Kg,,Nairobi,2026-01-14
Nairobi Supermarkets,Maize Flour,Jogoo,-,-,-,77.00/Kg,,Nairobi,2026-01-14
Nairobi Supermarkets,Maize Flour,Hostess,-,-,-,94.00/Kg,,Nairobi,2026-01-14
Nairobi Supermarkets,Maize Flour,Equatorial afya ugali,-,-,-,136.50/Kg,,Nairobi,2026-01-14
Nairobi Supermarkets,Maize Flour,Dola,-,-,-,76.50/Kg,,Nairobi,2026-01-14
Nairobi Supermarkets,Maize Flour,Amaize,-,-,-,99.50/Kg,,Nairobi,2026-01-14
Nairobi Supermarkets,Maize Flour,Ajab,-,-,-,87.00/Kg,,Nairobi,2026-01-14
Nairobi Supermarkets,Maize Flour,210(two ten),-,-,-,77.00/Kg,,Nairobi,2026-01-14
Kabati - Muranga,Black nightshade (Managu/ Osuga),-,-,-,-,50.00/Kg,,Muranga,2026-01-14
Kabati - Muranga,Amaranthus (Terere),-,-,-,-,50.00/Kg,,Muranga,2026-01-14
Kabati - Muranga,Sweet potatoes,-,-,-,80.00/Kg,100.00/Kg,,Muranga,2026-01-14
Kabati - Muranga,Yam,-,-,-,80.00/Kg,100.00/Kg,,Muranga,2026-01-14
Kabati - Muranga,Cassava Fresh,-,-,-,20.00/Kg,35.00/Kg,,Muranga,2026-01-14
Kabati - Muranga,Arrow Root,-,-,-,80.00/Kg,100.00/Kg,,Muranga,2026-01-14
Kabati - Muranga,Water Melon,-,-,-,45.00/Kg,240.00/Kg,,Muranga,2026-01-14
Kabati - Muranga,Tree tomato,-,-,-,-,100.00/Kg,,Muranga,2026-01-14
Kabati - Muranga,Thorn melon,-,-,-,-,60.00/Kg,,Muranga,2026-01-14
Kabati - Muranga,Tangerine (Sandara),-,-,-,-,100.00/Kg,,Muranga,2026-01-14
Kabati - Muranga,Pineapples,-,-,-,-,40.00/Kg,,Muranga,2026-01-14
Kabati - Muranga,Mangoes,Improved,-,-,60.00/Kg,90.00/Kg,,Muranga,2026-01-14
Kabati - Muranga,Lemons,-,-,-,-,80.00/Kg,,Muranga,2026-01-14
Kabati - Muranga,Grapes,White,-,-,480.00/Kg,600.00/Kg,,Muranga,2026-01-14
Kabati - Muranga,Banana (Ripening),-,-,-,18.00/Kg,35.00/Kg,,Muranga,2026-01-14
Kabati - Muranga,Avocado,Fuerte,-,-,60.00/Kg,120.00/Kg,,Muranga,2026-01-14
Kabati - Muranga,Apples,-,-,-,120.00/Kg,180.00/Kg,,Muranga,2026-01-14
Kabati - Muranga,Tomatoes,-,-,-,28.00/Kg,40.00/Kg,,Muranga,2026-01-14
Kabati - Muranga,Spinach,-,-,-,35.00/Kg,50.00/Kg,,Muranga,2026-01-14
Kabati - Muranga,Pumpkin,-,-,-,60.00/Kg,80.00/Kg,,Muranga,2026-01-14
Kabati - Muranga,Kales/Sukuma Wiki,-,-,-,35.00/Kg,45.00/Kg,,Muranga,2026-01-14
Kabati - Muranga,Green Maize,-,-,-,60.00/Kg,80.00/Kg,,Muranga,2026-01-14
Kabati - Muranga,Garlic,-,-,-,400.00/Kg,480.00/Kg,,Muranga,2026-01-14
Kabati - Muranga,French beans,-,-,-,45.00/Kg,55.00/Kg,,Muranga,2026-01-14
Kabati - Muranga,Coriander (Dhania),-,-,-,35.00/Kg,50.00/Kg,,Muranga,2026-01-14
Kabati - Muranga,Chillies,-,-,-,60.00/Kg,120.00/Kg,,Muranga,2026-01-14
Kabati - Muranga,Carrots,-,-,-,45.00/Kg,60.00/Kg,,Muranga,2026-01-14
Kabati - Muranga,Capsicums,-,-,-,40.00/Kg,60.00/Kg,,Muranga,2026-01-14
Kabati - Muranga,Butternuts,-,-,-,70.00/Kg,90.00/Kg,,Muranga,2026-01-14
Kabati - Muranga,Banana (Plantain),-,-,-,20.00/Kg,35.00/Kg,,Muranga,2026-01-14
Kabati - Muranga,Banana (Cooking),-,-,-,20.00/Kg,35.00/Kg,,Muranga,2026-01-14
Vanga,Cuttlefish,Fresh,-,-,200.00/Kg,300.00/Kg,100.0,Kwale,2026-01-13
Vanga,Octopus (Pweza),Fresh,-,-,450.00/Kg,550.00/Kg,520.0,Kwale,2026-01-13
Vanga,Scavengers (Changu/Tangu),Fresh,-,-,200.00/Kg,250.00/Kg,60.0,Kwale,2026-01-13
Vanga,Rabbitfish (Tafi/Tasi),Fresh,-,-,250.00/Kg,350.00/Kg,50.0,Kwale,2026-01-13
Vanga,Parrotfishes(Pono),Fresh,-,-,150.00/Kg,200.00/Kg,60.0,Kwale,2026-01-13
Vanga,Needlefishes,Fresh,-,-,130.00/ Kg,180.00/ Kg,200.0,Kwale,2026-01-13
Vanga,Barracuda(Kasumba),Fresh,-,-,150.00/Kg,200.00/Kg,300.0,Kwale,2026-01-13
Ngurubani Market,Cowpea leaves (Kunde),-,-,-,30.00/Kg,40.00/Kg,225.0,Kirinyaga,2026-01-13
Ngurubani Market,Pumpkin Leaves,-,-,-,20.00/Kg,25.00/Kg,170.0,Kirinyaga,2026-01-13
Ngurubani Market,Black nightshade (Managu/ Osuga),-,-,-,25.00/Kg,35.00/Kg,350.0,Kirinyaga,2026-01-13
Ngurubani Market,Amaranthus (Terere),-,-,-,25.00/Kg,30.00/Kg,520.0,Kirinyaga,2026-01-13
Ngurubani Market,Pork,-,-,-,500.00/Kg,700.00/Kg,420.0,Kirinyaga,2026-01-13
Ngurubani Market,Meat Beef,-,-,-,500.00/Kg,700.00/Kg,2500.0,Kirinyaga,2026-01-13
Ngurubani Market,Eggs,Exotic/Grade,-,-,400.00/Tray(30),450.00/Tray(30),2530.0,Kirinyaga,2026-01-13
Ahero,Finger Millet,-,-,-,185.00/Kg,190.00/Kg,3000.0,Kisumu,2026-01-13
Ngurubani Market,White Irish Potatoes,-,-,-,40.00/Kg,50.00/Kg,23500.0,Kirinyaga,2026-01-13
Ngurubani Market,Sweet potatoes,-,-,-,70.00/Kg,100.00/Kg,450.0,Kirinyaga,2026-01-13
Ngurubani Market,Arrow Root,-,-,-,80.00/Kg,120.00/Kg,850.0,Kirinyaga,2026-01-13
Ngurubani Market,Rice,Pishori,-,-,150.00/Kg,170.00/Kg,135000.0,Kirinyaga,2026-01-13
Ngurubani Market,Red Sorghum,-,-,-,80.00/Kg,100.00/Kg,1350.0,Kirinyaga,2026-01-13
Ngurubani Market,Dry Maize,White Maize,-,-,46.67/Kg,50.00/Kg,6500.0,Kirinyaga,2026-01-13
Ahero,Dry Maize,Mixed-Traditional,-,-,60.00/Kg,65.00/Kg,20000.0,Kisumu,2026-01-13
Ngurubani Market,Water Melon,-,-,-,30.00/Kg,35.00/Kg,1800.0,Kirinyaga,2026-01-13
Ngurubani Market,Tree tomato,-,-,-,100.00/Kg,140.00/Kg,220.0,Kirinyaga,2026-01-13
Ngurubani Market,Thorn melon,-,-,-,60.00/Kg,80.00/Kg,520.0,Kirinyaga,2026-01-13
Ngurubani Market,Pineapples,-,-,-,60.00/Kg,80.00/Kg,850.0,Kirinyaga,2026-01-13
Ngurubani Market,Pawpaw,-,-,-,25.00/Kg,40.00/Kg,250.0,Kirinyaga,2026-01-13
Ngurubani Market,Passion Fruits,-,-,-,150.00/Kg,200.00/Kg,250.0,Kirinyaga,2026-01-13
Ngurubani Market,Mangoes,Improved,-,-,60.00/Kg,80.00/Kg,2500.0,Kirinyaga,2026-01-13
Ngurubani Market,Lemons,-,-,-,40.00/Kg,60.00/Kg,120.0,Kirinyaga,2026-01-13
Ngurubani Market,Avocado,Local,-,-,60.00/Kg,90.00/Kg,820.0,Kirinyaga,2026-01-13
Ngurubani Market,Tomatoes,-,-,-,25.00/Kg,35.00/Kg,4500.0,Kirinyaga,2026-01-13
Ngurubani Market,Spring Onions,-,-,-,50.00/Kg,70.00/Kg,550.0,Kirinyaga,2026-01-13
Ngurubani Market,Spinach,-,-,-,25.00/Kg,35.00/Kg,520.0,Kirinyaga,2026-01-13
Ngurubani Market,Pumpkin,-,-,-,30.00/Kg,35.00/Kg,2580.0,Kirinyaga,2026-01-13
Ngurubani Market,Kales/Sukuma Wiki,-,-,-,25.00/Kg,30.00/Kg,850.0,Kirinyaga,2026-01-13
Ngurubani Market,Green Maize,-,-,-,35.00/Kg,50.00/Kg,2250.0,Kirinyaga,2026-01-13
Ngurubani Market,Fresh Peas,On pods,-,-,70.00/Kg,100.00/Kg,858.0,Kirinyaga,2026-01-13
Ngurubani Market,French beans,-,-,-,60.00/Kg,80.00/Kg,250.0,Kirinyaga,2026-01-13
Ngurubani Market,Egg plant (Brinjals),-,-,-,30.00/Kg,50.00/Kg,52.0,Kirinyaga,2026-01-13
Ahero,Spider flower (Saga),-,-,-,70.00/Kg,80.00/Kg,420.0,Kisumu,2026-01-13
Ngurubani Market,Dry Onions,-,-,-,70.00/Kg,100.00/Kg,5580.0,Kirinyaga,2026-01-13
Ahero,Indigenous Crotolaria (Mito/Miro),-,-,-,70.00/Kg,80.00/Kg,300.0,Kisumu,2026-01-13
Ngurubani Market,Cucumber,-,-,-,50.00/Kg,70.00/Kg,220.0,Kirinyaga,2026-01-13
Ngurubani Market,Courgette,-,-,-,50.00/Kg,70.00/Kg,170.0,Kirinyaga,2026-01-13
Ngurubani Market,Coriander (Dhania),-,-,-,50.00/Kg,70.00/Kg,120.0,Kirinyaga,2026-01-13
Ngurubani Market,Chillies,-,-,-,60.00/Kg,100.00/Kg,230.0,Kirinyaga,2026-01-13
Ngurubani Market,Capsicums,-,-,-,50.00/Kg,70.00/Kg,350.0,Kirinyaga,2026-01-13
Ngurubani Market,Cabbages,-,-,-,30.00/Kg,35.00/Kg,19500.0,Kirinyaga,2026-01-13
Ngurubani Market,Butternuts,-,-,-,35.00/Kg,45.00/Kg,3350.0,Kirinyaga,2026-01-13
Ngurubani Market,Banana (Cooking),-,-,-,28.00/Kg,35.00/Kg,3580.0,Kirinyaga,2026-01-13
Ngurubani Market,Pigeon peas,-,-,-,50.00/Kg,80.00/Kg,2500.0,Kirinyaga,2026-01-13
Ngurubani Market,Mixed Beans,-,-,-,86.67/Kg,120.00/Kg,855.0,Kirinyaga,2026-01-13
Ngurubani Market,Lentils,-,-,-,188.89/Kg,240.00/Kg,2550.0,Kirinyaga,2026-01-13
Ngurubani Market,Green Grams,Hybrid/ polished,-,-,102.22/Kg,160.00/Kg,2150.0,Kirinyaga,2026-01-13
Ahero,Ethiopian Kales -Kanzira,-,-,-,70.00/Kg,80.00/Kg,350.0,Kisumu,2026-01-13
Ngurubani Market,Dolichos lablab (Njahi),-,-,-,72.22/Kg,90.00/Kg,3580.0,Kirinyaga,2026-01-13
Ahero,Cowpea leaves (Kunde),-,-,-,60.00/Kg,70.00/Kg,2700.0,Kisumu,2026-01-13
Ahero,Black nightshade (Managu/ Osuga),-,-,-,70.00/Kg,80.00/Kg,400.0,Kisumu,2026-01-13
Ahero,Tomatoes,-,-,-,90.00/Kg,100.00/Kg,12000.0,Kisumu,2026-01-13
Ahero,Spring Onions,-,-,-,70.00/Kg,80.00/Kg,2400.0,Kisumu,2026-01-13
Ahero,Kales/Sukuma Wiki,-,-,-,60.00/Kg,70.00/Kg,4000.0,Kisumu,2026-01-13
Ahero,Green Maize,-,-,-,70.00/Kg,80.00/Kg,500.0,Kisumu,2026-01-13
Ahero,Ginger,-,-,-,330.00/Kg,350.00/Kg,240.0,Kisumu,2026-01-13
Ahero,Garlic,-,-,-,500.00/Kg,550.00/Kg,40.0,Kisumu,2026-01-13
Ahero,Dry Onions,-,-,-,90.00/Kg,100.00/Kg,1200.0,Kisumu,2026-01-13
Ahero,Cabbages,-,-,-,50.00/Kg,60.00/Kg,24000.0,Kisumu,2026-01-13
Ahero,Banana (Plantain),-,-,-,50.00/Kg,60.00/Kg,4000.0,Kisumu,2026-01-13
Ahero,Banana (Cooking),-,-,-,70.00/Kg,80.00/Kg,2500.0,Kisumu,2026-01-13
Ahero,Ground Nuts,Small Red,-,-,350.00/Kg,375.00/Kg,3500.0,Kisumu,2026-01-13
Ahero,Ground Nuts,Large Brown,-,-,325.00/Kg,350.00/Kg,8300.0,Kisumu,2026-01-13
Ahero,Green Grams,Hybrid/ polished,-,-,175.00/Kg,190.00/Kg,6900.0,Kisumu,2026-01-13
Ahero,Cowpeas,-,-,-,165.00/Kg,175.00/Kg,900.0,Kisumu,2026-01-13
Ahero,Beans Rosecoco,-,-,-,150.00/Kg,165.00/Kg,5000.0,Kisumu,2026-01-13
Ngurubani Market,Cowpeas,-,-,-,102.22/Kg,162.50/Kg,850.0,Kirinyaga,2026-01-13
Ngurubani Market,Beans Rosecoco (Nyayo),-,-,-,111.11/Kg,175.00/Kg,2580.0,Kirinyaga,2026-01-13
Ngurubani Market,Beans Red Haricot (Wairimu),-,-,-,100.00/Kg,155.00/Kg,6500.0,Kirinyaga,2026-01-13
Ngurubani Market,Beans (Yellow-Green),-,-,-,122.22/Kg,190.00/Kg,3500.0,Kirinyaga,2026-01-13
Ngurubani Market,Beans (Mwitemania),-,-,-,91.11/Kg,125.00/Kg,2580.0,Kirinyaga,2026-01-13
Ngurubani Market,Fertilizer,NPK,-,-,90.00/Kg,100.00/Kg,220000.0,Kirinyaga,2026-01-13
Ahero,Beans Red Haricot (Wairimu),-,-,-,150.00/Kg,1650.00/Kg,3900.0,Kisumu,2026-01-13
Ngurubani Market,Fertilizer,DAP,-,-,124.00/Kg,130.00/Kg,125000.0,Kirinyaga,2026-01-13
Ngurubani Market,Fertilizer,CAN,-,-,65.00/Kg,80.00/Kg,52500.0,Kirinyaga,2026-01-13
Ahero,Beans (Yellow-Green),-,-,-,225.00/Kg,250.00/Kg,8000.0,Kisumu,2026-01-13
Ahero,Beans (Mwezi Moja),-,-,-,150.00/Kg,165.00/Kg,4900.0,Kisumu,2026-01-13
Ahero,Beans (Canadian wonder),-,-,-,150.00/Kg,165.00/Kg,6000.0,Kisumu,2026-01-13
Ahero,Fertilizer,NPK,-,-,116.00/Kg,120.00/Kg,27000.0,Kisumu,2026-01-13
Ahero,Fertilizer,DAP,-,-,130.00/Kg,140.00/Kg,45000.0,Kisumu,2026-01-13
Ahero,Fertilizer,CAN,-,-,66.00/Kg,70.00/Kg,35000.0,Kisumu,2026-01-13
Holo,Pork,-,-,-,-,600.00/Kg,,Kisumu,2026-01-13
Holo,Meat Beef,-,-,-,-,600.00/Kg,,Kisumu,2026-01-13
Holo,Honey,Crude,-,-,-,1000.00/Kg,,Kisumu,2026-01-13
Holo,Eggs,Indigenous /Kenyeji,-,-,15.00/Tray(30),20.00/Tray(30),,Kisumu,2026-01-13
Holo,Eggs,Exotic/Grade,-,-,14.33/Tray(30),18.00/Tray(30),,Kisumu,2026-01-13
Holo,Cow Milk(At collection point),-,-,-,-,80.00/Lt,,Kisumu,2026-01-13
Holo,Sheep,Red Maasai,Grade 3,Male,6500.00/Head,-,,Kisumu,2026-01-13
Holo,Goat,Mixed,Grade 3,Male,5500.00/Head,-,,Kisumu,2026-01-13
Holo,Chicken,Layers,-,Male,450.00/Head,-,,Kisumu,2026-01-13
Holo,Chicken,Indigenous,-,Male,1100.00/Head,-,,Kisumu,2026-01-13
Holo,Chicken,Improved Kienyeji,-,Male,1200.00/Head,-,,Kisumu,2026-01-13
Holo,Chicken,Broiler,-,Male,550.00/Head,-,,Kisumu,2026-01-13
Holo,Cattle,Mixed,Grade 3,Male,41000.00/Head,-,,Kisumu,2026-01-13
Holo,Prawns,Dried,-,-,12.50/Kg,25.00/Kg,,Kisumu,2026-01-13
Holo,Tilapia,Dried,-,-,-,370.00/Kg,,Kisumu,2026-01-13
Holo,Omena,Dried,-,-,-,300.00/Kg,,Kisumu,2026-01-13
Holo,Nile Perch,Fresh,-,-,-,320.00/Kg,,Kisumu,2026-01-13
Holo,White Irish Potatoes,-,-,-,100.00/Kg,100.00/Kg,,Kisumu,2026-01-13
Holo,Sweet potatoes,-,-,-,-,100.00/Kg,,Kisumu,2026-01-13
Holo,Cassava Fresh,-,-,-,-,100.00/Kg,,Kisumu,2026-01-13
Holo,Cassava Chips (dry),-,-,-,-,75.00/Kg,,Kisumu,2026-01-13
Holo,Arrow Root,-,-,-,-,150.00/Kg,,Kisumu,2026-01-13
Holo,Water Melon,-,-,-,-,125.00/Kg,,Kisumu,2026-01-13
Holo,Thorn melon,-,-,-,-,150.00/Kg,,Kisumu,2026-01-13
Holo,Tangerine (Sandara),-,-,-,-,150.00/Kg,,Kisumu,2026-01-13
Holo,Pawpaw,-,-,-,-,100.00/Kg,,Kisumu,2026-01-13
Holo,Oranges,-,-,-,-,200.00/Kg,,Kisumu,2026-01-13
Holo,Mangoes,Local,-,-,-,100.00/Kg,,Kisumu,2026-01-13
Holo,Mangoes,Improved,-,-,-,150.00/Kg,,Kisumu,2026-01-13
Holo,Limes,-,-,-,-,200.00/Kg,,Kisumu,2026-01-13
Holo,Lemons,-,-,-,-,150.00/Kg,,Kisumu,2026-01-13
Holo,Avocado,Local,-,-,-,100.00/Kg,,Kisumu,2026-01-13
Holo,Avocado,Hass,-,-,-,150.00/Kg,,Kisumu,2026-01-13
Holo,White Sorghum,-,-,-,60.00/kg,75.00/kg,,Kisumu,2026-01-13
Holo,Rice,Pishori,-,-,172.00/Kg,250.00/Kg,,Kisumu,2026-01-13
Holo,Red Sorghum,-,-,-,60.00/Kg,75.00/Kg,,Kisumu,2026-01-13
Holo,Maize Flour,Dola,-,-,-,75.00/Kg,,Kisumu,2026-01-13
Holo,Maize Flour,Ajab,-,-,-,90.00/Kg,,Kisumu,2026-01-13
Holo,Finger Millet,-,-,-,175.00/Kg,200.00/Kg,,Kisumu,2026-01-13
Holo,Dry Maize,Yellow Maize,-,-,-,60.00/Kg,,Kisumu,2026-01-13
Holo,Dry Maize,White Maize,-,-,44.44/Kg,60.00/Kg,,Kisumu,2026-01-13
Holo,Spider flower (Saga),-,-,-,-,90.00/Kg,,Kisumu,2026-01-13
Holo,Pumpkin Leaves,-,-,-,-,70.00/Kg,,Kisumu,2026-01-13
Holo,Jute Plant (Murenda),-,-,-,-,60.00/Kg,,Kisumu,2026-01-13
Holo,Indigenous Crotolaria (Mito/Miro),-,-,-,-,80.00/Kg,,Kisumu,2026-01-13
Holo,Ethiopian Kales -Kanzira,-,-,-,-,70.00/Kg,,Kisumu,2026-01-13
Holo,Cowpea leaves (Kunde),-,-,-,-,60.00/Kg,,Kisumu,2026-01-13
Holo,Black nightshade (Managu/ Osuga),-,-,-,-,90.00/Kg,,Kisumu,2026-01-13
Holo,Amaranthus (Terere),-,-,-,-,80.00/Kg,,Kisumu,2026-01-13
Holo,Tomatoes,-,-,-,107.14/Kg,120.00/Kg,,Kisumu,2026-01-13
Holo,Spring Onions,-,-,-,42.31/Kg,60.00/Kg,,Kisumu,2026-01-13
Holo,Spinach,-,-,-,-,50.00/Kg,,Kisumu,2026-01-13
Holo,Kales/Sukuma Wiki,-,-,-,38.33/Kg,50.00/Kg,,Kisumu,2026-01-13
Holo,Green Maize,-,-,-,-,120.00/Kg,,Kisumu,2026-01-13
Holo,Ginger,-,-,-,-,180.00/Kg,,Kisumu,2026-01-13
Holo,Garlic,-,-,-,-,400.00/Kg,,Kisumu,2026-01-13
Holo,Egg plant (Brinjals),-,-,-,-,100.00/Kg,,Kisumu,2026-01-13
Holo,Dry Onions,-,-,-,76.19/Kg,80.00/Kg,,Kisumu,2026-01-13
Holo,Cucumber,-,-,-,-,150.00/Kg,,Kisumu,2026-01-13
Holo,Coriander (Dhania),-,-,-,-,150.00/Kg,,Kisumu,2026-01-13
Holo,Chillies,-,-,-,-,120.00/Kg,,Kisumu,2026-01-13
Holo,Carrots,-,-,-,-,100.00/Kg,,Kisumu,2026-01-13
Holo,Capsicums,-,-,-,-,130.00/Kg,,Kisumu,2026-01-13
Holo,Cabbages,-,-,-,-,80.00/Kg,,Kisumu,2026-01-13
Holo,Butternuts,-,-,-,-,150.00/Kg,,Kisumu,2026-01-13
Holo,Banana (Plantain),-,-,-,-,166.67/Kg,,Kisumu,2026-01-13
Holo,Banana (Cooking),-,-,-,150.00/Kg,-,,Kisumu,2026-01-13
Holo,Banana (Cooking),-,-,-,150.00/Kg,-,,Kisumu,2026-01-13
Holo,Banana (Cooking),-,-,-,150.00/Kg,-,,Kisumu,2026-01-13
Holo,Mixed Beans,-,-,-,12.44/Kg,150.00/Kg,,Kisumu,2026-01-13
Holo,Ground Nuts,Small Red,-,-,300.00/Kg,325.00/Kg,,Kisumu,2026-01-13
Holo,Ground Nuts,Large Brown,-,-,275.00/Kg,300.00/Kg,,Kisumu,2026-01-13
Holo,Green Grams,Local-Special,-,-,175.00/Kg,200.00/Kg,,Kisumu,2026-01-13
Holo,Green Grams,Hybrid/ polished,-,-,200.00/Kg,225.00/Kg,,Kisumu,2026-01-13
Holo,Cowpeas,-,-,-,225.00/Kg,250.00/Kg,,Kisumu,2026-01-13
Holo,Beans Rosecoco (Nyayo),-,-,-,200.00/Kg,225.00/Kg,,Kisumu,2026-01-13
Holo,Beans Rosecoco,-,-,-,225.00/Kg,250.00/Kg,,Kisumu,2026-01-13
Holo,Beans Red Haricot (Wairimu),-,-,-,175.00/Kg,200.00/Kg,,Kisumu,2026-01-13
Holo,Beans (Yellow-Green),-,-,-,225.00/Kg,250.00/Kg,,Kisumu,2026-01-13
Holo,Beans (Mwezi Moja),-,-,-,200.00/Kg,225.00/Kg,,Kisumu,2026-01-13
Holo,Beans (Canadian wonder),-,-,-,200.00/Kg,225.00/Kg,,Kisumu,2026-01-13
Holo,Fertilizer,CAN,-,-,62.00/Kg,80.00/Kg,,Kisumu,2026-01-13
Holo,Fertilizer,DAP,-,-,107.00/Kg,150.00/Kg,,Kisumu,2026-01-13
Musoli Market,Beans Red Haricot (Wairimu),-,-,-,120.00/Kg,116.67/Kg,720.0,Kakamega,2026-01-13
Musoli Market,Ground Nuts,Small Red,-,-,235.56/Kg,261.90/Kg,720.0,Kakamega,2026-01-13
Musoli Market,Green Grams,Local-Special,-,-,124.44/Kg,125.00/Kg,450.0,Kakamega,2026-01-13
Musoli Market,Beans (Yellow-Green),-,-,-,177.78/Kg,187.50/Kg,180.0,Kakamega,2026-01-13
Musoli Market,Cowpeas,-,-,-,124.44/Kg,125.00/Kg,990.0,Kakamega,2026-01-13
Musoli Market,Cabbages,-,-,-,35.71/Kg,42.86/Kg,8708.0,Kakamega,2026-01-13
Musoli Market,Red Sorghum,-,-,-,62.22/Kg,68.18/Kg,360.0,Kakamega,2026-01-13
Musoli Market,Finger Millet,-,-,-,111.11/Kg,117.39/Kg,360.0,Kakamega,2026-01-13
Musoli Market,Dry Maize,White Maize,-,-,44.44/Kg,47.83/Kg,18000.0,Kakamega,2026-01-13
Musoli Market,White Irish Potatoes,-,-,-,61.54/Kg,55.56/Kg,8607.0,Kakamega,2026-01-13
Musoli Market,Tomatoes,-,-,-,60.00/Kg,100.00/Kg,7500.0,Kakamega,2026-01-13
Musoli Market,Kales/Sukuma Wiki,-,-,-,45.00/Kg,80.00/Kg,600.0,Kakamega,2026-01-13
Musoli Market,Chicken,Improved Kienyeji,-,Female,400.00/Head,-,25.0,Kakamega,2026-01-13
Musoli Market,Chicken,Improved Kienyeji,-,Male,400.00/Head,-,9.0,Kakamega,2026-01-13
Musoli Market,Chicken,Improved Kienyeji,-,Female,500.00/Head,-,4.0,Kakamega,2026-01-13
Musoli Market,Chicken,Improved Kienyeji,-,Male,650.00/Head,-,10.0,Kakamega,2026-01-13
Musoli Market,Chicken,Improved Kienyeji,-,Female,800.00/Head,-,15.0,Kakamega,2026-01-13
Musoli Market,Chicken,Improved Kienyeji,-,Male,1000.00/Head,-,8.0,Kakamega,2026-01-13
Musoli Market,Chicken,Indigenous,-,Female,350.00/Head,-,15.0,Kakamega,2026-01-13
Musoli Market,Chicken,Indigenous,-,Male,350.00/Head,-,8.0,Kakamega,2026-01-13
Musoli Market,Chicken,Indigenous,-,Female,650.00/Head,-,30.0,Kakamega,2026-01-13
Musoli Market,Chicken,Indigenous,-,Male,700.00/Head,-,25.0,Kakamega,2026-01-13
Musoli Market,Chicken,Indigenous,-,Female,800.00/Head,-,30.0,Kakamega,2026-01-13
Musoli Market,Chicken,Indigenous,-,Male,1200.00/Head,-,10.0,Kakamega,2026-01-13
Musoli Market,Goat,Mixed,Grade 3,Female,4500.00/Head,-,5.0,Kakamega,2026-01-13
Musoli Market,Goat,Mixed,Grade 3,Male,4000.00/Head,-,7.0,Kakamega,2026-01-13
Musoli Market,Goat,Mixed,Grade 2,Female,4800.00/Head,-,3.0,Kakamega,2026-01-13
Musoli Market,Goat,Mixed,Grade 2,Male,4500.00/Head,-,5.0,Kakamega,2026-01-13
Musoli Market,Goat,Mixed,Grade 1,Female,5100.00/Head,-,3.0,Kakamega,2026-01-13
Musoli Market,Goat,Mixed,Grade 1,Male,4800.00/Head,-,2.0,Kakamega,2026-01-13
Musoli Market,Goat,Mixed,Grade 3,Female,5000.00/Head,-,9.0,Kakamega,2026-01-13
Musoli Market,Goat,Mixed,Grade 3,Male,5500.00/Head,-,5.0,Kakamega,2026-01-13
Musoli Market,Goat,Mixed,Grade 2,Female,5500.00/Head,-,6.0,Kakamega,2026-01-13
Musoli Market,Goat,Mixed,Grade 2,Male,6000.00/Head,-,4.0,Kakamega,2026-01-13
Musoli Market,Goat,Mixed,Grade 1,Female,6200.00/Head,-,5.0,Kakamega,2026-01-13
Musoli Market,Goat,Mixed,Grade 1,Male,6800.00/Head,-,7.0,Kakamega,2026-01-13
Musoli Market,Goat,Mixed,Grade 3,Female,6500.00/Head,-,9.0,Kakamega,2026-01-13
Musoli Market,Goat,Mixed,Grade 3,Male,7000.00/Head,-,6.0,Kakamega,2026-01-13
Musoli Market,Goat,Mixed,Grade 2,Female,7500.00/Head,-,2.0,Kakamega,2026-01-13
Musoli Market,Goat,Mixed,Grade 2,Male,9500.00/Head,-,3.0,Kakamega,2026-01-13
Musoli Market,Goat,Mixed,Grade 1,Female,9000.00/Head,-,1.0,Kakamega,2026-01-13
Musoli Market,Goat,Mixed,Grade 1,Male,12000.00/Head,-,2.0,Kakamega,2026-01-13
Musoli Market,Cattle,Mixed,Grade 3,Female,20000.00/Head,-,5.0,Kakamega,2026-01-13
Musoli Market,Cattle,Mixed,Grade 3,Male,19000.00/Head,-,6.0,Kakamega,2026-01-13
Musoli Market,Cattle,Mixed,Grade 2,Female,24000.00/Head,-,6.0,Kakamega,2026-01-13
Musoli Market,Cattle,Mixed,Grade 2,Male,21000.00/Head,-,7.0,Kakamega,2026-01-13
Musoli Market,Cattle,Mixed,Grade 1,Female,26000.00/Head,-,8.0,Kakamega,2026-01-13
Musoli Market,Cattle,Mixed,Grade 1,Male,23000.00/Head,-,5.0,Kakamega,2026-01-13
Musoli Market,Cattle,Mixed,Grade 3,Female,30000.00/Head,-,5.0,Kakamega,2026-01-13
Musoli Market,Cattle,Mixed,Grade 3,Male,28000.00/Head,-,7.0,Kakamega,2026-01-13
Musoli Market,Cattle,Mixed,Grade 2,Female,35000.00/Head,-,5.0,Kakamega,2026-01-13
Musoli Market,Cattle,Mixed,Grade 2,Male,32000.00/Head,-,5.0,Kakamega,2026-01-13
Musoli Market,Cattle,Mixed,Grade 2,Female,40000.00/Head,-,8.0,Kakamega,2026-01-13
Musoli Market,Cattle,Mixed,Grade 1,Male,38000.00/Head,-,6.0,Kakamega,2026-01-13
Musoli Market,Cattle,Mixed,Grade 3,Female,42000.00/Head,-,7.0,Kakamega,2026-01-13
Musoli Market,Cattle,Mixed,Grade 3,Male,45000.00/Head,-,4.0,Kakamega,2026-01-13
Musoli Market,Cattle,Zebu,Grade 2,Female,58000.00/Head,-,2.0,Kakamega,2026-01-13
Musoli Market,Cattle,Mixed,Grade 2,Male,65000.00/Head,-,3.0,Kakamega,2026-01-13
Musoli Market,Cattle,Zebu,Grade 1,Female,68000.00/Head,-,3.0,Kakamega,2026-01-13
Musoli Market,Cattle,Mixed,Grade 1,Male,98000.00/Head,-,1.0,Kakamega,2026-01-13
Musoli Market,Cattle,Zebu,Grade 3,Female,20000.00/Head,-,8.0,Kakamega,2026-01-13
Musoli Market,Cattle,Zebu,Grade 3,Male,18000.00/Head,-,5.0,Kakamega,2026-01-13
Musoli Market,Cattle,Zebu,Grade 2,Female,23000.00/Head,-,6.0,Kakamega,2026-01-13
Musoli Market,Cattle,Zebu,Grade 2,Male,20000.00/Head,-,8.0,Kakamega,2026-01-13
Musoli Market,Cattle,Zebu,Grade 1,Female,25000.00/Head,-,7.0,Kakamega,2026-01-13
Musoli Market,Cattle,Zebu,Grade 1,Male,22000.00/Head,-,9.0,Kakamega,2026-01-13
Musoli Market,Cattle,Zebu,Grade 3,Male,30000.00/Head,-,4.0,Kakamega,2026-01-13
Musoli Market,Cattle,Zebu,Grade 3,Male,28000.00/Head,-,6.0,Kakamega,2026-01-13
Musoli Market,Cattle,Zebu,Grade 2,Female,35000.00/Head,-,8.0,Kakamega,2026-01-13
Musoli Market,Cattle,Zebu,Grade 2,Male,33000.00/Head,-,9.0,Kakamega,2026-01-13
Musoli Market,Cattle,Zebu,Grade 1,Female,38000.00/Head,-,11.0,Kakamega,2026-01-13
Musoli Market,Cattle,Zebu,Grade 1,Male,35000.00/Head,-,8.0,Kakamega,2026-01-13
Musoli Market,Cattle,Zebu,Grade 3,Female,42000.00/Head,-,8.0,Kakamega,2026-01-13
Musoli Market,Cattle,Zebu,Grade 3,Male,45000.00/Head,-,10.0,Kakamega,2026-01-13
Musoli Market,Cattle,Zebu,Grade 2,Female,2.00/Head,-,55000.0,Kakamega,2026-01-13
Musoli Market,Cattle,Zebu,Grade 2,Male,68000.00/Head,-,3.0,Kakamega,2026-01-13
Musoli Market,Cattle,Zebu,Grade 1,Female,65000.00/Head,-,3.0,Kakamega,2026-01-13
Musoli Market,Cattle,Zebu,Grade 1,Male,85000.00/Head,-,2.0,Kakamega,2026-01-13
Mogogosiek Market,Sweet potatoes,-,-,-,80.00/Kg,120.00/Kg,4000.0,Bomet,2026-01-13
Mogogosiek Market,Oranges,-,-,-,30.00/Kg,40.00/Kg,12000.0,Bomet,2026-01-13
Mogogosiek Market,Dry Maize,White Maize,-,-,41.67/Kg,54.17/Kg,10800.0,Bomet,2026-01-13
Mogogosiek Market,Spider flower (Saga),-,-,-,200.00/Kg,250.00/Kg,1500.0,Bomet,2026-01-13
Mogogosiek Market,Spider flower (Saga),-,-,-,200.00/Kg,250.00/Kg,1500.0,Bomet,2026-01-13
Mogogosiek Market,Black nightshade (Managu/ Osuga),-,-,-,180.00/Kg,250.00/Kg,1300.0,Bomet,2026-01-13
Mogogosiek Market,Tomatoes,-,-,-,73.53/Kg,85.00/Kg,5000.0,Bomet,2026-01-13
Mogogosiek Market,Cabbages,-,-,-,15.00/Kg,20.00/Kg,7000.0,Bomet,2026-01-13
Mogogosiek Market,Banana (Cooking),-,-,-,70.00/Kg,100.00/Kg,800.0,Bomet,2026-01-13
Mogogosiek Market,Beans Rosecoco,-,-,-,150.00/Kg,225.00/Kg,10000.0,Bomet,2026-01-13
Mogogosiek Market,Beans (Yellow-Green),-,-,-,120.00/Kg,180.00/Kg,7000.0,Bomet,2026-01-13
Nkubu,White Irish Potatoes,-,-,-,50.00/Kg,100.00/Kg,2250.0,Meru,2026-01-13
Nkubu,Oranges,-,-,-,55.56/Kg,70.00/Kg,900.0,Meru,2026-01-13
Nkubu,Mangoes,Improved,-,-,33.33/Kg,50.00/Kg,1440.0,Meru,2026-01-13
Nkubu,White Sorghum,-,-,-,66.67/kg,80.00/kg,540.0,Meru,2026-01-13
Nkubu,Pearl Rush Millet,-,-,-,111.11/Kg,120.00/Kg,810.0,Meru,2026-01-13
Nkubu,Finger Millet,-,-,-,122.22/Kg,130.00/Kg,540.0,Meru,2026-01-13
Nkubu,Dry Maize,Mixed-Traditional,-,-,80.00/Kg,50.00/Kg,810.0,Meru,2026-01-13
Nkubu,Tomatoes,-,-,-,6.00/Kg,40.00/Kg,7000.0,Meru,2026-01-13
Nkubu,Dry Onions,-,-,-,75.00/Kg,100.00/Kg,1680.0,Meru,2026-01-13
Nkubu,Carrots,-,-,-,42.86/Kg,60.00/Kg,2240.0,Meru,2026-01-13
Nkubu,Cabbages,-,-,-,6.00/Kg,50.00/Kg,5000.0,Meru,2026-01-13
Nkubu,Pigeon peas,-,-,-,88.89/Kg,120.00/Kg,720.0,Meru,2026-01-13
Nkubu,Lentils,-,-,-,200.00/Kg,220.00/Kg,400.0,Meru,2026-01-13
Nkubu,Green Grams,Hybrid/ polished,-,-,111.11/Kg,130.00/Kg,720.0,Meru,2026-01-13
Nkubu,Dry Peas,-,-,-,144.44/Kg,170.00/Kg,720.0,Meru,2026-01-13
Nkubu,Dolichos lablab (Njahi),-,-,-,88.89/Kg,120.00/Kg,630.0,Meru,2026-01-13
Nkubu,Cowpeas,-,-,-,66.67/Kg,80.00/Kg,630.0,Meru,2026-01-13
Nkubu,Beans Rosecoco,-,-,-,111.11/Kg,130.00/Kg,720.0,Meru,2026-01-13
Nkubu,Beans Red Haricot (Wairimu),-,-,-,111.11/Kg,120.00/Kg,720.0,Meru,2026-01-13
Nkubu,Beans (Yellow-Green),-,-,-,133.33/Kg,150.00/Kg,720.0,Meru,2026-01-13
Nkubu,Beans (Mwitemania),-,-,-,111.11/Kg,120.00/Kg,1080.0,Meru,2026-01-13
Nkubu,Beans (Mwezi Moja),-,-,-,111.11/Kg,120.00/Kg,450.0,Meru,2026-01-13
Kagio,Spring Onions,-,-,-,30.00/Kg,50.00/Kg,400.0,Kirinyaga,2026-01-13
Kagio,Spinach,-,-,-,30.00/Kg,50.00/Kg,1200.0,Kirinyaga,2026-01-13
Kagio,Pumpkin,-,-,-,35.00/Kg,50.00/Kg,1200.0,Kirinyaga,2026-01-13
Kagio,Lettuce,-,-,-,120.00/Kg,180.00/Kg,100.0,Kirinyaga,2026-01-13
Kagio,Kales/Sukuma Wiki,-,-,-,20.00/Kg,30.00/Kg,2400.0,Kirinyaga,2026-01-13
Kagio,Green Maize,-,-,-,35.00/Kg,50.00/Kg,4500.0,Kirinyaga,2026-01-13
Kagio,Ginger,-,-,-,180.00/Kg,250.00/Kg,200.0,Kirinyaga,2026-01-13
Kagio,Garlic,-,-,-,440.00/Kg,550.00/Kg,200.0,Kirinyaga,2026-01-13
Kagio,Fresh Peas,On pods,-,-,55.00/Kg,70.00/Kg,800.0,Kirinyaga,2026-01-13
Kagio,French beans,-,-,-,65.00/Kg,100.00/Kg,250.0,Kirinyaga,2026-01-13
Kagio,Egg plant (Brinjals),-,-,-,20.00/Kg,30.00/Kg,100.0,Kirinyaga,2026-01-13
Kagio,Dry Onions,-,-,-,70.00/Kg,100.00/Kg,1200.0,Kirinyaga,2026-01-13
Kagio,Cucumber,-,-,-,45.00/Kg,70.00/Kg,500.0,Kirinyaga,2026-01-13
Kagio,Courgette,-,-,-,65.00/Kg,100.00/Kg,600.0,Kirinyaga,2026-01-13
Kagio,Coriander (Dhania),-,-,-,25.00/Kg,40.00/Kg,,Kirinyaga,2026-01-13
Gikomba,Beans (Yellow-Green),-,-,-,111.11/Kg,200.00/Kg,,Nairobi,2026-01-13
Kagio,Chillies,-,-,-,65.00/Kg,100.00/Kg,250.0,Kirinyaga,2026-01-13
Kagio,Cauliflower,-,-,-,100.00/Kg,160.00/Kg,100.0,Kirinyaga,2026-01-13
Kagio,Carrots,-,-,-,45.00/Kg,70.00/Kg,2300.0,Kirinyaga,2026-01-13
Kagio,Capsicums,-,-,-,50.00/Kg,70.00/Kg,500.0,Kirinyaga,2026-01-13
Kagio,Capsicums,-,-,-,180.00/Kg,250.00/Kg,100.0,Kirinyaga,2026-01-13
Kagio,Butternuts,-,-,-,35.00/Kg,60.00/Kg,1500.0,Kirinyaga,2026-01-13
Kagio,Broccoli,-,-,-,100.00/Kg,150.00/Kg,150.0,Kirinyaga,2026-01-13
Kagio,Banana (Plantain),-,-,-,60.00/Kg,80.00/Kg,600.0,Kirinyaga,2026-01-13
Kagio,Banana (Cooking),-,-,-,25.00/Kg,40.00/Kg,29000.0,Kirinyaga,2026-01-13
Kagio,Pigeon peas,-,-,-,90.00/Kg,130.00/Kg,,Kirinyaga,2026-01-13
Kagio,Green Grams,Hybrid/ polished,-,-,90.00/Kg,130.00/Kg,,Kirinyaga,2026-01-13
Kagio,Dolichos lablab (Njahi),-,-,-,140.00/Kg,180.00/Kg,,Kirinyaga,2026-01-13
Kagio,Cowpeas,-,-,-,90.00/Kg,130.00/Kg,,Kirinyaga,2026-01-13
Kagio,Beans Rosecoco (Nyayo),-,-,-,118.89/Kg,150.00/Kg,,Kirinyaga,2026-01-13
Kagio,Beans (Mwitemania),-,-,-,120.00/Kg,150.00/Kg,,Kirinyaga,2026-01-13
Kagio,Beans (Yellow-Green),-,-,-,130.00/Kg,160.00/Kg,,Kirinyaga,2026-01-13
Kapkwen,Dry Onions,-,-,-,90.00/Kg,160.00/Kg,4000.0,Bomet,2026-01-13
Kapkwen,Cabbages,-,-,-,25.00/Kg,35.00/Kg,3500.0,Bomet,2026-01-13
Kapkwen,Beans Rosecoco,-,-,-,150.00/Kg,175.00/Kg,3200.0,Bomet,2026-01-13
Kapkwen,Beans (Mwezi Moja),-,-,-,150.00/Kg,175.00/Kg,3000.0,Bomet,2026-01-13
Kapkwen,Chicken,Indigenous,-,Female,700.00/Head,-,750.0,Bomet,2026-01-13
Kapkwen,Chicken,Indigenous,-,Male,650.00/Head,-,600.0,Bomet,2026-01-13
Kapkwen,Cattle,Friesian,Grade 2,Female,71000.00/Head,-,88.0,Bomet,2026-01-13
Kapkwen,Cattle,Friesian,Grade 2,Male,73000.00/Head,-,93.0,Bomet,2026-01-13
Kapkwen,Cattle,Ayrshire,Grade 2,Female,70000.00/Head,-,83.0,Bomet,2026-01-13
Kapkwen,Cattle,Ayrshire,Grade 2,Male,72000.00/Head,-,70.0,Bomet,2026-01-13
Diani Market,Kales/Sukuma Wiki,-,-,-,40.00/Kg,60.00/Kg,400.0,Kwale,2026-01-13
Diani Market,Okra (Lady's fingers or Gumbo),-,-,-,60.00/Kg,80.00/Kg,400.0,Kwale,2026-01-13
Diani Market,Spinach,-,-,-,60.00/Kg,80.00/Kg,400.0,Kwale,2026-01-13
Diani Market,Tomatoes,-,-,-,80.00/Kg,100.00/Kg,2000.0,Kwale,2026-01-13
Vanga,Octopus (Pweza),Fresh,-,-,450.00/Kg,550.00/Kg,400.0,Kwale,2026-01-12
Vanga,Needlefishes,Fresh,-,-,150.00/ Kg,200.00/ Kg,300.0,Kwale,2026-01-12
Vanga,Scavengers (Changu/Tangu),Fresh,-,-,200.00/Kg,250.00/Kg,200.0,Kwale,2026-01-12
Vanga,Rabbitfish (Tafi/Tasi),Fresh,-,-,250.00/Kg,350.00/Kg,60.0,Kwale,2026-01-12
Vanga,Parrotfishes(Pono),Fresh,-,-,150.00/Kg,200.00/Kg,130.0,Kwale,2026-01-12
Vanga,Kingfish (Nguru),Fresh,-,-,200.00/Kg,300.00/Kg,300.0,Kwale,2026-01-12
Nambacha Market,Sheep,Red Maasai,Grade 2,Male,6000.00/Head,-,130.0,Kakamega,2026-01-12
Nambacha Market,Goat,East African Goat,Grade 2,Male,6000.00/Head,-,150.0,Kakamega,2026-01-12
Nambacha Market,Chicken,Improved Kienyeji,-,Female,800.00/Head,-,180.0,Kakamega,2026-01-12
Nambacha Market,Chicken,Improved Kienyeji,-,Male,1000.00/Head,-,200.0,Kakamega,2026-01-12
Nambacha Market,Cattle,Mixed,Grade 2,Female,50000.00/Head,-,200.0,Kakamega,2026-01-12
Nambacha Market,Cattle,Mixed,Grade 2,Male,60000.00/Head,-,300.0,Kakamega,2026-01-12
Butere Livestock Market,Oranges,-,-,-,43.75/Kg,53.76/Kg,240.0,Kakamega,2026-01-12
Butere Livestock Market,Mangoes,Improved,-,-,20.00/Kg,66.67/Kg,3200.0,Kakamega,2026-01-12
Butere Livestock Market,White Irish Potatoes,-,-,-,49.23/Kg,53.19/Kg,6500.0,Kakamega,2026-01-12
Butere Livestock Market,Sweet potatoes,-,-,-,30.00/Kg,45.45/Kg,400.0,Kakamega,2026-01-12
Butere Livestock Market,Rice,IRR,-,-,104.00/Kg,152.17/Kg,2500.0,Kakamega,2026-01-12
Butere Livestock Market,Dry Maize,White Maize,-,-,43.33/Kg,45.83/Kg,9000.0,Kakamega,2026-01-12
Butere Livestock Market,Dry Onions,-,-,-,74.00/Kg,35.71/Kg,1250.0,Kakamega,2026-01-12
Butere Livestock Market,Tomatoes,-,-,-,60.00/Kg,76.92/Kg,3375.0,Kakamega,2026-01-12
Butere Livestock Market,Cabbages,-,-,-,35.71/Kg,42.86/Kg,4142.0,Kakamega,2026-01-12
Butere Livestock Market,Sheep,Red Maasai,Grade 3,Female,4000.00/Head,-,7.0,Kakamega,2026-01-12
Butere Livestock Market,Sheep,Red Maasai,Grade 3,Male,3600.00/Head,-,5.0,Kakamega,2026-01-12
Butere Livestock Market,Sheep,Red Maasai,Grade 2,Female,4500.00/Head,-,10.0,Kakamega,2026-01-12
Butere Livestock Market,Sheep,Red Maasai,Grade 2,Male,4000.00/Head,-,9.0,Kakamega,2026-01-12
Butere Livestock Market,Sheep,Red Maasai,Grade 1,Female,5000.00/Head,-,3.0,Kakamega,2026-01-12
Butere Livestock Market,Sheep,Red Maasai,Grade 1,Male,4700.00/Head,-,5.0,Kakamega,2026-01-12
Chebunyo,Dry Maize,White Maize,-,-,50.00/Kg,65.00/Kg,18000.0,Bomet,2026-01-12
Butere Livestock Market,Sheep,Red Maasai,Grade 3,Female,5000.00/Head,-,8.0,Kakamega,2026-01-12
Chebunyo,Water Melon,-,-,-,80.00/Kg,120.00/Kg,4000.0,Bomet,2026-01-12
Butere Livestock Market,Sheep,Red Maasai,Grade 3,Male,4500.00/Head,-,10.0,Kakamega,2026-01-12
Chebunyo,Oranges,-,-,-,61.82/Kg,100.00/Kg,7000.0,Bomet,2026-01-12
Butere Livestock Market,Sheep,Red Maasai,Grade 2,Female,5200.00/Head,-,9.0,Kakamega,2026-01-12
Chebunyo,Dry Onions,-,-,-,65.00/Kg,90.00/Kg,2400.0,Bomet,2026-01-12
Butere Livestock Market,Sheep,Red Maasai,Grade 2,Male,5500.00/Head,-,7.0,Kakamega,2026-01-12
Chebunyo,Tomatoes,-,-,-,75.00/Kg,100.00/Kg,16000.0,Bomet,2026-01-12
Butere Livestock Market,Sheep,Red Maasai,Grade 1,Female,6000.00/Head,-,3.0,Kakamega,2026-01-12
Chebunyo,Cabbages,-,-,-,10.00/Kg,20.00/Kg,15000.0,Bomet,2026-01-12
Chebunyo,Eggs,Indigenous /Kenyeji,-,-,540.00/Tray(30),600.00/Tray(30),10000.0,Bomet,2026-01-12
Butere Livestock Market,Sheep,Red Maasai,Grade 1,Male,5800.00/Head,-,4.0,Kakamega,2026-01-12
Chebunyo,Chicken,Indigenous,-,Female,650.00/Head,-,2000.0,Bomet,2026-01-12
Butere Livestock Market,Sheep,Red Maasai,Grade 3,Female,6500.00/Head,-,5.0,Kakamega,2026-01-12
Chebunyo,Chicken,Indigenous,-,Male,900.00/Head,-,2000.0,Bomet,2026-01-12
Chebunyo,Sheep,Dorper,Grade 3,Female,6000.00/Head,-,500.0,Bomet,2026-01-12
Chebunyo,Sheep,Dorper,Grade 3,Male,8000.00/Head,-,600.0,Bomet,2026-01-12
Butere Livestock Market,Sheep,Red Maasai,Grade 3,Male,6500.00/Head,-,7.0,Kakamega,2026-01-12
Chebunyo,Goat,Dairy Goats,Grade 3,Male,8000.00/Head,-,480.0,Bomet,2026-01-12
Butere Livestock Market,Sheep,Red Maasai,Grade 2,Female,7500.00/Head,-,8.0,Kakamega,2026-01-12
Chebunyo,Goat,Dairy Goats,Grade 3,Female,7500.00/Head,-,300.0,Bomet,2026-01-12
Butere Livestock Market,Sheep,Red Maasai,Grade 2,Male,8000.00/Head,-,6.0,Kakamega,2026-01-12
Butere Livestock Market,Sheep,Red Maasai,Grade 1,Female,8500.00/Head,-,5.0,Kakamega,2026-01-12
Butere Livestock Market,Sheep,Red Maasai,Grade 1,Male,9000.00/Head,-,4.0,Kakamega,2026-01-12
Butere Livestock Market,Goat,Mixed,Grade 3,Female,4000.00/Head,-,8.0,Kakamega,2026-01-12
Butere Livestock Market,Goat,Mixed,Grade 3,Male,3800.00/Head,-,6.0,Kakamega,2026-01-12
Butere Livestock Market,Goat,Mixed,Grade 2,Female,4800.00/Head,-,11.0,Kakamega,2026-01-12
Butere Livestock Market,Goat,Mixed,Grade 2,Male,4500.00/Head,-,6.0,Kakamega,2026-01-12
Butere Livestock Market,Goat,Mixed,Grade 1,Female,5000.00/Head,-,10.0,Kakamega,2026-01-12
Butere Livestock Market,Goat,Mixed,Grade 1,Male,4800.00/Head,-,8.0,Kakamega,2026-01-12
Butere Livestock Market,Goat,Mixed,Grade 3,Female,5000.00/Head,-,9.0,Kakamega,2026-01-12
Butere Livestock Market,Goat,Mixed,Grade 3,Male,4800.00/Head,-,2.0,Kakamega,2026-01-12
Butere Livestock Market,Goat,Mixed,Grade 2,Female,5500.00/Head,-,8.0,Kakamega,2026-01-12
Butere Livestock Market,Goat,Mixed,Grade 2,Male,6000.00/Head,-,7.0,Kakamega,2026-01-12
Butere Livestock Market,Goat,Mixed,Grade 1,Female,6000.00/Head,-,6.0,Kakamega,2026-01-12
Butere Livestock Market,Goat,Mixed,Grade 1,Male,6500.00/Head,-,5.0,Kakamega,2026-01-12
Butere Livestock Market,Goat,Mixed,Grade 3,Female,7000.00/Head,-,9.0,Kakamega,2026-01-12
Butere Livestock Market,Goat,Mixed,Grade 3,Male,7500.00/Head,-,5.0,Kakamega,2026-01-12
Butere Livestock Market,Goat,Mixed,Grade 2,Female,8500.00/Head,-,3.0,Kakamega,2026-01-12
Butere Livestock Market,Goat,Mixed,Grade 2,Male,9000.00/Head,-,4.0,Kakamega,2026-01-12
Kutus,Fertilizer,Urea,-,-,80.00/Kg,100.00/Kg,,Kirinyaga,2026-01-12
Kutus,Fertilizer,NPK,-,-,100.00/Kg,120.00/Kg,,Kirinyaga,2026-01-12
Butere Livestock Market,Goat,Mixed,Grade 1,Female,19500.00/Head,-,2.0,Kakamega,2026-01-12
Kutus,Fertilizer,CAN,-,-,64.00/Kg,70.00/Kg,,Kirinyaga,2026-01-12
Kutus,Fertilizer,DAP,-,-,130.00/Kg,140.00/Kg,,Kirinyaga,2026-01-12
Butere Livestock Market,Goat,Mixed,Grade 1,Male,12500.00/Head,-,1.0,Kakamega,2026-01-12
Kutus,Fertilizer,CAN,-,-,130.00/Kg,140.00/Kg,,Kirinyaga,2026-01-12
Butere Livestock Market,Cattle,Zebu,Grade 3,Male,16000.00/Head,-,5.0,Kakamega,2026-01-12
Kutus,Wheat,-,-,-,87.00/Kg,100.00/Kg,,Kirinyaga,2026-01-12
Butere Livestock Market,Cattle,Mixed,Grade 3,Female,20000.00/Head,-,8.0,Kakamega,2026-01-12
Butere Livestock Market,Cattle,Mixed,Grade 2,Female,22000.00/Head,-,8.0,Kakamega,2026-01-12
Butere Livestock Market,Cattle,Mixed,Grade 2,Male,18000.00/Head,-,7.0,Kakamega,2026-01-12
Butere Livestock Market,Cattle,Zebu,Grade 3,Female,19500.00/Head,-,15.0,Kakamega,2026-01-12
Kutus,Rice,Pishori,-,-,160.00/Kg,170.00/Kg,,Kirinyaga,2026-01-12
Butere Livestock Market,Cattle,Zebu,Grade 3,Male,18000.00/Head,-,11.0,Kakamega,2026-01-12
Kutus,Red Sorghum,-,-,-,102.00/Kg,125.00/Kg,,Kirinyaga,2026-01-12
Butere Livestock Market,Cattle,Zebu,Grade 2,Female,22000.00/Head,-,7.0,Kakamega,2026-01-12
Kutus,Dry Maize,White Maize,-,-,46.00/Kg,60.00/Kg,,Kirinyaga,2026-01-12
Butere Livestock Market,Cattle,Zebu,Grade 2,Male,20000.00/Head,-,6.0,Kakamega,2026-01-12
Kutus,Avocado,Local,-,-,50.00/Kg,70.00/Kg,,Kirinyaga,2026-01-12
Kutus,Banana (Ripening),-,-,-,17.00/Kg,20.00/Kg,12000.0,Kirinyaga,2026-01-12
Butere Livestock Market,Cattle,Zebu,Grade 1,Female,24000.00/Head,-,10.0,Kakamega,2026-01-12
Kutus,Pawpaw,-,-,-,30.00/Kg,35.00/Kg,,Kirinyaga,2026-01-12
Butere Livestock Market,Cattle,Zebu,Grade 1,Male,22000.00/Head,-,8.0,Kakamega,2026-01-12
Kutus,Thorn melon,-,-,-,35.00/Kg,50.00/Kg,,Kirinyaga,2026-01-12
Kutus,Tree tomato,-,-,-,140.00/Kg,160.00/Kg,200.0,Kirinyaga,2026-01-12
Butere Livestock Market,Cattle,Zebu,Grade 3,Female,26000.00/Head,-,10.0,Kakamega,2026-01-12
Kutus,Water Melon,-,-,-,25.00/Kg,35.00/Kg,,Kirinyaga,2026-01-12
Butere Livestock Market,Cattle,Zebu,Grade 3,Male,25000.00/Head,-,9.0,Kakamega,2026-01-12
Kutus,Sweet potatoes,-,-,-,40.00/Kg,50.00/Kg,,Kirinyaga,2026-01-12
Butere Livestock Market,Cattle,Zebu,Grade 2,Female,28000.00/Head,-,8.0,Kakamega,2026-01-12
Kutus,Cassava Fresh,-,-,-,40.00/Kg,60.00/Kg,1000.0,Kirinyaga,2026-01-12
Kutus,Arrow Root,-,-,-,70.00/Kg,100.00/Kg,,Kirinyaga,2026-01-12
Butere Livestock Market,Cattle,Zebu,Grade 2,Male,30000.00/Head,-,6.0,Kakamega,2026-01-12
Butere Livestock Market,Cattle,Zebu,Grade 1,Female,33000.00/Head,-,5.0,Kakamega,2026-01-12
Kutus,Lentils,-,-,-,200.00/Kg,250.00/Kg,,Kirinyaga,2026-01-12
Butere Livestock Market,Cattle,Zebu,Grade 1,Male,35000.00/Head,-,7.0,Kakamega,2026-01-12
Kutus,Green Grams,Makueni,-,-,167.00/Kg,200.00/Kg,,Kirinyaga,2026-01-12
Butere Livestock Market,Cattle,Zebu,Grade 2,Female,35000.00/Head,-,3.0,Kakamega,2026-01-12
Kutus,Green Grams,Hybrid/ polished,-,-,155.00/Kg,175.00/Kg,,Kirinyaga,2026-01-12
Kutus,Dolichos lablab (Njahi),-,-,-,83.00/Kg,100.00/Kg,,Kirinyaga,2026-01-12
Kutus,Cowpeas,-,-,-,94.00/Kg,125.00/Kg,,Kirinyaga,2026-01-12
Butere Livestock Market,Cattle,Zebu,Grade 3,Male,38000.00/Head,-,4.0,Kakamega,2026-01-12
Kutus,Beans Rosecoco,-,-,-,112.00/Kg,130.00/Kg,,Kirinyaga,2026-01-12
Butere Livestock Market,Cattle,Zebu,Grade 2,Female,42000.00/Head,-,3.0,Kakamega,2026-01-12
Kutus,Beans Red Haricot (Wairimu),-,-,-,96.00/Kg,120.00/Kg,,Kirinyaga,2026-01-12
Butere Livestock Market,Cattle,Zebu,Grade 2,Male,48000.00/Head,-,2.0,Kakamega,2026-01-12
Kutus,Beans (Yellow-Green),-,-,-,150.00/Kg,175.00/Kg,,Kirinyaga,2026-01-12
Butere Livestock Market,Cattle,Zebu,Grade 1,Female,56000.00/Head,-,4.0,Kakamega,2026-01-12
Kutus,Beans (Mwitemania),-,-,-,112.00/Kg,125.00/Kg,,Kirinyaga,2026-01-12
Butere Livestock Market,Cattle,Zebu,Grade 1,Male,60000.00/Head,-,6.0,Kakamega,2026-01-12
Butere Livestock Market,Duck,Black Swedish,Grade 1,Female,-,-,2.0,Kakamega,2026-01-12
Butere Livestock Market,Duck,Black Swedish,Grade 1,Male,-,-,4.0,Kakamega,2026-01-12
Butere Livestock Market,Chicken,Improved Kienyeji,-,Female,350.00/Head,-,19.0,Kakamega,2026-01-12
Butere Livestock Market,Chicken,Improved Kienyeji,-,Male,350.00/Head,-,17.0,Kakamega,2026-01-12
Butere Livestock Market,Chicken,Improved Kienyeji,-,Female,700.00/Head,-,19.0,Kakamega,2026-01-12
Butere Livestock Market,Chicken,Improved Kienyeji,-,Male,750.00/Head,-,11.0,Kakamega,2026-01-12
Butere Livestock Market,Chicken,Improved Kienyeji,-,Female,900.00/Head,-,17.0,Kakamega,2026-01-12
Butere Livestock Market,Chicken,Improved Kienyeji,-,Male,950.00/Head,-,13.0,Kakamega,2026-01-12
Butere Livestock Market,Chicken,Indigenous,-,Female,350.00/Head,-,20.0,Kakamega,2026-01-12
Butere Livestock Market,Chicken,Indigenous,-,Male,350.00/Head,-,30.0,Kakamega,2026-01-12
Butere Livestock Market,Chicken,Indigenous,-,Female,850.00/Head,-,23.0,Kakamega,2026-01-12
Butere Livestock Market,Chicken,Indigenous,-,Male,900.00/Head,-,15.0,Kakamega,2026-01-12
Butere Livestock Market,Chicken,Indigenous,-,Female,850.00/Head,-,26.0,Kakamega,2026-01-12
Butere Livestock Market,Chicken,Indigenous,-,Male,1200.00/Head,-,20.0,Kakamega,2026-01-12
Kerugoya,White Irish Potatoes,-,-,-,35.00/Kg,60.00/Kg,2400.0,Kirinyaga,2026-01-12
Kerugoya,Water Melon,-,-,-,25.00/Kg,40.00/Kg,300.0,Kirinyaga,2026-01-12
Kerugoya,Tree tomato,-,-,-,120.00/Kg,220.00/Kg,250.0,Kirinyaga,2026-01-12
Kerugoya,Thorn melon,-,-,-,30.00/Kg,60.00/Kg,150.0,Kirinyaga,2026-01-12
Kerugoya,Oranges,-,-,-,60.00/Kg,120.00/Kg,300.0,Kirinyaga,2026-01-12
Kerugoya,Mangoes,Improved,-,-,60.00/Kg,120.00/Kg,300.0,Kirinyaga,2026-01-12
Kerugoya,Lemons,-,-,-,50.00/Kg,100.00/Kg,150.0,Kirinyaga,2026-01-12
Kerugoya,Banana (Ripening),-,-,-,2.00/Kg,50.00/Kg,350.0,Kirinyaga,2026-01-12
Kerugoya,Rice,Pishori,-,-,150.00/Kg,180.00/Kg,2200.0,Kirinyaga,2026-01-12
Kerugoya,Dry Maize,White Maize,-,-,50.00/Kg,70.00/Kg,4500.0,Kirinyaga,2026-01-12
Kerugoya,Tomatoes,-,-,-,20.00/Kg,50.00/Kg,2000.0,Kirinyaga,2026-01-12
Kerugoya,Pumpkin,-,-,-,35.00/Kg,80.00/Kg,180.0,Kirinyaga,2026-01-12
Kerugoya,Kales/Sukuma Wiki,-,-,-,20.00/Kg,40.00/Kg,200.0,Kirinyaga,2026-01-12
Kerugoya,Green Maize,-,-,-,60.00/Kg,80.00/Kg,180.0,Kirinyaga,2026-01-12
Kerugoya,Ginger,-,-,-,180.00/Kg,250.00/Kg,180.0,Kirinyaga,2026-01-12
Kerugoya,Dry Onions,-,-,-,40.00/Kg,80.00/Kg,2300.0,Kirinyaga,2026-01-12
Kerugoya,Courgette,-,-,-,40.00/Kg,80.00/Kg,350.0,Kirinyaga,2026-01-12
Kerugoya,Carrots,-,-,-,25.00/Kg,50.00/Kg,400.0,Kirinyaga,2026-01-12
Kerugoya,Capsicums,-,-,-,30.00/Kg,70.00/Kg,300.0,Kirinyaga,2026-01-12
Kerugoya,Cabbages,-,-,-,18.00/Kg,25.00/Kg,350.0,Kirinyaga,2026-01-12
Kerugoya,Butternuts,-,-,-,70.00/Kg,120.00/Kg,180.0,Kirinyaga,2026-01-12
Kerugoya,Banana (Cooking),-,-,-,17.00/Kg,30.00/Kg,800.0,Kirinyaga,2026-01-12
Kerugoya,Pigeon peas,-,-,-,135.00/Kg,175.00/Kg,2350.0,Kirinyaga,2026-01-12
Kerugoya,Mixed Beans,-,-,-,120.00/Kg,150.00/Kg,1200.0,Kirinyaga,2026-01-12
Kerugoya,Lentils,-,-,-,230.00/Kg,280.00/Kg,1300.0,Kirinyaga,2026-01-12
Kerugoya,Ground Nuts,Large Brown,-,-,240.00/Kg,320.00/Kg,850.0,Kirinyaga,2026-01-12
Kerugoya,Green Grams,Makueni,-,-,120.00/Kg,150.00/Kg,1600.0,Kirinyaga,2026-01-12
Kerugoya,Green Grams,Local-Special,-,-,120.00/Kg,150.00/Kg,1500.0,Kirinyaga,2026-01-12
Kerugoya,Dolichos lablab (Njahi),-,-,-,125.00/Kg,160.00/Kg,1600.0,Kirinyaga,2026-01-12
Kerugoya,Cowpeas,-,-,-,100.00/Kg,130.00/Kg,2250.0,Kirinyaga,2026-01-12
Kerugoya,Beans Rosecoco (Nyayo),-,-,-,135.00/Kg,175.00/Kg,2600.0,Kirinyaga,2026-01-12
Kerugoya,Beans Rosecoco,-,-,-,130.00/Kg,170.00/Kg,2600.0,Kirinyaga,2026-01-12
Kerugoya,Beans Red Haricot (Wairimu),-,-,-,120.00/Kg,150.00/Kg,2750.0,Kirinyaga,2026-01-12
Kerugoya,Beans (Yellow-Green),-,-,-,150.00/Kg,200.00/Kg,1650.0,Kirinyaga,2026-01-12
Kerugoya,Beans (Mwitemania),-,-,-,130.00/Kg,165.00/Kg,2350.0,Kirinyaga,2026-01-12
Kerugoya,Beans (Mwezi Moja),-,-,-,120.00/Kg,160.00/Kg,2500.0,Kirinyaga,2026-01-12
Kutus,Banana (Cooking),-,-,-,17.00/Kg,20.00/Kg,5500.0,Kirinyaga,2026-01-12
Kutus,Banana (Plantain),-,-,-,60.00/Kg,90.00/Kg,2000.0,Kirinyaga,2026-01-12
Kutus,Butternuts,-,-,-,25.00/Kg,35.00/Kg,1500.0,Kirinyaga,2026-01-12
Kutus,Cabbages,-,-,-,30.00/Kg,40.00/Kg,4500.0,Kirinyaga,2026-01-12
Kutus,Capsicums,-,-,-,60.00/Kg,80.00/Kg,400.0,Kirinyaga,2026-01-12
Kutus,Carrots,-,-,-,60.00/Kg,70.00/Kg,1800.0,Kirinyaga,2026-01-12
Kutus,Chillies,-,-,-,120.00/Kg,150.00/Kg,50.0,Kirinyaga,2026-01-12
Kutus,Coriander (Dhania),-,-,-,60.00/Kg,120.00/Kg,150.0,Kirinyaga,2026-01-12
Kutus,Courgette,-,-,-,60.00/Kg,80.00/Kg,250.0,Kirinyaga,2026-01-12
Kutus,Cucumber,-,-,-,70.00/Kg,80.00/Kg,150.0,Kirinyaga,2026-01-12
Nairobi Supermarkets,Wheat Flour,Winnie's Pure Health Atta Mark 1,-,-,-,128.50/Kg,,Nairobi,2026-01-12
Nairobi Supermarkets,Wheat Flour,Tropicana HBF,-,-,-,88.50/Kg,,Nairobi,2026-01-12
Nairobi Supermarkets,Wheat Flour,Soko Atta Mark 1,-,-,-,83.50/Kg,,Nairobi,2026-01-12
Nairobi Supermarkets,Wheat Flour,Soko All Purpose HBF,-,-,-,81.50/Kg,,Nairobi,2026-01-12
Nairobi Supermarkets,Wheat Flour,Phulka Atta Mark 1 Chapati Flour,-,-,-,80.00/Kg,,Nairobi,2026-01-12
Nairobi Supermarkets,Wheat Flour,Pembe Atta Mark 1,-,-,-,85.50/Kg,,Nairobi,2026-01-12
Nairobi Supermarkets,Wheat Flour,Pembe All Purpose HBF,-,-,-,84.00/Kg,,Nairobi,2026-01-12
Nairobi Supermarkets,Wheat Flour,Oboma all purpose HBF,-,-,-,79.00/Kg,,Nairobi,2026-01-12
Nairobi Supermarkets,Wheat Flour,Nutra Meal Atta Mark 1,-,-,-,135.00/Kg,,Nairobi,2026-01-12
Nairobi Supermarkets,Wheat Flour,Ndovu all purpose HBF,-,-,-,77.50/Kg,,Nairobi,2026-01-12
Nairobi Supermarkets,Wheat Flour,Mama Home Baking Flour,-,-,-,76.50/Kg,,Nairobi,2026-01-12
Nairobi Supermarkets,Wheat Flour,Kifaru All Purpose HBF,-,-,-,77.50/Kg,,Nairobi,2026-01-12
Nairobi Supermarkets,Wheat Flour,Golden All Purpose,-,-,-,81.00/Kg,,Nairobi,2026-01-12
Nairobi Supermarkets,Wheat Flour,Exe self raising,-,-,-,92.50/Kg,,Nairobi,2026-01-12
Nairobi Supermarkets,Wheat Flour,Exe Mandazi Fortified Wheat Flour,-,-,-,91.50/Kg,,Nairobi,2026-01-12
Nairobi Supermarkets,Wheat Flour,Exe Chapati fortified wheat flour,-,-,-,88.00/Kg,,Nairobi,2026-01-12
Nairobi Supermarkets,Wheat Flour,Exe brown bread,-,-,-,91.00/Kg,,Nairobi,2026-01-12
Nairobi Supermarkets,Wheat Flour,Exe Atta Mark 1,-,-,-,90.00/Kg,,Nairobi,2026-01-12
Nairobi Supermarkets,Wheat Flour,Exe All purpose fortified wheat flour,-,-,-,84.00/Kg,,Nairobi,2026-01-12
Nairobi Supermarkets,Wheat Flour,Elliots self raising flour,-,-,-,92.50/Kg,,Nairobi,2026-01-12
Nairobi Supermarkets,Wheat Flour,Elliots all purpose HBK,-,-,-,82.00/Kg,,Nairobi,2026-01-12
Nairobi Supermarkets,Wheat Flour,Dola premium all pupose,-,-,-,81.50/Kg,,Nairobi,2026-01-12
Nairobi Supermarkets,Wheat Flour,Dola Atta Mark 1,-,-,-,82.00/Kg,,Nairobi,2026-01-12
Kutus,Dry Onions,-,-,-,90.00/Kg,100.00/Kg,7000.0,Kirinyaga,2026-01-12
Nairobi Supermarkets,Wheat Flour,Chapati Afya,-,-,-,135.50/Kg,,Nairobi,2026-01-12
Nairobi Supermarkets,Wheat Flour,Ajab fortofied self raising,-,-,-,86.00/Kg,,Nairobi,2026-01-12
Kutus,Egg plant (Brinjals),-,-,-,40.00/Kg,50.00/Kg,400.0,Kirinyaga,2026-01-12
Nairobi Supermarkets,Wheat Flour,Ajab fortigied Home Baking flour,-,-,-,85.50/Kg,,Nairobi,2026-01-12
Kutus,French beans,-,-,-,50.00/Kg,70.00/Kg,150.0,Kirinyaga,2026-01-12
Nairobi Supermarkets,Wheat Flour,Ajab fortified mandazi flour,-,-,-,85.50/Kg,,Nairobi,2026-01-12
Nairobi Supermarkets,Wheat Flour,210 Home baking flour,-,-,-,80.00/Kg,,Nairobi,2026-01-12
Nairobi Supermarkets,Wheat Flour,210 Atta Mark 1,-,-,-,77.50/Kg,,Nairobi,2026-01-12
Nairobi Supermarkets,Maize Flour,Ugali Afya,-,-,-,145.00/Kg,,Nairobi,2026-01-12
Nairobi Supermarkets,Maize Flour,Soko,-,-,-,80.50/Kg,,Nairobi,2026-01-12
Nairobi Supermarkets,Maize Flour,Raha Premium,-,-,-,99.50/Kg,,Nairobi,2026-01-12
Nairobi Supermarkets,Maize Flour,Pembe,-,-,-,82.00/Kg,,Nairobi,2026-01-12
Kutus,Fresh Peas,On pods,-,-,80.00/Kg,90.00/Kg,2300.0,Kirinyaga,2026-01-12
Nairobi Supermarkets,Maize Flour,Ndovu,-,-,-,71.00/Kg,,Nairobi,2026-01-12
Kutus,Garlic,-,-,-,380.00/Kg,450.00/Kg,350.0,Kirinyaga,2026-01-12
Nairobi Supermarkets,Maize Flour,Mama,-,-,-,76.00/Kg,,Nairobi,2026-01-12
Kutus,Ginger,-,-,-,200.00/Kg,250.00/Kg,200.0,Kirinyaga,2026-01-12
Nairobi Supermarkets,Maize Flour,Jogoo wimbi,-,-,-,139.50/Kg,,Nairobi,2026-01-12
Kutus,Green Maize,-,-,-,45.00/Kg,55.00/Kg,1800.0,Kirinyaga,2026-01-12
Nairobi Supermarkets,Maize Flour,Jogoo,-,-,-,74.50/Kg,,Nairobi,2026-01-12
Nairobi Supermarkets,Maize Flour,Hostess,-,-,-,94.00/Kg,,Nairobi,2026-01-12
Kutus,Kales/Sukuma Wiki,-,-,-,15.00/Kg,25.00/Kg,850.0,Kirinyaga,2026-01-12
Nairobi Supermarkets,Maize Flour,Equatorial afya ugali,-,-,-,136.50/Kg,,Nairobi,2026-01-12
Nairobi Supermarkets,Maize Flour,Dola,-,-,-,75.50/Kg,,Nairobi,2026-01-12
Nairobi Supermarkets,Maize Flour,Ajab,-,-,-,85.50/Kg,,Nairobi,2026-01-12
Nairobi Supermarkets,Maize Flour,210(two ten),-,-,-,77.00/Kg,,Nairobi,2026-01-12
Kutus,Spring Onions,-,-,-,60.00/Kg,80.00/Kg,650.0,Kirinyaga,2026-01-12
Kutus,Tomatoes,-,-,-,10.00/Kg,550.00/Kg,15000.0,Kirinyaga,2026-01-12
Kutus,Pumpkin Leaves,-,-,-,40.00/Kg,50.00/Kg,80.0,Kirinyaga,2026-01-12
Kutus,Cowpea leaves (Kunde),-,-,-,40.00/Kg,50.00/Kg,80.0,Kirinyaga,2026-01-12
Kutus,Black nightshade (Managu/ Osuga),-,-,-,30.00/Kg,40.00/Kg,100.0,Kirinyaga,2026-01-12
Kutus,Amaranthus (Terere),-,-,-,30.00/Kg,40.00/Kg,130.0,Kirinyaga,2026-01-12
Diani Market,Sweet potatoes,-,-,-,80.00/Kg,100.00/Kg,6000.0,Kwale,2026-01-12
Diani Market,White Irish Potatoes,-,-,-,80.00/Kg,100.00/Kg,8000.0,Kwale,2026-01-12
Diani Market,Ginger,-,-,-,180.00/Kg,200.00/Kg,600.0,Kwale,2026-01-12
Diani Market,Garlic,-,-,-,450.00/Kg,500.00/Kg,600.0,Kwale,2026-01-12
Diani Market,Capsicums,-,-,-,80.00/Kg,100.00/Kg,450.0,Kwale,2026-01-12
Diani Market,Cauliflower,-,-,-,150.00/Kg,200.00/Kg,300.0,Kwale,2026-01-12
Diani Market,Carrots,-,-,-,50.00/Kg,70.00/Kg,600.0,Kwale,2026-01-12
Diani Market,Dry Onions,-,-,-,80.00/Kg,100.00/Kg,4000.0,Kwale,2026-01-12
Diani Market,Kales/Sukuma Wiki,-,-,-,40.00/Kg,60.00/Kg,500.0,Kwale,2026-01-12
Diani Market,Okra (Lady's fingers or Gumbo),-,-,-,60.00/Kg,80.00/Kg,350.0,Kwale,2026-01-12
Diani Market,Spinach,-,-,-,60.00/Kg,80.00/Kg,600.0,Kwale,2026-01-12
Diani Market,Spring Onions,-,-,-,250.00/Kg,300.00/Kg,600.0,Kwale,2026-01-12
Diani Market,Tomatoes,-,-,-,80.00/Kg,100.00/Kg,6000.0,Kwale,2026-01-12
Diani Market,Broccoli,-,-,-,200.00/Kg,180.00/Kg,300.0,Kwale,2026-01-12
Kutus,Pumpkin Leaves,-,-,-,40.00/Kg,50.00/Kg,,Kirinyaga,2026-01-19
Kutus,Black nightshade (Managu/ Osuga),-,-,-,30.00/Kg,40.00/Kg,,Kirinyaga,2026-01-19
Kutus,Cowpea leaves (Kunde),-,-,-,40.00/Kg,50.00/Kg,,Kirinyaga,2026-01-19
Kutus,Amaranthus (Terere),-,-,-,30.00/Kg,40.00/Kg,,Kirinyaga,2026-01-19
Kutus,Banana (Cooking),-,-,-,17.00/Kg,20.00/Kg,,Kirinyaga,2026-01-19
Kutus,Banana (Plantain),-,-,-,17.00/Kg,20.00/Kg,,Kirinyaga,2026-01-19
Kutus,Butternuts,-,-,-,30.00/Kg,50.00/Kg,600.0,Kirinyaga,2026-01-19
Kutus,Cabbages,-,-,-,35.00/Kg,45.00/Kg,,Kirinyaga,2026-01-19
Kutus,Capsicums,-,-,-,60.00/Kg,80.00/Kg,540.0,Kirinyaga,2026-01-19
Kutus,Carrots,-,-,-,60.00/Kg,80.00/Kg,3000.0,Kirinyaga,2026-01-19
Kutus,Chillies,-,-,-,120.00/Kg,150.00/Kg,60.0,Kirinyaga,2026-01-19
Kutus,Coriander (Dhania),-,-,-,60.00/Kg,120.00/Kg,100.0,Kirinyaga,2026-01-19
Kutus,Courgette,-,-,-,60.00/Kg,80.00/Kg,500.0,Kirinyaga,2026-01-19
Kutus,Cucumber,-,-,-,70.00/Kg,90.00/Kg,250.0,Kirinyaga,2026-01-19
Kutus,Dry Onions,-,-,-,75.00/Kg,90.00/Kg,,Kirinyaga,2026-01-19
Kutus,Egg plant (Brinjals),-,-,-,45.00/Kg,50.00/Kg,500.0,Kirinyaga,2026-01-19
Kutus,Fresh Peas,On pods,-,-,80.00/Kg,100.00/Kg,3000.0,Kirinyaga,2026-01-19
Kutus,Garlic,-,-,-,380.00/Kg,450.00/Kg,320.0,Kirinyaga,2026-01-19
Kutus,Ginger,-,-,-,200.00/Kg,250.00/Kg,250.0,Kirinyaga,2026-01-19
Kutus,Green Maize,-,-,-,40.00/Kg,50.00/Kg,2500.0,Kirinyaga,2026-01-19
Kutus,Kales/Sukuma Wiki,-,-,-,20.00/Kg,30.00/Kg,550.0,Kirinyaga,2026-01-19
Kutus,Pumpkin,-,-,-,25.00/Kg,35.00/Kg,650.0,Kirinyaga,2026-01-19
Kutus,Spinach,-,-,-,25.00/Kg,35.00/Kg,600.0,Kirinyaga,2026-01-19
Kutus,Spring Onions,-,-,-,50.00/Kg,80.00/Kg,800.0,Kirinyaga,2026-01-19
Chebunyo,Tomatoes,-,-,-,75.00/Kg,100.00/Kg,16000.0,Bomet,2026-01-19
Chebunyo,Dry Onions,-,-,-,65.00/Kg,90.00/Kg,2400.0,Bomet,2026-01-19
Chebunyo,Cabbages,-,-,-,10.00/Kg,20.00/Kg,15000.0,Bomet,2026-01-19
Chebunyo,Oranges,-,-,-,61.82/Kg,100.00/Kg,7000.0,Bomet,2026-01-19
Chebunyo,Water Melon,-,-,-,80.00/Kg,120.00/Kg,4000.0,Bomet,2026-01-19
Chebunyo,Dry Maize,White Maize,-,-,50.00/Kg,60.00/Kg,18000.0,Bomet,2026-01-19
Kutus,Tomatoes,-,-,-,12.86/Kg,17.14/Kg,10000.0,Kirinyaga,2026-01-19
Chebunyo,Chicken,Improved Kienyeji,-,Female,600.00/Head,-,10000.0,Bomet,2026-01-19
Chebunyo,Chicken,Improved Kienyeji,-,Male,900.00/Head,-,10000.0,Bomet,2026-01-19
Chebunyo,Goat,Dairy Goats,Grade 3,Male,7500.00/Head,-,500.0,Bomet,2026-01-19
Chebunyo,Goat,Dairy Goats,Grade 3,Male,7500.00/Head,-,500.0,Bomet,2026-01-19
Chebunyo,Sheep,Dorper,Grade 3,Female,6000.00/Head,-,600.0,Bomet,2026-01-19
Chebunyo,Sheep,Dorper,Grade 3,Male,8000.00/Head,-,500.0,Bomet,2026-01-19
Butere Livestock Market,Mangoes,Improved,-,-,22.50/Kg,70.00/Kg,3200.0,Kakamega,2026-01-19
Butere Livestock Market,Dry Onions,-,-,-,80.00/Kg,90.91/Kg,1500.0,Kakamega,2026-01-19
Butere Livestock Market,Tomatoes,-,-,-,53.33/Kg,80.00/Kg,3000.0,Kakamega,2026-01-19
Butere Livestock Market,Cabbages,-,-,-,29.17/Kg,29.17/Kg,5250.0,Kakamega,2026-01-19
Butere Livestock Market,White Irish Potatoes,-,-,-,53.85/Kg,55.56/Kg,6000.0,Kakamega,2026-01-19
Butere Livestock Market,Sweet potatoes,-,-,-,32.00/Kg,50.00/Kg,350.0,Kakamega,2026-01-19
Kerugoya,White Irish Potatoes,-,-,-,35.00/Kg,70.00/Kg,2300.0,Kirinyaga,2026-01-19
Kerugoya,Arrow Root,-,-,-,50.00/Kg,100.00/Kg,180.0,Kirinyaga,2026-01-19
Butere Livestock Market,Rice,IRR,-,-,108.00/Kg,152.17/Kg,2000.0,Kakamega,2026-01-19
Kerugoya,Water Melon,-,-,-,25.00/Kg,40.00/Kg,300.0,Kirinyaga,2026-01-19
Kerugoya,Tree tomato,-,-,-,120.00/Kg,220.00/Kg,250.0,Kirinyaga,2026-01-19
Kerugoya,Thorn melon,-,-,-,25.00/Kg,60.00/Kg,150.0,Kirinyaga,2026-01-19
Kerugoya,Passion Fruits,-,-,-,180.00/Kg,250.00/Kg,300.0,Kirinyaga,2026-01-19
Kerugoya,Oranges,-,-,-,60.00/Kg,100.00/Kg,300.0,Kirinyaga,2026-01-19
Butere Livestock Market,Dry Maize,White Maize,-,-,43.33/Kg,50.00/Kg,10350.0,Kakamega,2026-01-19
Kerugoya,Mangoes,Improved,-,-,60.00/Kg,120.00/Kg,350.0,Kirinyaga,2026-01-19
Kerugoya,Lemons,-,-,-,50.00/Kg,100.00/Kg,180.0,Kirinyaga,2026-01-19
Kerugoya,Banana (Ripening),-,-,-,20.00/Kg,50.00/Kg,300.0,Kirinyaga,2026-01-19
Kerugoya,Rice,Pishori,-,-,155.00/Kg,180.00/Kg,2300.0,Kirinyaga,2026-01-19
Butere Livestock Market,Chicken,Improved Kienyeji,-,Female,750.00/Head,-,30.0,Kakamega,2026-01-19
Kerugoya,Dry Maize,White Maize,-,-,50.00/Kg,70.00/Kg,4600.0,Kirinyaga,2026-01-19
Butere Livestock Market,Chicken,Improved Kienyeji,-,Male,850.00/Head,-,19.0,Kakamega,2026-01-19
Butere Livestock Market,Chicken,Improved Kienyeji,-,Male,850.00/Head,-,19.0,Kakamega,2026-01-19
Kerugoya,Tomatoes,-,-,-,25.00/Kg,50.00/Kg,1800.0,Kirinyaga,2026-01-19
Butere Livestock Market,Chicken,Improved Kienyeji,-,Female,900.00/Head,-,13.0,Kakamega,2026-01-19
Kerugoya,Spinach,-,-,-,25.00/Kg,50.00/Kg,150.0,Kirinyaga,2026-01-19
Kerugoya,Pumpkin,-,-,-,45.00/Kg,80.00/Kg,200.0,Kirinyaga,2026-01-19
Butere Livestock Market,Chicken,Improved Kienyeji,-,Male,1100.00/Head,-,8.0,Kakamega,2026-01-19
Kitale Municipality Market,Lemons,-,-,-,60.00/Kg,80.00/Kg,300.0,Trans-Nzoia,2026-01-19
Butere Livestock Market,Chicken,Indigenous,-,Female,350.00/Head,-,15.0,Kakamega,2026-01-19
Kitale Municipality Market,Banana (Ripening),-,-,-,80.00/Kg,100.00/Kg,4000.0,Trans-Nzoia,2026-01-19
Kerugoya,Kales/Sukuma Wiki,-,-,-,15.00/Kg,35.00/Kg,200.0,Kirinyaga,2026-01-19
Kitale Municipality Market,Avocado,Hass,-,-,120.00/Kg,150.00/Kg,300.0,Trans-Nzoia,2026-01-19
Butere Livestock Market,Chicken,Indigenous,-,Male,350.00/Head,-,11.0,Kakamega,2026-01-19
Kerugoya,Green Maize,-,-,-,48.00/Kg,75.00/Kg,180.0,Kirinyaga,2026-01-19
Kitale Municipality Market,Avocado,Fuerte,-,-,100.00/Kg,140.00/Kg,400.0,Trans-Nzoia,2026-01-19
Kitale Municipality Market,Apples,-,-,-,300.00/Kg,350.00/Kg,500.0,Trans-Nzoia,2026-01-19
Butere Livestock Market,Chicken,Indigenous,-,Female,750.00/Head,-,18.0,Kakamega,2026-01-19
Kerugoya,Ginger,-,-,-,180.00/Kg,250.00/Kg,180.0,Kirinyaga,2026-01-19
Kitale Municipality Market,White Irish Potatoes,-,-,-,60.00/Kg,75.00/Kg,4000.0,Trans-Nzoia,2026-01-19
Kerugoya,Dry Onions,-,-,-,40.00/Kg,80.00/Kg,2500.0,Kirinyaga,2026-01-19
Kitale Municipality Market,Sweet potatoes,-,-,-,80.00/Kg,100.00/Kg,500.0,Trans-Nzoia,2026-01-19
Butere Livestock Market,Chicken,Indigenous,-,Male,900.00/Head,-,11.0,Kakamega,2026-01-19
Kitale Municipality Market,Red Irish potato,-,-,-,60.00/Kg,70.00/Kg,3000.0,Trans-Nzoia,2026-01-19
Kerugoya,Courgette,-,-,-,40.00/Kg,80.00/Kg,350.0,Kirinyaga,2026-01-19
Kitale Municipality Market,Cassava Fresh,-,-,-,40.00/Kg,45.00/Kg,400.0,Trans-Nzoia,2026-01-19
Kitale Municipality Market,Cassava Chips (dry),-,-,-,75.00/Kg,100.00/Kg,300.0,Trans-Nzoia,2026-01-19
Kitale Municipality Market,Arrow Root,-,-,-,80.00/Kg,100.00/Kg,400.0,Trans-Nzoia,2026-01-19
Kitale Municipality Market,Spider flower (Saga),-,-,-,35.00/Kg,40.00/Kg,300.0,Trans-Nzoia,2026-01-19
Butere Livestock Market,Chicken,Indigenous,-,Female,900.00/Head,-,25.0,Kakamega,2026-01-19
Kerugoya,Carrots,-,-,-,35.00/Kg,70.00/Kg,400.0,Kirinyaga,2026-01-19
Kitale Municipality Market,Pumpkin Leaves,-,-,-,26.00/Kg,32.00/Kg,300.0,Trans-Nzoia,2026-01-19
Kerugoya,Capsicums,-,-,-,40.00/Kg,80.00/Kg,300.0,Kirinyaga,2026-01-19
Kitale Municipality Market,Jute Plant (Murenda),-,-,-,55.00/Kg,60.00/Kg,200.0,Trans-Nzoia,2026-01-19
Butere Livestock Market,Chicken,Indigenous,-,Male,1200.00/Head,-,15.0,Kakamega,2026-01-19
Kitale Municipality Market,Indigenous Crotolaria (Mito/Miro),-,-,-,30.00/Kg,35.00/Kg,300.0,Trans-Nzoia,2026-01-19
Butere Livestock Market,Sheep,Red Maasai,Grade 3,Female,3800.00/Head,-,3.0,Kakamega,2026-01-19
Kitale Municipality Market,Cowpea leaves (Kunde),-,-,-,24.00/Kg,30.00/Kg,300.0,Trans-Nzoia,2026-01-19
Kerugoya,Cabbages,-,-,-,20.00/Kg,30.00/Kg,300.0,Kirinyaga,2026-01-19
Kitale Municipality Market,Black nightshade (Managu/ Osuga),-,-,-,30.00/Kg,35.00/Kg,400.0,Trans-Nzoia,2026-01-19
Kerugoya,Banana (Cooking),-,-,-,15.00/Kg,30.00/Kg,800.0,Kirinyaga,2026-01-19
Butere Livestock Market,Sheep,Red Maasai,Grade 3,Male,3500.00/Head,-,6.0,Kakamega,2026-01-19
Kitale Municipality Market,Amaranthus (Terere),-,-,-,25.00/Kg,30.00/Kg,400.0,Trans-Nzoia,2026-01-19
Kitale Municipality Market,Macadamia Seed,-,-,-,200.00/Kg,250.00/Kg,200.0,Trans-Nzoia,2026-01-19
Butere Livestock Market,Sheep,Red Maasai,Grade 2,Female,4200.00/Head,-,5.0,Kakamega,2026-01-19
Kitale Municipality Market,Coconut Oil,-,-,-,160.00/Lt,200.00/Lt,1000.0,Trans-Nzoia,2026-01-19
Butere Livestock Market,Sheep,Red Maasai,Grade 2,Male,3800.00/Head,-,3.0,Kakamega,2026-01-19
Kerugoya,Pigeon peas,-,-,-,135.00/Kg,175.00/Kg,2350.0,Kirinyaga,2026-01-19
Butere Livestock Market,Sheep,Red Maasai,Grade 1,Female,4500.00/Head,-,2.0,Kakamega,2026-01-19
Butere Livestock Market,Sheep,Red Maasai,Grade 1,Male,4000.00/Head,-,4.0,Kakamega,2026-01-19
Kerugoya,Mixed Beans,-,-,-,95.00/Kg,140.00/Kg,1200.0,Kirinyaga,2026-01-19
Kerugoya,Lentils,-,-,-,250.00/Kg,300.00/Kg,1250.0,Kirinyaga,2026-01-19
Kerugoya,Ground Nuts,Large Brown,-,-,250.00/Kg,350.00/Kg,850.0,Kirinyaga,2026-01-19
Butere Livestock Market,Sheep,Red Maasai,Grade 3,Female,4200.00/Head,-,5.0,Kakamega,2026-01-19
Kerugoya,Green Grams,Makueni,-,-,120.00/Kg,150.00/Kg,1700.0,Kirinyaga,2026-01-19
Kerugoya,Green Grams,Local-Special,-,-,120.00/Kg,150.00/Kg,1600.0,Kirinyaga,2026-01-19
Butere Livestock Market,Sheep,Red Maasai,Grade 3,Male,4500.00/Head,-,7.0,Kakamega,2026-01-19
Kerugoya,Green Grams,Hybrid/ polished,-,-,125.00/Kg,160.00/Kg,1500.0,Kirinyaga,2026-01-19
Butere Livestock Market,Sheep,Red Maasai,Grade 2,Female,5500.00/Head,-,8.0,Kakamega,2026-01-19
Butere Livestock Market,Sheep,Red Maasai,Grade 2,Male,6000.00/Head,-,6.0,Kakamega,2026-01-19
Kerugoya,Dolichos lablab (Njahi),-,-,-,120.00/Kg,160.00/Kg,1600.0,Kirinyaga,2026-01-19
Butere Livestock Market,Sheep,Red Maasai,Grade 1,Female,5800.00/Head,-,5.0,Kakamega,2026-01-19
Kerugoya,Cowpeas,-,-,-,95.00/Kg,130.00/Kg,2300.0,Kirinyaga,2026-01-19
Butere Livestock Market,Sheep,Red Maasai,Grade 1,Male,6500.00/Head,-,3.0,Kakamega,2026-01-19
Kerugoya,Beans Rosecoco (Nyayo),-,-,-,135.00/Kg,175.00/Kg,2500.0,Kirinyaga,2026-01-19
Kerugoya,Beans Rosecoco,-,-,-,130.00/Kg,170.00/Kg,2650.0,Kirinyaga,2026-01-19
Butere Livestock Market,Sheep,Red Maasai,Grade 3,Female,6500.00/Head,-,5.0,Kakamega,2026-01-19
Kerugoya,Beans Red Haricot (Wairimu),-,-,-,120.00/Kg,140.00/Kg,2750.0,Kirinyaga,2026-01-19
Butere Livestock Market,Sheep,Red Maasai,Grade 3,Male,7000.00/Head,-,2.0,Kakamega,2026-01-19
Kerugoya,Beans (Yellow-Green),-,-,-,150.00/Kg,200.00/Kg,1650.0,Kirinyaga,2026-01-19
Kerugoya,Beans (Mwitemania),-,-,-,130.00/Kg,165.00/Kg,2350.0,Kirinyaga,2026-01-19
Kerugoya,Beans (Mwezi Moja),-,-,-,120.00/Kg,150.00/Kg,2600.0,Kirinyaga,2026-01-19
Butere Livestock Market,Sheep,Red Maasai,Grade 2,Female,7300.00/Head,-,6.0,Kakamega,2026-01-19
Butere Livestock Market,Sheep,Red Maasai,Grade 2,Male,8500.00/Head,-,3.0,Kakamega,2026-01-19
Butere Livestock Market,Sheep,Red Maasai,Grade 1,Female,8000.00/Head,-,2.0,Kakamega,2026-01-19
Butere Livestock Market,Sheep,Red Maasai,Grade 1,Male,9000.00/Head,-,3.0,Kakamega,2026-01-19
Butere Livestock Market,Goat,Mixed,Grade 3,Female,4500.00/Head,-,7.0,Kakamega,2026-01-19
Butere Livestock Market,Goat,Mixed,Grade 3,Male,4000.00/Head,-,4.0,Kakamega,2026-01-19
Butere Livestock Market,Goat,Mixed,Grade 2,Female,4800.00/Head,-,2.0,Kakamega,2026-01-19
Butere Livestock Market,Goat,Mixed,Grade 2,Male,4300.00/Head,-,3.0,Kakamega,2026-01-19
Butere Livestock Market,Goat,Mixed,Grade 1,Female,5000.00/Head,-,3.0,Kakamega,2026-01-19
Butere Livestock Market,Goat,Mixed,Grade 1,Male,4800.00/Head,-,5.0,Kakamega,2026-01-19
Butere Livestock Market,Goat,Mixed,Grade 3,Female,4500.00/Head,-,2.0,Kakamega,2026-01-19
Butere Livestock Market,Goat,Mixed,Grade 3,Male,4900.00/Head,-,5.0,Kakamega,2026-01-19
Butere Livestock Market,Goat,Mixed,Grade 2,Female,5000.00/Head,-,6.0,Kakamega,2026-01-19
Butere Livestock Market,Goat,Mixed,Grade 2,Male,5500.00/Head,-,4.0,Kakamega,2026-01-19
Butere Livestock Market,Goat,Mixed,Grade 1,Female,6800.00/Head,-,2.0,Kakamega,2026-01-19
Butere Livestock Market,Goat,Mixed,Grade 1,Male,6000.00/Head,-,3.0,Kakamega,2026-01-19
Butere Livestock Market,Goat,Mixed,Grade 3,Female,6500.00/Head,-,5.0,Kakamega,2026-01-19
Butere Livestock Market,Goat,Mixed,Grade 3,Male,7000.00/Head,-,3.0,Kakamega,2026-01-19
Butere Livestock Market,Goat,Mixed,Grade 2,Female,7500.00/Head,-,4.0,Kakamega,2026-01-19
Butere Livestock Market,Goat,Mixed,Grade 2,Male,8500.00/Head,-,3.0,Kakamega,2026-01-19
Butere Livestock Market,Goat,Mixed,Grade 1,Female,9000.00/Head,-,1.0,Kakamega,2026-01-19
Butere Livestock Market,Goat,Mixed,Grade 1,Male,11500.00/Head,-,2.0,Kakamega,2026-01-19
Butere Livestock Market,Cattle,Zebu,Grade 3,Female,8.00/Head,-,8.0,Kakamega,2026-01-19
Butere Livestock Market,Cattle,Zebu,Grade 3,Male,17000.00/Head,-,9.0,Kakamega,2026-01-19
Butere Livestock Market,Cattle,Zebu,Grade 2,Female,23000.00/Head,-,6.0,Kakamega,2026-01-19
Butere Livestock Market,Cattle,Zebu,Grade 2,Male,20000.00/Head,-,7.0,Kakamega,2026-01-19
Butere Livestock Market,Cattle,Zebu,Grade 1,Female,25000.00/Head,-,8.0,Kakamega,2026-01-19
Butere Livestock Market,Cattle,Zebu,Grade 1,Male,22000.00/Head,-,5.0,Kakamega,2026-01-19
Butere Livestock Market,Cattle,Zebu,Grade 3,Female,30000.00/Head,-,7.0,Kakamega,2026-01-19
Butere Livestock Market,Cattle,Zebu,Grade 3,Male,28000.00/Head,-,5.0,Kakamega,2026-01-19
Butere Livestock Market,Cattle,Zebu,Grade 2,Female,33000.00/Head,-,6.0,Kakamega,2026-01-19
Butere Livestock Market,Cattle,Zebu,Grade 2,Male,35000.00/Head,-,3.0,Kakamega,2026-01-19
Butere Livestock Market,Cattle,Zebu,Grade 1,Female,38000.00/Head,-,4.0,Kakamega,2026-01-19
Butere Livestock Market,Cattle,Zebu,Grade 1,Male,42000.00/Head,-,2.0,Kakamega,2026-01-19
Butere Livestock Market,Cattle,Zebu,Grade 3,Female,38000.00/Head,-,7.0,Kakamega,2026-01-19
Butere Livestock Market,Cattle,Zebu,Grade 3,Male,40000.00/Head,-,5.0,Kakamega,2026-01-19
Butere Livestock Market,Cattle,Zebu,Grade 2,Female,52000.00/Head,-,4.0,Kakamega,2026-01-19
Butere Livestock Market,Cattle,Zebu,Grade 2,Male,60000.00/Head,-,5.0,Kakamega,2026-01-19
Butere Livestock Market,Cattle,Zebu,Grade 1,Female,58000.00/Head,-,2.0,Kakamega,2026-01-19
Butere Livestock Market,Cattle,Zebu,Grade 1,Male,68000.00/Head,-,1.0,Kakamega,2026-01-19
Vanga,Squid(Ngisi),Fresh,-,-,150.00/Kg,250.00/Kg,200.0,Kwale,2026-01-19
Vanga,Octopus (Pweza),Fresh,-,-,450.00/Kg,550.00/Kg,600.0,Kwale,2026-01-19
Vanga,Cuttlefish,Fresh,-,-,200.00/Kg,250.00/Kg,60.0,Kwale,2026-01-19
Vanga,Jacks/Trevallies(Kolekole),Fresh,-,-,200.00/ Kg,250.00/ Kg,110.0,Kwale,2026-01-19
Vanga,Needlefishes,Fresh,-,-,150.00/ Kg,200.00/ Kg,210.0,Kwale,2026-01-19
Vanga,Sardines,Fresh,-,-,200.00/Kg,250.00/Kg,200.0,Kwale,2026-01-19
Vanga,Scavengers (Changu/Tangu),Fresh,-,-,200.00/Kg,250.00/Kg,310.0,Kwale,2026-01-19
Vanga,Rabbitfish (Tafi/Tasi),Fresh,-,-,250.00/Kg,350.00/Kg,60.0,Kwale,2026-01-19
Vanga,Parrotfishes(Pono),Fresh,-,-,150.00/Kg,200.00/Kg,60.0,Kwale,2026-01-19
Nambacha Market,Goat,East African Goat,Grade 2,Male,7000.00/Head,-,100.0,Kakamega,2026-01-19
Nambacha Market,Chicken,Improved Kienyeji,-,Female,800.00/Head,-,150.0,Kakamega,2026-01-19
Nambacha Market,Chicken,Improved Kienyeji,-,Male,1200.00/Head,-,200.0,Kakamega,2026-01-19
Nambacha Market,Cattle,Mixed,Grade 2,Female,55000.00/Head,-,150.0,Kakamega,2026-01-19
Nambacha Market,Cattle,Zebu,Grade 2,Male,50000.00/Head,-,200.0,Kakamega,2026-01-19
Gikomba,Lentils,-,-,-,260.00/Kg,300.00/Kg,,Nairobi,2026-01-19
Gikomba,Ground Nuts,Large Brown,-,-,166.67/Kg,275.00/Kg,,Nairobi,2026-01-19
Gikomba,Green Grams,Makueni,-,-,100.00/Kg,200.00/Kg,,Nairobi,2026-01-19
Gikomba,Dolichos lablab (Njahi),-,-,-,88.89/Kg,150.00/Kg,,Nairobi,2026-01-19
Gikomba,Cowpeas,-,-,-,88.89/Kg,150.00/Kg,,Nairobi,2026-01-19
Kawangware,Rice,Pishori,-,-,160.00/Kg,180.00/Kg,,Nairobi,2026-01-19
Gikomba,Beans Rosecoco (Nyayo),-,-,-,105.56/Kg,200.00/Kg,,Nairobi,2026-01-19
Kawangware,Red Sorghum,-,-,-,77.78/Kg,120.00/Kg,,Nairobi,2026-01-19
Kawangware,Pearl Rush Millet,-,-,-,122.22/Kg,120.00/Kg,,Nairobi,2026-01-19
Kawangware,Finger Millet,-,-,-,54.00/Kg,90.00/Kg,,Nairobi,2026-01-19
Gikomba,Beans Red Haricot (Wairimu),-,-,-,88.89/Kg,150.00/Kg,,Nairobi,2026-01-19
Kawangware,Dry Maize,White Maize,-,-,40.00/Kg,60.00/Kg,,Nairobi,2026-01-19
Gikomba,Beans (Yellow-Green),-,-,-,111.11/Kg,200.00/Kg,,Nairobi,2026-01-19
Gikomba,Wheat,-,-,-,64.44/Kg,100.00/Kg,,Nairobi,2026-01-19
Gikomba,Rice,Sindano,-,-,160.00/Kg,160.00/Kg,,Nairobi,2026-01-19
Gikomba,Rice,Sindano,-,-,160.00/Kg,160.00/Kg,,Nairobi,2026-01-19
Kawangware,Pigeon peas,-,-,-,115.00/Kg,110.00/Kg,,Nairobi,2026-01-19
Gikomba,Rice,Pishori,-,-,160.00/Kg,180.00/Kg,,Nairobi,2026-01-19
Kawangware,Lentils,-,-,-,182.00/Kg,200.00/Kg,,Nairobi,2026-01-19
Gikomba,Red Sorghum,-,-,-,72.22/Kg,100.00/Kg,,Nairobi,2026-01-19
Gikomba,Pearl Rush Millet,-,-,-,124.00/Kg,170.00/Kg,,Nairobi,2026-01-19
Gikomba,Finger Millet,-,-,-,83.33/Kg,140.00/Kg,,Nairobi,2026-01-19
Kawangware,Ground Nuts,Large Brown,-,-,220.00/Kg,240.00/Kg,,Nairobi,2026-01-19
Kawangware,Dry Peas,-,-,-,125.00/Kg,145.00/Kg,,Nairobi,2026-01-19
Kawangware,Dolichos lablab (Njahi),-,-,-,65.00/Kg,85.00/Kg,,Nairobi,2026-01-19
Gikomba,Dry Maize,Yellow Maize,-,-,77.78/Kg,100.00/Kg,,Nairobi,2026-01-19
Kawangware,Cowpeas,-,-,-,90.00/Kg,110.00/Kg,,Nairobi,2026-01-19
Gikomba,Dry Maize,White Maize,-,-,50.00/Kg,65.00/Kg,,Nairobi,2026-01-19
Kawangware,Beans Rosecoco (Nyayo),-,-,-,80.00/Kg,100.00/Kg,,Nairobi,2026-01-19
Kawangware,Beans Rosecoco,-,-,-,115.00/Kg,130.00/Kg,,Nairobi,2026-01-19
Nairobi Supermarkets,Wheat Flour,Winnie's Pure Health Atta Mark 1,-,-,-,128.50/Kg,,Nairobi,2026-01-19
Nairobi Supermarkets,Wheat Flour,Tropicana HBF,-,-,-,88.50/Kg,,Nairobi,2026-01-19
Kawangware,Beans Red Haricot (Wairimu),-,-,-,65.00/Kg,85.00/Kg,,Nairobi,2026-01-19
Nairobi Supermarkets,Wheat Flour,Soko Atta Mark 1,-,-,-,83.00/Kg,,Nairobi,2026-01-19
Nairobi Supermarkets,Wheat Flour,Soko All Purpose HBF,-,-,-,82.00/Kg,,Nairobi,2026-01-19
Nairobi Supermarkets,Wheat Flour,Phulka Atta Mark 1 Chapati Flour,-,-,-,80.50/Kg,,Nairobi,2026-01-19
Kawangware,Beans (Yellow-Green),-,-,-,115.00/Kg,130.00/Kg,,Nairobi,2026-01-19
Nairobi Supermarkets,Wheat Flour,Pembe Atta Mark 1,-,-,-,83.50/Kg,,Nairobi,2026-01-19
Nairobi Supermarkets,Wheat Flour,Pembe All Purpose HBF,-,-,-,82.50/Kg,,Nairobi,2026-01-19
Kawangware,Beans (Mwitemania),-,-,-,80.00/Kg,105.00/Kg,,Nairobi,2026-01-19
Nairobi Supermarkets,Wheat Flour,Nutra Meal Atta Mark 1,-,-,-,135.00/Kg,,Nairobi,2026-01-19
Nairobi Supermarkets,Wheat Flour,Oboma all purpose HBF,-,-,-,79.00/Kg,,Nairobi,2026-01-19
Nairobi Supermarkets,Wheat Flour,Ndovu all purpose HBF,-,-,-,77.50/Kg,,Nairobi,2026-01-19
Nairobi Supermarkets,Wheat Flour,Mama Home Baking Flour,-,-,-,76.50/Kg,,Nairobi,2026-01-19
Nairobi Supermarkets,Wheat Flour,Golden All Purpose,-,-,-,82.00/Kg,,Nairobi,2026-01-19
Nairobi Supermarkets,Wheat Flour,Exe self raising,-,-,-,91.50/Kg,,Nairobi,2026-01-19
Nairobi Supermarkets,Wheat Flour,Exe Mandazi Fortified Wheat Flour,-,-,-,91.00/Kg,,Nairobi,2026-01-19
Nairobi Supermarkets,Wheat Flour,Exe Chapati fortified wheat flour,-,-,-,88.00/Kg,,Nairobi,2026-01-19
Nairobi Supermarkets,Wheat Flour,Exe brown bread,-,-,-,91.00/Kg,,Nairobi,2026-01-19
Nairobi Supermarkets,Wheat Flour,Exe Atta Mark 1,-,-,-,90.50/Kg,,Nairobi,2026-01-19
Nairobi Supermarkets,Wheat Flour,Exe All purpose fortified wheat flour,-,-,-,84.00/Kg,,Nairobi,2026-01-19
Nairobi Supermarkets,Wheat Flour,Elliots self raising flour,-,-,-,90.50/Kg,,Nairobi,2026-01-19
Nairobi Supermarkets,Wheat Flour,Elliots all purpose HBK,-,-,-,82.00/Kg,,Nairobi,2026-01-19
Nairobi Supermarkets,Wheat Flour,Dola premium all pupose,-,-,-,80.00/Kg,,Nairobi,2026-01-19
Nairobi Supermarkets,Wheat Flour,Dola Atta Mark 1,-,-,-,82.00/Kg,,Nairobi,2026-01-19
Nairobi Supermarkets,Wheat Flour,Chapati Afya,-,-,-,135.50/Kg,,Nairobi,2026-01-19
Nairobi Supermarkets,Wheat Flour,Ajab fortofied self raising,-,-,-,85.00/Kg,,Nairobi,2026-01-19
Nairobi Supermarkets,Wheat Flour,Ajab fortigied Home Baking flour,-,-,-,85.00/Kg,,Nairobi,2026-01-19
Nairobi Supermarkets,Wheat Flour,Ajab fortified mandazi flour,-,-,-,84.50/Kg,,Nairobi,2026-01-19
Nairobi Supermarkets,Wheat Flour,210 Home baking flour,-,-,-,80.00/Kg,,Nairobi,2026-01-19
Nairobi Supermarkets,Wheat Flour,210 Atta Mark 1,-,-,-,77.50/Kg,,Nairobi,2026-01-19
Nairobi Supermarkets,Maize Flour,Ugali Afya,-,-,-,145.00/Kg,,Nairobi,2026-01-19
Nairobi Supermarkets,Maize Flour,Soko,-,-,-,82.00/Kg,,Nairobi,2026-01-19
Nairobi Supermarkets,Maize Flour,Raha Premium,-,-,-,100.50/Kg,,Nairobi,2026-01-19
Nairobi Supermarkets,Maize Flour,Pembe,-,-,-,82.00/Kg,,Nairobi,2026-01-19
Nairobi Supermarkets,Maize Flour,Oryx,-,-,-,82.50/Kg,,Nairobi,2026-01-19
Nairobi Supermarkets,Maize Flour,Ndovu,-,-,-,70.50/Kg,,Nairobi,2026-01-19
Nairobi Supermarkets,Maize Flour,Mama,-,-,-,75.50/Kg,,Nairobi,2026-01-19
Nairobi Supermarkets,Maize Flour,Jogoo wimbi,-,-,-,139.50/Kg,,Nairobi,2026-01-19
Nairobi Supermarkets,Maize Flour,Jogoo,-,-,-,77.00/Kg,,Nairobi,2026-01-19
Nairobi Supermarkets,Maize Flour,Hostess,-,-,-,94.00/Kg,,Nairobi,2026-01-19
Nairobi Supermarkets,Maize Flour,Equatorial afya ugali,-,-,-,136.00/Kg,,Nairobi,2026-01-19
Nairobi Supermarkets,Maize Flour,Dola,-,-,-,77.00/Kg,,Nairobi,2026-01-19
Nairobi Supermarkets,Maize Flour,Cosmo,-,-,-,67.50/Kg,,Nairobi,2026-01-19
Nairobi Supermarkets,Maize Flour,Amaize,-,-,-,102.00/Kg,,Nairobi,2026-01-19
Nairobi Supermarkets,Maize Flour,Ajab,-,-,-,85.50/Kg,,Nairobi,2026-01-19
Nairobi Supermarkets,Maize Flour,210(two ten),-,-,-,78.00/Kg,,Nairobi,2026-01-19
Diani Market,Sweet potatoes,-,-,-,80.00/Kg,100.00/Kg,4000.0,Kwale,2026-01-19
Diani Market,White Irish Potatoes,-,-,-,80.00/Kg,100.00/Kg,6000.0,Kwale,2026-01-19
Diani Market,Spinach,-,-,-,60.00/Kg,80.00/Kg,600.0,Kwale,2026-01-19
Diani Market,Okra (Lady's fingers or Gumbo),-,-,-,80.00/Kg,100.00/Kg,400.0,Kwale,2026-01-19
Diani Market,Ginger,-,-,-,160.00/Kg,180.00/Kg,550.0,Kwale,2026-01-19
Diani Market,Garlic,-,-,-,450.00/Kg,500.00/Kg,450.0,Kwale,2026-01-19
Diani Market,Egg plant (Brinjals),-,-,-,40.00/Kg,60.00/Kg,550.0,Kwale,2026-01-19
Diani Market,Dry Onions,-,-,-,100.00/Kg,120.00/Kg,4000.0,Kwale,2026-01-19
Diani Market,Carrots,-,-,-,50.00/Kg,70.00/Kg,500.0,Kwale,2026-01-19
Diani Market,Capsicums,-,-,-,80.00/Kg,100.00/Kg,600.0,Kwale,2026-01-19
Diani Market,Tomatoes,-,-,-,80.00/Kg,100.00/Kg,6000.0,Kwale,2026-01-19
Vanga,Scavengers (Changu/Tangu),Fresh,-,-,250.00/Kg,350.00/Kg,230.0,Kwale,2026-01-18
Vanga,Rabbitfish (Tafi/Tasi),Fresh,-,-,250.00/Kg,350.00/Kg,200.0,Kwale,2026-01-18
Vanga,Parrotfishes(Pono),Fresh,-,-,150.00/Kg,200.00/Kg,320.0,Kwale,2026-01-18
Vanga,Jacks/Trevallies(Kolekole),Fresh,-,-,200.00/ Kg,250.00/ Kg,200.0,Kwale,2026-01-18
Vanga,Barracuda(Kasumba),Fresh,-,-,150.00/Kg,200.00/Kg,130.0,Kwale,2026-01-18
Muhoroni,Tilapia,Fried,-,-,-,800.00/Kg,500.0,Kisumu,2026-01-18
Muhoroni,Omena,Dried,-,-,333.33/Kg,433.33/Kg,1000.0,Kisumu,2026-01-18
Muhoroni,White Irish Potatoes,-,-,-,60.00/Kg,75.00/Kg,3500.0,Kisumu,2026-01-18
Muhoroni,Cassava Chips (dry),-,-,-,-,100.00/Kg,350.0,Kisumu,2026-01-18
Muhoroni,Arrow Root,-,-,-,-,150.00/Kg,150.0,Kisumu,2026-01-18
Muhoroni,Water Melon,-,-,-,-,100.00/Kg,3000.0,Kisumu,2026-01-18
Muhoroni,Pineapples,-,-,-,-,75.00/Kg,1000.0,Kisumu,2026-01-18
Muhoroni,Oranges,-,-,-,60.00/Kg,100.00/Kg,3000.0,Kisumu,2026-01-18
Muhoroni,Mangoes,Improved,-,-,40.00/Kg,60.00/Kg,2000.0,Kisumu,2026-01-18
Muhoroni,Avocado,Fuerte,-,-,-,35.00/Kg,2000.0,Kisumu,2026-01-18
Muhoroni,Red Sorghum,-,-,-,68.18/Kg,81.82/Kg,2500.0,Kisumu,2026-01-18
Muhoroni,Dry Maize,White Maize,-,-,44.00/Kg,48.00/Kg,3500.0,Kisumu,2026-01-18
Muhoroni,Spider flower (Saga),-,-,-,-,80.00/Kg,250.0,Kisumu,2026-01-18
Muhoroni,Indigenous Crotolaria (Mito/Miro),-,-,-,-,100.00/Kg,200.0,Kisumu,2026-01-18
Muhoroni,Ethiopian Kales -Kanzira,-,-,-,-,70.00/Kg,130.0,Kisumu,2026-01-18
Muhoroni,Cowpea leaves (Kunde),-,-,-,-,65.00/Kg,200.0,Kisumu,2026-01-18
Muhoroni,Black nightshade (Managu/ Osuga),-,-,-,-,70.00/Kg,200.0,Kisumu,2026-01-18
Muhoroni,Amaranthus (Terere),-,-,-,-,60.00/Kg,100.0,Kisumu,2026-01-18
Muhoroni,Tomatoes,-,-,-,71.43/Kg,100.00/Kg,5000.0,Kisumu,2026-01-18
Muhoroni,Garlic,-,-,-,350.00/Kg,500.00/Kg,900.0,Kisumu,2026-01-18
Muhoroni,Kales/Sukuma Wiki,-,-,-,35.71/Kg,50.00/Kg,1000.0,Kisumu,2026-01-18
Muhoroni,Dry Onions,-,-,-,100.00/Kg,120.00/Kg,2500.0,Kisumu,2026-01-18
Muhoroni,Carrots,-,-,-,60.00/Kg,80.00/Kg,500.0,Kisumu,2026-01-18
Muhoroni,Capsicums,-,-,-,80.00/Kg,100.00/Kg,250.0,Kisumu,2026-01-18
Muhoroni,Cabbages,-,-,-,25.00/Kg,35.00/Kg,8000.0,Kisumu,2026-01-18
Muhoroni,Banana (Plantain),-,-,-,40.00/Kg,60.00/Kg,350.0,Kisumu,2026-01-18
Muhoroni,Banana (Cooking),-,-,-,30.00/Kg,40.00/Kg,2000.0,Kisumu,2026-01-18
Muhoroni,Mixed Beans,-,-,-,100.00/Kg,112.00/Kg,2000.0,Kisumu,2026-01-18
Muhoroni,Ground Nuts,Large Brown,-,-,300.00/Kg,325.00/Kg,2000.0,Kisumu,2026-01-18
Muhoroni,Green Grams,Hybrid/ polished,-,-,140.00/Kg,175.00/Kg,3000.0,Kisumu,2026-01-18
Muhoroni,Cowpeas,-,-,-,230.77/Kg,288.46/Kg,500.0,Kisumu,2026-01-18
Muhoroni,Beans Rosecoco (Nyayo),-,-,-,120.00/Kg,140.00/Kg,3500.0,Kisumu,2026-01-18
Muhoroni,Beans Rosecoco,-,-,-,120.00/Kg,14.00/Kg,4500.0,Kisumu,2026-01-18
Muhoroni,Beans Red Haricot (Wairimu),-,-,-,1200.00/Kg,128.00/Kg,2000.0,Kisumu,2026-01-18
Muhoroni,Beans (Yellow-Green),-,-,-,160.00/Kg,180.00/Kg,2000.0,Kisumu,2026-01-18
Muhoroni,Beans (Mwezi Moja),-,-,-,120.00/Kg,128.00/Kg,3500.0,Kisumu,2026-01-18
Muhoroni,Beans (Canadian wonder),-,-,-,120.00/Kg,128.00/Kg,2500.0,Kisumu,2026-01-18
Muhoroni,Fertilizer,DAP,-,-,100.00/Kg,110.00/Kg,52000.0,Kisumu,2026-01-18
Muhoroni,Fertilizer,CAN,-,-,80.00/Kg,90.00/Kg,3500.0,Kisumu,2026-01-18
Khayega,Sweet potatoes,-,-,-,60.00/Kg,70.00/Kg,850.0,Kakamega,2026-01-18
Khayega,White Irish Potatoes,-,-,-,56.00/Kg,61.33/Kg,7000.0,Kakamega,2026-01-18
Khayega,Arrow Root,-,-,-,120.00/Kg,150.00/Kg,650.0,Kakamega,2026-01-18
Khayega,Finger Millet,-,-,-,108.70/Kg,117.39/Kg,900.0,Kakamega,2026-01-18
Khayega,Red Sorghum,-,-,-,85.71/Kg,107.14/Kg,500.0,Kakamega,2026-01-18
Khayega,Dry Maize,White Maize,-,-,51.11/Kg,533.33/Kg,18000.0,Kakamega,2026-01-18
Khayega,Spider flower (Saga),-,-,-,55.00/Kg,60.00/Kg,470.0,Kakamega,2026-01-18
Khayega,Black nightshade (Managu/ Osuga),-,-,-,50.00/Kg,50.00/Kg,500.0,Kakamega,2026-01-18
Khayega,Tomatoes,-,-,-,50.00/Kg,60.00/Kg,3000.0,Kakamega,2026-01-18
Khayega,Kales/Sukuma Wiki,-,-,-,35.00/Kg,40.00/Kg,750.0,Kakamega,2026-01-18
Khayega,Dry Onions,-,-,-,60.00/Kg,70.00/Kg,2500.0,Kakamega,2026-01-18
Khayega,Cabbages,-,-,-,30.00/Kg,32.50/Kg,1800.0,Kakamega,2026-01-18
Khayega,Mixed Beans,-,-,-,95.83/Kg,104.17/Kg,900.0,Kakamega,2026-01-18
Khayega,Ground Nuts,Small Red,-,-,229.17/Kg,250.00/Kg,450.0,Kakamega,2026-01-18
Khayega,Green Grams,Local-Special,-,-,117.39/Kg,130.43/Kg,900.0,Kakamega,2026-01-18
Khayega,Beans Rosecoco,-,-,-,108.33/Kg,116.67/Kg,900.0,Kakamega,2026-01-18
Khayega,Beans (Yellow-Green),-,-,-,154.17/Kg,166.67/Kg,1800.0,Kakamega,2026-01-18
Khayega,Fertilizer,DAP,-,-,110.00/Kg,114.00/Kg,500.0,Kakamega,2026-01-18
Makutano Embu,Apples,-,-,-,100.00/Kg,140.00/Kg,,Embu,2026-01-17
Makutano Embu,Grapes,Black-Dark,-,-,140.00/Kg,180.00/Kg,,Embu,2026-01-17
Makutano Embu,Lemons,-,-,-,55.00/Kg,70.00/Kg,,Embu,2026-01-17
Makutano Embu,Mangoes,Improved,-,-,20.00/Kg,30.00/Kg,,Embu,2026-01-17
Makutano Embu,Passion Fruits,-,-,-,180.00/Kg,220.00/Kg,,Embu,2026-01-17
Makutano Embu,Pawpaw,-,-,-,40.00/Kg,60.00/Kg,,Embu,2026-01-17
Makutano Embu,Pineapples,-,-,-,60.00/Kg,100.00/Kg,,Embu,2026-01-17
Makutano Embu,Thorn melon,-,-,-,40.00/Kg,60.00/Kg,,Embu,2026-01-17
Makutano Embu,Water Melon,-,-,-,25.00/Kg,40.00/Kg,,Embu,2026-01-17
Makutano Embu,Banana (Cooking),-,-,-,25.00/Kg,40.00/Kg,,Embu,2026-01-17
Makutano Embu,Butternuts,-,-,-,30.00/Kg,50.00/Kg,,Embu,2026-01-17
Makutano Embu,Cabbages,-,-,-,35.00/Kg,50.00/Kg,,Embu,2026-01-17
Makutano Embu,Capsicums,-,-,-,110.00/Kg,150.00/Kg,,Embu,2026-01-17
Makutano Embu,Carrots,-,-,-,40.00/Kg,60.00/Kg,,Embu,2026-01-17
Makutano Embu,Chillies,-,-,-,70.00/Kg,100.00/Kg,,Embu,2026-01-17
Makutano Embu,Coriander (Dhania),-,-,-,80.00/Kg,100.00/Kg,,Embu,2026-01-17
Makutano Embu,Courgette,-,-,-,80.00/Kg,100.00/Kg,,Embu,2026-01-17
Makutano Embu,Cucumber,-,-,-,60.00/Kg,80.00/Kg,,Embu,2026-01-17
Makutano Embu,Dry Onions,-,-,-,70.00/Kg,90.00/Kg,,Embu,2026-01-17
Makutano Embu,French beans,-,-,-,90.00/Kg,120.00/Kg,,Embu,2026-01-17
Makutano Embu,Fresh Peas,On pods,-,-,70.00/Kg,90.00/Kg,,Embu,2026-01-17
Makutano Embu,Kales/Sukuma Wiki,-,-,-,20.00/Kg,30.00/Kg,,Embu,2026-01-17
Makutano Embu,Pumpkin,-,-,-,30.00/Kg,40.00/Kg,,Embu,2026-01-17
Makutano Embu,Spinach,-,-,-,25.00/Kg,35.00/Kg,,Embu,2026-01-17
Makutano Embu,Spring Onions,-,-,-,45.00/Kg,60.00/Kg,,Embu,2026-01-17
Makutano Embu,Tomatoes,-,-,-,28.00/Kg,30.00/Kg,,Embu,2026-01-17
Makutano Embu,Amaranthus (Terere),-,-,-,35.00/Kg,50.00/Kg,,Embu,2026-01-17
Makutano Embu,Black nightshade (Managu/ Osuga),-,-,-,40.00/Kg,50.00/Kg,,Embu,2026-01-17
Makutano Embu,Cowpea leaves (Kunde),-,-,-,30.00/Kg,40.00/Kg,,Embu,2026-01-17
Makutano Embu,Jute Plant (Murenda),-,-,-,30.00/Kg,40.00/Kg,,Embu,2026-01-17
Makutano Embu,Pumpkin Leaves,-,-,-,35.00/Kg,50.00/Kg,,Embu,2026-01-17
Makutano Embu,Dry Maize,White Maize,-,-,35.00/Kg,45.00/Kg,,Embu,2026-01-17
Makutano Embu,Dry Maize,Yellow Maize,-,-,45.00/Kg,50.00/Kg,,Embu,2026-01-17
Makutano Embu,Paddy Rice,Pishori,-,-,82.00/Kg,85.00/Kg,,Embu,2026-01-17
Makutano Embu,Rice,Pishori,-,-,140.00/Kg,160.00/Kg,,Embu,2026-01-17
Makutano Embu,White Sorghum,-,-,-,80.00/kg,100.00/kg,,Embu,2026-01-17
Makutano Embu,Lentils,-,-,-,200.00/Kg,250.00/Kg,,Embu,2026-01-17
Makutano Embu,Red Sorghum,-,-,-,70.00/Kg,90.00/Kg,,Embu,2026-01-17
Mukuyu Market,Tomatoes,-,-,-,-,40.00/Kg,,Muranga,2026-01-17
Mukuyu Market,Spinach,-,-,-,-,45.00/Kg,,Muranga,2026-01-17
Mukuyu Market,Fresh Peas,Shelled Peas,-,-,-,120.00/Kg,,Muranga,2026-01-17
Mukuyu Market,Cabbages,-,-,-,-,70.00/Kg,,Muranga,2026-01-17
Mukuyu Market,Carrots,-,-,-,-,60.00/Kg,,Muranga,2026-01-17
Mukuyu Market,Sweet potatoes,-,-,-,-,100.00/Kg,,Muranga,2026-01-17
Mukuyu Market,White Irish Potatoes,-,-,-,-,70.00/Kg,,Muranga,2026-01-17
Mukuyu Market,Arrow Root,-,-,-,-,100.00/Kg,,Muranga,2026-01-17
Vanga,Rabbitfish (Tafi/Tasi),Fresh,-,-,200.00/Kg,250.00/Kg,130.0,Kwale,2026-01-17
Vanga,Parrotfishes(Pono),Fresh,-,-,150.00/Kg,200.00/Kg,60.0,Kwale,2026-01-17
Vanga,Jacks/Trevallies(Kolekole),Fresh,-,-,200.00/ Kg,250.00/ Kg,300.0,Kwale,2026-01-17
Vanga,Barracuda(Kasumba),Fresh,-,-,150.00/Kg,200.00/Kg,300.0,Kwale,2026-01-17
Vanga,Octopus (Pweza),Fresh,-,-,450.00/Kg,550.00/Kg,600.0,Kwale,2026-01-17
Vanga,Squid(Ngisi),Fresh,-,-,300.00/Kg,400.00/Kg,230.0,Kwale,2026-01-17
Makutano Kirinyaga,Red Sorghum,-,-,-,70.00/Kg,90.00/Kg,900.0,Kirinyaga,2026-01-17
Makutano Kirinyaga,Lentils,-,-,-,200.00/Kg,250.00/Kg,1200.0,Kirinyaga,2026-01-17
Makutano Kirinyaga,White Sorghum,-,-,-,80.00/kg,100.00/kg,950.0,Kirinyaga,2026-01-17
Makutano Kirinyaga,Rice,Pishori,-,-,140.00/Kg,160.00/Kg,1300.0,Kirinyaga,2026-01-17
Makutano Kirinyaga,Paddy Rice,Pishori,-,-,82.00/Kg,85.00/Kg,2400.0,Kirinyaga,2026-01-17
Makutano Kirinyaga,Dry Maize,Yellow Maize,-,-,45.00/Kg,50.00/Kg,1200.0,Kirinyaga,2026-01-17
Makutano Kirinyaga,Dry Maize,White Maize,-,-,35.00/Kg,45.00/Kg,3100.0,Kirinyaga,2026-01-17
Makutano Kirinyaga,Pumpkin Leaves,-,-,-,35.00/Kg,50.00/Kg,300.0,Kirinyaga,2026-01-17
Makutano Kirinyaga,Jute Plant (Murenda),-,-,-,30.00/Kg,40.00/Kg,800.0,Kirinyaga,2026-01-17
Makutano Kirinyaga,Cowpea leaves (Kunde),-,-,-,30.00/Kg,40.00/Kg,650.0,Kirinyaga,2026-01-17
Makutano Kirinyaga,Black nightshade (Managu/ Osuga),-,-,-,40.00/Kg,50.00/Kg,800.0,Kirinyaga,2026-01-17
Makutano Kirinyaga,Amaranthus (Terere),-,-,-,35.00/Kg,50.00/Kg,1100.0,Kirinyaga,2026-01-17
Makutano Kirinyaga,Tomatoes,-,-,-,28.33/Kg,33.33/Kg,8400.0,Kirinyaga,2026-01-17
Makutano Kirinyaga,Spring Onions,-,-,-,45.00/Kg,60.00/Kg,3100.0,Kirinyaga,2026-01-17
Makutano Kirinyaga,Spinach,-,-,-,25.00/Kg,35.00/Kg,2100.0,Kirinyaga,2026-01-17
Makutano Kirinyaga,Pumpkin,-,-,-,30.00/Kg,40.00/Kg,2600.0,Kirinyaga,2026-01-17
Makutano Kirinyaga,Kales/Sukuma Wiki,-,-,-,20.00/Kg,30.00/Kg,1400.0,Kirinyaga,2026-01-17
Makutano Kirinyaga,Fresh Peas,On pods,-,-,70.00/Kg,90.00/Kg,2300.0,Kirinyaga,2026-01-17
Makutano Kirinyaga,French beans,-,-,-,90.00/Kg,120.00/Kg,650.0,Kirinyaga,2026-01-17
Makutano Kirinyaga,Dry Onions,-,-,-,70.00/Kg,90.00/Kg,3900.0,Kirinyaga,2026-01-17
Makutano Kirinyaga,Cucumber,-,-,-,60.00/Kg,80.00/Kg,500.0,Kirinyaga,2026-01-17
Makutano Kirinyaga,Courgette,-,-,-,80.00/Kg,100.00/Kg,1050.0,Kirinyaga,2026-01-17
Makutano Kirinyaga,Coriander (Dhania),-,-,-,80.00/Kg,100.00/Kg,600.0,Kirinyaga,2026-01-17
Makutano Kirinyaga,Chillies,-,-,-,70.00/Kg,100.00/Kg,360.0,Kirinyaga,2026-01-17
Makutano Kirinyaga,Carrots,-,-,-,40.00/Kg,60.00/Kg,2900.0,Kirinyaga,2026-01-17
Makutano Kirinyaga,Capsicums,-,-,-,110.00/Kg,150.00/Kg,200.0,Kirinyaga,2026-01-17
Makutano Kirinyaga,Capsicums,-,-,-,80.00/Kg,100.00/Kg,950.0,Kirinyaga,2026-01-17
Makutano Kirinyaga,Cabbages,-,-,-,35.71/Kg,50.00/Kg,1950.0,Kirinyaga,2026-01-17
Makutano Kirinyaga,Butternuts,-,-,-,30.00/Kg,50.00/Kg,1500.0,Kirinyaga,2026-01-17
Makutano Kirinyaga,Banana (Cooking),-,-,-,25.00/Kg,40.00/Kg,2800.0,Kirinyaga,2026-01-17
Makutano Kirinyaga,Water Melon,-,-,-,25.00/Kg,40.00/Kg,2500.0,Kirinyaga,2026-01-17
Makutano Kirinyaga,Thorn melon,-,-,-,40.00/Kg,60.00/Kg,400.0,Kirinyaga,2026-01-17
Makutano Kirinyaga,Pineapples,-,-,-,62.50/Kg,100.00/Kg,160.0,Kirinyaga,2026-01-17
Makutano Kirinyaga,Pawpaw,-,-,-,40.00/Kg,60.00/Kg,250.0,Kirinyaga,2026-01-17
Makutano Kirinyaga,Passion Fruits,-,-,-,180.00/Kg,220.00/Kg,340.0,Kirinyaga,2026-01-17
Makutano Kirinyaga,Mangoes,Improved,-,-,20.00/Kg,30.00/Kg,4300.0,Kirinyaga,2026-01-17
Makutano Kirinyaga,Lemons,-,-,-,55.00/Kg,70.00/Kg,1100.0,Kirinyaga,2026-01-17
Makutano Kirinyaga,Grapes,Black-Dark,-,-,140.00/Kg,180.00/Kg,140.0,Kirinyaga,2026-01-17
Makutano Kirinyaga,Apples,-,-,-,100.00/Kg,140.00/Kg,230.0,Kirinyaga,2026-01-17
Makutano Kirinyaga,Fertilizer,Sulphate of Ammonia,-,-,56.00/Kg,60.00/Kg,2500.0,Kirinyaga,2026-01-17
Vanga,Octopus (Pweza),Fresh,-,-,450.00/Kg,550.00/Kg,600.0,Kwale,2026-01-16
Vanga,Octopus (Pweza),Fresh,-,-,450.00/Kg,550.00/Kg,600.0,Kwale,2026-01-16
Vanga,Cuttlefish,Fresh,-,-,200.00/Kg,250.00/Kg,60.0,Kwale,2026-01-16
Vanga,Lobster(Kamba Mawe),Live,-,-,600.00/Kg,900.00/Kg,120.0,Kwale,2026-01-16
Vanga,Scavengers (Changu/Tangu),Fresh,-,-,200.00/Kg,250.00/Kg,500.0,Kwale,2026-01-16
Vanga,Rabbitfish (Tafi/Tasi),Fresh,-,-,250.00/Kg,350.00/Kg,80.0,Kwale,2026-01-16
Vanga,Parrotfishes(Pono),Fresh,-,-,150.00/Kg,200.00/Kg,70.0,Kwale,2026-01-16
Vanga,Kingfish (Nguru),Fresh,-,-,250.00/Kg,350.00/Kg,400.0,Kwale,2026-01-16
Vanga,Barracuda(Kasumba),Fresh,-,-,150.00/Kg,200.00/Kg,300.0,Kwale,2026-01-16
Ngurubani Market,Oranges,-,-,-,70.00/Kg,100.00/Kg,1500.0,Kirinyaga,2026-01-16
Ngurubani Market,Water Melon,-,-,-,25.00/Kg,35.00/Kg,23500.0,Kirinyaga,2026-01-16
Ngurubani Market,Pork,-,-,-,500.00/Kg,700.00/Kg,420.0,Kirinyaga,2026-01-16
Ngurubani Market,Meat Beef,-,-,-,150.00/Kg,170.00/Kg,145000.0,Kirinyaga,2026-01-16
Ngurubani Market,Eggs,Exotic/Grade,-,-,400.00/Tray(30),450.00/Tray(30),3200.0,Kirinyaga,2026-01-16
Ngurubani Market,Eggs,Exotic/Grade,-,-,390.00/Tray(30),600.00/Tray(30),3200.0,Kirinyaga,2026-01-16
Ngurubani Market,White Irish Potatoes,-,-,-,34.00/Kg,50.00/Kg,24400.0,Kirinyaga,2026-01-16
Ngurubani Market,Sweet potatoes,-,-,-,70.00/Kg,100.00/Kg,420.0,Kirinyaga,2026-01-16
Ngurubani Market,Arrow Root,-,-,-,80.00/Kg,120.00/Kg,1200.0,Kirinyaga,2026-01-16
Ngurubani Market,Arrow Root,-,-,-,70.00/Kg,100.00/Kg,420.0,Kirinyaga,2026-01-16
Ngurubani Market,Paddy Rice,Pishori,-,-,150.00/Kg,170.00/Kg,145000.0,Kirinyaga,2026-01-16
Mumias,Tilapia,Dried,-,-,-,287.50/Kg,,Kakamega,2026-01-16
Ngurubani Market,Red Sorghum,-,-,-,40.00/Kg,45.00/Kg,1350.0,Kirinyaga,2026-01-16
Mumias,Omena,Dried,-,-,-,611.11/Kg,,Kakamega,2026-01-16
Ngurubani Market,Dry Maize,White Maize,-,-,40.00/Kg,45.00/Kg,6250.0,Kirinyaga,2026-01-16
Ngurubani Market,Cowpea leaves (Kunde),-,-,-,40.00/Kg,60.00/Kg,180.0,Kirinyaga,2026-01-16
Mumias,White Irish Potatoes,-,-,-,-,72.00/Kg,,Kakamega,2026-01-16
Ngurubani Market,Pumpkin Leaves,-,-,-,25.00/Kg,35.00/Kg,150.0,Kirinyaga,2026-01-16
Ngurubani Market,Black nightshade (Managu/ Osuga),-,-,-,25.00/Kg,35.00/Kg,400.0,Kirinyaga,2026-01-16
Mumias,Sweet potatoes,-,-,-,-,35.71/Kg,,Kakamega,2026-01-16
Mumias,Cassava Fresh,-,-,-,-,55.56/Kg,,Kakamega,2026-01-16
Ngurubani Market,Amaranthus (Terere),-,-,-,30.00/Kg,35.00/Kg,600.0,Kirinyaga,2026-01-16
Mumias,Cassava Chips (dry),-,-,-,-,71.43/Kg,,Kakamega,2026-01-16
Ngurubani Market,Tomatoes,-,-,-,35.00/Kg,50.00/Kg,4500.0,Kirinyaga,2026-01-16
Mumias,Arrow Root,-,-,-,-,66.67/Kg,,Kakamega,2026-01-16
Ngurubani Market,Spinach,-,-,-,30.00/Kg,40.00/Kg,450.0,Kirinyaga,2026-01-16
Mumias,Water Melon,-,-,-,-,62.50/Kg,,Kakamega,2026-01-16
Ngurubani Market,Pumpkin,-,-,-,25.00/Kg,35.00/Kg,205.0,Kirinyaga,2026-01-16
Ngurubani Market,Kales/Sukuma Wiki,-,-,-,20.00/Kg,30.00/Kg,1200.0,Kirinyaga,2026-01-16
Ngurubani Market,Dry Onions,-,-,-,70.00/Kg,100.00/Kg,6800.0,Kirinyaga,2026-01-16
Ngurubani Market,Courgette,-,-,-,70.00/Kg,100.00/Kg,250.0,Kirinyaga,2026-01-16
Ngurubani Market,Coriander (Dhania),-,-,-,70.00/Kg,100.00/Kg,170.0,Kirinyaga,2026-01-16
Ngurubani Market,Carrots,-,-,-,40.00/Kg,60.00/Kg,2400.0,Kirinyaga,2026-01-16
Ngurubani Market,Cabbages,-,-,-,25.00/Kg,35.00/Kg,21000.0,Kirinyaga,2026-01-16
Ngurubani Market,Banana (Cooking),-,-,-,25.00/Kg,35.00/Kg,2500.0,Kirinyaga,2026-01-16
Ngurubani Market,Mixed Beans,-,-,-,86.67/Kg,175.00/Kg,800.0,Kirinyaga,2026-01-16
Ngurubani Market,Cowpeas,-,-,-,100.00/Kg,135.00/Kg,9000.0,Kirinyaga,2026-01-16
Ngurubani Market,Dolichos lablab (Njahi),-,-,-,97.78/Kg,135.00/Kg,1250.0,Kirinyaga,2026-01-16
Ngurubani Market,Beans Rosecoco,-,-,-,100.00/Kg,140.00/Kg,2100.0,Kirinyaga,2026-01-16
Ngurubani Market,Beans Red Haricot (Wairimu),-,-,-,100.00/Kg,140.00/Kg,6700.0,Kirinyaga,2026-01-16
Ngurubani Market,Beans (Yellow-Green),-,-,-,122.22/Kg,200.00/Kg,4250.0,Kirinyaga,2026-01-16
Mumias,Pineapples,-,-,-,-,80.00/Kg,,Kakamega,2026-01-16
Ngurubani Market,Beans (Mwitemania),-,-,-,94.44/Kg,175.00/Kg,2200.0,Kirinyaga,2026-01-16
Ngurubani Market,Fertilizer,NPK,-,-,95.00/Kg,100.00/Kg,225000.0,Kirinyaga,2026-01-16
Ngurubani Market,Fertilizer,DAP,-,-,111.00/Kg,120.00/Kg,140000.0,Kirinyaga,2026-01-16
Ngurubani Market,Fertilizer,CAN,-,-,72.00/Kg,80.00/Kg,50000.0,Kirinyaga,2026-01-16
Mumias,Pawpaw,-,-,-,-,76.92/Kg,,Kakamega,2026-01-16
Mumias,Oranges,-,-,-,-,83.33/Kg,,Kakamega,2026-01-16
Mumias,Mangoes,Improved,-,-,-,76.92/Kg,,Kakamega,2026-01-16
Ndanai Market,Eggs,Indigenous /Kenyeji,-,-,510.00/Tray(30),600.00/Tray(30),8000.0,Bomet,2026-01-16
Ndanai Market,Chicken,Indigenous,-,Female,600.00/Head,-,1500.0,Bomet,2026-01-16
Ndanai Market,Chicken,Indigenous,-,Male,900.00/Head,-,1200.0,Bomet,2026-01-16
Ndanai Market,Water Melon,-,-,-,90.00/Kg,110.00/Kg,6000.0,Bomet,2026-01-16
Ndanai Market,Oranges,-,-,-,59.09/Kg,100.00/Kg,7000.0,Bomet,2026-01-16
Ndanai Market,Banana (Ripening),-,-,-,16.00/Kg,50.00/Kg,15000.0,Bomet,2026-01-16
Ndanai Market,Dry Maize,White Maize,-,-,47.78/Kg,140.00/Kg,36000.0,Bomet,2026-01-16
Ndanai Market,Spider flower (Saga),-,-,-,60.00/Kg,100.00/Kg,4000.0,Bomet,2026-01-16
Mumias,Lemons,-,-,-,-,150.00/Kg,,Kakamega,2026-01-16
Ndanai Market,Black nightshade (Managu/ Osuga),-,-,-,70.00/Kg,100.00/Kg,5000.0,Bomet,2026-01-16
Mumias,Grapes,Black-Dark,-,-,-,720.00/Kg,,Kakamega,2026-01-16
Ndanai Market,Tomatoes,-,-,-,75.00/Kg,100.00/Kg,12800.0,Bomet,2026-01-16
Mumias,Banana (Ripening),-,-,-,-,45.45/Kg,,Kakamega,2026-01-16
Ndanai Market,Kales/Sukuma Wiki,-,-,-,11.11/Kg,30.00/Kg,3000.0,Bomet,2026-01-16
Ndanai Market,Dry Onions,-,-,-,75.00/Kg,100.00/Kg,8000.0,Bomet,2026-01-16
Ndanai Market,Cabbages,-,-,-,10.00/Kg,20.00/Kg,10000.0,Bomet,2026-01-16
Ndanai Market,Beans Rosecoco,-,-,-,133.33/Kg,175.00/Kg,27000.0,Bomet,2026-01-16
Kisasi,Sheep,Blackhead Persian,Grade 2,Female,3500.00/Head,-,,Kitui,2026-01-16
Kisasi,Sheep,Blackhead Persian,Grade 2,Male,4000.00/Head,-,,Kitui,2026-01-16
Kisasi,Sheep,Blackhead Persian,Grade 2,Female,5500.00/Head,-,,Kitui,2026-01-16
Lungalunga,Cassava Fresh,-,-,-,50.00/Kg,100.00/Kg,10000.0,Kwale,2026-01-16
Kisasi,Sheep,Blackhead Persian,Grade 2,Male,6000.00/Head,-,,Kitui,2026-01-16
Lungalunga,White Irish Potatoes,-,-,-,50.00/Kg,100.00/Kg,50000.0,Kwale,2026-01-16
Kisasi,Goat,Mixed,Grade 2,Male,6000.00/Head,-,,Kitui,2026-01-16
Lungalunga,Oranges,-,-,-,50.00/Kg,100.00/Kg,30000.0,Kwale,2026-01-16
Lungalunga,Tomatoes,-,-,-,50.00/Kg,100.00/Kg,30000.0,Kwale,2026-01-16
Lungalunga,Cabbages,-,-,-,60.00/Kg,100.00/Kg,10000.0,Kwale,2026-01-16
Kisasi,Goat,Mixed,Grade 2,Female,10000.00/Head,-,,Kitui,2026-01-16
Kisasi,Goat,Mixed,Grade 2,Male,15000.00/Head,-,,Kitui,2026-01-16
Kisasi,Donkey,-,-,Female,9000.00/Head,-,,Kitui,2026-01-16
Kisasi,Donkey,-,-,Male,7000.00/Head,-,,Kitui,2026-01-16
Kisasi,Donkey,-,-,Female,18000.00/Head,-,,Kitui,2026-01-16
Kisasi,Donkey,-,-,Male,13000.00/Head,-,,Kitui,2026-01-16
Kisasi,Chicken,Indigenous,-,Male,500.00/Head,-,,Kitui,2026-01-16
Kisasi,Chicken,Indigenous,-,Female,400.00/Head,-,,Kitui,2026-01-16
Kisasi,Chicken,Indigenous,-,Female,1000.00/Head,-,,Kitui,2026-01-16
Kisasi,Chicken,Indigenous,-,Male,1500.00/Head,-,,Kitui,2026-01-16
Kisasi,Cattle,Mixed,Grade 2,Female,35000.00/Head,-,,Kitui,2026-01-16
Kisasi,Cattle,Mixed,Grade 2,Male,45000.00/Head,-,,Kitui,2026-01-16
Kisasi,Cattle,Mixed,Grade 2,Female,55000.00/Head,-,,Kitui,2026-01-16
Kisasi,Cattle,Mixed,Grade 2,Male,75000.00/Head,-,,Kitui,2026-01-16
Kisasi,Sweet potatoes,-,-,-,75.00/Kg,100.00/Kg,,Kitui,2026-01-16
Kisasi,White Irish Potatoes,-,-,-,30.00/Kg,50.00/Kg,,Kitui,2026-01-16
Kisasi,Red Irish potato,-,-,-,60.00/Kg,100.00/Kg,,Kitui,2026-01-16
Kisasi,Cassava Fresh,-,-,-,45.00/Kg,85.00/Kg,,Kitui,2026-01-16
Kisasi,Arrow Root,-,-,-,80.00/Kg,150.00/Kg,,Kitui,2026-01-16
Mumias,Avocado,Local,-,-,-,83.33/Kg,,Kakamega,2026-01-16
Kisasi,White Sorghum,-,-,-,90.00/kg,110.00/kg,,Kitui,2026-01-16
Kisasi,Red Sorghum,-,-,-,80.00/Kg,90.00/Kg,,Kitui,2026-01-16
Kisasi,Pearl Rush Millet,-,-,-,90.00/Kg,110.00/Kg,,Kitui,2026-01-16
Kisasi,Finger Millet,-,-,-,80.00/Kg,100.00/Kg,,Kitui,2026-01-16
Kisasi,Dry Maize,White Maize,-,-,50.00/Kg,55.00/Kg,,Kitui,2026-01-16
Kisasi,Dry Maize,Mixed-Traditional,-,-,45.00/Kg,50.00/Kg,,Kitui,2026-01-16
Kisasi,Black nightshade (Managu/ Osuga),-,-,-,19.00/Kg,35.00/Kg,,Kitui,2026-01-16
Kisasi,Amaranthus (Terere),-,-,-,18.00/Kg,32.00/Kg,,Kitui,2026-01-16
Kisasi,Tomatoes,-,-,-,30.00/Kg,50.00/Kg,,Kitui,2026-01-16
Kisasi,Spinach,-,-,-,30.00/Kg,50.00/Kg,,Kitui,2026-01-16
Kisasi,Kales/Sukuma Wiki,-,-,-,23.00/Kg,42.00/Kg,,Kitui,2026-01-16
Kisasi,Ginger,-,-,-,100.00/Kg,130.00/Kg,,Kitui,2026-01-16
Kisasi,Garlic,-,-,-,300.00/Kg,400.00/Kg,,Kitui,2026-01-16
Kisasi,Dry Onions,-,-,-,50.00/Kg,80.00/Kg,,Kitui,2026-01-16
Kisasi,Coriander (Dhania),-,-,-,19.00/Kg,30.00/Kg,,Kitui,2026-01-16
Kisasi,Carrots,-,-,-,50.00/Kg,70.00/Kg,,Kitui,2026-01-16
Mumias,Apples,-,-,-,-,480.00/Kg,,Kakamega,2026-01-16
Kisasi,Cabbages,-,-,-,55.00/Kg,70.00/Kg,,Kitui,2026-01-16
Kisasi,Banana (Plantain),-,-,-,18.00/Kg,29.00/Kg,,Kitui,2026-01-16
Kisasi,Banana (Cooking),-,-,-,12.00/Kg,26.00/Kg,,Kitui,2026-01-16
Kisasi,Pigeon peas,-,-,-,80.00/Kg,100.00/Kg,,Kitui,2026-01-16
Kisasi,Green Grams,Local-Special,-,-,80.00/Kg,100.00/Kg,,Kitui,2026-01-16
Kisasi,Green Grams,Hybrid/ polished,-,-,90.00/Kg,120.00/Kg,,Kitui,2026-01-16
Kisasi,Beans Rosecoco (Nyayo),-,-,-,100.00/Kg,120.00/Kg,,Kitui,2026-01-16
Mumias,White Sorghum,-,-,-,-,68.18/kg,,Kakamega,2026-01-16
Kisasi,Beans Rosecoco,-,-,-,110.00/Kg,120.00/Kg,,Kitui,2026-01-16
Kisasi,Beans (Yellow-Green),-,-,-,130.00/Kg,150.00/Kg,,Kitui,2026-01-16
Mumias,Wheat Flour,Ndovu all purpose HBF,-,-,-,82.50/Kg,,Kakamega,2026-01-16
Kisasi,Beans (Mwitemania),-,-,-,100.00/Kg,120.00/Kg,,Kitui,2026-01-16
Mumias,Wheat Flour,Ajab fortigied Home Baking flour,-,-,-,87.50/Kg,,Kakamega,2026-01-16
Kisasi,Beans (Mwezi Moja),-,-,-,100.00/Kg,120.00/Kg,,Kitui,2026-01-16
Mumias,Wheat Flour,Ajab fortigied Home Baking flour,-,-,-,85.00/Kg,,Kakamega,2026-01-16
Mumias,Rice,IRR,-,-,-,130.00/Kg,,Kakamega,2026-01-16
Mumias,Rice,Pishori,-,-,-,300.00/Kg,,Kakamega,2026-01-16
Mumias,Red Sorghum,-,-,-,-,76.19/Kg,,Kakamega,2026-01-16
Mumias,Maize Flour,Soko,-,-,-,75.00/Kg,,Kakamega,2026-01-16
Mumias,Maize Flour,Posho Mill,-,-,-,68.18/Kg,,Kakamega,2026-01-16
Mumias,Maize Flour,Jogoo wimbi,-,-,-,145.00/Kg,,Kakamega,2026-01-16
Mumias,Maize Flour,Jogoo,-,-,-,77.50/Kg,,Kakamega,2026-01-16
Mumias,Maize Flour,Jembe,-,-,-,70.00/Kg,,Kakamega,2026-01-16
Mumias,Maize Flour,Hostess,-,-,-,92.50/Kg,,Kakamega,2026-01-16
Mumias,Maize Flour,Amaize,-,-,-,105.00/Kg,,Kakamega,2026-01-16
Mumias,Finger Millet,-,-,-,-,156.52/Kg,,Kakamega,2026-01-16
Mumias,Dry Maize,White Maize,-,-,-,54.55/Kg,,Kakamega,2026-01-16
Mumias,Spider flower (Saga),-,-,-,-,100.00/Kg,,Kakamega,2026-01-16
Mumias,Pumpkin Leaves,-,-,-,-,75.00/Kg,,Kakamega,2026-01-16
Mumias,Jute Plant (Murenda),-,-,-,-,200.00/Kg,,Kakamega,2026-01-16
Mumias,Indigenous Crotolaria (Mito/Miro),-,-,-,-,100.00/Kg,,Kakamega,2026-01-16
Mumias,Ethiopian Kales -Kanzira,-,-,-,-,166.67/Kg,,Kakamega,2026-01-16
Mumias,Cowpea leaves (Kunde),-,-,-,-,150.00/Kg,,Kakamega,2026-01-16
Mumias,Black nightshade (Managu/ Osuga),-,-,-,-,150.00/Kg,,Kakamega,2026-01-16
Mumias,Amaranthus (Terere),-,-,-,-,125.00/Kg,,Kakamega,2026-01-16
Lungalunga,Cabbages,-,-,-,60.00/Kg,100.00/Kg,5000.0,Kwale,2026-01-16
Kagio,Green Maize,-,-,-,35.00/Kg,50.00/Kg,4500.0,Kirinyaga,2026-01-16
Kagio,Fresh Peas,On pods,-,-,60.00/Kg,90.00/Kg,800.0,Kirinyaga,2026-01-16
Kagio,French beans,-,-,-,100.00/Kg,150.00/Kg,200.0,Kirinyaga,2026-01-16
Kagio,Ginger,-,-,-,180.00/Kg,250.00/Kg,200.0,Kirinyaga,2026-01-16
Kagio,Pumpkin,-,-,-,35.00/Kg,55.00/Kg,500.0,Kirinyaga,2026-01-16
Kagio,Spring Onions,-,-,-,50.00/Kg,70.00/Kg,400.0,Kirinyaga,2026-01-16
Kagio,Garlic,-,-,-,400.00/Kg,500.00/Kg,200.0,Kirinyaga,2026-01-16
Kagio,Kales/Sukuma Wiki,-,-,-,20.00/Kg,30.00/Kg,1500.0,Kirinyaga,2026-01-16
Kagio,Egg plant (Brinjals),-,-,-,30.00/Kg,40.00/Kg,200.0,Kirinyaga,2026-01-16
Kagio,Cucumber,-,-,-,35.00/Kg,60.00/Kg,500.0,Kirinyaga,2026-01-16
Kagio,Courgette,-,-,-,55.00/Kg,80.00/Kg,500.0,Kirinyaga,2026-01-16
Kagio,Coriander (Dhania),-,-,-,30.00/Kg,50.00/Kg,200.0,Kirinyaga,2026-01-16
Kagio,Cauliflower,-,-,-,120.00/Kg,180.00/Kg,100.0,Kirinyaga,2026-01-16
Kagio,Carrots,-,-,-,45.00/Kg,70.00/Kg,1500.0,Kirinyaga,2026-01-16
Kagio,Capsicums,-,-,-,200.00/Kg,300.00/Kg,100.0,Kirinyaga,2026-01-16
Kagio,Capsicums,-,-,-,55.00/Kg,80.00/Kg,800.0,Kirinyaga,2026-01-16
Kagio,Cabbages,-,-,-,20.00/Kg,25.00/Kg,18000.0,Kirinyaga,2026-01-16
Kagio,Butternuts,-,-,-,45.00/Kg,70.00/Kg,1000.0,Kirinyaga,2026-01-16
Kagio,Broccoli,-,-,-,100.00/Kg,150.00/Kg,100.0,Kirinyaga,2026-01-16
Kagio,Banana (Plantain),-,-,-,70.00/Kg,100.00/Kg,400.0,Kirinyaga,2026-01-16
Kagio,Banana (Cooking),-,-,-,25.00/Kg,40.00/Kg,28000.0,Kirinyaga,2026-01-16
Kagio,Water Melon,-,-,-,30.00/Kg,40.00/Kg,32000.0,Kirinyaga,2026-01-16
Kagio,Thorn melon,-,-,-,15.00/Kg,25.00/Kg,1200.0,Kirinyaga,2026-01-16
Kagio,Pineapples,-,-,-,50.00/Kg,50.00/Kg,3000.0,Kirinyaga,2026-01-16
Kagio,Passion Fruits,-,-,-,120.00/Kg,180.00/Kg,300.0,Kirinyaga,2026-01-16
Kagio,Pawpaw,-,-,-,30.00/Kg,50.00/Kg,2000.0,Kirinyaga,2026-01-16
Kagio,Oranges,-,-,-,70.00/Kg,100.00/Kg,600.0,Kirinyaga,2026-01-16
Kagio,Mangoes,Improved,-,-,50.00/Kg,70.00/Kg,1500.0,Kirinyaga,2026-01-16
Kagio,Lemons,-,-,-,40.00/Kg,60.00/Kg,250.0,Kirinyaga,2026-01-16
Kagio,Grapes,Black-Dark,-,-,180.00/Kg,230.00/Kg,100.0,Kirinyaga,2026-01-16
Kagio,Apples,-,-,-,180.00/Kg,250.00/Kg,200.0,Kirinyaga,2026-01-16
Kagio,Banana (Ripening),-,-,-,25.00/Kg,40.00/Kg,28000.0,Kirinyaga,2026-01-16
Gakoromone,White Irish Potatoes,-,-,-,52.86/Kg,54.29/Kg,36000.0,Meru,2026-01-16
Gakoromone,Cassava Fresh,-,-,-,50.00/Kg,60.00/Kg,500.0,Meru,2026-01-16
Gakoromone,Water Melon,-,-,-,35.00/Kg,40.00/Kg,42000.0,Meru,2026-01-16
Gakoromone,Thorn melon,-,-,-,30.00/Kg,35.00/Kg,200.0,Meru,2026-01-16
Gakoromone,Pineapples,-,-,-,80.00/Kg,90.00/Kg,1000.0,Meru,2026-01-16
Gakoromone,Pawpaw,-,-,-,40.00/Kg,50.00/Kg,600.0,Meru,2026-01-16
Gakoromone,Dry Maize,White Maize,-,-,51.11/Kg,52.22/Kg,50000.0,Meru,2026-01-16
Gakoromone,Tomatoes,-,-,-,25.00/Kg,30.00/Kg,48000.0,Meru,2026-01-16
Gakoromone,Spring Onions,-,-,-,60.00/Kg,70.00/Kg,1000.0,Meru,2026-01-16
Gakoromone,Spinach,-,-,-,45.00/Kg,50.00/Kg,4000.0,Meru,2026-01-16
Gakoromone,Pumpkin,-,-,-,40.00/Kg,60.00/Kg,600.0,Meru,2026-01-16
Gakoromone,Green Maize,-,-,-,60.00/Kg,70.00/Kg,1000.0,Meru,2026-01-16
Gakoromone,Fresh Peas,On pods,-,-,120.00/Kg,140.00/Kg,1200.0,Meru,2026-01-16
Gakoromone,Dry Onions,-,-,-,75.00/Kg,90.00/Kg,30000.0,Meru,2026-01-16
Gakoromone,Cucumber,-,-,-,90.00/Kg,100.00/Kg,400.0,Meru,2026-01-16
Gakoromone,Courgette,-,-,-,80.00/Kg,90.00/Kg,4000.0,Meru,2026-01-16
Gakoromone,Coriander (Dhania),-,-,-,50.00/Kg,60.00/Kg,1000.0,Meru,2026-01-16
Gakoromone,Carrots,-,-,-,50.00/Kg,52.86/Kg,32000.0,Meru,2026-01-16
Gakoromone,Capsicums,-,-,-,70.00/Kg,80.00/Kg,2500.0,Meru,2026-01-16
Gakoromone,Butternuts,-,-,-,40.00/Kg,50.00/Kg,150.0,Meru,2026-01-16
Gakoromone,Banana (Plantain),-,-,-,14.00/Kg,15.00/Kg,16000.0,Meru,2026-01-16
Gakoromone,Banana (Cooking),-,-,-,14.00/Kg,15.00/Kg,18000.0,Meru,2026-01-16
Gakoromone,Cabbages,-,-,-,20.00/Kg,23.33/Kg,20000.0,Meru,2026-01-16
Gakoromone,Mixed Beans,-,-,-,84.44/Kg,85.56/Kg,18000.0,Meru,2026-01-16
Malimili Livestock Market,Sheep,Red Maasai,Grade 2,Female,6500.00/Head,-,16.0,Kakamega,2026-01-16
Malimili Livestock Market,Sheep,Red Maasai,Grade 2,Male,6000.00/Head,-,10.0,Kakamega,2026-01-16
Malimili Livestock Market,Goat,Mixed,Grade 2,Female,6000.00/Head,-,15.0,Kakamega,2026-01-16
Malimili Livestock Market,Goat,Mixed,Grade 2,Female,7000.00/Head,-,14.0,Kakamega,2026-01-16
Malimili Livestock Market,Goat,Mixed,Grade 2,Male,5500.00/Head,-,15.0,Kakamega,2026-01-16
Malimili Livestock Market,Goat,Mixed,Grade 2,Male,6300.00/Head,-,13.0,Kakamega,2026-01-16
Malimili Livestock Market,Cattle,Mixed,Grade 3,Female,27000.00/Head,-,24.0,Kakamega,2026-01-16
Malimili Livestock Market,Cattle,Mixed,Grade 3,Female,38000.00/Head,-,20.0,Kakamega,2026-01-16
Malimili Livestock Market,Cattle,Mixed,Grade 3,Female,55000.00/Head,-,27.0,Kakamega,2026-01-16
Malimili Livestock Market,Cattle,Mixed,Grade 4,Male,20000.00/Head,-,22.0,Kakamega,2026-01-16
Malimili Livestock Market,Cattle,Mixed,Grade 4,Male,33000.00/Head,-,19.0,Kakamega,2026-01-16
Malimili Livestock Market,Cattle,Mixed,Grade 3,Male,50000.00/Head,-,23.0,Kakamega,2026-01-16
Malimili Livestock Market,Cattle,Ayrshire,Grade 3,Female,30000.00/Head,-,27.0,Kakamega,2026-01-16
Malimili Livestock Market,Cattle,Ayrshire,Grade 3,Female,40000.00/Head,-,20.0,Kakamega,2026-01-16
Malimili Livestock Market,Cattle,Ayrshire,Grade 3,Male,25000.00/Head,-,25.0,Kakamega,2026-01-16
Malimili Livestock Market,Cattle,Ayrshire,Grade 3,Male,35000.00/Head,-,10.0,Kakamega,2026-01-16
Nairobi Supermarkets,Wheat Flour,Winnie's Pure Health Atta Mark 1,-,-,-,128.50/Kg,,Nairobi,2026-01-16
Malimili Livestock Market,Cattle,Ayrshire,Grade 3,Female,60000.00/Head,-,23.0,Kakamega,2026-01-16
Nairobi Supermarkets,Wheat Flour,Tropicana HBF,-,-,-,88.50/Kg,,Nairobi,2026-01-16
Malimili Livestock Market,Cattle,Ayrshire,Grade 3,Male,54000.00/Head,-,16.0,Kakamega,2026-01-16
Nairobi Supermarkets,Wheat Flour,Soko Atta Mark 1,-,-,-,83.50/Kg,,Nairobi,2026-01-16
Nairobi Supermarkets,Wheat Flour,Soko All Purpose HBF,-,-,-,82.00/Kg,,Nairobi,2026-01-16
Nairobi Supermarkets,Wheat Flour,Phulka Atta Mark 1 Chapati Flour,-,-,-,80.50/Kg,,Nairobi,2026-01-16
Nairobi Supermarkets,Wheat Flour,Pembe Atta Mark 1,-,-,-,84.00/Kg,,Nairobi,2026-01-16
Nairobi Supermarkets,Wheat Flour,Pembe All Purpose HBF,-,-,-,83.00/Kg,,Nairobi,2026-01-16
Nairobi Supermarkets,Wheat Flour,Oboma all purpose HBF,-,-,-,79.00/Kg,,Nairobi,2026-01-16
Nairobi Supermarkets,Wheat Flour,Nutra Meal Atta Mark 1,-,-,-,135.00/Kg,,Nairobi,2026-01-16
Nairobi Supermarkets,Wheat Flour,Ndovu all purpose HBF,-,-,-,77.50/Kg,,Nairobi,2026-01-16
Nairobi Supermarkets,Wheat Flour,Mama Home Baking Flour,-,-,-,76.50/Kg,,Nairobi,2026-01-16
Nairobi Supermarkets,Wheat Flour,Kifaru All Purpose HBF,-,-,-,77.50/Kg,,Nairobi,2026-01-16
Malimili Livestock Market,Chicken,Improved Kienyeji,-,Male,800.00/Head,-,25.0,Kakamega,2026-01-16
Nairobi Supermarkets,Wheat Flour,Golden All Purpose,-,-,-,82.00/Kg,,Nairobi,2026-01-16
Nairobi Supermarkets,Wheat Flour,Exe self raising,-,-,-,92.50/Kg,,Nairobi,2026-01-16
Nairobi Supermarkets,Wheat Flour,Exe Mandazi Fortified Wheat Flour,-,-,-,91.50/Kg,,Nairobi,2026-01-16
Nairobi Supermarkets,Wheat Flour,Exe Chapati fortified wheat flour,-,-,-,88.00/Kg,,Nairobi,2026-01-16
Nairobi Supermarkets,Wheat Flour,Exe brown bread,-,-,-,91.00/Kg,,Nairobi,2026-01-16
Nairobi Supermarkets,Wheat Flour,Exe Atta Mark 1,-,-,-,90.50/Kg,,Nairobi,2026-01-16
Malimili Livestock Market,Chicken,Improved Kienyeji,-,Female,800.00/Head,-,30.0,Kakamega,2026-01-16
Nairobi Supermarkets,Wheat Flour,Exe All purpose fortified wheat flour,-,-,-,84.00/Kg,,Nairobi,2026-01-16
Nairobi Supermarkets,Wheat Flour,Elliots self raising flour,-,-,-,90.50/Kg,,Nairobi,2026-01-16
Nairobi Supermarkets,Wheat Flour,Elliots all purpose HBK,-,-,-,82.00/Kg,,Nairobi,2026-01-16
Nairobi Supermarkets,Wheat Flour,Dola premium all pupose,-,-,-,81.50/Kg,,Nairobi,2026-01-16
Nairobi Supermarkets,Wheat Flour,Dola Atta Mark 1,-,-,-,82.00/Kg,,Nairobi,2026-01-16
Nairobi Supermarkets,Wheat Flour,Chapati Afya,-,-,-,135.50/Kg,,Nairobi,2026-01-16
Nairobi Supermarkets,Wheat Flour,Ajab fortofied self raising,-,-,-,85.00/Kg,,Nairobi,2026-01-16
Malimili Livestock Market,Chicken,Improved Kienyeji,-,Male,1000.00/Head,-,55.0,Kakamega,2026-01-16
Nairobi Supermarkets,Wheat Flour,Ajab fortigied Home Baking flour,-,-,-,85.00/Kg,,Nairobi,2026-01-16
Nairobi Supermarkets,Wheat Flour,Ajab fortified mandazi flour,-,-,-,84.50/Kg,,Nairobi,2026-01-16
Malimili Livestock Market,Chicken,Indigenous,-,Male,700.00/Head,-,20.0,Kakamega,2026-01-16
Nairobi Supermarkets,Wheat Flour,210 Home baking flour,-,-,-,80.00/Kg,,Nairobi,2026-01-16
Nairobi Supermarkets,Wheat Flour,210 Atta Mark 1,-,-,-,77.50/Kg,,Nairobi,2026-01-16
Malimili Livestock Market,Chicken,Indigenous,-,Male,1100.00/Head,-,40.0,Kakamega,2026-01-16
Malimili Livestock Market,Chicken,Indigenous,-,Male,1100.00/Head,-,40.0,Kakamega,2026-01-16
Malimili Livestock Market,Chicken,Indigenous,-,Male,1100.00/Head,-,40.0,Kakamega,2026-01-16
Nairobi Supermarkets,Maize Flour,Ugali Afya,-,-,-,146.50/Kg,,Nairobi,2026-01-16
Nairobi Supermarkets,Maize Flour,Soko,-,-,-,80.50/Kg,,Nairobi,2026-01-16
Nairobi Supermarkets,Maize Flour,Raha Premium,-,-,-,100.50/Kg,,Nairobi,2026-01-16
Nairobi Supermarkets,Maize Flour,Pembe,-,-,-,82.00/Kg,,Nairobi,2026-01-16
Nairobi Supermarkets,Maize Flour,Oryx,-,-,-,82.50/Kg,,Nairobi,2026-01-16
Nairobi Supermarkets,Maize Flour,Ndovu,-,-,-,71.00/Kg,,Nairobi,2026-01-16
Nairobi Supermarkets,Maize Flour,Mama,-,-,-,75.50/Kg,,Nairobi,2026-01-16
Nairobi Supermarkets,Maize Flour,Jogoo wimbi,-,-,-,139.50/Kg,,Nairobi,2026-01-16
Nairobi Supermarkets,Maize Flour,Jogoo,-,-,-,77.00/Kg,,Nairobi,2026-01-16
Nairobi Supermarkets,Maize Flour,Hostess,-,-,-,94.00/Kg,,Nairobi,2026-01-16
Nairobi Supermarkets,Maize Flour,Equatorial afya ugali,-,-,-,136.00/Kg,,Nairobi,2026-01-16
Nairobi Supermarkets,Maize Flour,Dola,-,-,-,77.00/Kg,,Nairobi,2026-01-16
Nairobi Supermarkets,Maize Flour,Amaize,-,-,-,101.00/Kg,,Nairobi,2026-01-16
Nairobi Supermarkets,Maize Flour,Ajab,-,-,-,85.50/Kg,,Nairobi,2026-01-16
Nairobi Supermarkets,Maize Flour,210(two ten),-,-,-,77.00/Kg,,Nairobi,2026-01-16
Diani Market,Ginger,-,-,-,180.00/Kg,200.00/Kg,400.0,Kwale,2026-01-16
Diani Market,Kales/Sukuma Wiki,-,-,-,40.00/Kg,60.00/Kg,300.0,Kwale,2026-01-16
Diani Market,Okra (Lady's fingers or Gumbo),-,-,-,60.00/Kg,80.00/Kg,350.0,Kwale,2026-01-16
Diani Market,Spinach,-,-,-,40.00/Kg,60.00/Kg,300.0,Kwale,2026-01-16
Diani Market,Tomatoes,-,-,-,80.00/Kg,100.00/Kg,3000.0,Kwale,2026-01-16
Diani Market,Arrow Root,-,-,-,120.00/Kg,150.00/Kg,2000.0,Kwale,2026-01-16
Diani Market,Sweet potatoes,-,-,-,80.00/Kg,100.00/Kg,3000.0,Kwale,2026-01-16
Kangemi Market,Avocado,Fuerte,-,-,-,100.00/Kg,,Nairobi,2026-01-16
Kangemi Market,Oranges,-,-,-,140.00/Kg,170.00/Kg,,Nairobi,2026-01-16
Kangemi Market,Pineapples,-,-,-,65.00/Kg,80.00/Kg,,Nairobi,2026-01-16
Kangemi Market,White Irish Potatoes,-,-,-,-,80.00/Kg,,Nairobi,2026-01-16
Kangemi Market,Sweet potatoes,-,-,-,55.00/Kg,80.00/Kg,,Nairobi,2026-01-16
Kangemi Market,Dry Maize,White Maize,-,-,4500.00/Kg,5000.00/Kg,,Nairobi,2026-01-16
Kangemi Market,Rice,Pishori,-,-,150.00/Kg,170.00/Kg,,Nairobi,2026-01-16
Kangemi Market,Beans Rosecoco,-,-,-,112.22/Kg,120.00/Kg,,Nairobi,2026-01-16
Kangemi Market,Ground Nuts,Large Brown,-,-,310.00/Kg,-,,Nairobi,2026-01-16
Kangemi Market,Green Grams,Makueni,-,-,161.11/Kg,170.00/Kg,,Nairobi,2026-01-16
Kangemi Market,Beans (Canadian wonder),-,-,-,98.89/Kg,105.00/Kg,,Nairobi,2026-01-16
Kangemi Market,Beans Red Haricot (Wairimu),-,-,-,83.33/Kg,95.00/Kg,,Nairobi,2026-01-16
Kangemi Market,Beans Rosecoco (Nyayo),-,-,-,105.56/Kg,110.00/Kg,,Nairobi,2026-01-16
Kangemi Market,Beans (Yellow-Green),-,-,-,116.67/Kg,125.00/Kg,,Nairobi,2026-01-16
Kangemi Market,Dolichos lablab (Njahi),-,-,-,78.89/Kg,85.00/Kg,,Nairobi,2026-01-16
Kabati - Muranga,Pork,-,-,-,-,700.00/Kg,,Muranga,2026-01-16
Kabati - Muranga,Eggs,Exotic/Grade,-,-,-,400.00/Tray(30),,Muranga,2026-01-16
Kabati - Muranga,Cow Milk(Processd),-,-,-,100.00/Lt,110.00/Lt,,Muranga,2026-01-16
Kabati - Muranga,Cow Milk(At collection point),-,-,-,45.00/Lt,70.00/Lt,,Muranga,2026-01-16
Kabati - Muranga,Water Melon,-,-,-,-,60.00/Kg,,Muranga,2026-01-16
Kabati - Muranga,Tree tomato,-,-,-,70.00/Kg,10.00/Kg,,Muranga,2026-01-16
Kabati - Muranga,Thorn melon,-,-,-,45.00/Kg,60.00/Kg,,Muranga,2026-01-16
Kabati - Muranga,Tangerine (Sandara),-,-,-,45.00/Kg,70.00/Kg,,Muranga,2026-01-16
Kabati - Muranga,Pineapples,-,-,-,22.50/Kg,30.00/Kg,,Muranga,2026-01-16
Kabati - Muranga,Oranges,-,-,-,50.00/Kg,70.00/Kg,,Muranga,2026-01-16
Kabati - Muranga,Mangoes,Improved,-,-,40.00/Kg,80.00/Kg,,Muranga,2026-01-16
Kabati - Muranga,Lemons,-,-,-,50.00/Kg,70.00/Kg,,Muranga,2026-01-16
Kabati - Muranga,Grapes,White,-,-,480.00/Kg,600.00/Kg,,Muranga,2026-01-16
Kabati - Muranga,Banana (Ripening),-,-,-,18.00/Kg,35.00/Kg,,Muranga,2026-01-16
Kabati - Muranga,Avocado,Fuerte,-,-,60.00/Kg,120.00/Kg,,Muranga,2026-01-16
Kabati - Muranga,Apples,-,-,-,120.00/Kg,180.00/Kg,,Muranga,2026-01-16
Kabati - Muranga,Tomatoes,-,-,-,30.00/Kg,45.00/Kg,,Muranga,2026-01-16
Kabati - Muranga,Tomatoes,-,-,-,35.00/Kg,50.00/Kg,,Muranga,2026-01-16
Kabati - Muranga,Spinach,-,-,-,35.00/Kg,50.00/Kg,,Muranga,2026-01-16
Kabati - Muranga,Pumpkin,-,-,-,80.00/Kg,100.00/Kg,,Muranga,2026-01-16
Kabati - Muranga,Kales/Sukuma Wiki,-,-,-,35.00/Kg,50.00/Kg,,Muranga,2026-01-16
Kabati - Muranga,Green Maize,-,-,-,60.00/Kg,80.00/Kg,,Muranga,2026-01-16
Kabati - Muranga,Ginger,-,-,-,400.00/Kg,480.00/Kg,,Muranga,2026-01-16
Kabati - Muranga,Garlic,-,-,-,400.00/Kg,480.00/Kg,,Muranga,2026-01-16
Kabati - Muranga,Fresh Peas,Shelled Peas,-,-,-,280.00/Kg,,Muranga,2026-01-16
Kabati - Muranga,French beans,-,-,-,45.00/Kg,55.00/Kg,,Muranga,2026-01-16
Kabati - Muranga,Coriander (Dhania),-,-,-,35.00/Kg,50.00/Kg,,Muranga,2026-01-16
Kabati - Muranga,Chillies,-,-,-,60.00/Kg,120.00/Kg,,Muranga,2026-01-16
Kabati - Muranga,Capsicums,-,-,-,40.00/Kg,60.00/Kg,,Muranga,2026-01-16
Kabati - Muranga,Cabbages,-,-,-,30.00/Kg,45.00/Kg,,Muranga,2026-01-16
Kabati - Muranga,Butternuts,-,-,-,53.33/Kg,66.67/Kg,,Muranga,2026-01-16
Kabati - Muranga,Banana (Plantain),-,-,-,18.00/Kg,35.00/Kg,,Muranga,2026-01-16
Kabati - Muranga,Banana (Cooking),-,-,-,18.00/Kg,35.00/Kg,,Muranga,2026-01-16
Mumias,Tomatoes,-,-,-,-,76.92/Kg,,Kakamega,2026-01-16
Mumias,Spring Onions,-,-,-,-,100.00/Kg,,Kakamega,2026-01-16
Mumias,Spinach,-,-,-,-,83.33/Kg,,Kakamega,2026-01-16
Mumias,Pumpkin,-,-,-,-,62.50/Kg,,Kakamega,2026-01-16
Mumias,Kales/Sukuma Wiki,-,-,-,-,80.00/Kg,,Kakamega,2026-01-16
Mumias,Ginger,-,-,-,-,312.50/Kg,,Kakamega,2026-01-16
Mumias,Garlic,-,-,-,-,500.00/Kg,,Kakamega,2026-01-16
Mumias,Fresh Peas,Shelled Peas,-,-,-,136.36/Kg,,Kakamega,2026-01-16
Mumias,Dry Onions,-,-,-,-,125.00/Kg,,Kakamega,2026-01-16
Mumias,Cucumber,-,-,-,-,125.00/Kg,,Kakamega,2026-01-16
Mumias,Coriander (Dhania),-,-,-,-,333.33/Kg,,Kakamega,2026-01-16
Mumias,Chillies,-,-,-,-,125.00/Kg,,Kakamega,2026-01-16
Mumias,Carrots,-,-,-,-,83.33/Kg,,Kakamega,2026-01-16
Mumias,Capsicums,-,-,-,-,166.67/Kg,,Kakamega,2026-01-16
Mumias,Cabbages,-,-,-,-,35.71/Kg,,Kakamega,2026-01-16
Mumias,Butternuts,-,-,-,-,83.33/Kg,,Kakamega,2026-01-16
Mumias,Banana (Plantain),-,-,-,-,47.62/Kg,,Kakamega,2026-01-16
Mumias,Banana (Cooking),-,-,-,-,41.67/Kg,,Kakamega,2026-01-16
Mumias,Njugu Mawe,-,-,-,-,545.45/Kg,,Kakamega,2026-01-16
Mumias,Mixed Beans,-,-,-,-,118.18/Kg,,Kakamega,2026-01-16
Mumias,Lentils,-,-,-,-,480.00/Kg,,Kakamega,2026-01-16
Mumias,Ground Nuts,Small Red,-,-,-,261.90/Kg,,Kakamega,2026-01-16
Mumias,Ground Nuts,Large Brown,-,-,-,257.14/Kg,,Kakamega,2026-01-16
Mumias,Green Grams,Local-Special,-,-,-,120.00/Kg,,Kakamega,2026-01-16
Mumias,Green Grams,Hybrid/ polished,-,-,-,180.00/Kg,,Kakamega,2026-01-16
Mumias,Dry Peas,-,-,-,-,260.00/Kg,,Kakamega,2026-01-16
Mumias,Dolichos lablab (Njahi),-,-,-,-,240.00/Kg,,Kakamega,2026-01-16
Mumias,Cowpeas,-,-,-,-,130.43/Kg,,Kakamega,2026-01-16
Mumias,Beans Rosecoco (Nyayo),-,-,-,-,180.00/Kg,,Kakamega,2026-01-16
Mumias,Beans Rosecoco,-,-,-,-,173.91/Kg,,Kakamega,2026-01-16
Mumias,Beans Red Haricot (Wairimu),-,-,-,-,116.67/Kg,,Kakamega,2026-01-16
Mumias,Beans (Yellow-Green),-,-,-,-,173.91/Kg,,Kakamega,2026-01-16
Mumias,Beans (Mwitemania),-,-,-,-,136.36/Kg,,Kakamega,2026-01-16
Mumias,Beans (Mwezi Moja),-,-,-,-,136.36/Kg,,Kakamega,2026-01-16
Mumias,Beans (Canadian wonder),-,-,-,-,160.87/Kg,,Kakamega,2026-01-16
Mumias,Coconut,-,-,-,-,166.67/Kg,,Kakamega,2026-01-16
Mumias,Fertilizer,Urea,-,-,-,92.00/Kg,,Kakamega,2026-01-16
Mumias,Fertilizer,NPK,-,-,-,102.00/Kg,,Kakamega,2026-01-16
Mumias,Fertilizer,CAN,-,-,-,68.00/Kg,,Kakamega,2026-01-16
Mumias,Fertilizer,DAP,-,-,-,104.00/Kg,,Kakamega,2026-01-16
Katito,Sheep,Red Maasai,Grade 2,Male,6500.00/Head,-,650.0,Kisumu,2026-01-15
Katito,Goat,East African Goat,Grade 2,Female,6200.00/Head,-,950.0,Kisumu,2026-01-15
Katito,Goat,East African Goat,Grade 2,Male,7500.00/Head,-,1200.0,Kisumu,2026-01-15
Katito,Cattle,Zebu,Grade 3,Female,32000.00/Head,-,840.0,Kisumu,2026-01-15
Katito,Cattle,Zebu,Grade 4,Male,38000.00/Head,-,540.0,Kisumu,2026-01-15
Katito,Water Melon,-,-,-,62.97/Kg,100.00/Kg,1500.0,Kisumu,2026-01-15
Katito,Mangoes,Improved,-,-,70.00/Kg,108.23/Kg,6500.0,Kisumu,2026-01-15
Katito,Rice,IRR,-,-,300.00/Kg,205.64/Kg,5500.0,Kisumu,2026-01-15
Katito,Green Grams,Local-Special,-,-,150.00/Kg,154.05/Kg,3500.0,Kisumu,2026-01-15
Katito,Chicken,Indigenous,-,Female,950.00/Head,-,1300.0,Kisumu,2026-01-15
Katito,Chicken,Indigenous,-,Male,1100.00/Head,-,950.0,Kisumu,2026-01-15
Katito,Finger Millet,-,-,-,135.00/Kg,182.29/Kg,3800.0,Kisumu,2026-01-15
Katito,Beans (Mwezi Moja),-,-,-,166.67/Kg,124.16/Kg,6500.0,Kisumu,2026-01-15
Katito,Beans Rosecoco,-,-,-,177.78/Kg,148.56/Kg,4500.0,Kisumu,2026-01-15
Katito,Red Irish potato,-,-,-,90.00/Kg,96.71/Kg,8500.0,Kisumu,2026-01-15
Katito,Kales/Sukuma Wiki,-,-,-,37.50/Kg,126.58/Kg,6800.0,Kisumu,2026-01-15
Katito,Cabbages,-,-,-,22.94/Kg,26.46/Kg,3500.0,Kisumu,2026-01-15
Katito,Spring Onions,-,-,-,75.00/Kg,74.18/Kg,1500.0,Kisumu,2026-01-15
Katito,Tomatoes,-,-,-,160.00/Kg,77.12/Kg,6500.0,Kisumu,2026-01-15
Katito,Banana (Cooking),-,-,-,28.13/Kg,50.00/Kg,1800.0,Kisumu,2026-01-15
Katito,Omena,Dried,-,-,177.78/Kg,588.24/Kg,7500.0,Kisumu,2026-01-15
Katito,Tilapia,Fresh,-,-,350.00/Kg,663.45/Kg,3500.0,Kisumu,2026-01-15
Katito,Nile Perch,Fillet,-,-,36.36/Kg,447.23/Kg,2500.0,Kisumu,2026-01-15
Katito,Dry Maize,White Maize,-,-,50.00/Kg,53.45/Kg,7500.0,Kisumu,2026-01-15
Katito,Ground Nuts,Large Brown,-,-,200.00/Kg,267.90/Kg,2500.0,Kisumu,2026-01-15
Diani Market,Okra (Lady's fingers or Gumbo),-,-,-,60.00/Kg,80.00/Kg,250.0,Kwale,2026-01-15
Diani Market,Egg plant (Brinjals),-,-,-,40.00/Kg,60.00/Kg,400.0,Kwale,2026-01-15
Diani Market,Cabbages,-,-,-,80.00/Kg,100.00/Kg,2500.0,Kwale,2026-01-15
Diani Market,Capsicums,-,-,-,80.00/Kg,100.00/Kg,400.0,Kwale,2026-01-15
Diani Market,Carrots,-,-,-,60.00/Kg,80.00/Kg,450.0,Kwale,2026-01-15
Diani Market,Garlic,-,-,-,500.00/Kg,550.00/Kg,300.0,Kwale,2026-01-15
Diani Market,Dry Onions,-,-,-,100.00/Kg,120.00/Kg,1500.0,Kwale,2026-01-15
Diani Market,Tomatoes,-,-,-,100.00/Kg,200.00/Kg,6000.0,Kwale,2026-01-15
Maua,Arrow Root,-,-,-,50.00/Kg,70.00/Kg,1000.0,Meru,2026-01-15
Maua,Sweet potatoes,-,-,-,45.00/Kg,80.00/Kg,800.0,Meru,2026-01-15
Maua,White Irish Potatoes,-,-,-,50.00/Kg,70.00/Kg,40000.0,Meru,2026-01-15
Maua,Carrots,-,-,-,45.00/Kg,60.00/Kg,6000.0,Meru,2026-01-15
Maua,Fresh Peas,On pods,-,-,100.00/Kg,120.00/Kg,2000.0,Meru,2026-01-15
Maua,Spinach,-,-,-,30.00/Kg,50.00/Kg,300.0,Meru,2026-01-15
Maua,Spinach,-,-,-,15.00/Kg,40.00/Kg,560.0,Meru,2026-01-15
Maua,Spring Onions,-,-,-,50.00/Kg,70.00/Kg,1200.0,Meru,2026-01-15
Maua,Capsicums,-,-,-,60.00/Kg,80.00/Kg,2600.0,Meru,2026-01-15
Maua,Dry Onions,-,-,-,80.00/Kg,100.00/Kg,8000.0,Meru,2026-01-15
Maua,Tomatoes,-,-,-,35.00/Kg,50.00/Kg,18000.0,Meru,2026-01-15
Kinango,Tomatoes,-,-,-,55.56/Kg,80.00/Kg,6000.0,Kwale,2026-01-15
Kinango,White Irish Potatoes,-,-,-,57.89/Kg,80.00/Kg,6000.0,Kwale,2026-01-15
Lubao Livestock Market,Sheep,Red Maasai,Grade 2,Male,6000.00/Head,-,50.0,Kakamega,2026-01-15
Kerugoya,White Irish Potatoes,-,-,-,40.00/Kg,70.00/Kg,2300.0,Kirinyaga,2026-01-15
Lubao Livestock Market,Goat,East African Goat,Grade 2,Male,6000.00/Head,-,70.0,Kakamega,2026-01-15
Kerugoya,Thorn melon,-,-,-,30.00/Kg,60.00/Kg,150.0,Kirinyaga,2026-01-15
Lubao Livestock Market,Pigs,Interbreed,-,Male,20000.00/Head,-,6.0,Kakamega,2026-01-15
Lubao Livestock Market,Chicken,Improved Kienyeji,-,Female,800.00/Head,-,150.0,Kakamega,2026-01-15
Kerugoya,Passion Fruits,-,-,-,180.00/Kg,250.00/Kg,250.0,Kirinyaga,2026-01-15
Kerugoya,Oranges,-,-,-,60.00/Kg,120.00/Kg,300.0,Kirinyaga,2026-01-15
Lubao Livestock Market,Chicken,Improved Kienyeji,-,Male,1200.00/Head,-,200.0,Kakamega,2026-01-15
Kerugoya,Mangoes,Improved,-,-,60.00/Kg,120.00/Kg,300.0,Kirinyaga,2026-01-15
Lubao Livestock Market,Cattle,Mixed,Grade 2,Male,60000.00/Head,-,100.0,Kakamega,2026-01-15
Kerugoya,Banana (Ripening),-,-,-,20.00/Kg,50.00/Kg,300.0,Kirinyaga,2026-01-15
Kerugoya,Rice,Pishori,-,-,150.00/Kg,180.00/Kg,2200.0,Kirinyaga,2026-01-15
Lubao Livestock Market,Cattle,Mixed,Grade 2,Male,65000.00/Head,-,150.0,Kakamega,2026-01-15
Kerugoya,Dry Maize,White Maize,-,-,55.00/Kg,70.00/Kg,4500.0,Kirinyaga,2026-01-15
Kerugoya,Tomatoes,-,-,-,25.00/Kg,50.00/Kg,1800.0,Kirinyaga,2026-01-15
Kerugoya,Pumpkin,-,-,-,45.00/Kg,80.00/Kg,200.0,Kirinyaga,2026-01-15
Kerugoya,Kales/Sukuma Wiki,-,-,-,20.00/Kg,40.00/Kg,200.0,Kirinyaga,2026-01-15
Kerugoya,Green Maize,-,-,-,64.00/Kg,80.00/Kg,180.0,Kirinyaga,2026-01-15
Kerugoya,Ginger,-,-,-,175.00/Kg,250.00/Kg,180.0,Kirinyaga,2026-01-15
Kerugoya,Dry Onions,-,-,-,40.00/Kg,80.00/Kg,2400.0,Kirinyaga,2026-01-15
Kerugoya,Courgette,-,-,-,40.00/Kg,80.00/Kg,350.0,Kirinyaga,2026-01-15
Kerugoya,Carrots,-,-,-,40.00/Kg,70.00/Kg,400.0,Kirinyaga,2026-01-15
Kerugoya,Capsicums,-,-,-,30.00/Kg,70.00/Kg,300.0,Kirinyaga,2026-01-15
Kerugoya,Cabbages,-,-,-,20.00/Kg,30.00/Kg,350.0,Kirinyaga,2026-01-15
Kerugoya,Butternuts,-,-,-,70.00/Kg,100.00/Kg,180.0,Kirinyaga,2026-01-15
Kerugoya,Banana (Cooking),-,-,-,15.00/Kg,30.00/Kg,800.0,Kirinyaga,2026-01-15
Kerugoya,Dry Peas,-,-,-,180.00/Kg,220.00/Kg,600.0,Kirinyaga,2026-01-15
Kerugoya,Pigeon peas,-,-,-,130.00/Kg,175.00/Kg,2300.0,Kirinyaga,2026-01-15
Kerugoya,Mixed Beans,-,-,-,110.00/Kg,140.00/Kg,1200.0,Kirinyaga,2026-01-15
Kerugoya,Lentils,-,-,-,230.00/Kg,300.00/Kg,1250.0,Kirinyaga,2026-01-15
Kerugoya,Ground Nuts,Large Brown,-,-,250.00/Kg,350.00/Kg,850.0,Kirinyaga,2026-01-15
Kerugoya,Green Grams,Makueni,-,-,130.00/Kg,175.00/Kg,1600.0,Kirinyaga,2026-01-15
Kerugoya,Green Grams,Local-Special,-,-,120.00/Kg,150.00/Kg,1550.0,Kirinyaga,2026-01-15
Kerugoya,Dolichos lablab (Njahi),-,-,-,120.00/Kg,150.00/Kg,1650.0,Kirinyaga,2026-01-15
Kerugoya,Cowpeas,-,-,-,100.00/Kg,140.00/Kg,2300.0,Kirinyaga,2026-01-15
Kerugoya,Beans Rosecoco (Nyayo),-,-,-,135.00/Kg,175.00/Kg,2500.0,Kirinyaga,2026-01-15
Kerugoya,Beans Rosecoco,-,-,-,130.00/Kg,170.00/Kg,2600.0,Kirinyaga,2026-01-15
Kerugoya,Beans Red Haricot (Wairimu),-,-,-,120.00/Kg,150.00/Kg,2700.0,Kirinyaga,2026-01-15
Kerugoya,Beans (Yellow-Green),-,-,-,145.00/Kg,200.00/Kg,1650.0,Kirinyaga,2026-01-15
Kerugoya,Beans (Mwitemania),-,-,-,130.00/Kg,170.00/Kg,2300.0,Kirinyaga,2026-01-15
Kerugoya,Beans (Mwezi Moja),-,-,-,120.00/Kg,150.00/Kg,2500.0,Kirinyaga,2026-01-15
Kinango,Water Melon,-,-,-,28.00/Kg,50.00/Kg,2000.0,Kwale,2026-01-15
Kinango,Oranges,-,-,-,40.00/Kg,60.00/Kg,600.0,Kwale,2026-01-15
Kinango,Mangoes,Local,-,-,58.00/Kg,100.00/Kg,2500.0,Kwale,2026-01-15
Kinango,Lemons,-,-,-,45.00/Kg,65.00/Kg,300.0,Kwale,2026-01-15
Kinango,Banana (Ripening),-,-,-,45.00/Kg,65.00/Kg,2500.0,Kwale,2026-01-15
Kinango,Avocado,Local,-,-,55.00/Kg,90.00/Kg,500.0,Kwale,2026-01-15
Kinango,Omena,Dried,-,-,514.29/Kg,560.00/Kg,1820.0,Kwale,2026-01-15
Kinango,Black nightshade (Managu/ Osuga),-,-,-,55.00/Kg,75.00/Kg,500.0,Kwale,2026-01-15
Kinango,Amaranthus (Terere),-,-,-,38.00/Kg,60.00/Kg,1200.0,Kwale,2026-01-15
Kinango,Spinach,-,-,-,48.00/Kg,70.00/Kg,400.0,Kwale,2026-01-15
Kinango,Kales/Sukuma Wiki,-,-,-,40.00/Kg,60.00/Kg,2000.0,Kwale,2026-01-15
Kinango,Green Maize,-,-,-,48.00/Kg,70.00/Kg,600.0,Kwale,2026-01-15
Kinango,Ginger,-,-,-,198.00/Kg,250.00/Kg,600.0,Kwale,2026-01-15
Kinango,Garlic,-,-,-,450.00/Kg,550.00/Kg,400.0,Kwale,2026-01-15
Kinango,Egg plant (Brinjals),-,-,-,70.00/Kg,120.00/Kg,500.0,Kwale,2026-01-15
Kinango,Dry Onions,-,-,-,100.00/Kg,150.00/Kg,1500.0,Kwale,2026-01-15
Kinango,Coriander (Dhania),-,-,-,80.00/Kg,120.00/Kg,150.0,Kwale,2026-01-15
Kinango,Chillies,-,-,-,98.00/Kg,150.00/Kg,200.0,Kwale,2026-01-15
Kinango,Carrots,-,-,-,80.00/Kg,120.00/Kg,500.0,Kwale,2026-01-15
Kinango,Capsicums,-,-,-,97.00/Kg,150.00/Kg,700.0,Kwale,2026-01-15
Kinango,Cabbages,-,-,-,25.00/Kg,33.33/Kg,2000.0,Kwale,2026-01-15
Kinango,Banana (Cooking),-,-,-,47.00/Kg,65.00/Kg,600.0,Kwale,2026-01-15
Maua,Lentils,-,-,-,180.00/Kg,200.00/Kg,1000.0,Meru,2026-01-15
Maua,Pigeon peas,-,-,-,88.89/Kg,100.00/Kg,4500.0,Meru,2026-01-15
Maua,Green Grams,Hybrid/ polished,-,-,138.89/Kg,150.00/Kg,9000.0,Meru,2026-01-15
Maua,Cowpeas,-,-,-,100.00/Kg,120.00/Kg,1800.0,Meru,2026-01-15
Maua,Dolichos lablab (Njahi),-,-,-,83.33/Kg,100.00/Kg,9000.0,Meru,2026-01-15
Maua,Mixed Beans,-,-,-,14.00/Kg,90.00/Kg,1260.0,Meru,2026-01-15
Maua,Beans (Yellow-Green),-,-,-,133.33/Kg,150.00/Kg,900.0,Meru,2026-01-15
Maua,Beans Rosecoco (Nyayo),-,-,-,133.33/Kg,150.00/Kg,450.0,Meru,2026-01-15
Maua,Beans (Mwitemania),-,-,-,111.11/Kg,130.00/Kg,8100.0,Meru,2026-01-15
Maua,Rice,Pishori,-,-,160.00/Kg,150.00/Kg,6000.0,Meru,2026-01-15
Maua,Rice,Sindano,-,-,140.00/Kg,160.00/Kg,3800.0,Meru,2026-01-15
Maua,Wheat,-,-,-,86.67/Kg,100.00/Kg,900.0,Meru,2026-01-15
Maua,White Sorghum,-,-,-,80.00/kg,90.00/kg,1000.0,Meru,2026-01-15
Maua,Red Sorghum,-,-,-,80.00/Kg,90.00/Kg,1500.0,Meru,2026-01-15
Maua,Pearl Rush Millet,-,-,-,100.00/Kg,110.00/Kg,2800.0,Meru,2026-01-15
Maua,Finger Millet,-,-,-,130.00/Kg,140.00/Kg,2400.0,Meru,2026-01-15
Maua,Dry Maize,White Maize,-,-,50.00/Kg,60.00/Kg,7200.0,Meru,2026-01-15
Gikomba,Wheat,-,-,-,64.44/Kg,100.00/Kg,,Nairobi,2026-01-15
Gikomba,Rice,Sindano,-,-,160.00/Kg,160.00/Kg,,Nairobi,2026-01-15
Gikomba,Rice,Pishori,-,-,160.00/Kg,180.00/Kg,,Nairobi,2026-01-15
Gikomba,Red Sorghum,-,-,-,72.22/Kg,100.00/Kg,,Nairobi,2026-01-15
Gikomba,Pearl Rush Millet,-,-,-,124.00/Kg,170.00/Kg,,Nairobi,2026-01-15
Gikomba,Finger Millet,-,-,-,83.33/Kg,140.00/Kg,,Nairobi,2026-01-15
Gikomba,Dry Maize,Yellow Maize,-,-,77.78/Kg,100.00/Kg,,Nairobi,2026-01-15
Gikomba,Dry Maize,White Maize,-,-,50.00/Kg,65.00/Kg,,Nairobi,2026-01-15
Gikomba,Lentils,-,-,-,260.00/Kg,300.00/Kg,,Nairobi,2026-01-15
Gikomba,Ground Nuts,Large Brown,-,-,166.67/Kg,275.00/Kg,,Nairobi,2026-01-15
Gikomba,Green Grams,Makueni,-,-,144.44/Kg,200.00/Kg,,Nairobi,2026-01-15
Gikomba,Dolichos lablab (Njahi),-,-,-,88.89/Kg,150.00/Kg,,Nairobi,2026-01-15
Gikomba,Cowpeas,-,-,-,88.89/Kg,150.00/Kg,,Nairobi,2026-01-15
Gikomba,Beans Rosecoco (Nyayo),-,-,-,1055.56/Kg,190.00/Kg,,Nairobi,2026-01-15
Gikomba,Beans Red Haricot (Wairimu),-,-,-,88.89/Kg,150.00/Kg,,Nairobi,2026-01-15
Gikomba,Beans (Yellow-Green),-,-,-,111.11/Kg,200.00/Kg,,Nairobi,2026-01-15
Ngundune,Meat Beef,-,-,-,600.00/Kg,700.00/Kg,3500.0,Meru,2026-01-15
Ngundune,Eggs,Indigenous /Kenyeji,-,-,450.00/Tray(30),600.00/Tray(30),15.0,Meru,2026-01-15
Ngundune,Eggs,Exotic/Grade,-,-,380.00/Tray(30),450.00/Tray(30),100.0,Meru,2026-01-15
Ngundune,Cow Milk(Processd),-,-,-,94.00/Lt,120.00/Lt,1200.0,Meru,2026-01-15
Ngundune,Cow Milk(At collection point),-,-,-,70.00/Lt,80.00/Lt,350.0,Meru,2026-01-15
Ngundune,Cattle,Mixed,Grade 3,Male,35000.00/Head,-,80.0,Meru,2026-01-15
Ngundune,Cattle,Other,Grade 3,Male,60000.00/Head,-,150.0,Meru,2026-01-15
Ngundune,Cattle,Boran,Grade 2,Female,68000.00/Head,-,50.0,Meru,2026-01-15
Ngundune,Cattle,Boran,Grade 3,Male,75000.00/Head,-,120.0,Meru,2026-01-15
Kipini Fish market,Rayfish,Dried,-,-,300.00/ Kg,400.00/ Kg,23.0,Tana-River,2026-01-15
Kipini Fish market,African butter catfish,Fresh,-,-,120.00/Kg,150.00/Kg,18.0,Tana-River,2026-01-15
Kipini Fish market,Jacks/Trevallies(Kolekole),Frozen/Chilled,-,-,270.00/ Kg,350.00/ Kg,285.0,Tana-River,2026-01-15
Kipini Fish market,Scavengers (Changu/Tangu),Frozen/Chilled,-,-,290.00/Kg,380.00/Kg,48.0,Tana-River,2026-01-15
Diani Market,Okra (Lady's fingers or Gumbo),-,-,-,60.00/Kg,80.00/Kg,250.0,Kwale,2026-01-14
Diani Market,Egg plant (Brinjals),-,-,-,40.00/Kg,60.00/Kg,400.0,Kwale,2026-01-14
Diani Market,Cabbages,-,-,-,80.00/Kg,100.00/Kg,2500.0,Kwale,2026-01-14
Diani Market,Capsicums,-,-,-,80.00/Kg,100.00/Kg,400.0,Kwale,2026-01-14
Diani Market,Carrots,-,-,-,60.00/Kg,80.00/Kg,450.0,Kwale,2026-01-14
Diani Market,Garlic,-,-,-,500.00/Kg,550.00/Kg,300.0,Kwale,2026-01-14
Diani Market,Dry Onions,-,-,-,100.00/Kg,120.00/Kg,1500.0,Kwale,2026-01-14
Diani Market,Tomatoes,-,-,-,80.00/Kg,100.00/Kg,6000.0,Kwale,2026-01-14
Mukuyu Market,Banana (Cooking),-,-,-,30.00/Kg,50.00/Kg,,Muranga,2026-01-14
Makutano Kirinyaga,Water Melon,-,-,-,20.00/Kg,40.00/Kg,2800.0,Kirinyaga,2026-01-14
Mukuyu Market,Banana (Plantain),-,-,-,70.00/Kg,100.00/Kg,,Muranga,2026-01-14
Makutano Kirinyaga,Thorn melon,-,-,-,30.00/Kg,50.00/Kg,550.0,Kirinyaga,2026-01-14
Mukuyu Market,Cabbages,-,-,-,-,50.00/Kg,,Muranga,2026-01-14
Mukuyu Market,Capsicums,-,-,-,-,100.00/Kg,,Muranga,2026-01-14
Makutano Kirinyaga,Mangoes,Improved,-,-,10.00/Kg,20.00/Kg,5600.0,Kirinyaga,2026-01-14
Mukuyu Market,Cauliflower,-,-,-,-,180.00/Kg,,Muranga,2026-01-14
Mukuyu Market,Chillies,-,-,-,50.00/Kg,100.00/Kg,,Muranga,2026-01-14
Makutano Kirinyaga,Lemons,-,-,-,60.00/Kg,80.00/Kg,350.0,Kirinyaga,2026-01-14
Mukuyu Market,Coriander (Dhania),-,-,-,50.00/Kg,100.00/Kg,,Muranga,2026-01-14
Mukuyu Market,Courgette,-,-,-,120.00/Kg,150.00/Kg,,Muranga,2026-01-14
Makutano Kirinyaga,Courgette,-,-,-,60.00/Kg,80.00/Kg,860.0,Kirinyaga,2026-01-14
Mukuyu Market,Cucumber,-,-,-,100.00/Kg,150.00/Kg,,Muranga,2026-01-14
Mukuyu Market,Dry Onions,-,-,-,80.00/Kg,100.00/Kg,,Muranga,2026-01-14
Mukuyu Market,Fresh Peas,On pods,-,-,100.00/Kg,120.00/Kg,,Muranga,2026-01-14
Makutano Kirinyaga,Carrots,-,-,-,40.00/Kg,60.00/Kg,2900.0,Kirinyaga,2026-01-14
Mukuyu Market,Garlic,-,-,-,-,350.00/Kg,,Muranga,2026-01-14
Mukuyu Market,Ginger,-,-,-,-,250.00/Kg,,Muranga,2026-01-14
Mukuyu Market,Green Maize,-,-,-,50.00/Kg,60.00/Kg,,Muranga,2026-01-14
Makutano Kirinyaga,Coriander (Dhania),-,-,-,70.00/Kg,100.00/Kg,320.0,Kirinyaga,2026-01-14
Mukuyu Market,Kales/Sukuma Wiki,-,-,-,15.00/Kg,20.00/Kg,,Muranga,2026-01-14
Makutano Kirinyaga,Dry Onions,-,-,-,80.00/Kg,100.00/Kg,3400.0,Kirinyaga,2026-01-14
Mukuyu Market,Pumpkin,-,-,-,100.00/Kg,150.00/Kg,,Muranga,2026-01-14
Mukuyu Market,Spinach,-,-,-,20.00/Kg,30.00/Kg,,Muranga,2026-01-14
Mukuyu Market,Spring Onions,-,-,-,80.00/Kg,100.00/Kg,,Muranga,2026-01-14
Mukuyu Market,Tomatoes,-,-,-,30.00/Kg,40.00/Kg,,Muranga,2026-01-14
Makutano Kirinyaga,Egg plant (Brinjals),-,-,-,30.00/Kg,45.00/Kg,1200.0,Kirinyaga,2026-01-14
Mukuyu Market,Cowpea leaves (Kunde),-,-,-,50.00/Kg,70.00/Kg,,Muranga,2026-01-14
Mukuyu Market,Black nightshade (Managu/ Osuga),-,-,-,40.00/Kg,60.00/Kg,,Muranga,2026-01-14
Mukuyu Market,Amaranthus (Terere),-,-,-,-,70.00/Kg,,Muranga,2026-01-14
Mukuyu Market,Dragon Fruit,-,-,-,-,350.00/Kg,,Muranga,2026-01-14
Mukuyu Market,Eggs,Indigenous /Kenyeji,-,-,-,600.00/Tray(30),,Muranga,2026-01-14
Mukuyu Market,Eggs,Exotic/Grade,-,-,-,380.00/Tray(30),,Muranga,2026-01-14
Mukuyu Market,Cow Milk(At collection point),-,-,-,-,45.00/Lt,,Muranga,2026-01-14
Makutano Kirinyaga,French beans,-,-,-,60.00/Kg,80.00/Kg,380.0,Kirinyaga,2026-01-14
Mukuyu Market,Pork,-,-,-,-,700.00/Kg,,Muranga,2026-01-14
Mukuyu Market,Meat Beef,-,-,-,-,600.00/Kg,,Muranga,2026-01-14
Makutano Kirinyaga,Fresh Peas,On pods,-,-,80.00/Kg,100.00/Kg,3700.0,Kirinyaga,2026-01-14
Makutano Kirinyaga,Garlic,-,-,-,320.00/Kg,400.00/Kg,600.0,Kirinyaga,2026-01-14
Makutano Kirinyaga,Ginger,-,-,-,200.00/Kg,280.00/Kg,650.0,Kirinyaga,2026-01-14
Mukuyu Market,Honey,Crude,-,-,-,800.00/Kg,,Muranga,2026-01-14
Mukuyu Market,Beans (Canadian wonder),-,-,-,-,150.00/Kg,,Muranga,2026-01-14
Mukuyu Market,Beans (Yellow-Green),-,-,-,-,175.00/Kg,,Muranga,2026-01-14
Makutano Kirinyaga,Green Maize,-,-,-,40.00/Kg,60.00/Kg,2400.0,Kirinyaga,2026-01-14
Mukuyu Market,Beans Rosecoco,-,-,-,-,300.00/Kg,,Muranga,2026-01-14
Mukuyu Market,Beans Rosecoco (Nyayo),-,-,-,-,150.00/Kg,,Muranga,2026-01-14
Makutano Kirinyaga,Kales/Sukuma Wiki,-,-,-,20.00/Kg,30.00/Kg,2500.0,Kirinyaga,2026-01-14
Mukuyu Market,Dolichos lablab (Njahi),-,-,-,-,110.00/Kg,,Muranga,2026-01-14
Mukuyu Market,Green Grams,Hybrid/ polished,-,-,-,150.00/Kg,,Muranga,2026-01-14
Mukuyu Market,Ground Nuts,Large Brown,-,-,-,350.00/Kg,,Muranga,2026-01-14
Makutano Kirinyaga,Pumpkin,-,-,-,35.00/Kg,50.00/Kg,3200.0,Kirinyaga,2026-01-14
Makutano Kirinyaga,Spinach,-,-,-,20.00/Kg,30.00/Kg,1800.0,Kirinyaga,2026-01-14
Mukuyu Market,Lentils,-,-,-,-,250.00/Kg,,Muranga,2026-01-14
Mukuyu Market,Pigeon peas,-,-,-,100.00/Kg,125.00/Kg,,Muranga,2026-01-14
Makutano Kirinyaga,Spring Onions,-,-,-,40.00/Kg,60.00/Kg,3400.0,Kirinyaga,2026-01-14
Mukuyu Market,Wheat Flour,210 Atta Mark 1,-,-,-,160.00/Kg,,Muranga,2026-01-14
Makutano Kirinyaga,Tomatoes,-,-,-,18.00/Kg,28.00/Kg,5200.0,Kirinyaga,2026-01-14
Mukuyu Market,Paddy Rice,Sindano,-,-,-,160.00/Kg,,Muranga,2026-01-14
Mukuyu Market,Paddy Rice,Pishori,-,-,-,180.00/Kg,,Muranga,2026-01-14
Makutano Kirinyaga,Pumpkin Leaves,-,-,-,38.00/Kg,50.00/Kg,950.0,Kirinyaga,2026-01-14
Mukuyu Market,Paddy Rice,IRR,-,-,-,90.00/Kg,,Muranga,2026-01-14
Makutano Kirinyaga,Jute Plant (Murenda),-,-,-,20.00/Kg,30.00/Kg,1050.0,Kirinyaga,2026-01-14
Mukuyu Market,Dry Maize,Mixed-Traditional,-,-,100.00/Kg,75.00/Kg,,Muranga,2026-01-14
Makutano Kirinyaga,Cowpea leaves (Kunde),-,-,-,18.00/Kg,30.00/Kg,850.0,Kirinyaga,2026-01-14
Makutano Kirinyaga,Black nightshade (Managu/ Osuga),-,-,-,40.00/Kg,50.00/Kg,2000.0,Kirinyaga,2026-01-14
Makutano Kirinyaga,Amaranthus (Terere),-,-,-,25.00/Kg,40.00/Kg,1800.0,Kirinyaga,2026-01-14
Mwingi Town,Chicken,Indigenous,-,Male,800.00/Head,-,150.0,Kitui,2026-01-14
Mwingi Town,Chicken,Indigenous,-,Male,1100.00/Head,-,100.0,Kitui,2026-01-14
Mwingi Town,Goat,Mixed,Grade 2,Female,8000.00/Head,-,220.0,Kitui,2026-01-14
Mwingi Town,Goat,Mixed,Grade 2,Male,9000.00/Head,-,200.0,Kitui,2026-01-14
Kakamega Town,Dry Maize,White Maize,-,-,38.89/Kg,50.00/Kg,20000.0,Kakamega,2026-01-14
Kakamega Town,Tomatoes,-,-,-,50.00/Kg,80.00/Kg,10000.0,Kakamega,2026-01-14
Kakamega Town,Dry Onions,-,-,-,80.00/Kg,120.00/Kg,6000.0,Kakamega,2026-01-14
Kakamega Town,Cabbages,-,-,-,20.00/Kg,33.33/Kg,7000.0,Kakamega,2026-01-14
Kakamega Town,Beans Rosecoco (Nyayo),-,-,-,154.00/Kg,175.00/Kg,8000.0,Kakamega,2026-01-14
Mwingi Town,Goat,Mixed,Grade 2,Female,9000.00/Head,-,100.0,Kitui,2026-01-14
Mwingi Town,Goat,Mixed,Grade 2,Male,13000.00/Head,-,100.0,Kitui,2026-01-14
Vanga,Scavengers (Changu/Tangu),Fresh,-,-,250.00/Kg,350.00/Kg,200.0,Kwale,2026-01-14
Vanga,Rabbitfish (Tafi/Tasi),Fresh,-,-,200.00/Kg,270.00/Kg,50.0,Kwale,2026-01-14
Vanga,Parrotfishes(Pono),Fresh,-,-,150.00/Kg,200.00/Kg,70.0,Kwale,2026-01-14
Vanga,Kingfish (Nguru),Fresh,-,-,200.00/Kg,250.00/Kg,360.0,Kwale,2026-01-14
Mwingi Town,Kales/Sukuma Wiki,-,-,-,30.00/Kg,50.00/Kg,2000.0,Kitui,2026-01-14
Vanga,Jacks/Trevallies(Kolekole),Fresh,-,-,200.00/ Kg,300.00/ Kg,300.0,Kwale,2026-01-14
Mwingi Town,Banana (Cooking),-,-,-,20.00/Kg,50.00/Kg,2500.0,Kitui,2026-01-14
Mwingi Town,Cabbages,-,-,-,33.33/Kg,40.00/Kg,6000.0,Kitui,2026-01-14
Mwingi Town,Capsicums,-,-,-,60.00/Kg,100.00/Kg,2500.0,Kitui,2026-01-14
Mwingi Town,Tomatoes,-,-,-,50.00/Kg,70.00/Kg,6000.0,Kitui,2026-01-14
Mwingi Town,Dry Onions,-,-,-,90.00/Kg,100.00/Kg,4500.0,Kitui,2026-01-14
Mwingi Town,Carrots,-,-,-,70.00/Kg,80.00/Kg,2500.0,Kitui,2026-01-14
Mwingi Town,Banana (Ripening),-,-,-,24.00/Kg,60.00/Kg,5000.0,Kitui,2026-01-14
Mwingi Town,Mangoes,Local,-,-,30.00/Kg,50.00/Kg,5000.0,Kitui,2026-01-14
Mwingi Town,Mangoes,Improved,-,-,40.00/Kg,50.00/Kg,3000.0,Kitui,2026-01-14
Mwingi Town,Pigeon peas,-,-,-,83.33/Kg,100.00/Kg,4500.0,Kitui,2026-01-14
Mwingi Town,Dolichos lablab (Njahi),-,-,-,80.00/Kg,100.00/Kg,5000.0,Kitui,2026-01-14
Mwingi Town,Beans (Yellow-Green),-,-,-,116.67/Kg,150.00/Kg,10000.0,Kitui,2026-01-14
Sabatia,Mixed Beans,-,-,-,102.22/Kg,108.70/Kg,720.0,Kakamega,2026-01-14
Sabatia,Green Grams,Local-Special,-,-,111.11/Kg,121.74/Kg,840.0,Kakamega,2026-01-14
Sabatia,Ground Nuts,Small Red,-,-,244.44/Kg,285.71/Kg,720.0,Kakamega,2026-01-14
Sabatia,Beans (Yellow-Green),-,-,-,168.89/Kg,173.91/Kg,270.0,Kakamega,2026-01-14
Sabatia,Finger Millet,-,-,-,111.11/Kg,121.74/Kg,720.0,Kakamega,2026-01-14
Sabatia,Red Sorghum,-,-,-,62.22/Kg,68.18/Kg,450.0,Kakamega,2026-01-14
Sabatia,Dry Maize,White Maize,-,-,43.33/Kg,47.83/Kg,9900.0,Kakamega,2026-01-14
Mwingi Town,Beans Rosecoco (Nyayo),-,-,-,105.56/Kg,120.00/Kg,10000.0,Kitui,2026-01-14
Sabatia,Dry Onions,-,-,-,90.00/Kg,150.00/Kg,3000.0,Kakamega,2026-01-14
Sabatia,Tomatoes,-,-,-,46.67/Kg,55.56/Kg,7500.0,Kakamega,2026-01-14
Mwingi Town,Dry Maize,White Maize,-,-,51.11/Kg,55.00/Kg,27000.0,Kitui,2026-01-14
Sabatia,Kales/Sukuma Wiki,-,-,-,58.33/Kg,72.73/Kg,900.0,Kakamega,2026-01-14
Sabatia,Cabbages,-,-,-,30.77/Kg,38.46/Kg,8006.0,Kakamega,2026-01-14
Sabatia,Sweet potatoes,-,-,-,36.00/Kg,38.46/Kg,750.0,Kakamega,2026-01-14
Sabatia,White Irish Potatoes,-,-,-,56.92/Kg,83.33/Kg,6500.0,Kakamega,2026-01-14
Sabatia,Mangoes,Improved,-,-,20.00/Kg,46.15/Kg,2000.0,Kakamega,2026-01-14
Sabatia,Duck,Black Swedish,Grade 1,Female,-,-,4.0,Kakamega,2026-01-14
Sabatia,Duck,Black Swedish,Grade 1,Male,-,-,2.0,Kakamega,2026-01-14
Sabatia,Chicken,Improved Kienyeji,-,Female,500.00/Head,-,35.0,Kakamega,2026-01-14
Sabatia,Chicken,Improved Kienyeji,-,Male,500.00/Head,-,30.0,Kakamega,2026-01-14
Sabatia,Chicken,Improved Kienyeji,-,Female,800.00/Head,-,6.0,Kakamega,2026-01-14
Sabatia,Chicken,Improved Kienyeji,-,Male,900.00/Head,-,1.0,Kakamega,2026-01-14
Sabatia,Chicken,Improved Kienyeji,-,Female,800.00/Head,-,12.0,Kakamega,2026-01-14
Sabatia,Chicken,Improved Kienyeji,-,Female,800.00/Head,-,12.0,Kakamega,2026-01-14
Sabatia,Chicken,Improved Kienyeji,-,Male,1200.00/Head,-,10.0,Kakamega,2026-01-14
Sabatia,Chicken,Indigenous,-,Female,350.00/Head,-,9.0,Kakamega,2026-01-14
Sabatia,Chicken,Indigenous,-,Male,350.00/Head,-,6.0,Kakamega,2026-01-14
Sabatia,Chicken,Indigenous,-,Female,700.00/Head,-,40.0,Kakamega,2026-01-14
Sabatia,Chicken,Indigenous,-,Male,900.00/Head,-,20.0,Kakamega,2026-01-14
Sabatia,Chicken,Indigenous,-,Female,900.00/Head,-,30.0,Kakamega,2026-01-14
Sabatia,Chicken,Indigenous,-,Male,1300.00/Head,-,15.0,Kakamega,2026-01-14
Mulot,Mangoes,Improved,-,-,60.00/Kg,80.00/Kg,3000.0,Bomet,2026-01-14
Mulot,Banana (Ripening),-,-,-,70.00/Kg,100.00/Kg,500.0,Bomet,2026-01-14
Mulot,Carrots,-,-,-,80.00/Kg,100.00/Kg,250.0,Bomet,2026-01-14
Mulot,Butternuts,-,-,-,40.00/Kg,50.00/Kg,300.0,Bomet,2026-01-14
Mulot,Cabbages,-,-,-,30.00/Kg,50.00/Kg,1200.0,Bomet,2026-01-14
Kangeta,White Irish Potatoes,-,-,-,74.00/Kg,76.00/Kg,11000.0,Meru,2026-01-14
Mulot,Tomatoes,-,-,-,73.53/Kg,105.00/Kg,3000.0,Bomet,2026-01-14
Kangeta,Pigeon peas,-,-,-,90.00/Kg,100.00/Kg,300.0,Meru,2026-01-14
Kangeta,Green Grams,Local-Special,-,-,130.00/Kg,140.00/Kg,400.0,Meru,2026-01-14
Kangeta,Dolichos lablab (Njahi),-,-,-,90.00/Kg,100.00/Kg,1200.0,Meru,2026-01-14
Kangeta,Cowpeas,-,-,-,90.00/Kg,100.00/Kg,300.0,Meru,2026-01-14
Kangeta,Beans (Yellow-Green),-,-,-,140.00/Kg,150.00/Kg,200.0,Meru,2026-01-14
Kangeta,Beans (Mwitemania),-,-,-,110.00/Kg,120.00/Kg,500.0,Meru,2026-01-14
Kangeta,Red Sorghum,-,-,-,70.00/Kg,80.00/Kg,500.0,Meru,2026-01-14
Kangeta,Pearl Rush Millet,-,-,-,90.00/Kg,100.00/Kg,600.0,Meru,2026-01-14
Kangeta,Dry Maize,White Maize,-,-,50.00/Kg,60.00/Kg,1000.0,Meru,2026-01-14
Mulot,Dry Onions,-,-,-,80.00/Kg,90.00/Kg,300.0,Bomet,2026-01-14
Kangeta,Water Melon,-,-,-,40.00/Kg,50.00/Kg,600.0,Meru,2026-01-14
Kangeta,Pawpaw,-,-,-,30.00/Kg,40.00/Kg,100.0,Meru,2026-01-14
Kangeta,Mangoes,Local,-,-,25.00/Kg,30.00/Kg,1200.0,Meru,2026-01-14
Kangeta,Lemons,-,-,-,80.00/Kg,90.00/Kg,20.0,Meru,2026-01-14
Kangeta,Banana (Ripening),-,-,-,40.00/Kg,50.00/Kg,800.0,Meru,2026-01-14
Mulot,Spider flower (Saga),-,-,-,120.00/Kg,150.00/Kg,380.0,Bomet,2026-01-14
Kangeta,Apples,-,-,-,140.00/Kg,160.00/Kg,140.0,Meru,2026-01-14
Kangeta,Tomatoes,-,-,-,40.00/Kg,50.00/Kg,3600.0,Meru,2026-01-14
Kangeta,Spring Onions,-,-,-,70.00/Kg,80.00/Kg,120.0,Meru,2026-01-14
Kangeta,Spinach,-,-,-,35.00/Kg,40.00/Kg,300.0,Meru,2026-01-14
Kangeta,Kales/Sukuma Wiki,-,-,-,30.00/Kg,40.00/Kg,350.0,Meru,2026-01-14
Kangeta,Green Maize,-,-,-,50.00/Kg,60.00/Kg,900.0,Meru,2026-01-14
Kangeta,Ginger,-,-,-,240.00/Kg,260.00/Kg,50.0,Meru,2026-01-14
Mulot,Red Sorghum,-,-,-,72.22/Kg,80.00/Kg,580.0,Bomet,2026-01-14
Kangeta,Garlic,-,-,-,380.00/Kg,400.00/Kg,70.0,Meru,2026-01-14
Kangeta,Fresh Peas,On pods,-,-,100.00/Kg,120.00/Kg,350.0,Meru,2026-01-14
Kangeta,Fresh Peas,On pods,-,-,90.00/Kg,100.00/Kg,250.0,Meru,2026-01-14
Mulot,Dry Maize,White Maize,-,-,47.78/Kg,70.00/Kg,5400.0,Bomet,2026-01-14
Kangeta,French beans,-,-,-,110.00/Kg,120.00/Kg,15.0,Meru,2026-01-14
Kangeta,Dry Onions,-,-,-,90.00/Kg,100.00/Kg,2000.0,Meru,2026-01-14
Kangeta,Cucumber,-,-,-,160.00/Kg,170.00/Kg,30.0,Meru,2026-01-14
Kangeta,Courgette,-,-,-,110.00/Kg,120.00/Kg,50.0,Meru,2026-01-14
Kangeta,Coriander (Dhania),-,-,-,50.00/Kg,60.00/Kg,250.0,Meru,2026-01-14
Kangeta,Chillies,-,-,-,180.00/Kg,200.00/Kg,10.0,Meru,2026-01-14
Kangeta,Carrots,-,-,-,40.00/Kg,50.00/Kg,1600.0,Meru,2026-01-14
Kangeta,Carrots,-,-,-,60.00/Kg,70.00/Kg,750.0,Meru,2026-01-14
Kangeta,Capsicums,-,-,-,70.00/Kg,80.00/Kg,200.0,Meru,2026-01-14
Kangeta,Cabbages,-,-,-,25.00/Kg,30.00/Kg,2900.0,Meru,2026-01-14
Kangeta,Butternuts,-,-,-,60.00/Kg,70.00/Kg,180.0,Meru,2026-01-14
Kangeta,Banana (Cooking),-,-,-,20.00/Kg,25.00/Kg,550.0,Meru,2026-01-14
Nairobi Supermarkets,Wheat Flour,Winnie's Pure Health Atta Mark 1,-,-,-,128.50/Kg,,Nairobi,2026-01-14
Nairobi Supermarkets,Wheat Flour,Tropicana HBF,-,-,-,88.50/Kg,,Nairobi,2026-01-14
Nairobi Supermarkets,Wheat Flour,Soko Atta Mark 1,-,-,-,83.50/Kg,,Nairobi,2026-01-14
Nairobi Supermarkets,Wheat Flour,Soko All Purpose HBF,-,-,-,81.50/Kg,,Nairobi,2026-01-14
Nairobi Supermarkets,Wheat Flour,Phulka Atta Mark 1 Chapati Flour,-,-,-,80.50/Kg,,Nairobi,2026-01-14
Nairobi Supermarkets,Wheat Flour,Pembe Atta Mark 1,-,-,-,84.50/Kg,,Nairobi,2026-01-14
Nairobi Supermarkets,Wheat Flour,Pembe All Purpose HBF,-,-,-,83.50/Kg,,Nairobi,2026-01-14
Nairobi Supermarkets,Wheat Flour,Oboma all purpose HBF,-,-,-,79.00/Kg,,Nairobi,2026-01-14
Nairobi Supermarkets,Wheat Flour,Nutra Meal Atta Mark 1,-,-,-,135.00/Kg,,Nairobi,2026-01-14
Nairobi Supermarkets,Wheat Flour,Ndovu all purpose HBF,-,-,-,77.50/Kg,,Nairobi,2026-01-14
Nairobi Supermarkets,Wheat Flour,Mama Home Baking Flour,-,-,-,76.50/Kg,,Nairobi,2026-01-14
Nairobi Supermarkets,Wheat Flour,Kifaru All Purpose HBF,-,-,-,77.50/Kg,,Nairobi,2026-01-14
Nairobi Supermarkets,Wheat Flour,Golden All Purpose,-,-,-,82.00/Kg,,Nairobi,2026-01-14
Nairobi Supermarkets,Wheat Flour,Exe self raising,-,-,-,92.50/Kg,,Nairobi,2026-01-14
Nairobi Supermarkets,Wheat Flour,Exe Mandazi Fortified Wheat Flour,-,-,-,91.50/Kg,,Nairobi,2026-01-14
Nairobi Supermarkets,Wheat Flour,Exe Chapati fortified wheat flour,-,-,-,88.00/Kg,,Nairobi,2026-01-14
Nairobi Supermarkets,Wheat Flour,Exe brown bread,-,-,-,91.00/Kg,,Nairobi,2026-01-14
Nairobi Supermarkets,Wheat Flour,Exe Atta Mark 1,-,-,-,90.50/Kg,,Nairobi,2026-01-14
Nairobi Supermarkets,Wheat Flour,Exe All purpose fortified wheat flour,-,-,-,84.00/Kg,,Nairobi,2026-01-14
Nairobi Supermarkets,Wheat Flour,Elliots self raising flour,-,-,-,90.50/Kg,,Nairobi,2026-01-14
Nairobi Supermarkets,Wheat Flour,Elliots all purpose HBK,-,-,-,82.00/Kg,,Nairobi,2026-01-14
Nairobi Supermarkets,Wheat Flour,Dola premium all pupose,-,-,-,81.50/Kg,,Nairobi,2026-01-14
Nairobi Supermarkets,Wheat Flour,Dola Atta Mark 1,-,-,-,82.00/Kg,,Nairobi,2026-01-14
Nairobi Supermarkets,Wheat Flour,Chapati Afya,-,-,-,135.50/Kg,,Nairobi,2026-01-14
Nairobi Supermarkets,Wheat Flour,Ajab fortofied self raising,-,-,-,85.00/Kg,,Nairobi,2026-01-14
Nairobi Supermarkets,Wheat Flour,Ajab fortigied Home Baking flour,-,-,-,85.50/Kg,,Nairobi,2026-01-14
Nairobi Supermarkets,Wheat Flour,Ajab fortified mandazi flour,-,-,-,85.00/Kg,,Nairobi,2026-01-14
Nairobi Supermarkets,Wheat Flour,210 Home baking flour,-,-,-,80.00/Kg,,Nairobi,2026-01-14
Nairobi Supermarkets,Wheat Flour,210 Atta Mark 1,-,-,-,77.50/Kg,,Nairobi,2026-01-14
Nairobi Supermarkets,Maize Flour,Ugali Afya,-,-,-,145.00/Kg,,Nairobi,2026-01-14
Nairobi Supermarkets,Maize Flour,Soko,-,-,-,80.00/Kg,,Nairobi,2026-01-14
Nairobi Supermarkets,Maize Flour,Raha Premium,-,-,-,100.50/Kg,,Nairobi,2026-01-14
Nairobi Supermarkets,Maize Flour,Pembe,-,-,-,82.00/Kg,,Nairobi,2026-01-14
Nairobi Supermarkets,Maize Flour,Oryx,-,-,-,82.50/Kg,,Nairobi,2026-01-14
Nairobi Supermarkets,Maize Flour,Ndovu,-,-,-,71.00/Kg,,Nairobi,2026-01-14
Nairobi Supermarkets,Maize Flour,Mama,-,-,-,75.50/Kg,,Nairobi,2026-01-14
Nairobi Supermarkets,Maize Flour,Jogoo wimbi,-,-,-,139.50/Kg,,Nairobi,2026-01-14
Nairobi Supermarkets,Maize Flour,Jogoo,-,-,-,77.00/Kg,,Nairobi,2026-01-14
Nairobi Supermarkets,Maize Flour,Hostess,-,-,-,94.00/Kg,,Nairobi,2026-01-14
Nairobi Supermarkets,Maize Flour,Equatorial afya ugali,-,-,-,136.50/Kg,,Nairobi,2026-01-14
Nairobi Supermarkets,Maize Flour,Dola,-,-,-,76.50/Kg,,Nairobi,2026-01-14
Nairobi Supermarkets,Maize Flour,Amaize,-,-,-,99.50/Kg,,Nairobi,2026-01-14
Nairobi Supermarkets,Maize Flour,Ajab,-,-,-,87.00/Kg,,Nairobi,2026-01-14
Nairobi Supermarkets,Maize Flour,210(two ten),-,-,-,77.00/Kg,,Nairobi,2026-01-14
Kabati - Muranga,Black nightshade (Managu/ Osuga),-,-,-,-,50.00/Kg,,Muranga,2026-01-14
Kabati - Muranga,Amaranthus (Terere),-,-,-,-,50.00/Kg,,Muranga,2026-01-14
Kabati - Muranga,Sweet potatoes,-,-,-,80.00/Kg,100.00/Kg,,Muranga,2026-01-14
Kabati - Muranga,Yam,-,-,-,80.00/Kg,100.00/Kg,,Muranga,2026-01-14
Kabati - Muranga,Cassava Fresh,-,-,-,20.00/Kg,35.00/Kg,,Muranga,2026-01-14
Kabati - Muranga,Arrow Root,-,-,-,80.00/Kg,100.00/Kg,,Muranga,2026-01-14
Kabati - Muranga,Water Melon,-,-,-,45.00/Kg,240.00/Kg,,Muranga,2026-01-14
Kabati - Muranga,Tree tomato,-,-,-,-,100.00/Kg,,Muranga,2026-01-14
Kabati - Muranga,Thorn melon,-,-,-,-,60.00/Kg,,Muranga,2026-01-14
Kabati - Muranga,Tangerine (Sandara),-,-,-,-,100.00/Kg,,Muranga,2026-01-14
Kabati - Muranga,Pineapples,-,-,-,-,40.00/Kg,,Muranga,2026-01-14
Kabati - Muranga,Mangoes,Improved,-,-,60.00/Kg,90.00/Kg,,Muranga,2026-01-14
Kabati - Muranga,Lemons,-,-,-,-,80.00/Kg,,Muranga,2026-01-14
Kabati - Muranga,Grapes,White,-,-,480.00/Kg,600.00/Kg,,Muranga,2026-01-14
Kabati - Muranga,Banana (Ripening),-,-,-,18.00/Kg,35.00/Kg,,Muranga,2026-01-14
Kabati - Muranga,Avocado,Fuerte,-,-,60.00/Kg,120.00/Kg,,Muranga,2026-01-14
Kabati - Muranga,Apples,-,-,-,120.00/Kg,180.00/Kg,,Muranga,2026-01-14
Kabati - Muranga,Tomatoes,-,-,-,28.00/Kg,40.00/Kg,,Muranga,2026-01-14
Kabati - Muranga,Spinach,-,-,-,35.00/Kg,50.00/Kg,,Muranga,2026-01-14
Kabati - Muranga,Pumpkin,-,-,-,60.00/Kg,80.00/Kg,,Muranga,2026-01-14
Kabati - Muranga,Kales/Sukuma Wiki,-,-,-,35.00/Kg,45.00/Kg,,Muranga,2026-01-14
Kabati - Muranga,Green Maize,-,-,-,60.00/Kg,80.00/Kg,,Muranga,2026-01-14
Kabati - Muranga,Garlic,-,-,-,400.00/Kg,480.00/Kg,,Muranga,2026-01-14
Kabati - Muranga,French beans,-,-,-,45.00/Kg,55.00/Kg,,Muranga,2026-01-14
Kabati - Muranga,Coriander (Dhania),-,-,-,35.00/Kg,50.00/Kg,,Muranga,2026-01-14
Kabati - Muranga,Chillies,-,-,-,60.00/Kg,120.00/Kg,,Muranga,2026-01-14
Kabati - Muranga,Carrots,-,-,-,45.00/Kg,60.00/Kg,,Muranga,2026-01-14
Kabati - Muranga,Capsicums,-,-,-,40.00/Kg,60.00/Kg,,Muranga,2026-01-14
Kabati - Muranga,Butternuts,-,-,-,70.00/Kg,90.00/Kg,,Muranga,2026-01-14
Kabati - Muranga,Banana (Plantain),-,-,-,20.00/Kg,35.00/Kg,,Muranga,2026-01-14
Kabati - Muranga,Banana (Cooking),-,-,-,20.00/Kg,35.00/Kg,,Muranga,2026-01-14
Vanga,Cuttlefish,Fresh,-,-,200.00/Kg,300.00/Kg,100.0,Kwale,2026-01-13
Vanga,Octopus (Pweza),Fresh,-,-,450.00/Kg,550.00/Kg,520.0,Kwale,2026-01-13
Vanga,Scavengers (Changu/Tangu),Fresh,-,-,200.00/Kg,250.00/Kg,60.0,Kwale,2026-01-13
Vanga,Rabbitfish (Tafi/Tasi),Fresh,-,-,250.00/Kg,350.00/Kg,50.0,Kwale,2026-01-13
Vanga,Parrotfishes(Pono),Fresh,-,-,150.00/Kg,200.00/Kg,60.0,Kwale,2026-01-13
Vanga,Needlefishes,Fresh,-,-,130.00/ Kg,180.00/ Kg,200.0,Kwale,2026-01-13
Vanga,Barracuda(Kasumba),Fresh,-,-,150.00/Kg,200.00/Kg,300.0,Kwale,2026-01-13
Ngurubani Market,Cowpea leaves (Kunde),-,-,-,30.00/Kg,40.00/Kg,225.0,Kirinyaga,2026-01-13
Ngurubani Market,Pumpkin Leaves,-,-,-,20.00/Kg,25.00/Kg,170.0,Kirinyaga,2026-01-13
Ngurubani Market,Black nightshade (Managu/ Osuga),-,-,-,25.00/Kg,35.00/Kg,350.0,Kirinyaga,2026-01-13
Ngurubani Market,Amaranthus (Terere),-,-,-,25.00/Kg,30.00/Kg,520.0,Kirinyaga,2026-01-13
Ngurubani Market,Pork,-,-,-,500.00/Kg,700.00/Kg,420.0,Kirinyaga,2026-01-13
Ngurubani Market,Meat Beef,-,-,-,500.00/Kg,700.00/Kg,2500.0,Kirinyaga,2026-01-13
Ngurubani Market,Eggs,Exotic/Grade,-,-,400.00/Tray(30),450.00/Tray(30),2530.0,Kirinyaga,2026-01-13
Ahero,Finger Millet,-,-,-,185.00/Kg,190.00/Kg,3000.0,Kisumu,2026-01-13
Ngurubani Market,White Irish Potatoes,-,-,-,40.00/Kg,50.00/Kg,23500.0,Kirinyaga,2026-01-13
Ngurubani Market,Sweet potatoes,-,-,-,70.00/Kg,100.00/Kg,450.0,Kirinyaga,2026-01-13
Ngurubani Market,Arrow Root,-,-,-,80.00/Kg,120.00/Kg,850.0,Kirinyaga,2026-01-13
Ngurubani Market,Rice,Pishori,-,-,150.00/Kg,170.00/Kg,135000.0,Kirinyaga,2026-01-13
Ngurubani Market,Red Sorghum,-,-,-,80.00/Kg,100.00/Kg,1350.0,Kirinyaga,2026-01-13
Ngurubani Market,Dry Maize,White Maize,-,-,46.67/Kg,50.00/Kg,6500.0,Kirinyaga,2026-01-13
Ahero,Dry Maize,Mixed-Traditional,-,-,60.00/Kg,65.00/Kg,20000.0,Kisumu,2026-01-13
Ngurubani Market,Water Melon,-,-,-,30.00/Kg,35.00/Kg,1800.0,Kirinyaga,2026-01-13
Ngurubani Market,Tree tomato,-,-,-,100.00/Kg,140.00/Kg,220.0,Kirinyaga,2026-01-13
Ngurubani Market,Thorn melon,-,-,-,60.00/Kg,80.00/Kg,520.0,Kirinyaga,2026-01-13
Ngurubani Market,Pineapples,-,-,-,60.00/Kg,80.00/Kg,850.0,Kirinyaga,2026-01-13
Ngurubani Market,Pawpaw,-,-,-,25.00/Kg,40.00/Kg,250.0,Kirinyaga,2026-01-13
Ngurubani Market,Passion Fruits,-,-,-,150.00/Kg,200.00/Kg,250.0,Kirinyaga,2026-01-13
Ngurubani Market,Mangoes,Improved,-,-,60.00/Kg,80.00/Kg,2500.0,Kirinyaga,2026-01-13
Ngurubani Market,Lemons,-,-,-,40.00/Kg,60.00/Kg,120.0,Kirinyaga,2026-01-13
Ngurubani Market,Avocado,Local,-,-,60.00/Kg,90.00/Kg,820.0,Kirinyaga,2026-01-13
Ngurubani Market,Tomatoes,-,-,-,25.00/Kg,35.00/Kg,4500.0,Kirinyaga,2026-01-13
Ngurubani Market,Spring Onions,-,-,-,50.00/Kg,70.00/Kg,550.0,Kirinyaga,2026-01-13
Ngurubani Market,Spinach,-,-,-,25.00/Kg,35.00/Kg,520.0,Kirinyaga,2026-01-13
Ngurubani Market,Pumpkin,-,-,-,30.00/Kg,35.00/Kg,2580.0,Kirinyaga,2026-01-13
Ngurubani Market,Kales/Sukuma Wiki,-,-,-,25.00/Kg,30.00/Kg,850.0,Kirinyaga,2026-01-13
Ngurubani Market,Green Maize,-,-,-,35.00/Kg,50.00/Kg,2250.0,Kirinyaga,2026-01-13
Ngurubani Market,Fresh Peas,On pods,-,-,70.00/Kg,100.00/Kg,858.0,Kirinyaga,2026-01-13
Ngurubani Market,French beans,-,-,-,60.00/Kg,80.00/Kg,250.0,Kirinyaga,2026-01-13
Ngurubani Market,Egg plant (Brinjals),-,-,-,30.00/Kg,50.00/Kg,52.0,Kirinyaga,2026-01-13
Ahero,Spider flower (Saga),-,-,-,70.00/Kg,80.00/Kg,420.0,Kisumu,2026-01-13
Ngurubani Market,Dry Onions,-,-,-,70.00/Kg,100.00/Kg,5580.0,Kirinyaga,2026-01-13
Ahero,Indigenous Crotolaria (Mito/Miro),-,-,-,70.00/Kg,80.00/Kg,300.0,Kisumu,2026-01-13
Ngurubani Market,Cucumber,-,-,-,50.00/Kg,70.00/Kg,220.0,Kirinyaga,2026-01-13
Ngurubani Market,Courgette,-,-,-,50.00/Kg,70.00/Kg,170.0,Kirinyaga,2026-01-13
Ngurubani Market,Coriander (Dhania),-,-,-,50.00/Kg,70.00/Kg,120.0,Kirinyaga,2026-01-13
Ngurubani Market,Chillies,-,-,-,60.00/Kg,100.00/Kg,230.0,Kirinyaga,2026-01-13
Ngurubani Market,Capsicums,-,-,-,50.00/Kg,70.00/Kg,350.0,Kirinyaga,2026-01-13
Ngurubani Market,Cabbages,-,-,-,30.00/Kg,35.00/Kg,19500.0,Kirinyaga,2026-01-13
Ngurubani Market,Butternuts,-,-,-,35.00/Kg,45.00/Kg,3350.0,Kirinyaga,2026-01-13
Ngurubani Market,Banana (Cooking),-,-,-,28.00/Kg,35.00/Kg,3580.0,Kirinyaga,2026-01-13
Ngurubani Market,Pigeon peas,-,-,-,50.00/Kg,80.00/Kg,2500.0,Kirinyaga,2026-01-13
Ngurubani Market,Mixed Beans,-,-,-,86.67/Kg,120.00/Kg,855.0,Kirinyaga,2026-01-13
Ngurubani Market,Lentils,-,-,-,188.89/Kg,240.00/Kg,2550.0,Kirinyaga,2026-01-13
Ngurubani Market,Green Grams,Hybrid/ polished,-,-,102.22/Kg,160.00/Kg,2150.0,Kirinyaga,2026-01-13
Ahero,Ethiopian Kales -Kanzira,-,-,-,70.00/Kg,80.00/Kg,350.0,Kisumu,2026-01-13
Ngurubani Market,Dolichos lablab (Njahi),-,-,-,72.22/Kg,90.00/Kg,3580.0,Kirinyaga,2026-01-13
Ahero,Cowpea leaves (Kunde),-,-,-,60.00/Kg,70.00/Kg,2700.0,Kisumu,2026-01-13
Ahero,Black nightshade (Managu/ Osuga),-,-,-,70.00/Kg,80.00/Kg,400.0,Kisumu,2026-01-13
Ahero,Tomatoes,-,-,-,90.00/Kg,100.00/Kg,12000.0,Kisumu,2026-01-13
Ahero,Spring Onions,-,-,-,70.00/Kg,80.00/Kg,2400.0,Kisumu,2026-01-13
Ahero,Kales/Sukuma Wiki,-,-,-,60.00/Kg,70.00/Kg,4000.0,Kisumu,2026-01-13
Ahero,Green Maize,-,-,-,70.00/Kg,80.00/Kg,500.0,Kisumu,2026-01-13
Ahero,Ginger,-,-,-,330.00/Kg,350.00/Kg,240.0,Kisumu,2026-01-13
Ahero,Garlic,-,-,-,500.00/Kg,550.00/Kg,40.0,Kisumu,2026-01-13
Ahero,Dry Onions,-,-,-,90.00/Kg,100.00/Kg,1200.0,Kisumu,2026-01-13
Ahero,Cabbages,-,-,-,50.00/Kg,60.00/Kg,24000.0,Kisumu,2026-01-13
Ahero,Banana (Plantain),-,-,-,50.00/Kg,60.00/Kg,4000.0,Kisumu,2026-01-13
Ahero,Banana (Cooking),-,-,-,70.00/Kg,80.00/Kg,2500.0,Kisumu,2026-01-13
Ahero,Ground Nuts,Small Red,-,-,350.00/Kg,375.00/Kg,3500.0,Kisumu,2026-01-13
Ahero,Ground Nuts,Large Brown,-,-,325.00/Kg,350.00/Kg,8300.0,Kisumu,2026-01-13
Ahero,Green Grams,Hybrid/ polished,-,-,175.00/Kg,190.00/Kg,6900.0,Kisumu,2026-01-13
Ahero,Cowpeas,-,-,-,165.00/Kg,175.00/Kg,900.0,Kisumu,2026-01-13
Ahero,Beans Rosecoco,-,-,-,150.00/Kg,165.00/Kg,5000.0,Kisumu,2026-01-13
Ngurubani Market,Cowpeas,-,-,-,102.22/Kg,162.50/Kg,850.0,Kirinyaga,2026-01-13
Ngurubani Market,Beans Rosecoco (Nyayo),-,-,-,111.11/Kg,175.00/Kg,2580.0,Kirinyaga,2026-01-13
Ngurubani Market,Beans Red Haricot (Wairimu),-,-,-,100.00/Kg,155.00/Kg,6500.0,Kirinyaga,2026-01-13
Ngurubani Market,Beans (Yellow-Green),-,-,-,122.22/Kg,190.00/Kg,3500.0,Kirinyaga,2026-01-13
Ngurubani Market,Beans (Mwitemania),-,-,-,91.11/Kg,125.00/Kg,2580.0,Kirinyaga,2026-01-13
Ngurubani Market,Fertilizer,NPK,-,-,90.00/Kg,100.00/Kg,220000.0,Kirinyaga,2026-01-13
Ahero,Beans Red Haricot (Wairimu),-,-,-,150.00/Kg,1650.00/Kg,3900.0,Kisumu,2026-01-13
Ngurubani Market,Fertilizer,DAP,-,-,124.00/Kg,130.00/Kg,125000.0,Kirinyaga,2026-01-13
Ngurubani Market,Fertilizer,CAN,-,-,65.00/Kg,80.00/Kg,52500.0,Kirinyaga,2026-01-13
Ahero,Beans (Yellow-Green),-,-,-,225.00/Kg,250.00/Kg,8000.0,Kisumu,2026-01-13
Ahero,Beans (Mwezi Moja),-,-,-,150.00/Kg,165.00/Kg,4900.0,Kisumu,2026-01-13
Ahero,Beans (Canadian wonder),-,-,-,150.00/Kg,165.00/Kg,6000.0,Kisumu,2026-01-13
Ahero,Fertilizer,NPK,-,-,116.00/Kg,120.00/Kg,27000.0,Kisumu,2026-01-13
Ahero,Fertilizer,DAP,-,-,130.00/Kg,140.00/Kg,45000.0,Kisumu,2026-01-13
Ahero,Fertilizer,CAN,-,-,66.00/Kg,70.00/Kg,35000.0,Kisumu,2026-01-13
Holo,Pork,-,-,-,-,600.00/Kg,,Kisumu,2026-01-13
Holo,Meat Beef,-,-,-,-,600.00/Kg,,Kisumu,2026-01-13
Holo,Honey,Crude,-,-,-,1000.00/Kg,,Kisumu,2026-01-13
Holo,Eggs,Indigenous /Kenyeji,-,-,15.00/Tray(30),20.00/Tray(30),,Kisumu,2026-01-13
Holo,Eggs,Exotic/Grade,-,-,14.33/Tray(30),18.00/Tray(30),,Kisumu,2026-01-13
Holo,Cow Milk(At collection point),-,-,-,-,80.00/Lt,,Kisumu,2026-01-13
Holo,Sheep,Red Maasai,Grade 3,Male,6500.00/Head,-,,Kisumu,2026-01-13
Holo,Goat,Mixed,Grade 3,Male,5500.00/Head,-,,Kisumu,2026-01-13
Holo,Chicken,Layers,-,Male,450.00/Head,-,,Kisumu,2026-01-13
Holo,Chicken,Indigenous,-,Male,1100.00/Head,-,,Kisumu,2026-01-13
Holo,Chicken,Improved Kienyeji,-,Male,1200.00/Head,-,,Kisumu,2026-01-13
Holo,Chicken,Broiler,-,Male,550.00/Head,-,,Kisumu,2026-01-13
Holo,Cattle,Mixed,Grade 3,Male,41000.00/Head,-,,Kisumu,2026-01-13
Holo,Prawns,Dried,-,-,12.50/Kg,25.00/Kg,,Kisumu,2026-01-13
Holo,Tilapia,Dried,-,-,-,370.00/Kg,,Kisumu,2026-01-13
Holo,Omena,Dried,-,-,-,300.00/Kg,,Kisumu,2026-01-13
Holo,Nile Perch,Fresh,-,-,-,320.00/Kg,,Kisumu,2026-01-13
Holo,White Irish Potatoes,-,-,-,100.00/Kg,100.00/Kg,,Kisumu,2026-01-13
Holo,Sweet potatoes,-,-,-,-,100.00/Kg,,Kisumu,2026-01-13
Holo,Cassava Fresh,-,-,-,-,100.00/Kg,,Kisumu,2026-01-13
Holo,Cassava Chips (dry),-,-,-,-,75.00/Kg,,Kisumu,2026-01-13
Holo,Arrow Root,-,-,-,-,150.00/Kg,,Kisumu,2026-01-13
Holo,Water Melon,-,-,-,-,125.00/Kg,,Kisumu,2026-01-13
Holo,Thorn melon,-,-,-,-,150.00/Kg,,Kisumu,2026-01-13
Holo,Tangerine (Sandara),-,-,-,-,150.00/Kg,,Kisumu,2026-01-13
Holo,Pawpaw,-,-,-,-,100.00/Kg,,Kisumu,2026-01-13
Holo,Oranges,-,-,-,-,200.00/Kg,,Kisumu,2026-01-13
Holo,Mangoes,Local,-,-,-,100.00/Kg,,Kisumu,2026-01-13
Holo,Mangoes,Improved,-,-,-,150.00/Kg,,Kisumu,2026-01-13
Holo,Limes,-,-,-,-,200.00/Kg,,Kisumu,2026-01-13
Holo,Lemons,-,-,-,-,150.00/Kg,,Kisumu,2026-01-13
Holo,Avocado,Local,-,-,-,100.00/Kg,,Kisumu,2026-01-13
Holo,Avocado,Hass,-,-,-,150.00/Kg,,Kisumu,2026-01-13
Holo,White Sorghum,-,-,-,60.00/kg,75.00/kg,,Kisumu,2026-01-13
Holo,Rice,Pishori,-,-,172.00/Kg,250.00/Kg,,Kisumu,2026-01-13
Holo,Red Sorghum,-,-,-,60.00/Kg,75.00/Kg,,Kisumu,2026-01-13
Holo,Maize Flour,Dola,-,-,-,75.00/Kg,,Kisumu,2026-01-13
Holo,Maize Flour,Ajab,-,-,-,90.00/Kg,,Kisumu,2026-01-13
Holo,Finger Millet,-,-,-,175.00/Kg,200.00/Kg,,Kisumu,2026-01-13
Holo,Dry Maize,Yellow Maize,-,-,-,60.00/Kg,,Kisumu,2026-01-13
Holo,Dry Maize,White Maize,-,-,44.44/Kg,60.00/Kg,,Kisumu,2026-01-13
Holo,Spider flower (Saga),-,-,-,-,90.00/Kg,,Kisumu,2026-01-13
Holo,Pumpkin Leaves,-,-,-,-,70.00/Kg,,Kisumu,2026-01-13
Holo,Jute Plant (Murenda),-,-,-,-,60.00/Kg,,Kisumu,2026-01-13
Holo,Indigenous Crotolaria (Mito/Miro),-,-,-,-,80.00/Kg,,Kisumu,2026-01-13
Holo,Ethiopian Kales -Kanzira,-,-,-,-,70.00/Kg,,Kisumu,2026-01-13
Holo,Cowpea leaves (Kunde),-,-,-,-,60.00/Kg,,Kisumu,2026-01-13
Holo,Black nightshade (Managu/ Osuga),-,-,-,-,90.00/Kg,,Kisumu,2026-01-13
Holo,Amaranthus (Terere),-,-,-,-,80.00/Kg,,Kisumu,2026-01-13
Holo,Tomatoes,-,-,-,107.14/Kg,120.00/Kg,,Kisumu,2026-01-13
Holo,Spring Onions,-,-,-,42.31/Kg,60.00/Kg,,Kisumu,2026-01-13
Holo,Spinach,-,-,-,-,50.00/Kg,,Kisumu,2026-01-13
Holo,Kales/Sukuma Wiki,-,-,-,38.33/Kg,50.00/Kg,,Kisumu,2026-01-13
Holo,Green Maize,-,-,-,-,120.00/Kg,,Kisumu,2026-01-13
Holo,Ginger,-,-,-,-,180.00/Kg,,Kisumu,2026-01-13
Holo,Garlic,-,-,-,-,400.00/Kg,,Kisumu,2026-01-13
Holo,Egg plant (Brinjals),-,-,-,-,100.00/Kg,,Kisumu,2026-01-13
Holo,Dry Onions,-,-,-,76.19/Kg,80.00/Kg,,Kisumu,2026-01-13
Holo,Cucumber,-,-,-,-,150.00/Kg,,Kisumu,2026-01-13
Holo,Coriander (Dhania),-,-,-,-,150.00/Kg,,Kisumu,2026-01-13
Holo,Chillies,-,-,-,-,120.00/Kg,,Kisumu,2026-01-13
Holo,Carrots,-,-,-,-,100.00/Kg,,Kisumu,2026-01-13
Holo,Capsicums,-,-,-,-,130.00/Kg,,Kisumu,2026-01-13
Holo,Cabbages,-,-,-,-,80.00/Kg,,Kisumu,2026-01-13
Holo,Butternuts,-,-,-,-,150.00/Kg,,Kisumu,2026-01-13
Holo,Banana (Plantain),-,-,-,-,166.67/Kg,,Kisumu,2026-01-13
Holo,Banana (Cooking),-,-,-,150.00/Kg,-,,Kisumu,2026-01-13
Holo,Banana (Cooking),-,-,-,150.00/Kg,-,,Kisumu,2026-01-13
Holo,Banana (Cooking),-,-,-,150.00/Kg,-,,Kisumu,2026-01-13
Holo,Mixed Beans,-,-,-,12.44/Kg,150.00/Kg,,Kisumu,2026-01-13
Holo,Ground Nuts,Small Red,-,-,300.00/Kg,325.00/Kg,,Kisumu,2026-01-13
Holo,Ground Nuts,Large Brown,-,-,275.00/Kg,300.00/Kg,,Kisumu,2026-01-13
Holo,Green Grams,Local-Special,-,-,175.00/Kg,200.00/Kg,,Kisumu,2026-01-13
Holo,Green Grams,Hybrid/ polished,-,-,200.00/Kg,225.00/Kg,,Kisumu,2026-01-13
Holo,Cowpeas,-,-,-,225.00/Kg,250.00/Kg,,Kisumu,2026-01-13
Holo,Beans Rosecoco (Nyayo),-,-,-,200.00/Kg,225.00/Kg,,Kisumu,2026-01-13
Holo,Beans Rosecoco,-,-,-,225.00/Kg,250.00/Kg,,Kisumu,2026-01-13
Holo,Beans Red Haricot (Wairimu),-,-,-,175.00/Kg,200.00/Kg,,Kisumu,2026-01-13
Holo,Beans (Yellow-Green),-,-,-,225.00/Kg,250.00/Kg,,Kisumu,2026-01-13
Holo,Beans (Mwezi Moja),-,-,-,200.00/Kg,225.00/Kg,,Kisumu,2026-01-13
Holo,Beans (Canadian wonder),-,-,-,200.00/Kg,225.00/Kg,,Kisumu,2026-01-13
Holo,Fertilizer,CAN,-,-,62.00/Kg,80.00/Kg,,Kisumu,2026-01-13
Holo,Fertilizer,DAP,-,-,107.00/Kg,150.00/Kg,,Kisumu,2026-01-13
Musoli Market,Beans Red Haricot (Wairimu),-,-,-,120.00/Kg,116.67/Kg,720.0,Kakamega,2026-01-13
Musoli Market,Ground Nuts,Small Red,-,-,235.56/Kg,261.90/Kg,720.0,Kakamega,2026-01-13
Musoli Market,Green Grams,Local-Special,-,-,124.44/Kg,125.00/Kg,450.0,Kakamega,2026-01-13
Musoli Market,Beans (Yellow-Green),-,-,-,177.78/Kg,187.50/Kg,180.0,Kakamega,2026-01-13
Musoli Market,Cowpeas,-,-,-,124.44/Kg,125.00/Kg,990.0,Kakamega,2026-01-13
Musoli Market,Cabbages,-,-,-,35.71/Kg,42.86/Kg,8708.0,Kakamega,2026-01-13
Musoli Market,Red Sorghum,-,-,-,62.22/Kg,68.18/Kg,360.0,Kakamega,2026-01-13
Musoli Market,Finger Millet,-,-,-,111.11/Kg,117.39/Kg,360.0,Kakamega,2026-01-13
Musoli Market,Dry Maize,White Maize,-,-,44.44/Kg,47.83/Kg,18000.0,Kakamega,2026-01-13
Musoli Market,White Irish Potatoes,-,-,-,61.54/Kg,55.56/Kg,8607.0,Kakamega,2026-01-13
Musoli Market,Tomatoes,-,-,-,60.00/Kg,100.00/Kg,7500.0,Kakamega,2026-01-13
Musoli Market,Kales/Sukuma Wiki,-,-,-,45.00/Kg,80.00/Kg,600.0,Kakamega,2026-01-13
Musoli Market,Chicken,Improved Kienyeji,-,Female,400.00/Head,-,25.0,Kakamega,2026-01-13
Musoli Market,Chicken,Improved Kienyeji,-,Male,400.00/Head,-,9.0,Kakamega,2026-01-13
Musoli Market,Chicken,Improved Kienyeji,-,Female,500.00/Head,-,4.0,Kakamega,2026-01-13
Musoli Market,Chicken,Improved Kienyeji,-,Male,650.00/Head,-,10.0,Kakamega,2026-01-13
Musoli Market,Chicken,Improved Kienyeji,-,Female,800.00/Head,-,15.0,Kakamega,2026-01-13
Musoli Market,Chicken,Improved Kienyeji,-,Male,1000.00/Head,-,8.0,Kakamega,2026-01-13
Musoli Market,Chicken,Indigenous,-,Female,350.00/Head,-,15.0,Kakamega,2026-01-13
Musoli Market,Chicken,Indigenous,-,Male,350.00/Head,-,8.0,Kakamega,2026-01-13
Musoli Market,Chicken,Indigenous,-,Female,650.00/Head,-,30.0,Kakamega,2026-01-13
Musoli Market,Chicken,Indigenous,-,Male,700.00/Head,-,25.0,Kakamega,2026-01-13
Musoli Market,Chicken,Indigenous,-,Female,800.00/Head,-,30.0,Kakamega,2026-01-13
Musoli Market,Chicken,Indigenous,-,Male,1200.00/Head,-,10.0,Kakamega,2026-01-13
Musoli Market,Goat,Mixed,Grade 3,Female,4500.00/Head,-,5.0,Kakamega,2026-01-13
Musoli Market,Goat,Mixed,Grade 3,Male,4000.00/Head,-,7.0,Kakamega,2026-01-13
Musoli Market,Goat,Mixed,Grade 2,Female,4800.00/Head,-,3.0,Kakamega,2026-01-13
Musoli Market,Goat,Mixed,Grade 2,Male,4500.00/Head,-,5.0,Kakamega,2026-01-13
Musoli Market,Goat,Mixed,Grade 1,Female,5100.00/Head,-,3.0,Kakamega,2026-01-13
Musoli Market,Goat,Mixed,Grade 1,Male,4800.00/Head,-,2.0,Kakamega,2026-01-13
Musoli Market,Goat,Mixed,Grade 3,Female,5000.00/Head,-,9.0,Kakamega,2026-01-13
Musoli Market,Goat,Mixed,Grade 3,Male,5500.00/Head,-,5.0,Kakamega,2026-01-13
Musoli Market,Goat,Mixed,Grade 2,Female,5500.00/Head,-,6.0,Kakamega,2026-01-13
Musoli Market,Goat,Mixed,Grade 2,Male,6000.00/Head,-,4.0,Kakamega,2026-01-13
Musoli Market,Goat,Mixed,Grade 1,Female,6200.00/Head,-,5.0,Kakamega,2026-01-13
Musoli Market,Goat,Mixed,Grade 1,Male,6800.00/Head,-,7.0,Kakamega,2026-01-13
Musoli Market,Goat,Mixed,Grade 3,Female,6500.00/Head,-,9.0,Kakamega,2026-01-13
Musoli Market,Goat,Mixed,Grade 3,Male,7000.00/Head,-,6.0,Kakamega,2026-01-13
Musoli Market,Goat,Mixed,Grade 2,Female,7500.00/Head,-,2.0,Kakamega,2026-01-13
Musoli Market,Goat,Mixed,Grade 2,Male,9500.00/Head,-,3.0,Kakamega,2026-01-13
Musoli Market,Goat,Mixed,Grade 1,Female,9000.00/Head,-,1.0,Kakamega,2026-01-13
Musoli Market,Goat,Mixed,Grade 1,Male,12000.00/Head,-,2.0,Kakamega,2026-01-13
Musoli Market,Cattle,Mixed,Grade 3,Female,20000.00/Head,-,5.0,Kakamega,2026-01-13
Musoli Market,Cattle,Mixed,Grade 3,Male,19000.00/Head,-,6.0,Kakamega,2026-01-13
Musoli Market,Cattle,Mixed,Grade 2,Female,24000.00/Head,-,6.0,Kakamega,2026-01-13
Musoli Market,Cattle,Mixed,Grade 2,Male,21000.00/Head,-,7.0,Kakamega,2026-01-13
Musoli Market,Cattle,Mixed,Grade 1,Female,26000.00/Head,-,8.0,Kakamega,2026-01-13
Musoli Market,Cattle,Mixed,Grade 1,Male,23000.00/Head,-,5.0,Kakamega,2026-01-13
Musoli Market,Cattle,Mixed,Grade 3,Female,30000.00/Head,-,5.0,Kakamega,2026-01-13
Musoli Market,Cattle,Mixed,Grade 3,Male,28000.00/Head,-,7.0,Kakamega,2026-01-13
Musoli Market,Cattle,Mixed,Grade 2,Female,35000.00/Head,-,5.0,Kakamega,2026-01-13
Musoli Market,Cattle,Mixed,Grade 2,Male,32000.00/Head,-,5.0,Kakamega,2026-01-13
Musoli Market,Cattle,Mixed,Grade 2,Female,40000.00/Head,-,8.0,Kakamega,2026-01-13
Musoli Market,Cattle,Mixed,Grade 1,Male,38000.00/Head,-,6.0,Kakamega,2026-01-13
Musoli Market,Cattle,Mixed,Grade 3,Female,42000.00/Head,-,7.0,Kakamega,2026-01-13
Musoli Market,Cattle,Mixed,Grade 3,Male,45000.00/Head,-,4.0,Kakamega,2026-01-13
Musoli Market,Cattle,Zebu,Grade 2,Female,58000.00/Head,-,2.0,Kakamega,2026-01-13
Musoli Market,Cattle,Mixed,Grade 2,Male,65000.00/Head,-,3.0,Kakamega,2026-01-13
Musoli Market,Cattle,Zebu,Grade 1,Female,68000.00/Head,-,3.0,Kakamega,2026-01-13
Musoli Market,Cattle,Mixed,Grade 1,Male,98000.00/Head,-,1.0,Kakamega,2026-01-13
Musoli Market,Cattle,Zebu,Grade 3,Female,20000.00/Head,-,8.0,Kakamega,2026-01-13
Musoli Market,Cattle,Zebu,Grade 3,Male,18000.00/Head,-,5.0,Kakamega,2026-01-13
Musoli Market,Cattle,Zebu,Grade 2,Female,23000.00/Head,-,6.0,Kakamega,2026-01-13
Musoli Market,Cattle,Zebu,Grade 2,Male,20000.00/Head,-,8.0,Kakamega,2026-01-13
Musoli Market,Cattle,Zebu,Grade 1,Female,25000.00/Head,-,7.0,Kakamega,2026-01-13
Musoli Market,Cattle,Zebu,Grade 1,Male,22000.00/Head,-,9.0,Kakamega,2026-01-13
Musoli Market,Cattle,Zebu,Grade 3,Male,30000.00/Head,-,4.0,Kakamega,2026-01-13
Musoli Market,Cattle,Zebu,Grade 3,Male,28000.00/Head,-,6.0,Kakamega,2026-01-13
Musoli Market,Cattle,Zebu,Grade 2,Female,35000.00/Head,-,8.0,Kakamega,2026-01-13
Musoli Market,Cattle,Zebu,Grade 2,Male,33000.00/Head,-,9.0,Kakamega,2026-01-13
Musoli Market,Cattle,Zebu,Grade 1,Female,38000.00/Head,-,11.0,Kakamega,2026-01-13
Musoli Market,Cattle,Zebu,Grade 1,Male,35000.00/Head,-,8.0,Kakamega,2026-01-13
Musoli Market,Cattle,Zebu,Grade 3,Female,42000.00/Head,-,8.0,Kakamega,2026-01-13
Musoli Market,Cattle,Zebu,Grade 3,Male,45000.00/Head,-,10.0,Kakamega,2026-01-13
Musoli Market,Cattle,Zebu,Grade 2,Female,2.00/Head,-,55000.0,Kakamega,2026-01-13
Musoli Market,Cattle,Zebu,Grade 2,Male,68000.00/Head,-,3.0,Kakamega,2026-01-13
Musoli Market,Cattle,Zebu,Grade 1,Female,65000.00/Head,-,3.0,Kakamega,2026-01-13
Musoli Market,Cattle,Zebu,Grade 1,Male,85000.00/Head,-,2.0,Kakamega,2026-01-13
Mogogosiek Market,Sweet potatoes,-,-,-,80.00/Kg,120.00/Kg,4000.0,Bomet,2026-01-13
Mogogosiek Market,Oranges,-,-,-,30.00/Kg,40.00/Kg,12000.0,Bomet,2026-01-13
Mogogosiek Market,Dry Maize,White Maize,-,-,41.67/Kg,54.17/Kg,10800.0,Bomet,2026-01-13
Mogogosiek Market,Spider flower (Saga),-,-,-,200.00/Kg,250.00/Kg,1500.0,Bomet,2026-01-13
Mogogosiek Market,Spider flower (Saga),-,-,-,200.00/Kg,250.00/Kg,1500.0,Bomet,2026-01-13
Mogogosiek Market,Black nightshade (Managu/ Osuga),-,-,-,180.00/Kg,250.00/Kg,1300.0,Bomet,2026-01-13
Mogogosiek Market,Tomatoes,-,-,-,73.53/Kg,85.00/Kg,5000.0,Bomet,2026-01-13
Mogogosiek Market,Cabbages,-,-,-,15.00/Kg,20.00/Kg,7000.0,Bomet,2026-01-13
Mogogosiek Market,Banana (Cooking),-,-,-,70.00/Kg,100.00/Kg,800.0,Bomet,2026-01-13
Mogogosiek Market,Beans Rosecoco,-,-,-,150.00/Kg,225.00/Kg,10000.0,Bomet,2026-01-13
Mogogosiek Market,Beans (Yellow-Green),-,-,-,120.00/Kg,180.00/Kg,7000.0,Bomet,2026-01-13
Nkubu,White Irish Potatoes,-,-,-,50.00/Kg,100.00/Kg,2250.0,Meru,2026-01-13
Nkubu,Oranges,-,-,-,55.56/Kg,70.00/Kg,900.0,Meru,2026-01-13
Nkubu,Mangoes,Improved,-,-,33.33/Kg,50.00/Kg,1440.0,Meru,2026-01-13
Nkubu,White Sorghum,-,-,-,66.67/kg,80.00/kg,540.0,Meru,2026-01-13
Nkubu,Pearl Rush Millet,-,-,-,111.11/Kg,120.00/Kg,810.0,Meru,2026-01-13
Nkubu,Finger Millet,-,-,-,122.22/Kg,130.00/Kg,540.0,Meru,2026-01-13
Nkubu,Dry Maize,Mixed-Traditional,-,-,80.00/Kg,50.00/Kg,810.0,Meru,2026-01-13
Nkubu,Tomatoes,-,-,-,6.00/Kg,40.00/Kg,7000.0,Meru,2026-01-13
Nkubu,Dry Onions,-,-,-,75.00/Kg,100.00/Kg,1680.0,Meru,2026-01-13
Nkubu,Carrots,-,-,-,42.86/Kg,60.00/Kg,2240.0,Meru,2026-01-13
Nkubu,Cabbages,-,-,-,6.00/Kg,50.00/Kg,5000.0,Meru,2026-01-13
Nkubu,Pigeon peas,-,-,-,88.89/Kg,120.00/Kg,720.0,Meru,2026-01-13
Nkubu,Lentils,-,-,-,200.00/Kg,220.00/Kg,400.0,Meru,2026-01-13
Nkubu,Green Grams,Hybrid/ polished,-,-,111.11/Kg,130.00/Kg,720.0,Meru,2026-01-13
Nkubu,Dry Peas,-,-,-,144.44/Kg,170.00/Kg,720.0,Meru,2026-01-13
Nkubu,Dolichos lablab (Njahi),-,-,-,88.89/Kg,120.00/Kg,630.0,Meru,2026-01-13
Nkubu,Cowpeas,-,-,-,66.67/Kg,80.00/Kg,630.0,Meru,2026-01-13
Nkubu,Beans Rosecoco,-,-,-,111.11/Kg,130.00/Kg,720.0,Meru,2026-01-13
Nkubu,Beans Red Haricot (Wairimu),-,-,-,111.11/Kg,120.00/Kg,720.0,Meru,2026-01-13
Nkubu,Beans (Yellow-Green),-,-,-,133.33/Kg,150.00/Kg,720.0,Meru,2026-01-13
Nkubu,Beans (Mwitemania),-,-,-,111.11/Kg,120.00/Kg,1080.0,Meru,2026-01-13
Nkubu,Beans (Mwezi Moja),-,-,-,111.11/Kg,120.00/Kg,450.0,Meru,2026-01-13
Kagio,Spring Onions,-,-,-,30.00/Kg,50.00/Kg,400.0,Kirinyaga,2026-01-13
Kagio,Spinach,-,-,-,30.00/Kg,50.00/Kg,1200.0,Kirinyaga,2026-01-13
Kagio,Pumpkin,-,-,-,35.00/Kg,50.00/Kg,1200.0,Kirinyaga,2026-01-13
Kagio,Lettuce,-,-,-,120.00/Kg,180.00/Kg,100.0,Kirinyaga,2026-01-13
Kagio,Kales/Sukuma Wiki,-,-,-,20.00/Kg,30.00/Kg,2400.0,Kirinyaga,2026-01-13
Kagio,Green Maize,-,-,-,35.00/Kg,50.00/Kg,4500.0,Kirinyaga,2026-01-13
Kagio,Ginger,-,-,-,180.00/Kg,250.00/Kg,200.0,Kirinyaga,2026-01-13
Kagio,Garlic,-,-,-,440.00/Kg,550.00/Kg,200.0,Kirinyaga,2026-01-13
Kagio,Fresh Peas,On pods,-,-,55.00/Kg,70.00/Kg,800.0,Kirinyaga,2026-01-13
Kagio,French beans,-,-,-,65.00/Kg,100.00/Kg,250.0,Kirinyaga,2026-01-13
Kagio,Egg plant (Brinjals),-,-,-,20.00/Kg,30.00/Kg,100.0,Kirinyaga,2026-01-13
Kagio,Dry Onions,-,-,-,70.00/Kg,100.00/Kg,1200.0,Kirinyaga,2026-01-13
Kagio,Cucumber,-,-,-,45.00/Kg,70.00/Kg,500.0,Kirinyaga,2026-01-13
Kagio,Courgette,-,-,-,65.00/Kg,100.00/Kg,600.0,Kirinyaga,2026-01-13
Kagio,Coriander (Dhania),-,-,-,25.00/Kg,40.00/Kg,,Kirinyaga,2026-01-13
Gikomba,Beans (Yellow-Green),-,-,-,111.11/Kg,200.00/Kg,,Nairobi,2026-01-13
Kagio,Chillies,-,-,-,65.00/Kg,100.00/Kg,250.0,Kirinyaga,2026-01-13
Kagio,Cauliflower,-,-,-,100.00/Kg,160.00/Kg,100.0,Kirinyaga,2026-01-13
Kagio,Carrots,-,-,-,45.00/Kg,70.00/Kg,2300.0,Kirinyaga,2026-01-13
Kagio,Capsicums,-,-,-,50.00/Kg,70.00/Kg,500.0,Kirinyaga,2026-01-13
Kagio,Capsicums,-,-,-,180.00/Kg,250.00/Kg,100.0,Kirinyaga,2026-01-13
Kagio,Butternuts,-,-,-,35.00/Kg,60.00/Kg,1500.0,Kirinyaga,2026-01-13
Kagio,Broccoli,-,-,-,100.00/Kg,150.00/Kg,150.0,Kirinyaga,2026-01-13
Kagio,Banana (Plantain),-,-,-,60.00/Kg,80.00/Kg,600.0,Kirinyaga,2026-01-13
Kagio,Banana (Cooking),-,-,-,25.00/Kg,40.00/Kg,29000.0,Kirinyaga,2026-01-13
Kagio,Pigeon peas,-,-,-,90.00/Kg,130.00/Kg,,Kirinyaga,2026-01-13
Kagio,Green Grams,Hybrid/ polished,-,-,90.00/Kg,130.00/Kg,,Kirinyaga,2026-01-13
Kagio,Dolichos lablab (Njahi),-,-,-,140.00/Kg,180.00/Kg,,Kirinyaga,2026-01-13
Kagio,Cowpeas,-,-,-,90.00/Kg,130.00/Kg,,Kirinyaga,2026-01-13
Kagio,Beans Rosecoco (Nyayo),-,-,-,118.89/Kg,150.00/Kg,,Kirinyaga,2026-01-13
Kagio,Beans (Mwitemania),-,-,-,120.00/Kg,150.00/Kg,,Kirinyaga,2026-01-13
Kagio,Beans (Yellow-Green),-,-,-,130.00/Kg,160.00/Kg,,Kirinyaga,2026-01-13
Kapkwen,Dry Onions,-,-,-,90.00/Kg,160.00/Kg,4000.0,Bomet,2026-01-13
Kapkwen,Cabbages,-,-,-,25.00/Kg,35.00/Kg,3500.0,Bomet,2026-01-13
Kapkwen,Beans Rosecoco,-,-,-,150.00/Kg,175.00/Kg,3200.0,Bomet,2026-01-13
Kapkwen,Beans (Mwezi Moja),-,-,-,150.00/Kg,175.00/Kg,3000.0,Bomet,2026-01-13
Kapkwen,Chicken,Indigenous,-,Female,700.00/Head,-,750.0,Bomet,2026-01-13
Kapkwen,Chicken,Indigenous,-,Male,650.00/Head,-,600.0,Bomet,2026-01-13
Kapkwen,Cattle,Friesian,Grade 2,Female,71000.00/Head,-,88.0,Bomet,2026-01-13
Kapkwen,Cattle,Friesian,Grade 2,Male,73000.00/Head,-,93.0,Bomet,2026-01-13
Kapkwen,Cattle,Ayrshire,Grade 2,Female,70000.00/Head,-,83.0,Bomet,2026-01-13
Kapkwen,Cattle,Ayrshire,Grade 2,Male,72000.00/Head,-,70.0,Bomet,2026-01-13
Diani Market,Kales/Sukuma Wiki,-,-,-,40.00/Kg,60.00/Kg,400.0,Kwale,2026-01-13
Diani Market,Okra (Lady's fingers or Gumbo),-,-,-,60.00/Kg,80.00/Kg,400.0,Kwale,2026-01-13
Diani Market,Spinach,-,-,-,60.00/Kg,80.00/Kg,400.0,Kwale,2026-01-13
Diani Market,Tomatoes,-,-,-,80.00/Kg,100.00/Kg,2000.0,Kwale,2026-01-13
Vanga,Octopus (Pweza),Fresh,-,-,450.00/Kg,550.00/Kg,400.0,Kwale,2026-01-12
Vanga,Needlefishes,Fresh,-,-,150.00/ Kg,200.00/ Kg,300.0,Kwale,2026-01-12
Vanga,Scavengers (Changu/Tangu),Fresh,-,-,200.00/Kg,250.00/Kg,200.0,Kwale,2026-01-12
Vanga,Rabbitfish (Tafi/Tasi),Fresh,-,-,250.00/Kg,350.00/Kg,60.0,Kwale,2026-01-12
Vanga,Parrotfishes(Pono),Fresh,-,-,150.00/Kg,200.00/Kg,130.0,Kwale,2026-01-12
Vanga,Kingfish (Nguru),Fresh,-,-,200.00/Kg,300.00/Kg,300.0,Kwale,2026-01-12
Nambacha Market,Sheep,Red Maasai,Grade 2,Male,6000.00/Head,-,130.0,Kakamega,2026-01-12
Nambacha Market,Goat,East African Goat,Grade 2,Male,6000.00/Head,-,150.0,Kakamega,2026-01-12
Nambacha Market,Chicken,Improved Kienyeji,-,Female,800.00/Head,-,180.0,Kakamega,2026-01-12
Nambacha Market,Chicken,Improved Kienyeji,-,Male,1000.00/Head,-,200.0,Kakamega,2026-01-12
Nambacha Market,Cattle,Mixed,Grade 2,Female,50000.00/Head,-,200.0,Kakamega,2026-01-12
Nambacha Market,Cattle,Mixed,Grade 2,Male,60000.00/Head,-,300.0,Kakamega,2026-01-12
Butere Livestock Market,Oranges,-,-,-,43.75/Kg,53.76/Kg,240.0,Kakamega,2026-01-12
Butere Livestock Market,Mangoes,Improved,-,-,20.00/Kg,66.67/Kg,3200.0,Kakamega,2026-01-12
Butere Livestock Market,White Irish Potatoes,-,-,-,49.23/Kg,53.19/Kg,6500.0,Kakamega,2026-01-12
Butere Livestock Market,Sweet potatoes,-,-,-,30.00/Kg,45.45/Kg,400.0,Kakamega,2026-01-12
Butere Livestock Market,Rice,IRR,-,-,104.00/Kg,152.17/Kg,2500.0,Kakamega,2026-01-12
Butere Livestock Market,Dry Maize,White Maize,-,-,43.33/Kg,45.83/Kg,9000.0,Kakamega,2026-01-12
Butere Livestock Market,Dry Onions,-,-,-,74.00/Kg,35.71/Kg,1250.0,Kakamega,2026-01-12
Butere Livestock Market,Tomatoes,-,-,-,60.00/Kg,76.92/Kg,3375.0,Kakamega,2026-01-12
Butere Livestock Market,Cabbages,-,-,-,35.71/Kg,42.86/Kg,4142.0,Kakamega,2026-01-12
Butere Livestock Market,Sheep,Red Maasai,Grade 3,Female,4000.00/Head,-,7.0,Kakamega,2026-01-12
Butere Livestock Market,Sheep,Red Maasai,Grade 3,Male,3600.00/Head,-,5.0,Kakamega,2026-01-12
Butere Livestock Market,Sheep,Red Maasai,Grade 2,Female,4500.00/Head,-,10.0,Kakamega,2026-01-12
Butere Livestock Market,Sheep,Red Maasai,Grade 2,Male,4000.00/Head,-,9.0,Kakamega,2026-01-12
Butere Livestock Market,Sheep,Red Maasai,Grade 1,Female,5000.00/Head,-,3.0,Kakamega,2026-01-12
Butere Livestock Market,Sheep,Red Maasai,Grade 1,Male,4700.00/Head,-,5.0,Kakamega,2026-01-12
Chebunyo,Dry Maize,White Maize,-,-,50.00/Kg,65.00/Kg,18000.0,Bomet,2026-01-12
Butere Livestock Market,Sheep,Red Maasai,Grade 3,Female,5000.00/Head,-,8.0,Kakamega,2026-01-12
Chebunyo,Water Melon,-,-,-,80.00/Kg,120.00/Kg,4000.0,Bomet,2026-01-12
Butere Livestock Market,Sheep,Red Maasai,Grade 3,Male,4500.00/Head,-,10.0,Kakamega,2026-01-12
Chebunyo,Oranges,-,-,-,61.82/Kg,100.00/Kg,7000.0,Bomet,2026-01-12
Butere Livestock Market,Sheep,Red Maasai,Grade 2,Female,5200.00/Head,-,9.0,Kakamega,2026-01-12
Chebunyo,Dry Onions,-,-,-,65.00/Kg,90.00/Kg,2400.0,Bomet,2026-01-12
Butere Livestock Market,Sheep,Red Maasai,Grade 2,Male,5500.00/Head,-,7.0,Kakamega,2026-01-12
Chebunyo,Tomatoes,-,-,-,75.00/Kg,100.00/Kg,16000.0,Bomet,2026-01-12
Butere Livestock Market,Sheep,Red Maasai,Grade 1,Female,6000.00/Head,-,3.0,Kakamega,2026-01-12
Chebunyo,Cabbages,-,-,-,10.00/Kg,20.00/Kg,15000.0,Bomet,2026-01-12
Chebunyo,Eggs,Indigenous /Kenyeji,-,-,540.00/Tray(30),600.00/Tray(30),10000.0,Bomet,2026-01-12
Butere Livestock Market,Sheep,Red Maasai,Grade 1,Male,5800.00/Head,-,4.0,Kakamega,2026-01-12
Chebunyo,Chicken,Indigenous,-,Female,650.00/Head,-,2000.0,Bomet,2026-01-12
Butere Livestock Market,Sheep,Red Maasai,Grade 3,Female,6500.00/Head,-,5.0,Kakamega,2026-01-12
Chebunyo,Chicken,Indigenous,-,Male,900.00/Head,-,2000.0,Bomet,2026-01-12
Chebunyo,Sheep,Dorper,Grade 3,Female,6000.00/Head,-,500.0,Bomet,2026-01-12
Chebunyo,Sheep,Dorper,Grade 3,Male,8000.00/Head,-,600.0,Bomet,2026-01-12
Butere Livestock Market,Sheep,Red Maasai,Grade 3,Male,6500.00/Head,-,7.0,Kakamega,2026-01-12
Chebunyo,Goat,Dairy Goats,Grade 3,Male,8000.00/Head,-,480.0,Bomet,2026-01-12
Butere Livestock Market,Sheep,Red Maasai,Grade 2,Female,7500.00/Head,-,8.0,Kakamega,2026-01-12
Chebunyo,Goat,Dairy Goats,Grade 3,Female,7500.00/Head,-,300.0,Bomet,2026-01-12
Butere Livestock Market,Sheep,Red Maasai,Grade 2,Male,8000.00/Head,-,6.0,Kakamega,2026-01-12
Butere Livestock Market,Sheep,Red Maasai,Grade 1,Female,8500.00/Head,-,5.0,Kakamega,2026-01-12
Butere Livestock Market,Sheep,Red Maasai,Grade 1,Male,9000.00/Head,-,4.0,Kakamega,2026-01-12
Butere Livestock Market,Goat,Mixed,Grade 3,Female,4000.00/Head,-,8.0,Kakamega,2026-01-12
Butere Livestock Market,Goat,Mixed,Grade 3,Male,3800.00/Head,-,6.0,Kakamega,2026-01-12
Butere Livestock Market,Goat,Mixed,Grade 2,Female,4800.00/Head,-,11.0,Kakamega,2026-01-12
Butere Livestock Market,Goat,Mixed,Grade 2,Male,4500.00/Head,-,6.0,Kakamega,2026-01-12
Butere Livestock Market,Goat,Mixed,Grade 1,Female,5000.00/Head,-,10.0,Kakamega,2026-01-12
Butere Livestock Market,Goat,Mixed,Grade 1,Male,4800.00/Head,-,8.0,Kakamega,2026-01-12
Butere Livestock Market,Goat,Mixed,Grade 3,Female,5000.00/Head,-,9.0,Kakamega,2026-01-12
Butere Livestock Market,Goat,Mixed,Grade 3,Male,4800.00/Head,-,2.0,Kakamega,2026-01-12
Butere Livestock Market,Goat,Mixed,Grade 2,Female,5500.00/Head,-,8.0,Kakamega,2026-01-12
Butere Livestock Market,Goat,Mixed,Grade 2,Male,6000.00/Head,-,7.0,Kakamega,2026-01-12
Butere Livestock Market,Goat,Mixed,Grade 1,Female,6000.00/Head,-,6.0,Kakamega,2026-01-12
Butere Livestock Market,Goat,Mixed,Grade 1,Male,6500.00/Head,-,5.0,Kakamega,2026-01-12
Butere Livestock Market,Goat,Mixed,Grade 3,Female,7000.00/Head,-,9.0,Kakamega,2026-01-12
Butere Livestock Market,Goat,Mixed,Grade 3,Male,7500.00/Head,-,5.0,Kakamega,2026-01-12
Butere Livestock Market,Goat,Mixed,Grade 2,Female,8500.00/Head,-,3.0,Kakamega,2026-01-12
Butere Livestock Market,Goat,Mixed,Grade 2,Male,9000.00/Head,-,4.0,Kakamega,2026-01-12
Kutus,Fertilizer,Urea,-,-,80.00/Kg,100.00/Kg,,Kirinyaga,2026-01-12
Kutus,Fertilizer,NPK,-,-,100.00/Kg,120.00/Kg,,Kirinyaga,2026-01-12
Butere Livestock Market,Goat,Mixed,Grade 1,Female,19500.00/Head,-,2.0,Kakamega,2026-01-12
Kutus,Fertilizer,CAN,-,-,64.00/Kg,70.00/Kg,,Kirinyaga,2026-01-12
Kutus,Fertilizer,DAP,-,-,130.00/Kg,140.00/Kg,,Kirinyaga,2026-01-12
Butere Livestock Market,Goat,Mixed,Grade 1,Male,12500.00/Head,-,1.0,Kakamega,2026-01-12
Kutus,Fertilizer,CAN,-,-,130.00/Kg,140.00/Kg,,Kirinyaga,2026-01-12
Butere Livestock Market,Cattle,Zebu,Grade 3,Male,16000.00/Head,-,5.0,Kakamega,2026-01-12
Kutus,Wheat,-,-,-,87.00/Kg,100.00/Kg,,Kirinyaga,2026-01-12
Butere Livestock Market,Cattle,Mixed,Grade 3,Female,20000.00/Head,-,8.0,Kakamega,2026-01-12
Butere Livestock Market,Cattle,Mixed,Grade 2,Female,22000.00/Head,-,8.0,Kakamega,2026-01-12
Butere Livestock Market,Cattle,Mixed,Grade 2,Male,18000.00/Head,-,7.0,Kakamega,2026-01-12
Butere Livestock Market,Cattle,Zebu,Grade 3,Female,19500.00/Head,-,15.0,Kakamega,2026-01-12
Kutus,Rice,Pishori,-,-,160.00/Kg,170.00/Kg,,Kirinyaga,2026-01-12
Butere Livestock Market,Cattle,Zebu,Grade 3,Male,18000.00/Head,-,11.0,Kakamega,2026-01-12
Kutus,Red Sorghum,-,-,-,102.00/Kg,125.00/Kg,,Kirinyaga,2026-01-12
Butere Livestock Market,Cattle,Zebu,Grade 2,Female,22000.00/Head,-,7.0,Kakamega,2026-01-12
Kutus,Dry Maize,White Maize,-,-,46.00/Kg,60.00/Kg,,Kirinyaga,2026-01-12
Butere Livestock Market,Cattle,Zebu,Grade 2,Male,20000.00/Head,-,6.0,Kakamega,2026-01-12
Kutus,Avocado,Local,-,-,50.00/Kg,70.00/Kg,,Kirinyaga,2026-01-12
Kutus,Banana (Ripening),-,-,-,17.00/Kg,20.00/Kg,12000.0,Kirinyaga,2026-01-12
Butere Livestock Market,Cattle,Zebu,Grade 1,Female,24000.00/Head,-,10.0,Kakamega,2026-01-12
Kutus,Pawpaw,-,-,-,30.00/Kg,35.00/Kg,,Kirinyaga,2026-01-12
Butere Livestock Market,Cattle,Zebu,Grade 1,Male,22000.00/Head,-,8.0,Kakamega,2026-01-12
Kutus,Thorn melon,-,-,-,35.00/Kg,50.00/Kg,,Kirinyaga,2026-01-12
Kutus,Tree tomato,-,-,-,140.00/Kg,160.00/Kg,200.0,Kirinyaga,2026-01-12
Butere Livestock Market,Cattle,Zebu,Grade 3,Female,26000.00/Head,-,10.0,Kakamega,2026-01-12
Kutus,Water Melon,-,-,-,25.00/Kg,35.00/Kg,,Kirinyaga,2026-01-12
Butere Livestock Market,Cattle,Zebu,Grade 3,Male,25000.00/Head,-,9.0,Kakamega,2026-01-12
Kutus,Sweet potatoes,-,-,-,40.00/Kg,50.00/Kg,,Kirinyaga,2026-01-12
Butere Livestock Market,Cattle,Zebu,Grade 2,Female,28000.00/Head,-,8.0,Kakamega,2026-01-12
Kutus,Cassava Fresh,-,-,-,40.00/Kg,60.00/Kg,1000.0,Kirinyaga,2026-01-12
Kutus,Arrow Root,-,-,-,70.00/Kg,100.00/Kg,,Kirinyaga,2026-01-12
Butere Livestock Market,Cattle,Zebu,Grade 2,Male,30000.00/Head,-,6.0,Kakamega,2026-01-12
Butere Livestock Market,Cattle,Zebu,Grade 1,Female,33000.00/Head,-,5.0,Kakamega,2026-01-12
Kutus,Lentils,-,-,-,200.00/Kg,250.00/Kg,,Kirinyaga,2026-01-12
Butere Livestock Market,Cattle,Zebu,Grade 1,Male,35000.00/Head,-,7.0,Kakamega,2026-01-12
Kutus,Green Grams,Makueni,-,-,167.00/Kg,200.00/Kg,,Kirinyaga,2026-01-12
Butere Livestock Market,Cattle,Zebu,Grade 2,Female,35000.00/Head,-,3.0,Kakamega,2026-01-12
Kutus,Green Grams,Hybrid/ polished,-,-,155.00/Kg,175.00/Kg,,Kirinyaga,2026-01-12
Kutus,Dolichos lablab (Njahi),-,-,-,83.00/Kg,100.00/Kg,,Kirinyaga,2026-01-12
Kutus,Cowpeas,-,-,-,94.00/Kg,125.00/Kg,,Kirinyaga,2026-01-12
Butere Livestock Market,Cattle,Zebu,Grade 3,Male,38000.00/Head,-,4.0,Kakamega,2026-01-12
Kutus,Beans Rosecoco,-,-,-,112.00/Kg,130.00/Kg,,Kirinyaga,2026-01-12
Butere Livestock Market,Cattle,Zebu,Grade 2,Female,42000.00/Head,-,3.0,Kakamega,2026-01-12
Kutus,Beans Red Haricot (Wairimu),-,-,-,96.00/Kg,120.00/Kg,,Kirinyaga,2026-01-12
Butere Livestock Market,Cattle,Zebu,Grade 2,Male,48000.00/Head,-,2.0,Kakamega,2026-01-12
Kutus,Beans (Yellow-Green),-,-,-,150.00/Kg,175.00/Kg,,Kirinyaga,2026-01-12
Butere Livestock Market,Cattle,Zebu,Grade 1,Female,56000.00/Head,-,4.0,Kakamega,2026-01-12
Kutus,Beans (Mwitemania),-,-,-,112.00/Kg,125.00/Kg,,Kirinyaga,2026-01-12
Butere Livestock Market,Cattle,Zebu,Grade 1,Male,60000.00/Head,-,6.0,Kakamega,2026-01-12
Butere Livestock Market,Duck,Black Swedish,Grade 1,Female,-,-,2.0,Kakamega,2026-01-12
Butere Livestock Market,Duck,Black Swedish,Grade 1,Male,-,-,4.0,Kakamega,2026-01-12
Butere Livestock Market,Chicken,Improved Kienyeji,-,Female,350.00/Head,-,19.0,Kakamega,2026-01-12
Butere Livestock Market,Chicken,Improved Kienyeji,-,Male,350.00/Head,-,17.0,Kakamega,2026-01-12
Butere Livestock Market,Chicken,Improved Kienyeji,-,Female,700.00/Head,-,19.0,Kakamega,2026-01-12
Butere Livestock Market,Chicken,Improved Kienyeji,-,Male,750.00/Head,-,11.0,Kakamega,2026-01-12
Butere Livestock Market,Chicken,Improved Kienyeji,-,Female,900.00/Head,-,17.0,Kakamega,2026-01-12
Butere Livestock Market,Chicken,Improved Kienyeji,-,Male,950.00/Head,-,13.0,Kakamega,2026-01-12
Butere Livestock Market,Chicken,Indigenous,-,Female,350.00/Head,-,20.0,Kakamega,2026-01-12
Butere Livestock Market,Chicken,Indigenous,-,Male,350.00/Head,-,30.0,Kakamega,2026-01-12
Butere Livestock Market,Chicken,Indigenous,-,Female,850.00/Head,-,23.0,Kakamega,2026-01-12
Butere Livestock Market,Chicken,Indigenous,-,Male,900.00/Head,-,15.0,Kakamega,2026-01-12
Butere Livestock Market,Chicken,Indigenous,-,Female,850.00/Head,-,26.0,Kakamega,2026-01-12
Butere Livestock Market,Chicken,Indigenous,-,Male,1200.00/Head,-,20.0,Kakamega,2026-01-12
Kerugoya,White Irish Potatoes,-,-,-,35.00/Kg,60.00/Kg,2400.0,Kirinyaga,2026-01-12
Kerugoya,Water Melon,-,-,-,25.00/Kg,40.00/Kg,300.0,Kirinyaga,2026-01-12
Kerugoya,Tree tomato,-,-,-,120.00/Kg,220.00/Kg,250.0,Kirinyaga,2026-01-12
Kerugoya,Thorn melon,-,-,-,30.00/Kg,60.00/Kg,150.0,Kirinyaga,2026-01-12
Kerugoya,Oranges,-,-,-,60.00/Kg,120.00/Kg,300.0,Kirinyaga,2026-01-12
Kerugoya,Mangoes,Improved,-,-,60.00/Kg,120.00/Kg,300.0,Kirinyaga,2026-01-12
Kerugoya,Lemons,-,-,-,50.00/Kg,100.00/Kg,150.0,Kirinyaga,2026-01-12
Kerugoya,Banana (Ripening),-,-,-,2.00/Kg,50.00/Kg,350.0,Kirinyaga,2026-01-12
Kerugoya,Rice,Pishori,-,-,150.00/Kg,180.00/Kg,2200.0,Kirinyaga,2026-01-12
Kerugoya,Dry Maize,White Maize,-,-,50.00/Kg,70.00/Kg,4500.0,Kirinyaga,2026-01-12
Kerugoya,Tomatoes,-,-,-,20.00/Kg,50.00/Kg,2000.0,Kirinyaga,2026-01-12
Kerugoya,Pumpkin,-,-,-,35.00/Kg,80.00/Kg,180.0,Kirinyaga,2026-01-12
Kerugoya,Kales/Sukuma Wiki,-,-,-,20.00/Kg,40.00/Kg,200.0,Kirinyaga,2026-01-12
Kerugoya,Green Maize,-,-,-,60.00/Kg,80.00/Kg,180.0,Kirinyaga,2026-01-12
Kerugoya,Ginger,-,-,-,180.00/Kg,250.00/Kg,180.0,Kirinyaga,2026-01-12
Kerugoya,Dry Onions,-,-,-,40.00/Kg,80.00/Kg,2300.0,Kirinyaga,2026-01-12
Kerugoya,Courgette,-,-,-,40.00/Kg,80.00/Kg,350.0,Kirinyaga,2026-01-12
Kerugoya,Carrots,-,-,-,25.00/Kg,50.00/Kg,400.0,Kirinyaga,2026-01-12
Kerugoya,Capsicums,-,-,-,30.00/Kg,70.00/Kg,300.0,Kirinyaga,2026-01-12
Kerugoya,Cabbages,-,-,-,18.00/Kg,25.00/Kg,350.0,Kirinyaga,2026-01-12
Kerugoya,Butternuts,-,-,-,70.00/Kg,120.00/Kg,180.0,Kirinyaga,2026-01-12
Kerugoya,Banana (Cooking),-,-,-,17.00/Kg,30.00/Kg,800.0,Kirinyaga,2026-01-12
Kerugoya,Pigeon peas,-,-,-,135.00/Kg,175.00/Kg,2350.0,Kirinyaga,2026-01-12
Kerugoya,Mixed Beans,-,-,-,120.00/Kg,150.00/Kg,1200.0,Kirinyaga,2026-01-12
Kerugoya,Lentils,-,-,-,230.00/Kg,280.00/Kg,1300.0,Kirinyaga,2026-01-12
Kerugoya,Ground Nuts,Large Brown,-,-,240.00/Kg,320.00/Kg,850.0,Kirinyaga,2026-01-12
Kerugoya,Green Grams,Makueni,-,-,120.00/Kg,150.00/Kg,1600.0,Kirinyaga,2026-01-12
Kerugoya,Green Grams,Local-Special,-,-,120.00/Kg,150.00/Kg,1500.0,Kirinyaga,2026-01-12
Kerugoya,Dolichos lablab (Njahi),-,-,-,125.00/Kg,160.00/Kg,1600.0,Kirinyaga,2026-01-12
Kerugoya,Cowpeas,-,-,-,100.00/Kg,130.00/Kg,2250.0,Kirinyaga,2026-01-12
Kerugoya,Beans Rosecoco (Nyayo),-,-,-,135.00/Kg,175.00/Kg,2600.0,Kirinyaga,2026-01-12
Kerugoya,Beans Rosecoco,-,-,-,130.00/Kg,170.00/Kg,2600.0,Kirinyaga,2026-01-12
Kerugoya,Beans Red Haricot (Wairimu),-,-,-,120.00/Kg,150.00/Kg,2750.0,Kirinyaga,2026-01-12
Kerugoya,Beans (Yellow-Green),-,-,-,150.00/Kg,200.00/Kg,1650.0,Kirinyaga,2026-01-12
Kerugoya,Beans (Mwitemania),-,-,-,130.00/Kg,165.00/Kg,2350.0,Kirinyaga,2026-01-12
Kerugoya,Beans (Mwezi Moja),-,-,-,120.00/Kg,160.00/Kg,2500.0,Kirinyaga,2026-01-12
Kutus,Banana (Cooking),-,-,-,17.00/Kg,20.00/Kg,5500.0,Kirinyaga,2026-01-12
Kutus,Banana (Plantain),-,-,-,60.00/Kg,90.00/Kg,2000.0,Kirinyaga,2026-01-12
Kutus,Butternuts,-,-,-,25.00/Kg,35.00/Kg,1500.0,Kirinyaga,2026-01-12
Kutus,Cabbages,-,-,-,30.00/Kg,40.00/Kg,4500.0,Kirinyaga,2026-01-12
Kutus,Capsicums,-,-,-,60.00/Kg,80.00/Kg,400.0,Kirinyaga,2026-01-12
Kutus,Carrots,-,-,-,60.00/Kg,70.00/Kg,1800.0,Kirinyaga,2026-01-12
Kutus,Chillies,-,-,-,120.00/Kg,150.00/Kg,50.0,Kirinyaga,2026-01-12
Kutus,Coriander (Dhania),-,-,-,60.00/Kg,120.00/Kg,150.0,Kirinyaga,2026-01-12
Kutus,Courgette,-,-,-,60.00/Kg,80.00/Kg,250.0,Kirinyaga,2026-01-12
Kutus,Cucumber,-,-,-,70.00/Kg,80.00/Kg,150.0,Kirinyaga,2026-01-12
Nairobi Supermarkets,Wheat Flour,Winnie's Pure Health Atta Mark 1,-,-,-,128.50/Kg,,Nairobi,2026-01-12
Nairobi Supermarkets,Wheat Flour,Tropicana HBF,-,-,-,88.50/Kg,,Nairobi,2026-01-12
Nairobi Supermarkets,Wheat Flour,Soko Atta Mark 1,-,-,-,83.50/Kg,,Nairobi,2026-01-12
Nairobi Supermarkets,Wheat Flour,Soko All Purpose HBF,-,-,-,81.50/Kg,,Nairobi,2026-01-12
Nairobi Supermarkets,Wheat Flour,Phulka Atta Mark 1 Chapati Flour,-,-,-,80.00/Kg,,Nairobi,2026-01-12
Nairobi Supermarkets,Wheat Flour,Pembe Atta Mark 1,-,-,-,85.50/Kg,,Nairobi,2026-01-12
Nairobi Supermarkets,Wheat Flour,Pembe All Purpose HBF,-,-,-,84.00/Kg,,Nairobi,2026-01-12
Nairobi Supermarkets,Wheat Flour,Oboma all purpose HBF,-,-,-,79.00/Kg,,Nairobi,2026-01-12
Nairobi Supermarkets,Wheat Flour,Nutra Meal Atta Mark 1,-,-,-,135.00/Kg,,Nairobi,2026-01-12
Nairobi Supermarkets,Wheat Flour,Ndovu all purpose HBF,-,-,-,77.50/Kg,,Nairobi,2026-01-12
Nairobi Supermarkets,Wheat Flour,Mama Home Baking Flour,-,-,-,76.50/Kg,,Nairobi,2026-01-12
Nairobi Supermarkets,Wheat Flour,Kifaru All Purpose HBF,-,-,-,77.50/Kg,,Nairobi,2026-01-12
Nairobi Supermarkets,Wheat Flour,Golden All Purpose,-,-,-,81.00/Kg,,Nairobi,2026-01-12
Nairobi Supermarkets,Wheat Flour,Exe self raising,-,-,-,92.50/Kg,,Nairobi,2026-01-12
Nairobi Supermarkets,Wheat Flour,Exe Mandazi Fortified Wheat Flour,-,-,-,91.50/Kg,,Nairobi,2026-01-12
Nairobi Supermarkets,Wheat Flour,Exe Chapati fortified wheat flour,-,-,-,88.00/Kg,,Nairobi,2026-01-12
Nairobi Supermarkets,Wheat Flour,Exe brown bread,-,-,-,91.00/Kg,,Nairobi,2026-01-12
Nairobi Supermarkets,Wheat Flour,Exe Atta Mark 1,-,-,-,90.00/Kg,,Nairobi,2026-01-12
Nairobi Supermarkets,Wheat Flour,Exe All purpose fortified wheat flour,-,-,-,84.00/Kg,,Nairobi,2026-01-12
Nairobi Supermarkets,Wheat Flour,Elliots self raising flour,-,-,-,92.50/Kg,,Nairobi,2026-01-12
Nairobi Supermarkets,Wheat Flour,Elliots all purpose HBK,-,-,-,82.00/Kg,,Nairobi,2026-01-12
Nairobi Supermarkets,Wheat Flour,Dola premium all pupose,-,-,-,81.50/Kg,,Nairobi,2026-01-12
Nairobi Supermarkets,Wheat Flour,Dola Atta Mark 1,-,-,-,82.00/Kg,,Nairobi,2026-01-12
Kutus,Dry Onions,-,-,-,90.00/Kg,100.00/Kg,7000.0,Kirinyaga,2026-01-12
Nairobi Supermarkets,Wheat Flour,Chapati Afya,-,-,-,135.50/Kg,,Nairobi,2026-01-12
Nairobi Supermarkets,Wheat Flour,Ajab fortofied self raising,-,-,-,86.00/Kg,,Nairobi,2026-01-12
Kutus,Egg plant (Brinjals),-,-,-,40.00/Kg,50.00/Kg,400.0,Kirinyaga,2026-01-12
Nairobi Supermarkets,Wheat Flour,Ajab fortigied Home Baking flour,-,-,-,85.50/Kg,,Nairobi,2026-01-12
Kutus,French beans,-,-,-,50.00/Kg,70.00/Kg,150.0,Kirinyaga,2026-01-12
Nairobi Supermarkets,Wheat Flour,Ajab fortified mandazi flour,-,-,-,85.50/Kg,,Nairobi,2026-01-12
Nairobi Supermarkets,Wheat Flour,210 Home baking flour,-,-,-,80.00/Kg,,Nairobi,2026-01-12
Nairobi Supermarkets,Wheat Flour,210 Atta Mark 1,-,-,-,77.50/Kg,,Nairobi,2026-01-12
Nairobi Supermarkets,Maize Flour,Ugali Afya,-,-,-,145.00/Kg,,Nairobi,2026-01-12
Nairobi Supermarkets,Maize Flour,Soko,-,-,-,80.50/Kg,,Nairobi,2026-01-12
Nairobi Supermarkets,Maize Flour,Raha Premium,-,-,-,99.50/Kg,,Nairobi,2026-01-12
Nairobi Supermarkets,Maize Flour,Pembe,-,-,-,82.00/Kg,,Nairobi,2026-01-12
Kutus,Fresh Peas,On pods,-,-,80.00/Kg,90.00/Kg,2300.0,Kirinyaga,2026-01-12
Nairobi Supermarkets,Maize Flour,Ndovu,-,-,-,71.00/Kg,,Nairobi,2026-01-12
Kutus,Garlic,-,-,-,380.00/Kg,450.00/Kg,350.0,Kirinyaga,2026-01-12
Nairobi Supermarkets,Maize Flour,Mama,-,-,-,76.00/Kg,,Nairobi,2026-01-12
Kutus,Ginger,-,-,-,200.00/Kg,250.00/Kg,200.0,Kirinyaga,2026-01-12
Nairobi Supermarkets,Maize Flour,Jogoo wimbi,-,-,-,139.50/Kg,,Nairobi,2026-01-12
Kutus,Green Maize,-,-,-,45.00/Kg,55.00/Kg,1800.0,Kirinyaga,2026-01-12
Nairobi Supermarkets,Maize Flour,Jogoo,-,-,-,74.50/Kg,,Nairobi,2026-01-12
Nairobi Supermarkets,Maize Flour,Hostess,-,-,-,94.00/Kg,,Nairobi,2026-01-12
Kutus,Kales/Sukuma Wiki,-,-,-,15.00/Kg,25.00/Kg,850.0,Kirinyaga,2026-01-12
Nairobi Supermarkets,Maize Flour,Equatorial afya ugali,-,-,-,136.50/Kg,,Nairobi,2026-01-12
Nairobi Supermarkets,Maize Flour,Dola,-,-,-,75.50/Kg,,Nairobi,2026-01-12
Nairobi Supermarkets,Maize Flour,Ajab,-,-,-,85.50/Kg,,Nairobi,2026-01-12
Nairobi Supermarkets,Maize Flour,210(two ten),-,-,-,77.00/Kg,,Nairobi,2026-01-12
Kutus,Spring Onions,-,-,-,60.00/Kg,80.00/Kg,650.0,Kirinyaga,2026-01-12
Kutus,Tomatoes,-,-,-,10.00/Kg,550.00/Kg,15000.0,Kirinyaga,2026-01-12
Kutus,Pumpkin Leaves,-,-,-,40.00/Kg,50.00/Kg,80.0,Kirinyaga,2026-01-12
Kutus,Cowpea leaves (Kunde),-,-,-,40.00/Kg,50.00/Kg,80.0,Kirinyaga,2026-01-12
Kutus,Black nightshade (Managu/ Osuga),-,-,-,30.00/Kg,40.00/Kg,100.0,Kirinyaga,2026-01-12
Kutus,Amaranthus (Terere),-,-,-,30.00/Kg,40.00/Kg,130.0,Kirinyaga,2026-01-12
Diani Market,Sweet potatoes,-,-,-,80.00/Kg,100.00/Kg,6000.0,Kwale,2026-01-12
Diani Market,White Irish Potatoes,-,-,-,80.00/Kg,100.00/Kg,8000.0,Kwale,2026-01-12
Diani Market,Ginger,-,-,-,180.00/Kg,200.00/Kg,600.0,Kwale,2026-01-12
Diani Market,Garlic,-,-,-,450.00/Kg,500.00/Kg,600.0,Kwale,2026-01-12
Diani Market,Capsicums,-,-,-,80.00/Kg,100.00/Kg,450.0,Kwale,2026-01-12
Diani Market,Cauliflower,-,-,-,150.00/Kg,200.00/Kg,300.0,Kwale,2026-01-12
Diani Market,Carrots,-,-,-,50.00/Kg,70.00/Kg,600.0,Kwale,2026-01-12
Diani Market,Dry Onions,-,-,-,80.00/Kg,100.00/Kg,4000.0,Kwale,2026-01-12
Diani Market,Kales/Sukuma Wiki,-,-,-,40.00/Kg,60.00/Kg,500.0,Kwale,2026-01-12
Diani Market,Okra (Lady's fingers or Gumbo),-,-,-,60.00/Kg,80.00/Kg,350.0,Kwale,2026-01-12
Diani Market,Spinach,-,-,-,60.00/Kg,80.00/Kg,600.0,Kwale,2026-01-12
Diani Market,Spring Onions,-,-,-,250.00/Kg,300.00/Kg,600.0,Kwale,2026-01-12
Diani Market,Tomatoes,-,-,-,80.00/Kg,100.00/Kg,6000.0,Kwale,2026-01-12
Diani Market,Broccoli,-,-,-,200.00/Kg,180.00/Kg,300.0,Kwale,2026-01-12
Kutus,Pumpkin Leaves,-,-,-,40.00/Kg,50.00/Kg,,Kirinyaga,2026-01-19
Kutus,Black nightshade (Managu/ Osuga),-,-,-,30.00/Kg,40.00/Kg,,Kirinyaga,2026-01-19
Kutus,Cowpea leaves (Kunde),-,-,-,40.00/Kg,50.00/Kg,,Kirinyaga,2026-01-19
Kutus,Amaranthus (Terere),-,-,-,30.00/Kg,40.00/Kg,,Kirinyaga,2026-01-19
Kutus,Banana (Cooking),-,-,-,17.00/Kg,20.00/Kg,,Kirinyaga,2026-01-19
Kutus,Banana (Plantain),-,-,-,17.00/Kg,20.00/Kg,,Kirinyaga,2026-01-19
Kutus,Butternuts,-,-,-,30.00/Kg,50.00/Kg,600.0,Kirinyaga,2026-01-19
Kutus,Cabbages,-,-,-,35.00/Kg,45.00/Kg,,Kirinyaga,2026-01-19
Kutus,Capsicums,-,-,-,60.00/Kg,80.00/Kg,540.0,Kirinyaga,2026-01-19
Kutus,Carrots,-,-,-,60.00/Kg,80.00/Kg,3000.0,Kirinyaga,2026-01-19
Kutus,Chillies,-,-,-,120.00/Kg,150.00/Kg,60.0,Kirinyaga,2026-01-19
Kutus,Coriander (Dhania),-,-,-,60.00/Kg,120.00/Kg,100.0,Kirinyaga,2026-01-19
Kutus,Courgette,-,-,-,60.00/Kg,80.00/Kg,500.0,Kirinyaga,2026-01-19
Kutus,Cucumber,-,-,-,70.00/Kg,90.00/Kg,250.0,Kirinyaga,2026-01-19
Kutus,Dry Onions,-,-,-,75.00/Kg,90.00/Kg,,Kirinyaga,2026-01-19
Kutus,Egg plant (Brinjals),-,-,-,45.00/Kg,50.00/Kg,500.0,Kirinyaga,2026-01-19
Kutus,Fresh Peas,On pods,-,-,80.00/Kg,100.00/Kg,3000.0,Kirinyaga,2026-01-19
Kutus,Garlic,-,-,-,380.00/Kg,450.00/Kg,320.0,Kirinyaga,2026-01-19
Kutus,Ginger,-,-,-,200.00/Kg,250.00/Kg,250.0,Kirinyaga,2026-01-19
Kutus,Green Maize,-,-,-,40.00/Kg,50.00/Kg,2500.0,Kirinyaga,2026-01-19
Kutus,Kales/Sukuma Wiki,-,-,-,20.00/Kg,30.00/Kg,550.0,Kirinyaga,2026-01-19
Kutus,Pumpkin,-,-,-,25.00/Kg,35.00/Kg,650.0,Kirinyaga,2026-01-19
Kutus,Spinach,-,-,-,25.00/Kg,35.00/Kg,600.0,Kirinyaga,2026-01-19
Kutus,Spring Onions,-,-,-,50.00/Kg,80.00/Kg,800.0,Kirinyaga,2026-01-19
Chebunyo,Tomatoes,-,-,-,75.00/Kg,100.00/Kg,16000.0,Bomet,2026-01-19
Chebunyo,Dry Onions,-,-,-,65.00/Kg,90.00/Kg,2400.0,Bomet,2026-01-19
Chebunyo,Cabbages,-,-,-,10.00/Kg,20.00/Kg,15000.0,Bomet,2026-01-19
Chebunyo,Oranges,-,-,-,61.82/Kg,100.00/Kg,7000.0,Bomet,2026-01-19
Chebunyo,Water Melon,-,-,-,80.00/Kg,120.00/Kg,4000.0,Bomet,2026-01-19
Chebunyo,Dry Maize,White Maize,-,-,50.00/Kg,60.00/Kg,18000.0,Bomet,2026-01-19
Kutus,Tomatoes,-,-,-,12.86/Kg,17.14/Kg,10000.0,Kirinyaga,2026-01-19
Chebunyo,Chicken,Improved Kienyeji,-,Female,600.00/Head,-,10000.0,Bomet,2026-01-19
Chebunyo,Chicken,Improved Kienyeji,-,Male,900.00/Head,-,10000.0,Bomet,2026-01-19
Chebunyo,Goat,Dairy Goats,Grade 3,Male,7500.00/Head,-,500.0,Bomet,2026-01-19
Chebunyo,Goat,Dairy Goats,Grade 3,Male,7500.00/Head,-,500.0,Bomet,2026-01-19
Chebunyo,Sheep,Dorper,Grade 3,Female,6000.00/Head,-,600.0,Bomet,2026-01-19
Chebunyo,Sheep,Dorper,Grade 3,Male,8000.00/Head,-,500.0,Bomet,2026-01-19
Butere Livestock Market,Mangoes,Improved,-,-,22.50/Kg,70.00/Kg,3200.0,Kakamega,2026-01-19
Butere Livestock Market,Dry Onions,-,-,-,80.00/Kg,90.91/Kg,1500.0,Kakamega,2026-01-19
Butere Livestock Market,Tomatoes,-,-,-,53.33/Kg,80.00/Kg,3000.0,Kakamega,2026-01-19
Butere Livestock Market,Cabbages,-,-,-,29.17/Kg,29.17/Kg,5250.0,Kakamega,2026-01-19
Butere Livestock Market,White Irish Potatoes,-,-,-,53.85/Kg,55.56/Kg,6000.0,Kakamega,2026-01-19
Butere Livestock Market,Sweet potatoes,-,-,-,32.00/Kg,50.00/Kg,350.0,Kakamega,2026-01-19
Kerugoya,White Irish Potatoes,-,-,-,35.00/Kg,70.00/Kg,2300.0,Kirinyaga,2026-01-19
Kerugoya,Arrow Root,-,-,-,50.00/Kg,100.00/Kg,180.0,Kirinyaga,2026-01-19
Butere Livestock Market,Rice,IRR,-,-,108.00/Kg,152.17/Kg,2000.0,Kakamega,2026-01-19
Kerugoya,Water Melon,-,-,-,25.00/Kg,40.00/Kg,300.0,Kirinyaga,2026-01-19
Kerugoya,Tree tomato,-,-,-,120.00/Kg,220.00/Kg,250.0,Kirinyaga,2026-01-19
Kerugoya,Thorn melon,-,-,-,25.00/Kg,60.00/Kg,150.0,Kirinyaga,2026-01-19
Kerugoya,Passion Fruits,-,-,-,180.00/Kg,250.00/Kg,300.0,Kirinyaga,2026-01-19
Kerugoya,Oranges,-,-,-,60.00/Kg,100.00/Kg,300.0,Kirinyaga,2026-01-19
Butere Livestock Market,Dry Maize,White Maize,-,-,43.33/Kg,50.00/Kg,10350.0,Kakamega,2026-01-19
Kerugoya,Mangoes,Improved,-,-,60.00/Kg,120.00/Kg,350.0,Kirinyaga,2026-01-19
Kerugoya,Lemons,-,-,-,50.00/Kg,100.00/Kg,180.0,Kirinyaga,2026-01-19
Kerugoya,Banana (Ripening),-,-,-,20.00/Kg,50.00/Kg,300.0,Kirinyaga,2026-01-19
Kerugoya,Rice,Pishori,-,-,155.00/Kg,180.00/Kg,2300.0,Kirinyaga,2026-01-19
Butere Livestock Market,Chicken,Improved Kienyeji,-,Female,750.00/Head,-,30.0,Kakamega,2026-01-19
Kerugoya,Dry Maize,White Maize,-,-,50.00/Kg,70.00/Kg,4600.0,Kirinyaga,2026-01-19
Butere Livestock Market,Chicken,Improved Kienyeji,-,Male,850.00/Head,-,19.0,Kakamega,2026-01-19
Butere Livestock Market,Chicken,Improved Kienyeji,-,Male,850.00/Head,-,19.0,Kakamega,2026-01-19
Kerugoya,Tomatoes,-,-,-,25.00/Kg,50.00/Kg,1800.0,Kirinyaga,2026-01-19
Butere Livestock Market,Chicken,Improved Kienyeji,-,Female,900.00/Head,-,13.0,Kakamega,2026-01-19
Kerugoya,Spinach,-,-,-,25.00/Kg,50.00/Kg,150.0,Kirinyaga,2026-01-19
Kerugoya,Pumpkin,-,-,-,45.00/Kg,80.00/Kg,200.0,Kirinyaga,2026-01-19
Butere Livestock Market,Chicken,Improved Kienyeji,-,Male,1100.00/Head,-,8.0,Kakamega,2026-01-19
Kitale Municipality Market,Lemons,-,-,-,60.00/Kg,80.00/Kg,300.0,Trans-Nzoia,2026-01-19
Butere Livestock Market,Chicken,Indigenous,-,Female,350.00/Head,-,15.0,Kakamega,2026-01-19
Kitale Municipality Market,Banana (Ripening),-,-,-,80.00/Kg,100.00/Kg,4000.0,Trans-Nzoia,2026-01-19
Kerugoya,Kales/Sukuma Wiki,-,-,-,15.00/Kg,35.00/Kg,200.0,Kirinyaga,2026-01-19
Kitale Municipality Market,Avocado,Hass,-,-,120.00/Kg,150.00/Kg,300.0,Trans-Nzoia,2026-01-19
Butere Livestock Market,Chicken,Indigenous,-,Male,350.00/Head,-,11.0,Kakamega,2026-01-19
Kerugoya,Green Maize,-,-,-,48.00/Kg,75.00/Kg,180.0,Kirinyaga,2026-01-19
Kitale Municipality Market,Avocado,Fuerte,-,-,100.00/Kg,140.00/Kg,400.0,Trans-Nzoia,2026-01-19
Kitale Municipality Market,Apples,-,-,-,300.00/Kg,350.00/Kg,500.0,Trans-Nzoia,2026-01-19
Butere Livestock Market,Chicken,Indigenous,-,Female,750.00/Head,-,18.0,Kakamega,2026-01-19
Kerugoya,Ginger,-,-,-,180.00/Kg,250.00/Kg,180.0,Kirinyaga,2026-01-19
Kitale Municipality Market,White Irish Potatoes,-,-,-,60.00/Kg,75.00/Kg,4000.0,Trans-Nzoia,2026-01-19
Kerugoya,Dry Onions,-,-,-,40.00/Kg,80.00/Kg,2500.0,Kirinyaga,2026-01-19
Kitale Municipality Market,Sweet potatoes,-,-,-,80.00/Kg,100.00/Kg,500.0,Trans-Nzoia,2026-01-19
Butere Livestock Market,Chicken,Indigenous,-,Male,900.00/Head,-,11.0,Kakamega,2026-01-19
Kitale Municipality Market,Red Irish potato,-,-,-,60.00/Kg,70.00/Kg,3000.0,Trans-Nzoia,2026-01-19
Kerugoya,Courgette,-,-,-,40.00/Kg,80.00/Kg,350.0,Kirinyaga,2026-01-19
Kitale Municipality Market,Cassava Fresh,-,-,-,40.00/Kg,45.00/Kg,400.0,Trans-Nzoia,2026-01-19
Kitale Municipality Market,Cassava Chips (dry),-,-,-,75.00/Kg,100.00/Kg,300.0,Trans-Nzoia,2026-01-19
Kitale Municipality Market,Arrow Root,-,-,-,80.00/Kg,100.00/Kg,400.0,Trans-Nzoia,2026-01-19
Kitale Municipality Market,Spider flower (Saga),-,-,-,35.00/Kg,40.00/Kg,300.0,Trans-Nzoia,2026-01-19
Butere Livestock Market,Chicken,Indigenous,-,Female,900.00/Head,-,25.0,Kakamega,2026-01-19
Kerugoya,Carrots,-,-,-,35.00/Kg,70.00/Kg,400.0,Kirinyaga,2026-01-19
Kitale Municipality Market,Pumpkin Leaves,-,-,-,26.00/Kg,32.00/Kg,300.0,Trans-Nzoia,2026-01-19
Kerugoya,Capsicums,-,-,-,40.00/Kg,80.00/Kg,300.0,Kirinyaga,2026-01-19
Kitale Municipality Market,Jute Plant (Murenda),-,-,-,55.00/Kg,60.00/Kg,200.0,Trans-Nzoia,2026-01-19
Butere Livestock Market,Chicken,Indigenous,-,Male,1200.00/Head,-,15.0,Kakamega,2026-01-19
Kitale Municipality Market,Indigenous Crotolaria (Mito/Miro),-,-,-,30.00/Kg,35.00/Kg,300.0,Trans-Nzoia,2026-01-19
Butere Livestock Market,Sheep,Red Maasai,Grade 3,Female,3800.00/Head,-,3.0,Kakamega,2026-01-19
Kitale Municipality Market,Cowpea leaves (Kunde),-,-,-,24.00/Kg,30.00/Kg,300.0,Trans-Nzoia,2026-01-19
Kerugoya,Cabbages,-,-,-,20.00/Kg,30.00/Kg,300.0,Kirinyaga,2026-01-19
Kitale Municipality Market,Black nightshade (Managu/ Osuga),-,-,-,30.00/Kg,35.00/Kg,400.0,Trans-Nzoia,2026-01-19
Kerugoya,Banana (Cooking),-,-,-,15.00/Kg,30.00/Kg,800.0,Kirinyaga,2026-01-19
Butere Livestock Market,Sheep,Red Maasai,Grade 3,Male,3500.00/Head,-,6.0,Kakamega,2026-01-19
Kitale Municipality Market,Amaranthus (Terere),-,-,-,25.00/Kg,30.00/Kg,400.0,Trans-Nzoia,2026-01-19
Kitale Municipality Market,Macadamia Seed,-,-,-,200.00/Kg,250.00/Kg,200.0,Trans-Nzoia,2026-01-19
Butere Livestock Market,Sheep,Red Maasai,Grade 2,Female,4200.00/Head,-,5.0,Kakamega,2026-01-19
Kitale Municipality Market,Coconut Oil,-,-,-,160.00/Lt,200.00/Lt,1000.0,Trans-Nzoia,2026-01-19
Butere Livestock Market,Sheep,Red Maasai,Grade 2,Male,3800.00/Head,-,3.0,Kakamega,2026-01-19
Kerugoya,Pigeon peas,-,-,-,135.00/Kg,175.00/Kg,2350.0,Kirinyaga,2026-01-19
Butere Livestock Market,Sheep,Red Maasai,Grade 1,Female,4500.00/Head,-,2.0,Kakamega,2026-01-19
Butere Livestock Market,Sheep,Red Maasai,Grade 1,Male,4000.00/Head,-,4.0,Kakamega,2026-01-19
Kerugoya,Mixed Beans,-,-,-,95.00/Kg,140.00/Kg,1200.0,Kirinyaga,2026-01-19
Kerugoya,Lentils,-,-,-,250.00/Kg,300.00/Kg,1250.0,Kirinyaga,2026-01-19
Kerugoya,Ground Nuts,Large Brown,-,-,250.00/Kg,350.00/Kg,850.0,Kirinyaga,2026-01-19
Butere Livestock Market,Sheep,Red Maasai,Grade 3,Female,4200.00/Head,-,5.0,Kakamega,2026-01-19
Kerugoya,Green Grams,Makueni,-,-,120.00/Kg,150.00/Kg,1700.0,Kirinyaga,2026-01-19
Kerugoya,Green Grams,Local-Special,-,-,120.00/Kg,150.00/Kg,1600.0,Kirinyaga,2026-01-19
Butere Livestock Market,Sheep,Red Maasai,Grade 3,Male,4500.00/Head,-,7.0,Kakamega,2026-01-19
Kerugoya,Green Grams,Hybrid/ polished,-,-,125.00/Kg,160.00/Kg,1500.0,Kirinyaga,2026-01-19
Butere Livestock Market,Sheep,Red Maasai,Grade 2,Female,5500.00/Head,-,8.0,Kakamega,2026-01-19
Butere Livestock Market,Sheep,Red Maasai,Grade 2,Male,6000.00/Head,-,6.0,Kakamega,2026-01-19
Kerugoya,Dolichos lablab (Njahi),-,-,-,120.00/Kg,160.00/Kg,1600.0,Kirinyaga,2026-01-19
Butere Livestock Market,Sheep,Red Maasai,Grade 1,Female,5800.00/Head,-,5.0,Kakamega,2026-01-19
Kerugoya,Cowpeas,-,-,-,95.00/Kg,130.00/Kg,2300.0,Kirinyaga,2026-01-19
Butere Livestock Market,Sheep,Red Maasai,Grade 1,Male,6500.00/Head,-,3.0,Kakamega,2026-01-19
Kerugoya,Beans Rosecoco (Nyayo),-,-,-,135.00/Kg,175.00/Kg,2500.0,Kirinyaga,2026-01-19
Kerugoya,Beans Rosecoco,-,-,-,130.00/Kg,170.00/Kg,2650.0,Kirinyaga,2026-01-19
Butere Livestock Market,Sheep,Red Maasai,Grade 3,Female,6500.00/Head,-,5.0,Kakamega,2026-01-19
Kerugoya,Beans Red Haricot (Wairimu),-,-,-,120.00/Kg,140.00/Kg,2750.0,Kirinyaga,2026-01-19
Butere Livestock Market,Sheep,Red Maasai,Grade 3,Male,7000.00/Head,-,2.0,Kakamega,2026-01-19
Kerugoya,Beans (Yellow-Green),-,-,-,150.00/Kg,200.00/Kg,1650.0,Kirinyaga,2026-01-19
Kerugoya,Beans (Mwitemania),-,-,-,130.00/Kg,165.00/Kg,2350.0,Kirinyaga,2026-01-19
Kerugoya,Beans (Mwezi Moja),-,-,-,120.00/Kg,150.00/Kg,2600.0,Kirinyaga,2026-01-19
Butere Livestock Market,Sheep,Red Maasai,Grade 2,Female,7300.00/Head,-,6.0,Kakamega,2026-01-19
Butere Livestock Market,Sheep,Red Maasai,Grade 2,Male,8500.00/Head,-,3.0,Kakamega,2026-01-19
Butere Livestock Market,Sheep,Red Maasai,Grade 1,Female,8000.00/Head,-,2.0,Kakamega,2026-01-19
Butere Livestock Market,Sheep,Red Maasai,Grade 1,Male,9000.00/Head,-,3.0,Kakamega,2026-01-19
Butere Livestock Market,Goat,Mixed,Grade 3,Female,4500.00/Head,-,7.0,Kakamega,2026-01-19
Butere Livestock Market,Goat,Mixed,Grade 3,Male,4000.00/Head,-,4.0,Kakamega,2026-01-19
Butere Livestock Market,Goat,Mixed,Grade 2,Female,4800.00/Head,-,2.0,Kakamega,2026-01-19
Butere Livestock Market,Goat,Mixed,Grade 2,Male,4300.00/Head,-,3.0,Kakamega,2026-01-19
Butere Livestock Market,Goat,Mixed,Grade 1,Female,5000.00/Head,-,3.0,Kakamega,2026-01-19
Butere Livestock Market,Goat,Mixed,Grade 1,Male,4800.00/Head,-,5.0,Kakamega,2026-01-19
Butere Livestock Market,Goat,Mixed,Grade 3,Female,4500.00/Head,-,2.0,Kakamega,2026-01-19
Butere Livestock Market,Goat,Mixed,Grade 3,Male,4900.00/Head,-,5.0,Kakamega,2026-01-19
Butere Livestock Market,Goat,Mixed,Grade 2,Female,5000.00/Head,-,6.0,Kakamega,2026-01-19
Butere Livestock Market,Goat,Mixed,Grade 2,Male,5500.00/Head,-,4.0,Kakamega,2026-01-19
Butere Livestock Market,Goat,Mixed,Grade 1,Female,6800.00/Head,-,2.0,Kakamega,2026-01-19
Butere Livestock Market,Goat,Mixed,Grade 1,Male,6000.00/Head,-,3.0,Kakamega,2026-01-19
Butere Livestock Market,Goat,Mixed,Grade 3,Female,6500.00/Head,-,5.0,Kakamega,2026-01-19
Butere Livestock Market,Goat,Mixed,Grade 3,Male,7000.00/Head,-,3.0,Kakamega,2026-01-19
Butere Livestock Market,Goat,Mixed,Grade 2,Female,7500.00/Head,-,4.0,Kakamega,2026-01-19
Butere Livestock Market,Goat,Mixed,Grade 2,Male,8500.00/Head,-,3.0,Kakamega,2026-01-19
Butere Livestock Market,Goat,Mixed,Grade 1,Female,9000.00/Head,-,1.0,Kakamega,2026-01-19
Butere Livestock Market,Goat,Mixed,Grade 1,Male,11500.00/Head,-,2.0,Kakamega,2026-01-19
Butere Livestock Market,Cattle,Zebu,Grade 3,Female,8.00/Head,-,8.0,Kakamega,2026-01-19
Butere Livestock Market,Cattle,Zebu,Grade 3,Male,17000.00/Head,-,9.0,Kakamega,2026-01-19
Butere Livestock Market,Cattle,Zebu,Grade 2,Female,23000.00/Head,-,6.0,Kakamega,2026-01-19
Butere Livestock Market,Cattle,Zebu,Grade 2,Male,20000.00/Head,-,7.0,Kakamega,2026-01-19
Butere Livestock Market,Cattle,Zebu,Grade 1,Female,25000.00/Head,-,8.0,Kakamega,2026-01-19
Butere Livestock Market,Cattle,Zebu,Grade 1,Male,22000.00/Head,-,5.0,Kakamega,2026-01-19
Butere Livestock Market,Cattle,Zebu,Grade 3,Female,30000.00/Head,-,7.0,Kakamega,2026-01-19
Butere Livestock Market,Cattle,Zebu,Grade 3,Male,28000.00/Head,-,5.0,Kakamega,2026-01-19
Butere Livestock Market,Cattle,Zebu,Grade 2,Female,33000.00/Head,-,6.0,Kakamega,2026-01-19
Butere Livestock Market,Cattle,Zebu,Grade 2,Male,35000.00/Head,-,3.0,Kakamega,2026-01-19
Butere Livestock Market,Cattle,Zebu,Grade 1,Female,38000.00/Head,-,4.0,Kakamega,2026-01-19
Butere Livestock Market,Cattle,Zebu,Grade 1,Male,42000.00/Head,-,2.0,Kakamega,2026-01-19
Butere Livestock Market,Cattle,Zebu,Grade 3,Female,38000.00/Head,-,7.0,Kakamega,2026-01-19
Butere Livestock Market,Cattle,Zebu,Grade 3,Male,40000.00/Head,-,5.0,Kakamega,2026-01-19
Butere Livestock Market,Cattle,Zebu,Grade 2,Female,52000.00/Head,-,4.0,Kakamega,2026-01-19
Butere Livestock Market,Cattle,Zebu,Grade 2,Male,60000.00/Head,-,5.0,Kakamega,2026-01-19
Butere Livestock Market,Cattle,Zebu,Grade 1,Female,58000.00/Head,-,2.0,Kakamega,2026-01-19
Butere Livestock Market,Cattle,Zebu,Grade 1,Male,68000.00/Head,-,1.0,Kakamega,2026-01-19
Vanga,Squid(Ngisi),Fresh,-,-,150.00/Kg,250.00/Kg,200.0,Kwale,2026-01-19
Vanga,Octopus (Pweza),Fresh,-,-,450.00/Kg,550.00/Kg,600.0,Kwale,2026-01-19
Vanga,Cuttlefish,Fresh,-,-,200.00/Kg,250.00/Kg,60.0,Kwale,2026-01-19
Vanga,Jacks/Trevallies(Kolekole),Fresh,-,-,200.00/ Kg,250.00/ Kg,110.0,Kwale,2026-01-19
Vanga,Needlefishes,Fresh,-,-,150.00/ Kg,200.00/ Kg,210.0,Kwale,2026-01-19
Vanga,Sardines,Fresh,-,-,200.00/Kg,250.00/Kg,200.0,Kwale,2026-01-19
Vanga,Scavengers (Changu/Tangu),Fresh,-,-,200.00/Kg,250.00/Kg,310.0,Kwale,2026-01-19
Vanga,Rabbitfish (Tafi/Tasi),Fresh,-,-,250.00/Kg,350.00/Kg,60.0,Kwale,2026-01-19
Vanga,Parrotfishes(Pono),Fresh,-,-,150.00/Kg,200.00/Kg,60.0,Kwale,2026-01-19
Nambacha Market,Goat,East African Goat,Grade 2,Male,7000.00/Head,-,100.0,Kakamega,2026-01-19
Nambacha Market,Chicken,Improved Kienyeji,-,Female,800.00/Head,-,150.0,Kakamega,2026-01-19
Nambacha Market,Chicken,Improved Kienyeji,-,Male,1200.00/Head,-,200.0,Kakamega,2026-01-19
Nambacha Market,Cattle,Mixed,Grade 2,Female,55000.00/Head,-,150.0,Kakamega,2026-01-19
Nambacha Market,Cattle,Zebu,Grade 2,Male,50000.00/Head,-,200.0,Kakamega,2026-01-19
Gikomba,Lentils,-,-,-,260.00/Kg,300.00/Kg,,Nairobi,2026-01-19
Gikomba,Ground Nuts,Large Brown,-,-,166.67/Kg,275.00/Kg,,Nairobi,2026-01-19
Gikomba,Green Grams,Makueni,-,-,100.00/Kg,200.00/Kg,,Nairobi,2026-01-19
Gikomba,Dolichos lablab (Njahi),-,-,-,88.89/Kg,150.00/Kg,,Nairobi,2026-01-19
Gikomba,Cowpeas,-,-,-,88.89/Kg,150.00/Kg,,Nairobi,2026-01-19
Kawangware,Rice,Pishori,-,-,160.00/Kg,180.00/Kg,,Nairobi,2026-01-19
Gikomba,Beans Rosecoco (Nyayo),-,-,-,105.56/Kg,200.00/Kg,,Nairobi,2026-01-19
Kawangware,Red Sorghum,-,-,-,77.78/Kg,120.00/Kg,,Nairobi,2026-01-19
Kawangware,Pearl Rush Millet,-,-,-,122.22/Kg,120.00/Kg,,Nairobi,2026-01-19
Kawangware,Finger Millet,-,-,-,54.00/Kg,90.00/Kg,,Nairobi,2026-01-19
Gikomba,Beans Red Haricot (Wairimu),-,-,-,88.89/Kg,150.00/Kg,,Nairobi,2026-01-19
Kawangware,Dry Maize,White Maize,-,-,40.00/Kg,60.00/Kg,,Nairobi,2026-01-19
Gikomba,Beans (Yellow-Green),-,-,-,111.11/Kg,200.00/Kg,,Nairobi,2026-01-19
Gikomba,Wheat,-,-,-,64.44/Kg,100.00/Kg,,Nairobi,2026-01-19
Gikomba,Rice,Sindano,-,-,160.00/Kg,160.00/Kg,,Nairobi,2026-01-19
Gikomba,Rice,Sindano,-,-,160.00/Kg,160.00/Kg,,Nairobi,2026-01-19
Kawangware,Pigeon peas,-,-,-,115.00/Kg,110.00/Kg,,Nairobi,2026-01-19
Gikomba,Rice,Pishori,-,-,160.00/Kg,180.00/Kg,,Nairobi,2026-01-19
Kawangware,Lentils,-,-,-,182.00/Kg,200.00/Kg,,Nairobi,2026-01-19
Gikomba,Red Sorghum,-,-,-,72.22/Kg,100.00/Kg,,Nairobi,2026-01-19
Gikomba,Pearl Rush Millet,-,-,-,124.00/Kg,170.00/Kg,,Nairobi,2026-01-19
Gikomba,Finger Millet,-,-,-,83.33/Kg,140.00/Kg,,Nairobi,2026-01-19
Kawangware,Ground Nuts,Large Brown,-,-,220.00/Kg,240.00/Kg,,Nairobi,2026-01-19
Kawangware,Dry Peas,-,-,-,125.00/Kg,145.00/Kg,,Nairobi,2026-01-19
Kawangware,Dolichos lablab (Njahi),-,-,-,65.00/Kg,85.00/Kg,,Nairobi,2026-01-19
Gikomba,Dry Maize,Yellow Maize,-,-,77.78/Kg,100.00/Kg,,Nairobi,2026-01-19
Kawangware,Cowpeas,-,-,-,90.00/Kg,110.00/Kg,,Nairobi,2026-01-19
Gikomba,Dry Maize,White Maize,-,-,50.00/Kg,65.00/Kg,,Nairobi,2026-01-19
Kawangware,Beans Rosecoco (Nyayo),-,-,-,80.00/Kg,100.00/Kg,,Nairobi,2026-01-19
Kawangware,Beans Rosecoco,-,-,-,115.00/Kg,130.00/Kg,,Nairobi,2026-01-19
Nairobi Supermarkets,Wheat Flour,Winnie's Pure Health Atta Mark 1,-,-,-,128.50/Kg,,Nairobi,2026-01-19
Nairobi Supermarkets,Wheat Flour,Tropicana HBF,-,-,-,88.50/Kg,,Nairobi,2026-01-19
Kawangware,Beans Red Haricot (Wairimu),-,-,-,65.00/Kg,85.00/Kg,,Nairobi,2026-01-19
Nairobi Supermarkets,Wheat Flour,Soko Atta Mark 1,-,-,-,83.00/Kg,,Nairobi,2026-01-19
Nairobi Supermarkets,Wheat Flour,Soko All Purpose HBF,-,-,-,82.00/Kg,,Nairobi,2026-01-19
Nairobi Supermarkets,Wheat Flour,Phulka Atta Mark 1 Chapati Flour,-,-,-,80.50/Kg,,Nairobi,2026-01-19
Kawangware,Beans (Yellow-Green),-,-,-,115.00/Kg,130.00/Kg,,Nairobi,2026-01-19
Nairobi Supermarkets,Wheat Flour,Pembe Atta Mark 1,-,-,-,83.50/Kg,,Nairobi,2026-01-19
Nairobi Supermarkets,Wheat Flour,Pembe All Purpose HBF,-,-,-,82.50/Kg,,Nairobi,2026-01-19
Kawangware,Beans (Mwitemania),-,-,-,80.00/Kg,105.00/Kg,,Nairobi,2026-01-19
Nairobi Supermarkets,Wheat Flour,Nutra Meal Atta Mark 1,-,-,-,135.00/Kg,,Nairobi,2026-01-19
Nairobi Supermarkets,Wheat Flour,Oboma all purpose HBF,-,-,-,79.00/Kg,,Nairobi,2026-01-19
Nairobi Supermarkets,Wheat Flour,Ndovu all purpose HBF,-,-,-,77.50/Kg,,Nairobi,2026-01-19
Nairobi Supermarkets,Wheat Flour,Mama Home Baking Flour,-,-,-,76.50/Kg,,Nairobi,2026-01-19
Nairobi Supermarkets,Wheat Flour,Golden All Purpose,-,-,-,82.00/Kg,,Nairobi,2026-01-19
Nairobi Supermarkets,Wheat Flour,Exe self raising,-,-,-,91.50/Kg,,Nairobi,2026-01-19
Nairobi Supermarkets,Wheat Flour,Exe Mandazi Fortified Wheat Flour,-,-,-,91.00/Kg,,Nairobi,2026-01-19
Nairobi Supermarkets,Wheat Flour,Exe Chapati fortified wheat flour,-,-,-,88.00/Kg,,Nairobi,2026-01-19
Nairobi Supermarkets,Wheat Flour,Exe brown bread,-,-,-,91.00/Kg,,Nairobi,2026-01-19
Nairobi Supermarkets,Wheat Flour,Exe Atta Mark 1,-,-,-,90.50/Kg,,Nairobi,2026-01-19
Nairobi Supermarkets,Wheat Flour,Exe All purpose fortified wheat flour,-,-,-,84.00/Kg,,Nairobi,2026-01-19
Nairobi Supermarkets,Wheat Flour,Elliots self raising flour,-,-,-,90.50/Kg,,Nairobi,2026-01-19
Nairobi Supermarkets,Wheat Flour,Elliots all purpose HBK,-,-,-,82.00/Kg,,Nairobi,2026-01-19
Nairobi Supermarkets,Wheat Flour,Dola premium all pupose,-,-,-,80.00/Kg,,Nairobi,2026-01-19
Nairobi Supermarkets,Wheat Flour,Dola Atta Mark 1,-,-,-,82.00/Kg,,Nairobi,2026-01-19
Nairobi Supermarkets,Wheat Flour,Chapati Afya,-,-,-,135.50/Kg,,Nairobi,2026-01-19
Nairobi Supermarkets,Wheat Flour,Ajab fortofied self raising,-,-,-,85.00/Kg,,Nairobi,2026-01-19
Nairobi Supermarkets,Wheat Flour,Ajab fortigied Home Baking flour,-,-,-,85.00/Kg,,Nairobi,2026-01-19
Nairobi Supermarkets,Wheat Flour,Ajab fortified mandazi flour,-,-,-,84.50/Kg,,Nairobi,2026-01-19
Nairobi Supermarkets,Wheat Flour,210 Home baking flour,-,-,-,80.00/Kg,,Nairobi,2026-01-19
Nairobi Supermarkets,Wheat Flour,210 Atta Mark 1,-,-,-,77.50/Kg,,Nairobi,2026-01-19
Nairobi Supermarkets,Maize Flour,Ugali Afya,-,-,-,145.00/Kg,,Nairobi,2026-01-19
Nairobi Supermarkets,Maize Flour,Soko,-,-,-,82.00/Kg,,Nairobi,2026-01-19
Nairobi Supermarkets,Maize Flour,Raha Premium,-,-,-,100.50/Kg,,Nairobi,2026-01-19
Nairobi Supermarkets,Maize Flour,Pembe,-,-,-,82.00/Kg,,Nairobi,2026-01-19
Nairobi Supermarkets,Maize Flour,Oryx,-,-,-,82.50/Kg,,Nairobi,2026-01-19
Nairobi Supermarkets,Maize Flour,Ndovu,-,-,-,70.50/Kg,,Nairobi,2026-01-19
Nairobi Supermarkets,Maize Flour,Mama,-,-,-,75.50/Kg,,Nairobi,2026-01-19
Nairobi Supermarkets,Maize Flour,Jogoo wimbi,-,-,-,139.50/Kg,,Nairobi,2026-01-19
Nairobi Supermarkets,Maize Flour,Jogoo,-,-,-,77.00/Kg,,Nairobi,2026-01-19
Nairobi Supermarkets,Maize Flour,Hostess,-,-,-,94.00/Kg,,Nairobi,2026-01-19
Nairobi Supermarkets,Maize Flour,Equatorial afya ugali,-,-,-,136.00/Kg,,Nairobi,2026-01-19
Nairobi Supermarkets,Maize Flour,Dola,-,-,-,77.00/Kg,,Nairobi,2026-01-19
Nairobi Supermarkets,Maize Flour,Cosmo,-,-,-,67.50/Kg,,Nairobi,2026-01-19
Nairobi Supermarkets,Maize Flour,Amaize,-,-,-,102.00/Kg,,Nairobi,2026-01-19
Nairobi Supermarkets,Maize Flour,Ajab,-,-,-,85.50/Kg,,Nairobi,2026-01-19
Nairobi Supermarkets,Maize Flour,210(two ten),-,-,-,78.00/Kg,,Nairobi,2026-01-19
Diani Market,Sweet potatoes,-,-,-,80.00/Kg,100.00/Kg,4000.0,Kwale,2026-01-19
Diani Market,White Irish Potatoes,-,-,-,80.00/Kg,100.00/Kg,6000.0,Kwale,2026-01-19
Diani Market,Spinach,-,-,-,60.00/Kg,80.00/Kg,600.0,Kwale,2026-01-19
Diani Market,Okra (Lady's fingers or Gumbo),-,-,-,80.00/Kg,100.00/Kg,400.0,Kwale,2026-01-19
Diani Market,Ginger,-,-,-,160.00/Kg,180.00/Kg,550.0,Kwale,2026-01-19
Diani Market,Garlic,-,-,-,450.00/Kg,500.00/Kg,450.0,Kwale,2026-01-19
Diani Market,Egg plant (Brinjals),-,-,-,40.00/Kg,60.00/Kg,550.0,Kwale,2026-01-19
Diani Market,Dry Onions,-,-,-,100.00/Kg,120.00/Kg,4000.0,Kwale,2026-01-19
Diani Market,Carrots,-,-,-,50.00/Kg,70.00/Kg,500.0,Kwale,2026-01-19
Diani Market,Capsicums,-,-,-,80.00/Kg,100.00/Kg,600.0,Kwale,2026-01-19
Diani Market,Tomatoes,-,-,-,80.00/Kg,100.00/Kg,6000.0,Kwale,2026-01-19
Vanga,Scavengers (Changu/Tangu),Fresh,-,-,250.00/Kg,350.00/Kg,230.0,Kwale,2026-01-18
Vanga,Rabbitfish (Tafi/Tasi),Fresh,-,-,250.00/Kg,350.00/Kg,200.0,Kwale,2026-01-18
Vanga,Parrotfishes(Pono),Fresh,-,-,150.00/Kg,200.00/Kg,320.0,Kwale,2026-01-18
Vanga,Jacks/Trevallies(Kolekole),Fresh,-,-,200.00/ Kg,250.00/ Kg,200.0,Kwale,2026-01-18
Vanga,Barracuda(Kasumba),Fresh,-,-,150.00/Kg,200.00/Kg,130.0,Kwale,2026-01-18
Muhoroni,Tilapia,Fried,-,-,-,800.00/Kg,500.0,Kisumu,2026-01-18
Muhoroni,Omena,Dried,-,-,333.33/Kg,433.33/Kg,1000.0,Kisumu,2026-01-18
Muhoroni,White Irish Potatoes,-,-,-,60.00/Kg,75.00/Kg,3500.0,Kisumu,2026-01-18
Muhoroni,Cassava Chips (dry),-,-,-,-,100.00/Kg,350.0,Kisumu,2026-01-18
Muhoroni,Arrow Root,-,-,-,-,150.00/Kg,150.0,Kisumu,2026-01-18
Muhoroni,Water Melon,-,-,-,-,100.00/Kg,3000.0,Kisumu,2026-01-18
Muhoroni,Pineapples,-,-,-,-,75.00/Kg,1000.0,Kisumu,2026-01-18
Muhoroni,Oranges,-,-,-,60.00/Kg,100.00/Kg,3000.0,Kisumu,2026-01-18
Muhoroni,Mangoes,Improved,-,-,40.00/Kg,60.00/Kg,2000.0,Kisumu,2026-01-18
Muhoroni,Avocado,Fuerte,-,-,-,35.00/Kg,2000.0,Kisumu,2026-01-18
Muhoroni,Red Sorghum,-,-,-,68.18/Kg,81.82/Kg,2500.0,Kisumu,2026-01-18
Muhoroni,Dry Maize,White Maize,-,-,44.00/Kg,48.00/Kg,3500.0,Kisumu,2026-01-18
Muhoroni,Spider flower (Saga),-,-,-,-,80.00/Kg,250.0,Kisumu,2026-01-18
Muhoroni,Indigenous Crotolaria (Mito/Miro),-,-,-,-,100.00/Kg,200.0,Kisumu,2026-01-18
Muhoroni,Ethiopian Kales -Kanzira,-,-,-,-,70.00/Kg,130.0,Kisumu,2026-01-18
Muhoroni,Cowpea leaves (Kunde),-,-,-,-,65.00/Kg,200.0,Kisumu,2026-01-18
Muhoroni,Black nightshade (Managu/ Osuga),-,-,-,-,70.00/Kg,200.0,Kisumu,2026-01-18
Muhoroni,Amaranthus (Terere),-,-,-,-,60.00/Kg,100.0,Kisumu,2026-01-18
Muhoroni,Tomatoes,-,-,-,71.43/Kg,100.00/Kg,5000.0,Kisumu,2026-01-18
Muhoroni,Garlic,-,-,-,350.00/Kg,500.00/Kg,900.0,Kisumu,2026-01-18
Muhoroni,Kales/Sukuma Wiki,-,-,-,35.71/Kg,50.00/Kg,1000.0,Kisumu,2026-01-18
Muhoroni,Dry Onions,-,-,-,100.00/Kg,120.00/Kg,2500.0,Kisumu,2026-01-18
Muhoroni,Carrots,-,-,-,60.00/Kg,80.00/Kg,500.0,Kisumu,2026-01-18
Muhoroni,Capsicums,-,-,-,80.00/Kg,100.00/Kg,250.0,Kisumu,2026-01-18
Muhoroni,Cabbages,-,-,-,25.00/Kg,35.00/Kg,8000.0,Kisumu,2026-01-18
Muhoroni,Banana (Plantain),-,-,-,40.00/Kg,60.00/Kg,350.0,Kisumu,2026-01-18
Muhoroni,Banana (Cooking),-,-,-,30.00/Kg,40.00/Kg,2000.0,Kisumu,2026-01-18
Muhoroni,Mixed Beans,-,-,-,100.00/Kg,112.00/Kg,2000.0,Kisumu,2026-01-18
Muhoroni,Ground Nuts,Large Brown,-,-,300.00/Kg,325.00/Kg,2000.0,Kisumu,2026-01-18
Muhoroni,Green Grams,Hybrid/ polished,-,-,140.00/Kg,175.00/Kg,3000.0,Kisumu,2026-01-18
Muhoroni,Cowpeas,-,-,-,230.77/Kg,288.46/Kg,500.0,Kisumu,2026-01-18
Muhoroni,Beans Rosecoco (Nyayo),-,-,-,120.00/Kg,140.00/Kg,3500.0,Kisumu,2026-01-18
Muhoroni,Beans Rosecoco,-,-,-,120.00/Kg,14.00/Kg,4500.0,Kisumu,2026-01-18
Muhoroni,Beans Red Haricot (Wairimu),-,-,-,1200.00/Kg,128.00/Kg,2000.0,Kisumu,2026-01-18
Muhoroni,Beans (Yellow-Green),-,-,-,160.00/Kg,180.00/Kg,2000.0,Kisumu,2026-01-18
Muhoroni,Beans (Mwezi Moja),-,-,-,120.00/Kg,128.00/Kg,3500.0,Kisumu,2026-01-18
Muhoroni,Beans (Canadian wonder),-,-,-,120.00/Kg,128.00/Kg,2500.0,Kisumu,2026-01-18
Muhoroni,Fertilizer,DAP,-,-,100.00/Kg,110.00/Kg,52000.0,Kisumu,2026-01-18
Muhoroni,Fertilizer,CAN,-,-,80.00/Kg,90.00/Kg,3500.0,Kisumu,2026-01-18
Khayega,Sweet potatoes,-,-,-,60.00/Kg,70.00/Kg,850.0,Kakamega,2026-01-18
Khayega,White Irish Potatoes,-,-,-,56.00/Kg,61.33/Kg,7000.0,Kakamega,2026-01-18
Khayega,Arrow Root,-,-,-,120.00/Kg,150.00/Kg,650.0,Kakamega,2026-01-18
Khayega,Finger Millet,-,-,-,108.70/Kg,117.39/Kg,900.0,Kakamega,2026-01-18
Khayega,Red Sorghum,-,-,-,85.71/Kg,107.14/Kg,500.0,Kakamega,2026-01-18
Khayega,Dry Maize,White Maize,-,-,51.11/Kg,533.33/Kg,18000.0,Kakamega,2026-01-18
Khayega,Spider flower (Saga),-,-,-,55.00/Kg,60.00/Kg,470.0,Kakamega,2026-01-18
Khayega,Black nightshade (Managu/ Osuga),-,-,-,50.00/Kg,50.00/Kg,500.0,Kakamega,2026-01-18
Khayega,Tomatoes,-,-,-,50.00/Kg,60.00/Kg,3000.0,Kakamega,2026-01-18
Khayega,Kales/Sukuma Wiki,-,-,-,35.00/Kg,40.00/Kg,750.0,Kakamega,2026-01-18
Khayega,Dry Onions,-,-,-,60.00/Kg,70.00/Kg,2500.0,Kakamega,2026-01-18
Khayega,Cabbages,-,-,-,30.00/Kg,32.50/Kg,1800.0,Kakamega,2026-01-18
Khayega,Mixed Beans,-,-,-,95.83/Kg,104.17/Kg,900.0,Kakamega,2026-01-18
Khayega,Ground Nuts,Small Red,-,-,229.17/Kg,250.00/Kg,450.0,Kakamega,2026-01-18
Khayega,Green Grams,Local-Special,-,-,117.39/Kg,130.43/Kg,900.0,Kakamega,2026-01-18
Khayega,Beans Rosecoco,-,-,-,108.33/Kg,116.67/Kg,900.0,Kakamega,2026-01-18
Khayega,Beans (Yellow-Green),-,-,-,154.17/Kg,166.67/Kg,1800.0,Kakamega,2026-01-18
Khayega,Fertilizer,DAP,-,-,110.00/Kg,114.00/Kg,500.0,Kakamega,2026-01-18
Makutano Embu,Apples,-,-,-,100.00/Kg,140.00/Kg,,Embu,2026-01-17
Makutano Embu,Grapes,Black-Dark,-,-,140.00/Kg,180.00/Kg,,Embu,2026-01-17
Makutano Embu,Lemons,-,-,-,55.00/Kg,70.00/Kg,,Embu,2026-01-17
Makutano Embu,Mangoes,Improved,-,-,20.00/Kg,30.00/Kg,,Embu,2026-01-17
Makutano Embu,Passion Fruits,-,-,-,180.00/Kg,220.00/Kg,,Embu,2026-01-17
Makutano Embu,Pawpaw,-,-,-,40.00/Kg,60.00/Kg,,Embu,2026-01-17
Makutano Embu,Pineapples,-,-,-,60.00/Kg,100.00/Kg,,Embu,2026-01-17
Makutano Embu,Thorn melon,-,-,-,40.00/Kg,60.00/Kg,,Embu,2026-01-17
Makutano Embu,Water Melon,-,-,-,25.00/Kg,40.00/Kg,,Embu,2026-01-17
Makutano Embu,Banana (Cooking),-,-,-,25.00/Kg,40.00/Kg,,Embu,2026-01-17
Makutano Embu,Butternuts,-,-,-,30.00/Kg,50.00/Kg,,Embu,2026-01-17
Makutano Embu,Cabbages,-,-,-,35.00/Kg,50.00/Kg,,Embu,2026-01-17
Makutano Embu,Capsicums,-,-,-,110.00/Kg,150.00/Kg,,Embu,2026-01-17
Makutano Embu,Carrots,-,-,-,40.00/Kg,60.00/Kg,,Embu,2026-01-17
Makutano Embu,Chillies,-,-,-,70.00/Kg,100.00/Kg,,Embu,2026-01-17
Makutano Embu,Coriander (Dhania),-,-,-,80.00/Kg,100.00/Kg,,Embu,2026-01-17
Makutano Embu,Courgette,-,-,-,80.00/Kg,100.00/Kg,,Embu,2026-01-17
Makutano Embu,Cucumber,-,-,-,60.00/Kg,80.00/Kg,,Embu,2026-01-17
Makutano Embu,Dry Onions,-,-,-,70.00/Kg,90.00/Kg,,Embu,2026-01-17
Makutano Embu,French beans,-,-,-,90.00/Kg,120.00/Kg,,Embu,2026-01-17
Makutano Embu,Fresh Peas,On pods,-,-,70.00/Kg,90.00/Kg,,Embu,2026-01-17
Makutano Embu,Kales/Sukuma Wiki,-,-,-,20.00/Kg,30.00/Kg,,Embu,2026-01-17
Makutano Embu,Pumpkin,-,-,-,30.00/Kg,40.00/Kg,,Embu,2026-01-17
Makutano Embu,Spinach,-,-,-,25.00/Kg,35.00/Kg,,Embu,2026-01-17
Makutano Embu,Spring Onions,-,-,-,45.00/Kg,60.00/Kg,,Embu,2026-01-17
Makutano Embu,Tomatoes,-,-,-,28.00/Kg,30.00/Kg,,Embu,2026-01-17
Makutano Embu,Amaranthus (Terere),-,-,-,35.00/Kg,50.00/Kg,,Embu,2026-01-17
Makutano Embu,Black nightshade (Managu/ Osuga),-,-,-,40.00/Kg,50.00/Kg,,Embu,2026-01-17
Makutano Embu,Cowpea leaves (Kunde),-,-,-,30.00/Kg,40.00/Kg,,Embu,2026-01-17
Makutano Embu,Jute Plant (Murenda),-,-,-,30.00/Kg,40.00/Kg,,Embu,2026-01-17
Makutano Embu,Pumpkin Leaves,-,-,-,35.00/Kg,50.00/Kg,,Embu,2026-01-17
Makutano Embu,Dry Maize,White Maize,-,-,35.00/Kg,45.00/Kg,,Embu,2026-01-17
Makutano Embu,Dry Maize,Yellow Maize,-,-,45.00/Kg,50.00/Kg,,Embu,2026-01-17
Makutano Embu,Paddy Rice,Pishori,-,-,82.00/Kg,85.00/Kg,,Embu,2026-01-17
Makutano Embu,Rice,Pishori,-,-,140.00/Kg,160.00/Kg,,Embu,2026-01-17
Makutano Embu,White Sorghum,-,-,-,80.00/kg,100.00/kg,,Embu,2026-01-17
Makutano Embu,Lentils,-,-,-,200.00/Kg,250.00/Kg,,Embu,2026-01-17
Makutano Embu,Red Sorghum,-,-,-,70.00/Kg,90.00/Kg,,Embu,2026-01-17
Mukuyu Market,Tomatoes,-,-,-,-,40.00/Kg,,Muranga,2026-01-17
Mukuyu Market,Spinach,-,-,-,-,45.00/Kg,,Muranga,2026-01-17
Mukuyu Market,Fresh Peas,Shelled Peas,-,-,-,120.00/Kg,,Muranga,2026-01-17
Mukuyu Market,Cabbages,-,-,-,-,70.00/Kg,,Muranga,2026-01-17
Mukuyu Market,Carrots,-,-,-,-,60.00/Kg,,Muranga,2026-01-17
Mukuyu Market,Sweet potatoes,-,-,-,-,100.00/Kg,,Muranga,2026-01-17
Mukuyu Market,White Irish Potatoes,-,-,-,-,70.00/Kg,,Muranga,2026-01-17
Mukuyu Market,Arrow Root,-,-,-,-,100.00/Kg,,Muranga,2026-01-17
Vanga,Rabbitfish (Tafi/Tasi),Fresh,-,-,200.00/Kg,250.00/Kg,130.0,Kwale,2026-01-17
Vanga,Parrotfishes(Pono),Fresh,-,-,150.00/Kg,200.00/Kg,60.0,Kwale,2026-01-17
Vanga,Jacks/Trevallies(Kolekole),Fresh,-,-,200.00/ Kg,250.00/ Kg,300.0,Kwale,2026-01-17
Vanga,Barracuda(Kasumba),Fresh,-,-,150.00/Kg,200.00/Kg,300.0,Kwale,2026-01-17
Vanga,Octopus (Pweza),Fresh,-,-,450.00/Kg,550.00/Kg,600.0,Kwale,2026-01-17
Vanga,Squid(Ngisi),Fresh,-,-,300.00/Kg,400.00/Kg,230.0,Kwale,2026-01-17
Makutano Kirinyaga,Red Sorghum,-,-,-,70.00/Kg,90.00/Kg,900.0,Kirinyaga,2026-01-17
Makutano Kirinyaga,Lentils,-,-,-,200.00/Kg,250.00/Kg,1200.0,Kirinyaga,2026-01-17
Makutano Kirinyaga,White Sorghum,-,-,-,80.00/kg,100.00/kg,950.0,Kirinyaga,2026-01-17
Makutano Kirinyaga,Rice,Pishori,-,-,140.00/Kg,160.00/Kg,1300.0,Kirinyaga,2026-01-17
Makutano Kirinyaga,Paddy Rice,Pishori,-,-,82.00/Kg,85.00/Kg,2400.0,Kirinyaga,2026-01-17
Makutano Kirinyaga,Dry Maize,Yellow Maize,-,-,45.00/Kg,50.00/Kg,1200.0,Kirinyaga,2026-01-17
Makutano Kirinyaga,Dry Maize,White Maize,-,-,35.00/Kg,45.00/Kg,3100.0,Kirinyaga,2026-01-17
Makutano Kirinyaga,Pumpkin Leaves,-,-,-,35.00/Kg,50.00/Kg,300.0,Kirinyaga,2026-01-17
Makutano Kirinyaga,Jute Plant (Murenda),-,-,-,30.00/Kg,40.00/Kg,800.0,Kirinyaga,2026-01-17
Makutano Kirinyaga,Cowpea leaves (Kunde),-,-,-,30.00/Kg,40.00/Kg,650.0,Kirinyaga,2026-01-17
Makutano Kirinyaga,Black nightshade (Managu/ Osuga),-,-,-,40.00/Kg,50.00/Kg,800.0,Kirinyaga,2026-01-17
Makutano Kirinyaga,Amaranthus (Terere),-,-,-,35.00/Kg,50.00/Kg,1100.0,Kirinyaga,2026-01-17
Makutano Kirinyaga,Tomatoes,-,-,-,28.33/Kg,33.33/Kg,8400.0,Kirinyaga,2026-01-17
Makutano Kirinyaga,Spring Onions,-,-,-,45.00/Kg,60.00/Kg,3100.0,Kirinyaga,2026-01-17
Makutano Kirinyaga,Spinach,-,-,-,25.00/Kg,35.00/Kg,2100.0,Kirinyaga,2026-01-17
Makutano Kirinyaga,Pumpkin,-,-,-,30.00/Kg,40.00/Kg,2600.0,Kirinyaga,2026-01-17
Makutano Kirinyaga,Kales/Sukuma Wiki,-,-,-,20.00/Kg,30.00/Kg,1400.0,Kirinyaga,2026-01-17
Makutano Kirinyaga,Fresh Peas,On pods,-,-,70.00/Kg,90.00/Kg,2300.0,Kirinyaga,2026-01-17
Makutano Kirinyaga,French beans,-,-,-,90.00/Kg,120.00/Kg,650.0,Kirinyaga,2026-01-17
Makutano Kirinyaga,Dry Onions,-,-,-,70.00/Kg,90.00/Kg,3900.0,Kirinyaga,2026-01-17
Makutano Kirinyaga,Cucumber,-,-,-,60.00/Kg,80.00/Kg,500.0,Kirinyaga,2026-01-17
Makutano Kirinyaga,Courgette,-,-,-,80.00/Kg,100.00/Kg,1050.0,Kirinyaga,2026-01-17
Makutano Kirinyaga,Coriander (Dhania),-,-,-,80.00/Kg,100.00/Kg,600.0,Kirinyaga,2026-01-17
Makutano Kirinyaga,Chillies,-,-,-,70.00/Kg,100.00/Kg,360.0,Kirinyaga,2026-01-17
Makutano Kirinyaga,Carrots,-,-,-,40.00/Kg,60.00/Kg,2900.0,Kirinyaga,2026-01-17
Makutano Kirinyaga,Capsicums,-,-,-,110.00/Kg,150.00/Kg,200.0,Kirinyaga,2026-01-17
Makutano Kirinyaga,Capsicums,-,-,-,80.00/Kg,100.00/Kg,950.0,Kirinyaga,2026-01-17
Makutano Kirinyaga,Cabbages,-,-,-,35.71/Kg,50.00/Kg,1950.0,Kirinyaga,2026-01-17
Makutano Kirinyaga,Butternuts,-,-,-,30.00/Kg,50.00/Kg,1500.0,Kirinyaga,2026-01-17
Makutano Kirinyaga,Banana (Cooking),-,-,-,25.00/Kg,40.00/Kg,2800.0,Kirinyaga,2026-01-17
Makutano Kirinyaga,Water Melon,-,-,-,25.00/Kg,40.00/Kg,2500.0,Kirinyaga,2026-01-17
Makutano Kirinyaga,Thorn melon,-,-,-,40.00/Kg,60.00/Kg,400.0,Kirinyaga,2026-01-17
Makutano Kirinyaga,Pineapples,-,-,-,62.50/Kg,100.00/Kg,160.0,Kirinyaga,2026-01-17
Makutano Kirinyaga,Pawpaw,-,-,-,40.00/Kg,60.00/Kg,250.0,Kirinyaga,2026-01-17
Makutano Kirinyaga,Passion Fruits,-,-,-,180.00/Kg,220.00/Kg,340.0,Kirinyaga,2026-01-17
Makutano Kirinyaga,Mangoes,Improved,-,-,20.00/Kg,30.00/Kg,4300.0,Kirinyaga,2026-01-17
Makutano Kirinyaga,Lemons,-,-,-,55.00/Kg,70.00/Kg,1100.0,Kirinyaga,2026-01-17
Makutano Kirinyaga,Grapes,Black-Dark,-,-,140.00/Kg,180.00/Kg,140.0,Kirinyaga,2026-01-17
Makutano Kirinyaga,Apples,-,-,-,100.00/Kg,140.00/Kg,230.0,Kirinyaga,2026-01-17
Makutano Kirinyaga,Fertilizer,Sulphate of Ammonia,-,-,56.00/Kg,60.00/Kg,2500.0,Kirinyaga,2026-01-17
Vanga,Octopus (Pweza),Fresh,-,-,450.00/Kg,550.00/Kg,600.0,Kwale,2026-01-16
Vanga,Octopus (Pweza),Fresh,-,-,450.00/Kg,550.00/Kg,600.0,Kwale,2026-01-16
Vanga,Cuttlefish,Fresh,-,-,200.00/Kg,250.00/Kg,60.0,Kwale,2026-01-16
Vanga,Lobster(Kamba Mawe),Live,-,-,600.00/Kg,900.00/Kg,120.0,Kwale,2026-01-16
Vanga,Scavengers (Changu/Tangu),Fresh,-,-,200.00/Kg,250.00/Kg,500.0,Kwale,2026-01-16
Vanga,Rabbitfish (Tafi/Tasi),Fresh,-,-,250.00/Kg,350.00/Kg,80.0,Kwale,2026-01-16
Vanga,Parrotfishes(Pono),Fresh,-,-,150.00/Kg,200.00/Kg,70.0,Kwale,2026-01-16
Vanga,Kingfish (Nguru),Fresh,-,-,250.00/Kg,350.00/Kg,400.0,Kwale,2026-01-16
Vanga,Barracuda(Kasumba),Fresh,-,-,150.00/Kg,200.00/Kg,300.0,Kwale,2026-01-16
Ngurubani Market,Oranges,-,-,-,70.00/Kg,100.00/Kg,1500.0,Kirinyaga,2026-01-16
Ngurubani Market,Water Melon,-,-,-,25.00/Kg,35.00/Kg,23500.0,Kirinyaga,2026-01-16
Ngurubani Market,Pork,-,-,-,500.00/Kg,700.00/Kg,420.0,Kirinyaga,2026-01-16
Ngurubani Market,Meat Beef,-,-,-,150.00/Kg,170.00/Kg,145000.0,Kirinyaga,2026-01-16
Ngurubani Market,Eggs,Exotic/Grade,-,-,400.00/Tray(30),450.00/Tray(30),3200.0,Kirinyaga,2026-01-16
Ngurubani Market,Eggs,Exotic/Grade,-,-,390.00/Tray(30),600.00/Tray(30),3200.0,Kirinyaga,2026-01-16
Ngurubani Market,White Irish Potatoes,-,-,-,34.00/Kg,50.00/Kg,24400.0,Kirinyaga,2026-01-16
Ngurubani Market,Sweet potatoes,-,-,-,70.00/Kg,100.00/Kg,420.0,Kirinyaga,2026-01-16
Ngurubani Market,Arrow Root,-,-,-,80.00/Kg,120.00/Kg,1200.0,Kirinyaga,2026-01-16
Ngurubani Market,Arrow Root,-,-,-,70.00/Kg,100.00/Kg,420.0,Kirinyaga,2026-01-16
Ngurubani Market,Paddy Rice,Pishori,-,-,150.00/Kg,170.00/Kg,145000.0,Kirinyaga,2026-01-16
Mumias,Tilapia,Dried,-,-,-,287.50/Kg,,Kakamega,2026-01-16
Ngurubani Market,Red Sorghum,-,-,-,40.00/Kg,45.00/Kg,1350.0,Kirinyaga,2026-01-16
Mumias,Omena,Dried,-,-,-,611.11/Kg,,Kakamega,2026-01-16
Ngurubani Market,Dry Maize,White Maize,-,-,40.00/Kg,45.00/Kg,6250.0,Kirinyaga,2026-01-16
Ngurubani Market,Cowpea leaves (Kunde),-,-,-,40.00/Kg,60.00/Kg,180.0,Kirinyaga,2026-01-16
Mumias,White Irish Potatoes,-,-,-,-,72.00/Kg,,Kakamega,2026-01-16
Ngurubani Market,Pumpkin Leaves,-,-,-,25.00/Kg,35.00/Kg,150.0,Kirinyaga,2026-01-16
Ngurubani Market,Black nightshade (Managu/ Osuga),-,-,-,25.00/Kg,35.00/Kg,400.0,Kirinyaga,2026-01-16
Mumias,Sweet potatoes,-,-,-,-,35.71/Kg,,Kakamega,2026-01-16
Mumias,Cassava Fresh,-,-,-,-,55.56/Kg,,Kakamega,2026-01-16
Ngurubani Market,Amaranthus (Terere),-,-,-,30.00/Kg,35.00/Kg,600.0,Kirinyaga,2026-01-16
Mumias,Cassava Chips (dry),-,-,-,-,71.43/Kg,,Kakamega,2026-01-16
Ngurubani Market,Tomatoes,-,-,-,35.00/Kg,50.00/Kg,4500.0,Kirinyaga,2026-01-16
Mumias,Arrow Root,-,-,-,-,66.67/Kg,,Kakamega,2026-01-16
Ngurubani Market,Spinach,-,-,-,30.00/Kg,40.00/Kg,450.0,Kirinyaga,2026-01-16
Mumias,Water Melon,-,-,-,-,62.50/Kg,,Kakamega,2026-01-16
Ngurubani Market,Pumpkin,-,-,-,25.00/Kg,35.00/Kg,205.0,Kirinyaga,2026-01-16
Ngurubani Market,Kales/Sukuma Wiki,-,-,-,20.00/Kg,30.00/Kg,1200.0,Kirinyaga,2026-01-16
Ngurubani Market,Dry Onions,-,-,-,70.00/Kg,100.00/Kg,6800.0,Kirinyaga,2026-01-16
Ngurubani Market,Courgette,-,-,-,70.00/Kg,100.00/Kg,250.0,Kirinyaga,2026-01-16
Ngurubani Market,Coriander (Dhania),-,-,-,70.00/Kg,100.00/Kg,170.0,Kirinyaga,2026-01-16
Ngurubani Market,Carrots,-,-,-,40.00/Kg,60.00/Kg,2400.0,Kirinyaga,2026-01-16
Ngurubani Market,Cabbages,-,-,-,25.00/Kg,35.00/Kg,21000.0,Kirinyaga,2026-01-16
Ngurubani Market,Banana (Cooking),-,-,-,25.00/Kg,35.00/Kg,2500.0,Kirinyaga,2026-01-16
Ngurubani Market,Mixed Beans,-,-,-,86.67/Kg,175.00/Kg,800.0,Kirinyaga,2026-01-16
Ngurubani Market,Cowpeas,-,-,-,100.00/Kg,135.00/Kg,9000.0,Kirinyaga,2026-01-16
Ngurubani Market,Dolichos lablab (Njahi),-,-,-,97.78/Kg,135.00/Kg,1250.0,Kirinyaga,2026-01-16
Ngurubani Market,Beans Rosecoco,-,-,-,100.00/Kg,140.00/Kg,2100.0,Kirinyaga,2026-01-16
Ngurubani Market,Beans Red Haricot (Wairimu),-,-,-,100.00/Kg,140.00/Kg,6700.0,Kirinyaga,2026-01-16
Ngurubani Market,Beans (Yellow-Green),-,-,-,122.22/Kg,200.00/Kg,4250.0,Kirinyaga,2026-01-16
Mumias,Pineapples,-,-,-,-,80.00/Kg,,Kakamega,2026-01-16
Ngurubani Market,Beans (Mwitemania),-,-,-,94.44/Kg,175.00/Kg,2200.0,Kirinyaga,2026-01-16
Ngurubani Market,Fertilizer,NPK,-,-,95.00/Kg,100.00/Kg,225000.0,Kirinyaga,2026-01-16
Ngurubani Market,Fertilizer,DAP,-,-,111.00/Kg,120.00/Kg,140000.0,Kirinyaga,2026-01-16
Ngurubani Market,Fertilizer,CAN,-,-,72.00/Kg,80.00/Kg,50000.0,Kirinyaga,2026-01-16
Mumias,Pawpaw,-,-,-,-,76.92/Kg,,Kakamega,2026-01-16
Mumias,Oranges,-,-,-,-,83.33/Kg,,Kakamega,2026-01-16
Mumias,Mangoes,Improved,-,-,-,76.92/Kg,,Kakamega,2026-01-16
Ndanai Market,Eggs,Indigenous /Kenyeji,-,-,510.00/Tray(30),600.00/Tray(30),8000.0,Bomet,2026-01-16
Ndanai Market,Chicken,Indigenous,-,Female,600.00/Head,-,1500.0,Bomet,2026-01-16
Ndanai Market,Chicken,Indigenous,-,Male,900.00/Head,-,1200.0,Bomet,2026-01-16
Ndanai Market,Water Melon,-,-,-,90.00/Kg,110.00/Kg,6000.0,Bomet,2026-01-16
Ndanai Market,Oranges,-,-,-,59.09/Kg,100.00/Kg,7000.0,Bomet,2026-01-16
Ndanai Market,Banana (Ripening),-,-,-,16.00/Kg,50.00/Kg,15000.0,Bomet,2026-01-16
Ndanai Market,Dry Maize,White Maize,-,-,47.78/Kg,140.00/Kg,36000.0,Bomet,2026-01-16
Ndanai Market,Spider flower (Saga),-,-,-,60.00/Kg,100.00/Kg,4000.0,Bomet,2026-01-16
Mumias,Lemons,-,-,-,-,150.00/Kg,,Kakamega,2026-01-16
Ndanai Market,Black nightshade (Managu/ Osuga),-,-,-,70.00/Kg,100.00/Kg,5000.0,Bomet,2026-01-16
Mumias,Grapes,Black-Dark,-,-,-,720.00/Kg,,Kakamega,2026-01-16
Ndanai Market,Tomatoes,-,-,-,75.00/Kg,100.00/Kg,12800.0,Bomet,2026-01-16
Mumias,Banana (Ripening),-,-,-,-,45.45/Kg,,Kakamega,2026-01-16
Ndanai Market,Kales/Sukuma Wiki,-,-,-,11.11/Kg,30.00/Kg,3000.0,Bomet,2026-01-16
Ndanai Market,Dry Onions,-,-,-,75.00/Kg,100.00/Kg,8000.0,Bomet,2026-01-16
Ndanai Market,Cabbages,-,-,-,10.00/Kg,20.00/Kg,10000.0,Bomet,2026-01-16
Ndanai Market,Beans Rosecoco,-,-,-,133.33/Kg,175.00/Kg,27000.0,Bomet,2026-01-16
Kisasi,Sheep,Blackhead Persian,Grade 2,Female,3500.00/Head,-,,Kitui,2026-01-16
Kisasi,Sheep,Blackhead Persian,Grade 2,Male,4000.00/Head,-,,Kitui,2026-01-16
Kisasi,Sheep,Blackhead Persian,Grade 2,Female,5500.00/Head,-,,Kitui,2026-01-16
Lungalunga,Cassava Fresh,-,-,-,50.00/Kg,100.00/Kg,10000.0,Kwale,2026-01-16
Kisasi,Sheep,Blackhead Persian,Grade 2,Male,6000.00/Head,-,,Kitui,2026-01-16
Lungalunga,White Irish Potatoes,-,-,-,50.00/Kg,100.00/Kg,50000.0,Kwale,2026-01-16
Kisasi,Goat,Mixed,Grade 2,Male,6000.00/Head,-,,Kitui,2026-01-16
Lungalunga,Oranges,-,-,-,50.00/Kg,100.00/Kg,30000.0,Kwale,2026-01-16
Lungalunga,Tomatoes,-,-,-,50.00/Kg,100.00/Kg,30000.0,Kwale,2026-01-16
Lungalunga,Cabbages,-,-,-,60.00/Kg,100.00/Kg,10000.0,Kwale,2026-01-16
Kisasi,Goat,Mixed,Grade 2,Female,10000.00/Head,-,,Kitui,2026-01-16
Kisasi,Goat,Mixed,Grade 2,Male,15000.00/Head,-,,Kitui,2026-01-16
Kisasi,Donkey,-,-,Female,9000.00/Head,-,,Kitui,2026-01-16
Kisasi,Donkey,-,-,Male,7000.00/Head,-,,Kitui,2026-01-16
Kisasi,Donkey,-,-,Female,18000.00/Head,-,,Kitui,2026-01-16
Kisasi,Donkey,-,-,Male,13000.00/Head,-,,Kitui,2026-01-16
Kisasi,Chicken,Indigenous,-,Male,500.00/Head,-,,Kitui,2026-01-16
Kisasi,Chicken,Indigenous,-,Female,400.00/Head,-,,Kitui,2026-01-16
Kisasi,Chicken,Indigenous,-,Female,1000.00/Head,-,,Kitui,2026-01-16
Kisasi,Chicken,Indigenous,-,Male,1500.00/Head,-,,Kitui,2026-01-16
Kisasi,Cattle,Mixed,Grade 2,Female,35000.00/Head,-,,Kitui,2026-01-16
Kisasi,Cattle,Mixed,Grade 2,Male,45000.00/Head,-,,Kitui,2026-01-16
Kisasi,Cattle,Mixed,Grade 2,Female,55000.00/Head,-,,Kitui,2026-01-16
Kisasi,Cattle,Mixed,Grade 2,Male,75000.00/Head,-,,Kitui,2026-01-16
Kisasi,Sweet potatoes,-,-,-,75.00/Kg,100.00/Kg,,Kitui,2026-01-16
Kisasi,White Irish Potatoes,-,-,-,30.00/Kg,50.00/Kg,,Kitui,2026-01-16
Kisasi,Red Irish potato,-,-,-,60.00/Kg,100.00/Kg,,Kitui,2026-01-16
Kisasi,Cassava Fresh,-,-,-,45.00/Kg,85.00/Kg,,Kitui,2026-01-16
Kisasi,Arrow Root,-,-,-,80.00/Kg,150.00/Kg,,Kitui,2026-01-16
Mumias,Avocado,Local,-,-,-,83.33/Kg,,Kakamega,2026-01-16
Kisasi,White Sorghum,-,-,-,90.00/kg,110.00/kg,,Kitui,2026-01-16
Kisasi,Red Sorghum,-,-,-,80.00/Kg,90.00/Kg,,Kitui,2026-01-16
Kisasi,Pearl Rush Millet,-,-,-,90.00/Kg,110.00/Kg,,Kitui,2026-01-16
Kisasi,Finger Millet,-,-,-,80.00/Kg,100.00/Kg,,Kitui,2026-01-16
Kisasi,Dry Maize,White Maize,-,-,50.00/Kg,55.00/Kg,,Kitui,2026-01-16
Kisasi,Dry Maize,Mixed-Traditional,-,-,45.00/Kg,50.00/Kg,,Kitui,2026-01-16
Kisasi,Black nightshade (Managu/ Osuga),-,-,-,19.00/Kg,35.00/Kg,,Kitui,2026-01-16
Kisasi,Amaranthus (Terere),-,-,-,18.00/Kg,32.00/Kg,,Kitui,2026-01-16
Kisasi,Tomatoes,-,-,-,30.00/Kg,50.00/Kg,,Kitui,2026-01-16
Kisasi,Spinach,-,-,-,30.00/Kg,50.00/Kg,,Kitui,2026-01-16
Kisasi,Kales/Sukuma Wiki,-,-,-,23.00/Kg,42.00/Kg,,Kitui,2026-01-16
Kisasi,Ginger,-,-,-,100.00/Kg,130.00/Kg,,Kitui,2026-01-16
Kisasi,Garlic,-,-,-,300.00/Kg,400.00/Kg,,Kitui,2026-01-16
Kisasi,Dry Onions,-,-,-,50.00/Kg,80.00/Kg,,Kitui,2026-01-16
Kisasi,Coriander (Dhania),-,-,-,19.00/Kg,30.00/Kg,,Kitui,2026-01-16
Kisasi,Carrots,-,-,-,50.00/Kg,70.00/Kg,,Kitui,2026-01-16
Mumias,Apples,-,-,-,-,480.00/Kg,,Kakamega,2026-01-16
Kisasi,Cabbages,-,-,-,55.00/Kg,70.00/Kg,,Kitui,2026-01-16
Kisasi,Banana (Plantain),-,-,-,18.00/Kg,29.00/Kg,,Kitui,2026-01-16
Kisasi,Banana (Cooking),-,-,-,12.00/Kg,26.00/Kg,,Kitui,2026-01-16
Kisasi,Pigeon peas,-,-,-,80.00/Kg,100.00/Kg,,Kitui,2026-01-16
Kisasi,Green Grams,Local-Special,-,-,80.00/Kg,100.00/Kg,,Kitui,2026-01-16
Kisasi,Green Grams,Hybrid/ polished,-,-,90.00/Kg,120.00/Kg,,Kitui,2026-01-16
Kisasi,Beans Rosecoco (Nyayo),-,-,-,100.00/Kg,120.00/Kg,,Kitui,2026-01-16
Mumias,White Sorghum,-,-,-,-,68.18/kg,,Kakamega,2026-01-16
Kisasi,Beans Rosecoco,-,-,-,110.00/Kg,120.00/Kg,,Kitui,2026-01-16
Kisasi,Beans (Yellow-Green),-,-,-,130.00/Kg,150.00/Kg,,Kitui,2026-01-16
Mumias,Wheat Flour,Ndovu all purpose HBF,-,-,-,82.50/Kg,,Kakamega,2026-01-16
Kisasi,Beans (Mwitemania),-,-,-,100.00/Kg,120.00/Kg,,Kitui,2026-01-16
Mumias,Wheat Flour,Ajab fortigied Home Baking flour,-,-,-,87.50/Kg,,Kakamega,2026-01-16
Kisasi,Beans (Mwezi Moja),-,-,-,100.00/Kg,120.00/Kg,,Kitui,2026-01-16
Mumias,Wheat Flour,Ajab fortigied Home Baking flour,-,-,-,85.00/Kg,,Kakamega,2026-01-16
Mumias,Rice,IRR,-,-,-,130.00/Kg,,Kakamega,2026-01-16
Mumias,Rice,Pishori,-,-,-,300.00/Kg,,Kakamega,2026-01-16
Mumias,Red Sorghum,-,-,-,-,76.19/Kg,,Kakamega,2026-01-16
Mumias,Maize Flour,Soko,-,-,-,75.00/Kg,,Kakamega,2026-01-16
Mumias,Maize Flour,Posho Mill,-,-,-,68.18/Kg,,Kakamega,2026-01-16
Mumias,Maize Flour,Jogoo wimbi,-,-,-,145.00/Kg,,Kakamega,2026-01-16
Mumias,Maize Flour,Jogoo,-,-,-,77.50/Kg,,Kakamega,2026-01-16
Mumias,Maize Flour,Jembe,-,-,-,70.00/Kg,,Kakamega,2026-01-16
Mumias,Maize Flour,Hostess,-,-,-,92.50/Kg,,Kakamega,2026-01-16
Mumias,Maize Flour,Amaize,-,-,-,105.00/Kg,,Kakamega,2026-01-16
Mumias,Finger Millet,-,-,-,-,156.52/Kg,,Kakamega,2026-01-16
Mumias,Dry Maize,White Maize,-,-,-,54.55/Kg,,Kakamega,2026-01-16
Mumias,Spider flower (Saga),-,-,-,-,100.00/Kg,,Kakamega,2026-01-16
Mumias,Pumpkin Leaves,-,-,-,-,75.00/Kg,,Kakamega,2026-01-16
Mumias,Jute Plant (Murenda),-,-,-,-,200.00/Kg,,Kakamega,2026-01-16
Mumias,Indigenous Crotolaria (Mito/Miro),-,-,-,-,100.00/Kg,,Kakamega,2026-01-16
Mumias,Ethiopian Kales -Kanzira,-,-,-,-,166.67/Kg,,Kakamega,2026-01-16
Mumias,Cowpea leaves (Kunde),-,-,-,-,150.00/Kg,,Kakamega,2026-01-16
Mumias,Black nightshade (Managu/ Osuga),-,-,-,-,150.00/Kg,,Kakamega,2026-01-16
Mumias,Amaranthus (Terere),-,-,-,-,125.00/Kg,,Kakamega,2026-01-16
Lungalunga,Cabbages,-,-,-,60.00/Kg,100.00/Kg,5000.0,Kwale,2026-01-16
Kagio,Green Maize,-,-,-,35.00/Kg,50.00/Kg,4500.0,Kirinyaga,2026-01-16
Kagio,Fresh Peas,On pods,-,-,60.00/Kg,90.00/Kg,800.0,Kirinyaga,2026-01-16
Kagio,French beans,-,-,-,100.00/Kg,150.00/Kg,200.0,Kirinyaga,2026-01-16
Kagio,Ginger,-,-,-,180.00/Kg,250.00/Kg,200.0,Kirinyaga,2026-01-16
Kagio,Pumpkin,-,-,-,35.00/Kg,55.00/Kg,500.0,Kirinyaga,2026-01-16
Kagio,Spring Onions,-,-,-,50.00/Kg,70.00/Kg,400.0,Kirinyaga,2026-01-16
Kagio,Garlic,-,-,-,400.00/Kg,500.00/Kg,200.0,Kirinyaga,2026-01-16
Kagio,Kales/Sukuma Wiki,-,-,-,20.00/Kg,30.00/Kg,1500.0,Kirinyaga,2026-01-16
Kagio,Egg plant (Brinjals),-,-,-,30.00/Kg,40.00/Kg,200.0,Kirinyaga,2026-01-16
Kagio,Cucumber,-,-,-,35.00/Kg,60.00/Kg,500.0,Kirinyaga,2026-01-16
Kagio,Courgette,-,-,-,55.00/Kg,80.00/Kg,500.0,Kirinyaga,2026-01-16
Kagio,Coriander (Dhania),-,-,-,30.00/Kg,50.00/Kg,200.0,Kirinyaga,2026-01-16
Kagio,Cauliflower,-,-,-,120.00/Kg,180.00/Kg,100.0,Kirinyaga,2026-01-16
Kagio,Carrots,-,-,-,45.00/Kg,70.00/Kg,1500.0,Kirinyaga,2026-01-16
Kagio,Capsicums,-,-,-,200.00/Kg,300.00/Kg,100.0,Kirinyaga,2026-01-16
Kagio,Capsicums,-,-,-,55.00/Kg,80.00/Kg,800.0,Kirinyaga,2026-01-16
Kagio,Cabbages,-,-,-,20.00/Kg,25.00/Kg,18000.0,Kirinyaga,2026-01-16
Kagio,Butternuts,-,-,-,45.00/Kg,70.00/Kg,1000.0,Kirinyaga,2026-01-16
Kagio,Broccoli,-,-,-,100.00/Kg,150.00/Kg,100.0,Kirinyaga,2026-01-16
Kagio,Banana (Plantain),-,-,-,70.00/Kg,100.00/Kg,400.0,Kirinyaga,2026-01-16
Kagio,Banana (Cooking),-,-,-,25.00/Kg,40.00/Kg,28000.0,Kirinyaga,2026-01-16
Kagio,Water Melon,-,-,-,30.00/Kg,40.00/Kg,32000.0,Kirinyaga,2026-01-16
Kagio,Thorn melon,-,-,-,15.00/Kg,25.00/Kg,1200.0,Kirinyaga,2026-01-16
Kagio,Pineapples,-,-,-,50.00/Kg,50.00/Kg,3000.0,Kirinyaga,2026-01-16
Kagio,Passion Fruits,-,-,-,120.00/Kg,180.00/Kg,300.0,Kirinyaga,2026-01-16
Kagio,Pawpaw,-,-,-,30.00/Kg,50.00/Kg,2000.0,Kirinyaga,2026-01-16
Kagio,Oranges,-,-,-,70.00/Kg,100.00/Kg,600.0,Kirinyaga,2026-01-16
Kagio,Mangoes,Improved,-,-,50.00/Kg,70.00/Kg,1500.0,Kirinyaga,2026-01-16
Kagio,Lemons,-,-,-,40.00/Kg,60.00/Kg,250.0,Kirinyaga,2026-01-16
Kagio,Grapes,Black-Dark,-,-,180.00/Kg,230.00/Kg,100.0,Kirinyaga,2026-01-16
Kagio,Apples,-,-,-,180.00/Kg,250.00/Kg,200.0,Kirinyaga,2026-01-16
Kagio,Banana (Ripening),-,-,-,25.00/Kg,40.00/Kg,28000.0,Kirinyaga,2026-01-16
Gakoromone,White Irish Potatoes,-,-,-,52.86/Kg,54.29/Kg,36000.0,Meru,2026-01-16
Gakoromone,Cassava Fresh,-,-,-,50.00/Kg,60.00/Kg,500.0,Meru,2026-01-16
Gakoromone,Water Melon,-,-,-,35.00/Kg,40.00/Kg,42000.0,Meru,2026-01-16
Gakoromone,Thorn melon,-,-,-,30.00/Kg,35.00/Kg,200.0,Meru,2026-01-16
Gakoromone,Pineapples,-,-,-,80.00/Kg,90.00/Kg,1000.0,Meru,2026-01-16
Gakoromone,Pawpaw,-,-,-,40.00/Kg,50.00/Kg,600.0,Meru,2026-01-16
Gakoromone,Dry Maize,White Maize,-,-,51.11/Kg,52.22/Kg,50000.0,Meru,2026-01-16
Gakoromone,Tomatoes,-,-,-,25.00/Kg,30.00/Kg,48000.0,Meru,2026-01-16
Gakoromone,Spring Onions,-,-,-,60.00/Kg,70.00/Kg,1000.0,Meru,2026-01-16
Gakoromone,Spinach,-,-,-,45.00/Kg,50.00/Kg,4000.0,Meru,2026-01-16
Gakoromone,Pumpkin,-,-,-,40.00/Kg,60.00/Kg,600.0,Meru,2026-01-16
Gakoromone,Green Maize,-,-,-,60.00/Kg,70.00/Kg,1000.0,Meru,2026-01-16
Gakoromone,Fresh Peas,On pods,-,-,120.00/Kg,140.00/Kg,1200.0,Meru,2026-01-16
Gakoromone,Dry Onions,-,-,-,75.00/Kg,90.00/Kg,30000.0,Meru,2026-01-16
Gakoromone,Cucumber,-,-,-,90.00/Kg,100.00/Kg,400.0,Meru,2026-01-16
Gakoromone,Courgette,-,-,-,80.00/Kg,90.00/Kg,4000.0,Meru,2026-01-16
Gakoromone,Coriander (Dhania),-,-,-,50.00/Kg,60.00/Kg,1000.0,Meru,2026-01-16
Gakoromone,Carrots,-,-,-,50.00/Kg,52.86/Kg,32000.0,Meru,2026-01-16
Gakoromone,Capsicums,-,-,-,70.00/Kg,80.00/Kg,2500.0,Meru,2026-01-16
Gakoromone,Butternuts,-,-,-,40.00/Kg,50.00/Kg,150.0,Meru,2026-01-16
Gakoromone,Banana (Plantain),-,-,-,14.00/Kg,15.00/Kg,16000.0,Meru,2026-01-16
Gakoromone,Banana (Cooking),-,-,-,14.00/Kg,15.00/Kg,18000.0,Meru,2026-01-16
Gakoromone,Cabbages,-,-,-,20.00/Kg,23.33/Kg,20000.0,Meru,2026-01-16
Gakoromone,Mixed Beans,-,-,-,84.44/Kg,85.56/Kg,18000.0,Meru,2026-01-16
Malimili Livestock Market,Sheep,Red Maasai,Grade 2,Female,6500.00/Head,-,16.0,Kakamega,2026-01-16
Malimili Livestock Market,Sheep,Red Maasai,Grade 2,Male,6000.00/Head,-,10.0,Kakamega,2026-01-16
Malimili Livestock Market,Goat,Mixed,Grade 2,Female,6000.00/Head,-,15.0,Kakamega,2026-01-16
Malimili Livestock Market,Goat,Mixed,Grade 2,Female,7000.00/Head,-,14.0,Kakamega,2026-01-16
Malimili Livestock Market,Goat,Mixed,Grade 2,Male,5500.00/Head,-,15.0,Kakamega,2026-01-16
Malimili Livestock Market,Goat,Mixed,Grade 2,Male,6300.00/Head,-,13.0,Kakamega,2026-01-16
Malimili Livestock Market,Cattle,Mixed,Grade 3,Female,27000.00/Head,-,24.0,Kakamega,2026-01-16
Malimili Livestock Market,Cattle,Mixed,Grade 3,Female,38000.00/Head,-,20.0,Kakamega,2026-01-16
Malimili Livestock Market,Cattle,Mixed,Grade 3,Female,55000.00/Head,-,27.0,Kakamega,2026-01-16
Malimili Livestock Market,Cattle,Mixed,Grade 4,Male,20000.00/Head,-,22.0,Kakamega,2026-01-16
Malimili Livestock Market,Cattle,Mixed,Grade 4,Male,33000.00/Head,-,19.0,Kakamega,2026-01-16
Malimili Livestock Market,Cattle,Mixed,Grade 3,Male,50000.00/Head,-,23.0,Kakamega,2026-01-16
Malimili Livestock Market,Cattle,Ayrshire,Grade 3,Female,30000.00/Head,-,27.0,Kakamega,2026-01-16
Malimili Livestock Market,Cattle,Ayrshire,Grade 3,Female,40000.00/Head,-,20.0,Kakamega,2026-01-16
Malimili Livestock Market,Cattle,Ayrshire,Grade 3,Male,25000.00/Head,-,25.0,Kakamega,2026-01-16
Malimili Livestock Market,Cattle,Ayrshire,Grade 3,Male,35000.00/Head,-,10.0,Kakamega,2026-01-16
Nairobi Supermarkets,Wheat Flour,Winnie's Pure Health Atta Mark 1,-,-,-,128.50/Kg,,Nairobi,2026-01-16
Malimili Livestock Market,Cattle,Ayrshire,Grade 3,Female,60000.00/Head,-,23.0,Kakamega,2026-01-16
Nairobi Supermarkets,Wheat Flour,Tropicana HBF,-,-,-,88.50/Kg,,Nairobi,2026-01-16
Malimili Livestock Market,Cattle,Ayrshire,Grade 3,Male,54000.00/Head,-,16.0,Kakamega,2026-01-16
Nairobi Supermarkets,Wheat Flour,Soko Atta Mark 1,-,-,-,83.50/Kg,,Nairobi,2026-01-16
Nairobi Supermarkets,Wheat Flour,Soko All Purpose HBF,-,-,-,82.00/Kg,,Nairobi,2026-01-16
Nairobi Supermarkets,Wheat Flour,Phulka Atta Mark 1 Chapati Flour,-,-,-,80.50/Kg,,Nairobi,2026-01-16
Nairobi Supermarkets,Wheat Flour,Pembe Atta Mark 1,-,-,-,84.00/Kg,,Nairobi,2026-01-16
Nairobi Supermarkets,Wheat Flour,Pembe All Purpose HBF,-,-,-,83.00/Kg,,Nairobi,2026-01-16
Nairobi Supermarkets,Wheat Flour,Oboma all purpose HBF,-,-,-,79.00/Kg,,Nairobi,2026-01-16
Nairobi Supermarkets,Wheat Flour,Nutra Meal Atta Mark 1,-,-,-,135.00/Kg,,Nairobi,2026-01-16
Nairobi Supermarkets,Wheat Flour,Ndovu all purpose HBF,-,-,-,77.50/Kg,,Nairobi,2026-01-16
Nairobi Supermarkets,Wheat Flour,Mama Home Baking Flour,-,-,-,76.50/Kg,,Nairobi,2026-01-16
Nairobi Supermarkets,Wheat Flour,Kifaru All Purpose HBF,-,-,-,77.50/Kg,,Nairobi,2026-01-16
Malimili Livestock Market,Chicken,Improved Kienyeji,-,Male,800.00/Head,-,25.0,Kakamega,2026-01-16
Nairobi Supermarkets,Wheat Flour,Golden All Purpose,-,-,-,82.00/Kg,,Nairobi,2026-01-16
Nairobi Supermarkets,Wheat Flour,Exe self raising,-,-,-,92.50/Kg,,Nairobi,2026-01-16
Nairobi Supermarkets,Wheat Flour,Exe Mandazi Fortified Wheat Flour,-,-,-,91.50/Kg,,Nairobi,2026-01-16
Nairobi Supermarkets,Wheat Flour,Exe Chapati fortified wheat flour,-,-,-,88.00/Kg,,Nairobi,2026-01-16
Nairobi Supermarkets,Wheat Flour,Exe brown bread,-,-,-,91.00/Kg,,Nairobi,2026-01-16
Nairobi Supermarkets,Wheat Flour,Exe Atta Mark 1,-,-,-,90.50/Kg,,Nairobi,2026-01-16
Malimili Livestock Market,Chicken,Improved Kienyeji,-,Female,800.00/Head,-,30.0,Kakamega,2026-01-16
Nairobi Supermarkets,Wheat Flour,Exe All purpose fortified wheat flour,-,-,-,84.00/Kg,,Nairobi,2026-01-16
Nairobi Supermarkets,Wheat Flour,Elliots self raising flour,-,-,-,90.50/Kg,,Nairobi,2026-01-16
Nairobi Supermarkets,Wheat Flour,Elliots all purpose HBK,-,-,-,82.00/Kg,,Nairobi,2026-01-16
Nairobi Supermarkets,Wheat Flour,Dola premium all pupose,-,-,-,81.50/Kg,,Nairobi,2026-01-16
Nairobi Supermarkets,Wheat Flour,Dola Atta Mark 1,-,-,-,82.00/Kg,,Nairobi,2026-01-16
Nairobi Supermarkets,Wheat Flour,Chapati Afya,-,-,-,135.50/Kg,,Nairobi,2026-01-16
Nairobi Supermarkets,Wheat Flour,Ajab fortofied self raising,-,-,-,85.00/Kg,,Nairobi,2026-01-16
Malimili Livestock Market,Chicken,Improved Kienyeji,-,Male,1000.00/Head,-,55.0,Kakamega,2026-01-16
Nairobi Supermarkets,Wheat Flour,Ajab fortigied Home Baking flour,-,-,-,85.00/Kg,,Nairobi,2026-01-16
Nairobi Supermarkets,Wheat Flour,Ajab fortified mandazi flour,-,-,-,84.50/Kg,,Nairobi,2026-01-16
Malimili Livestock Market,Chicken,Indigenous,-,Male,700.00/Head,-,20.0,Kakamega,2026-01-16
Nairobi Supermarkets,Wheat Flour,210 Home baking flour,-,-,-,80.00/Kg,,Nairobi,2026-01-16
Nairobi Supermarkets,Wheat Flour,210 Atta Mark 1,-,-,-,77.50/Kg,,Nairobi,2026-01-16
Malimili Livestock Market,Chicken,Indigenous,-,Male,1100.00/Head,-,40.0,Kakamega,2026-01-16
Malimili Livestock Market,Chicken,Indigenous,-,Male,1100.00/Head,-,40.0,Kakamega,2026-01-16
Malimili Livestock Market,Chicken,Indigenous,-,Male,1100.00/Head,-,40.0,Kakamega,2026-01-16
Nairobi Supermarkets,Maize Flour,Ugali Afya,-,-,-,146.50/Kg,,Nairobi,2026-01-16
Nairobi Supermarkets,Maize Flour,Soko,-,-,-,80.50/Kg,,Nairobi,2026-01-16
Nairobi Supermarkets,Maize Flour,Raha Premium,-,-,-,100.50/Kg,,Nairobi,2026-01-16
Nairobi Supermarkets,Maize Flour,Pembe,-,-,-,82.00/Kg,,Nairobi,2026-01-16
Nairobi Supermarkets,Maize Flour,Oryx,-,-,-,82.50/Kg,,Nairobi,2026-01-16
Nairobi Supermarkets,Maize Flour,Ndovu,-,-,-,71.00/Kg,,Nairobi,2026-01-16
Nairobi Supermarkets,Maize Flour,Mama,-,-,-,75.50/Kg,,Nairobi,2026-01-16
Nairobi Supermarkets,Maize Flour,Jogoo wimbi,-,-,-,139.50/Kg,,Nairobi,2026-01-16
Nairobi Supermarkets,Maize Flour,Jogoo,-,-,-,77.00/Kg,,Nairobi,2026-01-16
Nairobi Supermarkets,Maize Flour,Hostess,-,-,-,94.00/Kg,,Nairobi,2026-01-16
Nairobi Supermarkets,Maize Flour,Equatorial afya ugali,-,-,-,136.00/Kg,,Nairobi,2026-01-16
Nairobi Supermarkets,Maize Flour,Dola,-,-,-,77.00/Kg,,Nairobi,2026-01-16
Nairobi Supermarkets,Maize Flour,Amaize,-,-,-,101.00/Kg,,Nairobi,2026-01-16
Nairobi Supermarkets,Maize Flour,Ajab,-,-,-,85.50/Kg,,Nairobi,2026-01-16
Nairobi Supermarkets,Maize Flour,210(two ten),-,-,-,77.00/Kg,,Nairobi,2026-01-16
Diani Market,Ginger,-,-,-,180.00/Kg,200.00/Kg,400.0,Kwale,2026-01-16
Diani Market,Kales/Sukuma Wiki,-,-,-,40.00/Kg,60.00/Kg,300.0,Kwale,2026-01-16
Diani Market,Okra (Lady's fingers or Gumbo),-,-,-,60.00/Kg,80.00/Kg,350.0,Kwale,2026-01-16
Diani Market,Spinach,-,-,-,40.00/Kg,60.00/Kg,300.0,Kwale,2026-01-16
Diani Market,Tomatoes,-,-,-,80.00/Kg,100.00/Kg,3000.0,Kwale,2026-01-16
Diani Market,Arrow Root,-,-,-,120.00/Kg,150.00/Kg,2000.0,Kwale,2026-01-16
Diani Market,Sweet potatoes,-,-,-,80.00/Kg,100.00/Kg,3000.0,Kwale,2026-01-16
Kangemi Market,Avocado,Fuerte,-,-,-,100.00/Kg,,Nairobi,2026-01-16
Kangemi Market,Oranges,-,-,-,140.00/Kg,170.00/Kg,,Nairobi,2026-01-16
Kangemi Market,Pineapples,-,-,-,65.00/Kg,80.00/Kg,,Nairobi,2026-01-16
Kangemi Market,White Irish Potatoes,-,-,-,-,80.00/Kg,,Nairobi,2026-01-16
Kangemi Market,Sweet potatoes,-,-,-,55.00/Kg,80.00/Kg,,Nairobi,2026-01-16
Kangemi Market,Dry Maize,White Maize,-,-,4500.00/Kg,5000.00/Kg,,Nairobi,2026-01-16
Kangemi Market,Rice,Pishori,-,-,150.00/Kg,170.00/Kg,,Nairobi,2026-01-16
Kangemi Market,Beans Rosecoco,-,-,-,112.22/Kg,120.00/Kg,,Nairobi,2026-01-16
Kangemi Market,Ground Nuts,Large Brown,-,-,310.00/Kg,-,,Nairobi,2026-01-16
Kangemi Market,Green Grams,Makueni,-,-,161.11/Kg,170.00/Kg,,Nairobi,2026-01-16
Kangemi Market,Beans (Canadian wonder),-,-,-,98.89/Kg,105.00/Kg,,Nairobi,2026-01-16
Kangemi Market,Beans Red Haricot (Wairimu),-,-,-,83.33/Kg,95.00/Kg,,Nairobi,2026-01-16
Kangemi Market,Beans Rosecoco (Nyayo),-,-,-,105.56/Kg,110.00/Kg,,Nairobi,2026-01-16
Kangemi Market,Beans (Yellow-Green),-,-,-,116.67/Kg,125.00/Kg,,Nairobi,2026-01-16
Kangemi Market,Dolichos lablab (Njahi),-,-,-,78.89/Kg,85.00/Kg,,Nairobi,2026-01-16
Kabati - Muranga,Pork,-,-,-,-,700.00/Kg,,Muranga,2026-01-16
Kabati - Muranga,Eggs,Exotic/Grade,-,-,-,400.00/Tray(30),,Muranga,2026-01-16
Kabati - Muranga,Cow Milk(Processd),-,-,-,100.00/Lt,110.00/Lt,,Muranga,2026-01-16
Kabati - Muranga,Cow Milk(At collection point),-,-,-,45.00/Lt,70.00/Lt,,Muranga,2026-01-16
Kabati - Muranga,Water Melon,-,-,-,-,60.00/Kg,,Muranga,2026-01-16
Kabati - Muranga,Tree tomato,-,-,-,70.00/Kg,10.00/Kg,,Muranga,2026-01-16
Kabati - Muranga,Thorn melon,-,-,-,45.00/Kg,60.00/Kg,,Muranga,2026-01-16
Kabati - Muranga,Tangerine (Sandara),-,-,-,45.00/Kg,70.00/Kg,,Muranga,2026-01-16
Kabati - Muranga,Pineapples,-,-,-,22.50/Kg,30.00/Kg,,Muranga,2026-01-16
Kabati - Muranga,Oranges,-,-,-,50.00/Kg,70.00/Kg,,Muranga,2026-01-16
Kabati - Muranga,Mangoes,Improved,-,-,40.00/Kg,80.00/Kg,,Muranga,2026-01-16
Kabati - Muranga,Lemons,-,-,-,50.00/Kg,70.00/Kg,,Muranga,2026-01-16
Kabati - Muranga,Grapes,White,-,-,480.00/Kg,600.00/Kg,,Muranga,2026-01-16
Kabati - Muranga,Banana (Ripening),-,-,-,18.00/Kg,35.00/Kg,,Muranga,2026-01-16
Kabati - Muranga,Avocado,Fuerte,-,-,60.00/Kg,120.00/Kg,,Muranga,2026-01-16
Kabati - Muranga,Apples,-,-,-,120.00/Kg,180.00/Kg,,Muranga,2026-01-16
Kabati - Muranga,Tomatoes,-,-,-,30.00/Kg,45.00/Kg,,Muranga,2026-01-16
Kabati - Muranga,Tomatoes,-,-,-,35.00/Kg,50.00/Kg,,Muranga,2026-01-16
Kabati - Muranga,Spinach,-,-,-,35.00/Kg,50.00/Kg,,Muranga,2026-01-16
Kabati - Muranga,Pumpkin,-,-,-,80.00/Kg,100.00/Kg,,Muranga,2026-01-16
Kabati - Muranga,Kales/Sukuma Wiki,-,-,-,35.00/Kg,50.00/Kg,,Muranga,2026-01-16
Kabati - Muranga,Green Maize,-,-,-,60.00/Kg,80.00/Kg,,Muranga,2026-01-16
Kabati - Muranga,Ginger,-,-,-,400.00/Kg,480.00/Kg,,Muranga,2026-01-16
Kabati - Muranga,Garlic,-,-,-,400.00/Kg,480.00/Kg,,Muranga,2026-01-16
Kabati - Muranga,Fresh Peas,Shelled Peas,-,-,-,280.00/Kg,,Muranga,2026-01-16
Kabati - Muranga,French beans,-,-,-,45.00/Kg,55.00/Kg,,Muranga,2026-01-16
Kabati - Muranga,Coriander (Dhania),-,-,-,35.00/Kg,50.00/Kg,,Muranga,2026-01-16
Kabati - Muranga,Chillies,-,-,-,60.00/Kg,120.00/Kg,,Muranga,2026-01-16
Kabati - Muranga,Capsicums,-,-,-,40.00/Kg,60.00/Kg,,Muranga,2026-01-16
Kabati - Muranga,Cabbages,-,-,-,30.00/Kg,45.00/Kg,,Muranga,2026-01-16
Kabati - Muranga,Butternuts,-,-,-,53.33/Kg,66.67/Kg,,Muranga,2026-01-16
Kabati - Muranga,Banana (Plantain),-,-,-,18.00/Kg,35.00/Kg,,Muranga,2026-01-16
Kabati - Muranga,Banana (Cooking),-,-,-,18.00/Kg,35.00/Kg,,Muranga,2026-01-16
Mumias,Tomatoes,-,-,-,-,76.92/Kg,,Kakamega,2026-01-16
Mumias,Spring Onions,-,-,-,-,100.00/Kg,,Kakamega,2026-01-16
Mumias,Spinach,-,-,-,-,83.33/Kg,,Kakamega,2026-01-16
Mumias,Pumpkin,-,-,-,-,62.50/Kg,,Kakamega,2026-01-16
Mumias,Kales/Sukuma Wiki,-,-,-,-,80.00/Kg,,Kakamega,2026-01-16
Mumias,Ginger,-,-,-,-,312.50/Kg,,Kakamega,2026-01-16
Mumias,Garlic,-,-,-,-,500.00/Kg,,Kakamega,2026-01-16
Mumias,Fresh Peas,Shelled Peas,-,-,-,136.36/Kg,,Kakamega,2026-01-16
Mumias,Dry Onions,-,-,-,-,125.00/Kg,,Kakamega,2026-01-16
Mumias,Cucumber,-,-,-,-,125.00/Kg,,Kakamega,2026-01-16
Mumias,Coriander (Dhania),-,-,-,-,333.33/Kg,,Kakamega,2026-01-16
Mumias,Chillies,-,-,-,-,125.00/Kg,,Kakamega,2026-01-16
Mumias,Carrots,-,-,-,-,83.33/Kg,,Kakamega,2026-01-16
Mumias,Capsicums,-,-,-,-,166.67/Kg,,Kakamega,2026-01-16
Mumias,Cabbages,-,-,-,-,35.71/Kg,,Kakamega,2026-01-16
Mumias,Butternuts,-,-,-,-,83.33/Kg,,Kakamega,2026-01-16
Mumias,Banana (Plantain),-,-,-,-,47.62/Kg,,Kakamega,2026-01-16
Mumias,Banana (Cooking),-,-,-,-,41.67/Kg,,Kakamega,2026-01-16
Mumias,Njugu Mawe,-,-,-,-,545.45/Kg,,Kakamega,2026-01-16
Mumias,Mixed Beans,-,-,-,-,118.18/Kg,,Kakamega,2026-01-16
Mumias,Lentils,-,-,-,-,480.00/Kg,,Kakamega,2026-01-16
Mumias,Ground Nuts,Small Red,-,-,-,261.90/Kg,,Kakamega,2026-01-16
Mumias,Ground Nuts,Large Brown,-,-,-,257.14/Kg,,Kakamega,2026-01-16
Mumias,Green Grams,Local-Special,-,-,-,120.00/Kg,,Kakamega,2026-01-16
Mumias,Green Grams,Hybrid/ polished,-,-,-,180.00/Kg,,Kakamega,2026-01-16
Mumias,Dry Peas,-,-,-,-,260.00/Kg,,Kakamega,2026-01-16
Mumias,Dolichos lablab (Njahi),-,-,-,-,240.00/Kg,,Kakamega,2026-01-16
Mumias,Cowpeas,-,-,-,-,130.43/Kg,,Kakamega,2026-01-16
Mumias,Beans Rosecoco (Nyayo),-,-,-,-,180.00/Kg,,Kakamega,2026-01-16
Mumias,Beans Rosecoco,-,-,-,-,173.91/Kg,,Kakamega,2026-01-16
Mumias,Beans Red Haricot (Wairimu),-,-,-,-,116.67/Kg,,Kakamega,2026-01-16
Mumias,Beans (Yellow-Green),-,-,-,-,173.91/Kg,,Kakamega,2026-01-16
Mumias,Beans (Mwitemania),-,-,-,-,136.36/Kg,,Kakamega,2026-01-16
Mumias,Beans (Mwezi Moja),-,-,-,-,136.36/Kg,,Kakamega,2026-01-16
Mumias,Beans (Canadian wonder),-,-,-,-,160.87/Kg,,Kakamega,2026-01-16
Mumias,Coconut,-,-,-,-,166.67/Kg,,Kakamega,2026-01-16
Mumias,Fertilizer,Urea,-,-,-,92.00/Kg,,Kakamega,2026-01-16
Mumias,Fertilizer,NPK,-,-,-,102.00/Kg,,Kakamega,2026-01-16
Mumias,Fertilizer,CAN,-,-,-,68.00/Kg,,Kakamega,2026-01-16
Mumias,Fertilizer,DAP,-,-,-,104.00/Kg,,Kakamega,2026-01-16
Katito,Sheep,Red Maasai,Grade 2,Male,6500.00/Head,-,650.0,Kisumu,2026-01-15
Katito,Goat,East African Goat,Grade 2,Female,6200.00/Head,-,950.0,Kisumu,2026-01-15
Katito,Goat,East African Goat,Grade 2,Male,7500.00/Head,-,1200.0,Kisumu,2026-01-15
Katito,Cattle,Zebu,Grade 3,Female,32000.00/Head,-,840.0,Kisumu,2026-01-15
Katito,Cattle,Zebu,Grade 4,Male,38000.00/Head,-,540.0,Kisumu,2026-01-15
Katito,Water Melon,-,-,-,62.97/Kg,100.00/Kg,1500.0,Kisumu,2026-01-15
Katito,Mangoes,Improved,-,-,70.00/Kg,108.23/Kg,6500.0,Kisumu,2026-01-15
Katito,Rice,IRR,-,-,300.00/Kg,205.64/Kg,5500.0,Kisumu,2026-01-15
Katito,Green Grams,Local-Special,-,-,150.00/Kg,154.05/Kg,3500.0,Kisumu,2026-01-15
Katito,Chicken,Indigenous,-,Female,950.00/Head,-,1300.0,Kisumu,2026-01-15
Katito,Chicken,Indigenous,-,Male,1100.00/Head,-,950.0,Kisumu,2026-01-15
Katito,Finger Millet,-,-,-,135.00/Kg,182.29/Kg,3800.0,Kisumu,2026-01-15
Katito,Beans (Mwezi Moja),-,-,-,166.67/Kg,124.16/Kg,6500.0,Kisumu,2026-01-15
Katito,Beans Rosecoco,-,-,-,177.78/Kg,148.56/Kg,4500.0,Kisumu,2026-01-15
Katito,Red Irish potato,-,-,-,90.00/Kg,96.71/Kg,8500.0,Kisumu,2026-01-15
Katito,Kales/Sukuma Wiki,-,-,-,37.50/Kg,126.58/Kg,6800.0,Kisumu,2026-01-15
Katito,Cabbages,-,-,-,22.94/Kg,26.46/Kg,3500.0,Kisumu,2026-01-15
Katito,Spring Onions,-,-,-,75.00/Kg,74.18/Kg,1500.0,Kisumu,2026-01-15
Katito,Tomatoes,-,-,-,160.00/Kg,77.12/Kg,6500.0,Kisumu,2026-01-15
Katito,Banana (Cooking),-,-,-,28.13/Kg,50.00/Kg,1800.0,Kisumu,2026-01-15
Katito,Omena,Dried,-,-,177.78/Kg,588.24/Kg,7500.0,Kisumu,2026-01-15
Katito,Tilapia,Fresh,-,-,350.00/Kg,663.45/Kg,3500.0,Kisumu,2026-01-15
Katito,Nile Perch,Fillet,-,-,36.36/Kg,447.23/Kg,2500.0,Kisumu,2026-01-15
Katito,Dry Maize,White Maize,-,-,50.00/Kg,53.45/Kg,7500.0,Kisumu,2026-01-15
Katito,Ground Nuts,Large Brown,-,-,200.00/Kg,267.90/Kg,2500.0,Kisumu,2026-01-15
Diani Market,Okra (Lady's fingers or Gumbo),-,-,-,60.00/Kg,80.00/Kg,250.0,Kwale,2026-01-15
Diani Market,Egg plant (Brinjals),-,-,-,40.00/Kg,60.00/Kg,400.0,Kwale,2026-01-15
Diani Market,Cabbages,-,-,-,80.00/Kg,100.00/Kg,2500.0,Kwale,2026-01-15
Diani Market,Capsicums,-,-,-,80.00/Kg,100.00/Kg,400.0,Kwale,2026-01-15
Diani Market,Carrots,-,-,-,60.00/Kg,80.00/Kg,450.0,Kwale,2026-01-15
Diani Market,Garlic,-,-,-,500.00/Kg,550.00/Kg,300.0,Kwale,2026-01-15
Diani Market,Dry Onions,-,-,-,100.00/Kg,120.00/Kg,1500.0,Kwale,2026-01-15
Diani Market,Tomatoes,-,-,-,100.00/Kg,200.00/Kg,6000.0,Kwale,2026-01-15
Maua,Arrow Root,-,-,-,50.00/Kg,70.00/Kg,1000.0,Meru,2026-01-15
Maua,Sweet potatoes,-,-,-,45.00/Kg,80.00/Kg,800.0,Meru,2026-01-15
Maua,White Irish Potatoes,-,-,-,50.00/Kg,70.00/Kg,40000.0,Meru,2026-01-15
Maua,Carrots,-,-,-,45.00/Kg,60.00/Kg,6000.0,Meru,2026-01-15
Maua,Fresh Peas,On pods,-,-,100.00/Kg,120.00/Kg,2000.0,Meru,2026-01-15
Maua,Spinach,-,-,-,30.00/Kg,50.00/Kg,300.0,Meru,2026-01-15
Maua,Spinach,-,-,-,15.00/Kg,40.00/Kg,560.0,Meru,2026-01-15
Maua,Spring Onions,-,-,-,50.00/Kg,70.00/Kg,1200.0,Meru,2026-01-15
Maua,Capsicums,-,-,-,60.00/Kg,80.00/Kg,2600.0,Meru,2026-01-15
Maua,Dry Onions,-,-,-,80.00/Kg,100.00/Kg,8000.0,Meru,2026-01-15
Maua,Tomatoes,-,-,-,35.00/Kg,50.00/Kg,18000.0,Meru,2026-01-15
Kinango,Tomatoes,-,-,-,55.56/Kg,80.00/Kg,6000.0,Kwale,2026-01-15
Kinango,White Irish Potatoes,-,-,-,57.89/Kg,80.00/Kg,6000.0,Kwale,2026-01-15
Lubao Livestock Market,Sheep,Red Maasai,Grade 2,Male,6000.00/Head,-,50.0,Kakamega,2026-01-15
Kerugoya,White Irish Potatoes,-,-,-,40.00/Kg,70.00/Kg,2300.0,Kirinyaga,2026-01-15
Lubao Livestock Market,Goat,East African Goat,Grade 2,Male,6000.00/Head,-,70.0,Kakamega,2026-01-15
Kerugoya,Thorn melon,-,-,-,30.00/Kg,60.00/Kg,150.0,Kirinyaga,2026-01-15
Lubao Livestock Market,Pigs,Interbreed,-,Male,20000.00/Head,-,6.0,Kakamega,2026-01-15
Lubao Livestock Market,Chicken,Improved Kienyeji,-,Female,800.00/Head,-,150.0,Kakamega,2026-01-15
Kerugoya,Passion Fruits,-,-,-,180.00/Kg,250.00/Kg,250.0,Kirinyaga,2026-01-15
Kerugoya,Oranges,-,-,-,60.00/Kg,120.00/Kg,300.0,Kirinyaga,2026-01-15
Lubao Livestock Market,Chicken,Improved Kienyeji,-,Male,1200.00/Head,-,200.0,Kakamega,2026-01-15
Kerugoya,Mangoes,Improved,-,-,60.00/Kg,120.00/Kg,300.0,Kirinyaga,2026-01-15
Lubao Livestock Market,Cattle,Mixed,Grade 2,Male,60000.00/Head,-,100.0,Kakamega,2026-01-15
Kerugoya,Banana (Ripening),-,-,-,20.00/Kg,50.00/Kg,300.0,Kirinyaga,2026-01-15
Kerugoya,Rice,Pishori,-,-,150.00/Kg,180.00/Kg,2200.0,Kirinyaga,2026-01-15
Lubao Livestock Market,Cattle,Mixed,Grade 2,Male,65000.00/Head,-,150.0,Kakamega,2026-01-15
Kerugoya,Dry Maize,White Maize,-,-,55.00/Kg,70.00/Kg,4500.0,Kirinyaga,2026-01-15
Kerugoya,Tomatoes,-,-,-,25.00/Kg,50.00/Kg,1800.0,Kirinyaga,2026-01-15
Kerugoya,Pumpkin,-,-,-,45.00/Kg,80.00/Kg,200.0,Kirinyaga,2026-01-15
Kerugoya,Kales/Sukuma Wiki,-,-,-,20.00/Kg,40.00/Kg,200.0,Kirinyaga,2026-01-15
Kerugoya,Green Maize,-,-,-,64.00/Kg,80.00/Kg,180.0,Kirinyaga,2026-01-15
Kerugoya,Ginger,-,-,-,175.00/Kg,250.00/Kg,180.0,Kirinyaga,2026-01-15
Kerugoya,Dry Onions,-,-,-,40.00/Kg,80.00/Kg,2400.0,Kirinyaga,2026-01-15
Kerugoya,Courgette,-,-,-,40.00/Kg,80.00/Kg,350.0,Kirinyaga,2026-01-15
Kerugoya,Carrots,-,-,-,40.00/Kg,70.00/Kg,400.0,Kirinyaga,2026-01-15
Kerugoya,Capsicums,-,-,-,30.00/Kg,70.00/Kg,300.0,Kirinyaga,2026-01-15
Kerugoya,Cabbages,-,-,-,20.00/Kg,30.00/Kg,350.0,Kirinyaga,2026-01-15
Kerugoya,Butternuts,-,-,-,70.00/Kg,100.00/Kg,180.0,Kirinyaga,2026-01-15
Kerugoya,Banana (Cooking),-,-,-,15.00/Kg,30.00/Kg,800.0,Kirinyaga,2026-01-15
Kerugoya,Dry Peas,-,-,-,180.00/Kg,220.00/Kg,600.0,Kirinyaga,2026-01-15
Kerugoya,Pigeon peas,-,-,-,130.00/Kg,175.00/Kg,2300.0,Kirinyaga,2026-01-15
Kerugoya,Mixed Beans,-,-,-,110.00/Kg,140.00/Kg,1200.0,Kirinyaga,2026-01-15
Kerugoya,Lentils,-,-,-,230.00/Kg,300.00/Kg,1250.0,Kirinyaga,2026-01-15
Kerugoya,Ground Nuts,Large Brown,-,-,250.00/Kg,350.00/Kg,850.0,Kirinyaga,2026-01-15
Kerugoya,Green Grams,Makueni,-,-,130.00/Kg,175.00/Kg,1600.0,Kirinyaga,2026-01-15
Kerugoya,Green Grams,Local-Special,-,-,120.00/Kg,150.00/Kg,1550.0,Kirinyaga,2026-01-15
Kerugoya,Dolichos lablab (Njahi),-,-,-,120.00/Kg,150.00/Kg,1650.0,Kirinyaga,2026-01-15
Kerugoya,Cowpeas,-,-,-,100.00/Kg,140.00/Kg,2300.0,Kirinyaga,2026-01-15
Kerugoya,Beans Rosecoco (Nyayo),-,-,-,135.00/Kg,175.00/Kg,2500.0,Kirinyaga,2026-01-15
Kerugoya,Beans Rosecoco,-,-,-,130.00/Kg,170.00/Kg,2600.0,Kirinyaga,2026-01-15
Kerugoya,Beans Red Haricot (Wairimu),-,-,-,120.00/Kg,150.00/Kg,2700.0,Kirinyaga,2026-01-15
Kerugoya,Beans (Yellow-Green),-,-,-,145.00/Kg,200.00/Kg,1650.0,Kirinyaga,2026-01-15
Kerugoya,Beans (Mwitemania),-,-,-,130.00/Kg,170.00/Kg,2300.0,Kirinyaga,2026-01-15
Kerugoya,Beans (Mwezi Moja),-,-,-,120.00/Kg,150.00/Kg,2500.0,Kirinyaga,2026-01-15
Kinango,Water Melon,-,-,-,28.00/Kg,50.00/Kg,2000.0,Kwale,2026-01-15
Kinango,Oranges,-,-,-,40.00/Kg,60.00/Kg,600.0,Kwale,2026-01-15
Kinango,Mangoes,Local,-,-,58.00/Kg,100.00/Kg,2500.0,Kwale,2026-01-15
Kinango,Lemons,-,-,-,45.00/Kg,65.00/Kg,300.0,Kwale,2026-01-15
Kinango,Banana (Ripening),-,-,-,45.00/Kg,65.00/Kg,2500.0,Kwale,2026-01-15
Kinango,Avocado,Local,-,-,55.00/Kg,90.00/Kg,500.0,Kwale,2026-01-15
Kinango,Omena,Dried,-,-,514.29/Kg,560.00/Kg,1820.0,Kwale,2026-01-15
Kinango,Black nightshade (Managu/ Osuga),-,-,-,55.00/Kg,75.00/Kg,500.0,Kwale,2026-01-15
Kinango,Amaranthus (Terere),-,-,-,38.00/Kg,60.00/Kg,1200.0,Kwale,2026-01-15
Kinango,Spinach,-,-,-,48.00/Kg,70.00/Kg,400.0,Kwale,2026-01-15
Kinango,Kales/Sukuma Wiki,-,-,-,40.00/Kg,60.00/Kg,2000.0,Kwale,2026-01-15
Kinango,Green Maize,-,-,-,48.00/Kg,70.00/Kg,600.0,Kwale,2026-01-15
Kinango,Ginger,-,-,-,198.00/Kg,250.00/Kg,600.0,Kwale,2026-01-15
Kinango,Garlic,-,-,-,450.00/Kg,550.00/Kg,400.0,Kwale,2026-01-15
Kinango,Egg plant (Brinjals),-,-,-,70.00/Kg,120.00/Kg,500.0,Kwale,2026-01-15
Kinango,Dry Onions,-,-,-,100.00/Kg,150.00/Kg,1500.0,Kwale,2026-01-15
Kinango,Coriander (Dhania),-,-,-,80.00/Kg,120.00/Kg,150.0,Kwale,2026-01-15
Kinango,Chillies,-,-,-,98.00/Kg,150.00/Kg,200.0,Kwale,2026-01-15
Kinango,Carrots,-,-,-,80.00/Kg,120.00/Kg,500.0,Kwale,2026-01-15
Kinango,Capsicums,-,-,-,97.00/Kg,150.00/Kg,700.0,Kwale,2026-01-15
Kinango,Cabbages,-,-,-,25.00/Kg,33.33/Kg,2000.0,Kwale,2026-01-15
Kinango,Banana (Cooking),-,-,-,47.00/Kg,65.00/Kg,600.0,Kwale,2026-01-15
Maua,Lentils,-,-,-,180.00/Kg,200.00/Kg,1000.0,Meru,2026-01-15
Maua,Pigeon peas,-,-,-,88.89/Kg,100.00/Kg,4500.0,Meru,2026-01-15
Maua,Green Grams,Hybrid/ polished,-,-,138.89/Kg,150.00/Kg,9000.0,Meru,2026-01-15
Maua,Cowpeas,-,-,-,100.00/Kg,120.00/Kg,1800.0,Meru,2026-01-15
Maua,Dolichos lablab (Njahi),-,-,-,83.33/Kg,100.00/Kg,9000.0,Meru,2026-01-15
Maua,Mixed Beans,-,-,-,14.00/Kg,90.00/Kg,1260.0,Meru,2026-01-15
Maua,Beans (Yellow-Green),-,-,-,133.33/Kg,150.00/Kg,900.0,Meru,2026-01-15
Maua,Beans Rosecoco (Nyayo),-,-,-,133.33/Kg,150.00/Kg,450.0,Meru,2026-01-15
Maua,Beans (Mwitemania),-,-,-,111.11/Kg,130.00/Kg,8100.0,Meru,2026-01-15
Maua,Rice,Pishori,-,-,160.00/Kg,150.00/Kg,6000.0,Meru,2026-01-15
Maua,Rice,Sindano,-,-,140.00/Kg,160.00/Kg,3800.0,Meru,2026-01-15
Maua,Wheat,-,-,-,86.67/Kg,100.00/Kg,900.0,Meru,2026-01-15
Maua,White Sorghum,-,-,-,80.00/kg,90.00/kg,1000.0,Meru,2026-01-15
Maua,Red Sorghum,-,-,-,80.00/Kg,90.00/Kg,1500.0,Meru,2026-01-15
Maua,Pearl Rush Millet,-,-,-,100.00/Kg,110.00/Kg,2800.0,Meru,2026-01-15
Maua,Finger Millet,-,-,-,130.00/Kg,140.00/Kg,2400.0,Meru,2026-01-15
Maua,Dry Maize,White Maize,-,-,50.00/Kg,60.00/Kg,7200.0,Meru,2026-01-15
Gikomba,Wheat,-,-,-,64.44/Kg,100.00/Kg,,Nairobi,2026-01-15
Gikomba,Rice,Sindano,-,-,160.00/Kg,160.00/Kg,,Nairobi,2026-01-15
Gikomba,Rice,Pishori,-,-,160.00/Kg,180.00/Kg,,Nairobi,2026-01-15
Gikomba,Red Sorghum,-,-,-,72.22/Kg,100.00/Kg,,Nairobi,2026-01-15
Gikomba,Pearl Rush Millet,-,-,-,124.00/Kg,170.00/Kg,,Nairobi,2026-01-15
Gikomba,Finger Millet,-,-,-,83.33/Kg,140.00/Kg,,Nairobi,2026-01-15
Gikomba,Dry Maize,Yellow Maize,-,-,77.78/Kg,100.00/Kg,,Nairobi,2026-01-15
Gikomba,Dry Maize,White Maize,-,-,50.00/Kg,65.00/Kg,,Nairobi,2026-01-15
Gikomba,Lentils,-,-,-,260.00/Kg,300.00/Kg,,Nairobi,2026-01-15
Gikomba,Ground Nuts,Large Brown,-,-,166.67/Kg,275.00/Kg,,Nairobi,2026-01-15
Gikomba,Green Grams,Makueni,-,-,144.44/Kg,200.00/Kg,,Nairobi,2026-01-15
Gikomba,Dolichos lablab (Njahi),-,-,-,88.89/Kg,150.00/Kg,,Nairobi,2026-01-15
Gikomba,Cowpeas,-,-,-,88.89/Kg,150.00/Kg,,Nairobi,2026-01-15
Gikomba,Beans Rosecoco (Nyayo),-,-,-,1055.56/Kg,190.00/Kg,,Nairobi,2026-01-15
Gikomba,Beans Red Haricot (Wairimu),-,-,-,88.89/Kg,150.00/Kg,,Nairobi,2026-01-15
Gikomba,Beans (Yellow-Green),-,-,-,111.11/Kg,200.00/Kg,,Nairobi,2026-01-15
Ngundune,Meat Beef,-,-,-,600.00/Kg,700.00/Kg,3500.0,Meru,2026-01-15
Ngundune,Eggs,Indigenous /Kenyeji,-,-,450.00/Tray(30),600.00/Tray(30),15.0,Meru,2026-01-15
Ngundune,Eggs,Exotic/Grade,-,-,380.00/Tray(30),450.00/Tray(30),100.0,Meru,2026-01-15
Ngundune,Cow Milk(Processd),-,-,-,94.00/Lt,120.00/Lt,1200.0,Meru,2026-01-15
Ngundune,Cow Milk(At collection point),-,-,-,70.00/Lt,80.00/Lt,350.0,Meru,2026-01-15
Ngundune,Cattle,Mixed,Grade 3,Male,35000.00/Head,-,80.0,Meru,2026-01-15
Ngundune,Cattle,Other,Grade 3,Male,60000.00/Head,-,150.0,Meru,2026-01-15
Ngundune,Cattle,Boran,Grade 2,Female,68000.00/Head,-,50.0,Meru,2026-01-15
Ngundune,Cattle,Boran,Grade 3,Male,75000.00/Head,-,120.0,Meru,2026-01-15
Kipini Fish market,Rayfish,Dried,-,-,300.00/ Kg,400.00/ Kg,23.0,Tana-River,2026-01-15
Kipini Fish market,African butter catfish,Fresh,-,-,120.00/Kg,150.00/Kg,18.0,Tana-River,2026-01-15
Kipini Fish market,Jacks/Trevallies(Kolekole),Frozen/Chilled,-,-,270.00/ Kg,350.00/ Kg,285.0,Tana-River,2026-01-15
Kipini Fish market,Scavengers (Changu/Tangu),Frozen/Chilled,-,-,290.00/Kg,380.00/Kg,48.0,Tana-River,2026-01-15
Diani Market,Okra (Lady's fingers or Gumbo),-,-,-,60.00/Kg,80.00/Kg,250.0,Kwale,2026-01-14
Diani Market,Egg plant (Brinjals),-,-,-,40.00/Kg,60.00/Kg,400.0,Kwale,2026-01-14
Diani Market,Cabbages,-,-,-,80.00/Kg,100.00/Kg,2500.0,Kwale,2026-01-14
Diani Market,Capsicums,-,-,-,80.00/Kg,100.00/Kg,400.0,Kwale,2026-01-14
Diani Market,Carrots,-,-,-,60.00/Kg,80.00/Kg,450.0,Kwale,2026-01-14
Diani Market,Garlic,-,-,-,500.00/Kg,550.00/Kg,300.0,Kwale,2026-01-14
Diani Market,Dry Onions,-,-,-,100.00/Kg,120.00/Kg,1500.0,Kwale,2026-01-14
Diani Market,Tomatoes,-,-,-,80.00/Kg,100.00/Kg,6000.0,Kwale,2026-01-14
Mukuyu Market,Banana (Cooking),-,-,-,30.00/Kg,50.00/Kg,,Muranga,2026-01-14
Makutano Kirinyaga,Water Melon,-,-,-,20.00/Kg,40.00/Kg,2800.0,Kirinyaga,2026-01-14
Mukuyu Market,Banana (Plantain),-,-,-,70.00/Kg,100.00/Kg,,Muranga,2026-01-14
Makutano Kirinyaga,Thorn melon,-,-,-,30.00/Kg,50.00/Kg,550.0,Kirinyaga,2026-01-14
Mukuyu Market,Cabbages,-,-,-,-,50.00/Kg,,Muranga,2026-01-14
Mukuyu Market,Capsicums,-,-,-,-,100.00/Kg,,Muranga,2026-01-14
Makutano Kirinyaga,Mangoes,Improved,-,-,10.00/Kg,20.00/Kg,5600.0,Kirinyaga,2026-01-14
Mukuyu Market,Cauliflower,-,-,-,-,180.00/Kg,,Muranga,2026-01-14
Mukuyu Market,Chillies,-,-,-,50.00/Kg,100.00/Kg,,Muranga,2026-01-14
Makutano Kirinyaga,Lemons,-,-,-,60.00/Kg,80.00/Kg,350.0,Kirinyaga,2026-01-14
Mukuyu Market,Coriander (Dhania),-,-,-,50.00/Kg,100.00/Kg,,Muranga,2026-01-14
Mukuyu Market,Courgette,-,-,-,120.00/Kg,150.00/Kg,,Muranga,2026-01-14
Makutano Kirinyaga,Courgette,-,-,-,60.00/Kg,80.00/Kg,860.0,Kirinyaga,2026-01-14
Mukuyu Market,Cucumber,-,-,-,100.00/Kg,150.00/Kg,,Muranga,2026-01-14
Mukuyu Market,Dry Onions,-,-,-,80.00/Kg,100.00/Kg,,Muranga,2026-01-14
Mukuyu Market,Fresh Peas,On pods,-,-,100.00/Kg,120.00/Kg,,Muranga,2026-01-14
Makutano Kirinyaga,Carrots,-,-,-,40.00/Kg,60.00/Kg,2900.0,Kirinyaga,2026-01-14
Mukuyu Market,Garlic,-,-,-,-,350.00/Kg,,Muranga,2026-01-14
Mukuyu Market,Ginger,-,-,-,-,250.00/Kg,,Muranga,2026-01-14
Mukuyu Market,Green Maize,-,-,-,50.00/Kg,60.00/Kg,,Muranga,2026-01-14
Makutano Kirinyaga,Coriander (Dhania),-,-,-,70.00/Kg,100.00/Kg,320.0,Kirinyaga,2026-01-14
Mukuyu Market,Kales/Sukuma Wiki,-,-,-,15.00/Kg,20.00/Kg,,Muranga,2026-01-14
Makutano Kirinyaga,Dry Onions,-,-,-,80.00/Kg,100.00/Kg,3400.0,Kirinyaga,2026-01-14
Mukuyu Market,Pumpkin,-,-,-,100.00/Kg,150.00/Kg,,Muranga,2026-01-14
Mukuyu Market,Spinach,-,-,-,20.00/Kg,30.00/Kg,,Muranga,2026-01-14
Mukuyu Market,Spring Onions,-,-,-,80.00/Kg,100.00/Kg,,Muranga,2026-01-14
Mukuyu Market,Tomatoes,-,-,-,30.00/Kg,40.00/Kg,,Muranga,2026-01-14
Makutano Kirinyaga,Egg plant (Brinjals),-,-,-,30.00/Kg,45.00/Kg,1200.0,Kirinyaga,2026-01-14
Mukuyu Market,Cowpea leaves (Kunde),-,-,-,50.00/Kg,70.00/Kg,,Muranga,2026-01-14
Mukuyu Market,Black nightshade (Managu/ Osuga),-,-,-,40.00/Kg,60.00/Kg,,Muranga,2026-01-14
Mukuyu Market,Amaranthus (Terere),-,-,-,-,70.00/Kg,,Muranga,2026-01-14
Mukuyu Market,Dragon Fruit,-,-,-,-,350.00/Kg,,Muranga,2026-01-14
Mukuyu Market,Eggs,Indigenous /Kenyeji,-,-,-,600.00/Tray(30),,Muranga,2026-01-14
Mukuyu Market,Eggs,Exotic/Grade,-,-,-,380.00/Tray(30),,Muranga,2026-01-14
Mukuyu Market,Cow Milk(At collection point),-,-,-,-,45.00/Lt,,Muranga,2026-01-14
Makutano Kirinyaga,French beans,-,-,-,60.00/Kg,80.00/Kg,380.0,Kirinyaga,2026-01-14
Mukuyu Market,Pork,-,-,-,-,700.00/Kg,,Muranga,2026-01-14
Mukuyu Market,Meat Beef,-,-,-,-,600.00/Kg,,Muranga,2026-01-14
Makutano Kirinyaga,Fresh Peas,On pods,-,-,80.00/Kg,100.00/Kg,3700.0,Kirinyaga,2026-01-14
Makutano Kirinyaga,Garlic,-,-,-,320.00/Kg,400.00/Kg,600.0,Kirinyaga,2026-01-14
Makutano Kirinyaga,Ginger,-,-,-,200.00/Kg,280.00/Kg,650.0,Kirinyaga,2026-01-14
Mukuyu Market,Honey,Crude,-,-,-,800.00/Kg,,Muranga,2026-01-14
Mukuyu Market,Beans (Canadian wonder),-,-,-,-,150.00/Kg,,Muranga,2026-01-14
Mukuyu Market,Beans (Yellow-Green),-,-,-,-,175.00/Kg,,Muranga,2026-01-14
Makutano Kirinyaga,Green Maize,-,-,-,40.00/Kg,60.00/Kg,2400.0,Kirinyaga,2026-01-14
Mukuyu Market,Beans Rosecoco,-,-,-,-,300.00/Kg,,Muranga,2026-01-14
Mukuyu Market,Beans Rosecoco (Nyayo),-,-,-,-,150.00/Kg,,Muranga,2026-01-14
Makutano Kirinyaga,Kales/Sukuma Wiki,-,-,-,20.00/Kg,30.00/Kg,2500.0,Kirinyaga,2026-01-14
Mukuyu Market,Dolichos lablab (Njahi),-,-,-,-,110.00/Kg,,Muranga,2026-01-14
Mukuyu Market,Green Grams,Hybrid/ polished,-,-,-,150.00/Kg,,Muranga,2026-01-14
Mukuyu Market,Ground Nuts,Large Brown,-,-,-,350.00/Kg,,Muranga,2026-01-14
Makutano Kirinyaga,Pumpkin,-,-,-,35.00/Kg,50.00/Kg,3200.0,Kirinyaga,2026-01-14
Makutano Kirinyaga,Spinach,-,-,-,20.00/Kg,30.00/Kg,1800.0,Kirinyaga,2026-01-14
Mukuyu Market,Lentils,-,-,-,-,250.00/Kg,,Muranga,2026-01-14
Mukuyu Market,Pigeon peas,-,-,-,100.00/Kg,125.00/Kg,,Muranga,2026-01-14
Makutano Kirinyaga,Spring Onions,-,-,-,40.00/Kg,60.00/Kg,3400.0,Kirinyaga,2026-01-14
Mukuyu Market,Wheat Flour,210 Atta Mark 1,-,-,-,160.00/Kg,,Muranga,2026-01-14
Makutano Kirinyaga,Tomatoes,-,-,-,18.00/Kg,28.00/Kg,5200.0,Kirinyaga,2026-01-14
Mukuyu Market,Paddy Rice,Sindano,-,-,-,160.00/Kg,,Muranga,2026-01-14
Mukuyu Market,Paddy Rice,Pishori,-,-,-,180.00/Kg,,Muranga,2026-01-14
Makutano Kirinyaga,Pumpkin Leaves,-,-,-,38.00/Kg,50.00/Kg,950.0,Kirinyaga,2026-01-14
Mukuyu Market,Paddy Rice,IRR,-,-,-,90.00/Kg,,Muranga,2026-01-14
Makutano Kirinyaga,Jute Plant (Murenda),-,-,-,20.00/Kg,30.00/Kg,1050.0,Kirinyaga,2026-01-14
Mukuyu Market,Dry Maize,Mixed-Traditional,-,-,100.00/Kg,75.00/Kg,,Muranga,2026-01-14
Makutano Kirinyaga,Cowpea leaves (Kunde),-,-,-,18.00/Kg,30.00/Kg,850.0,Kirinyaga,2026-01-14
Makutano Kirinyaga,Black nightshade (Managu/ Osuga),-,-,-,40.00/Kg,50.00/Kg,2000.0,Kirinyaga,2026-01-14
Makutano Kirinyaga,Amaranthus (Terere),-,-,-,25.00/Kg,40.00/Kg,1800.0,Kirinyaga,2026-01-14
Mwingi Town,Chicken,Indigenous,-,Male,800.00/Head,-,150.0,Kitui,2026-01-14
Mwingi Town,Chicken,Indigenous,-,Male,1100.00/Head,-,100.0,Kitui,2026-01-14
Mwingi Town,Goat,Mixed,Grade 2,Female,8000.00/Head,-,220.0,Kitui,2026-01-14
Mwingi Town,Goat,Mixed,Grade 2,Male,9000.00/Head,-,200.0,Kitui,2026-01-14
Kakamega Town,Dry Maize,White Maize,-,-,38.89/Kg,50.00/Kg,20000.0,Kakamega,2026-01-14
Kakamega Town,Tomatoes,-,-,-,50.00/Kg,80.00/Kg,10000.0,Kakamega,2026-01-14
Kakamega Town,Dry Onions,-,-,-,80.00/Kg,120.00/Kg,6000.0,Kakamega,2026-01-14
Kakamega Town,Cabbages,-,-,-,20.00/Kg,33.33/Kg,7000.0,Kakamega,2026-01-14
Kakamega Town,Beans Rosecoco (Nyayo),-,-,-,154.00/Kg,175.00/Kg,8000.0,Kakamega,2026-01-14
Mwingi Town,Goat,Mixed,Grade 2,Female,9000.00/Head,-,100.0,Kitui,2026-01-14
Mwingi Town,Goat,Mixed,Grade 2,Male,13000.00/Head,-,100.0,Kitui,2026-01-14
Vanga,Scavengers (Changu/Tangu),Fresh,-,-,250.00/Kg,350.00/Kg,200.0,Kwale,2026-01-14
Vanga,Rabbitfish (Tafi/Tasi),Fresh,-,-,200.00/Kg,270.00/Kg,50.0,Kwale,2026-01-14
Vanga,Parrotfishes(Pono),Fresh,-,-,150.00/Kg,200.00/Kg,70.0,Kwale,2026-01-14
Vanga,Kingfish (Nguru),Fresh,-,-,200.00/Kg,250.00/Kg,360.0,Kwale,2026-01-14
Mwingi Town,Kales/Sukuma Wiki,-,-,-,30.00/Kg,50.00/Kg,2000.0,Kitui,2026-01-14
Vanga,Jacks/Trevallies(Kolekole),Fresh,-,-,200.00/ Kg,300.00/ Kg,300.0,Kwale,2026-01-14
Mwingi Town,Banana (Cooking),-,-,-,20.00/Kg,50.00/Kg,2500.0,Kitui,2026-01-14
Mwingi Town,Cabbages,-,-,-,33.33/Kg,40.00/Kg,6000.0,Kitui,2026-01-14
Mwingi Town,Capsicums,-,-,-,60.00/Kg,100.00/Kg,2500.0,Kitui,2026-01-14
Mwingi Town,Tomatoes,-,-,-,50.00/Kg,70.00/Kg,6000.0,Kitui,2026-01-14
Mwingi Town,Dry Onions,-,-,-,90.00/Kg,100.00/Kg,4500.0,Kitui,2026-01-14
Mwingi Town,Carrots,-,-,-,70.00/Kg,80.00/Kg,2500.0,Kitui,2026-01-14
Mwingi Town,Banana (Ripening),-,-,-,24.00/Kg,60.00/Kg,5000.0,Kitui,2026-01-14
Mwingi Town,Mangoes,Local,-,-,30.00/Kg,50.00/Kg,5000.0,Kitui,2026-01-14
Mwingi Town,Mangoes,Improved,-,-,40.00/Kg,50.00/Kg,3000.0,Kitui,2026-01-14
Mwingi Town,Pigeon peas,-,-,-,83.33/Kg,100.00/Kg,4500.0,Kitui,2026-01-14
Mwingi Town,Dolichos lablab (Njahi),-,-,-,80.00/Kg,100.00/Kg,5000.0,Kitui,2026-01-14
Mwingi Town,Beans (Yellow-Green),-,-,-,116.67/Kg,150.00/Kg,10000.0,Kitui,2026-01-14
Sabatia,Mixed Beans,-,-,-,102.22/Kg,108.70/Kg,720.0,Kakamega,2026-01-14
Sabatia,Green Grams,Local-Special,-,-,111.11/Kg,121.74/Kg,840.0,Kakamega,2026-01-14
Sabatia,Ground Nuts,Small Red,-,-,244.44/Kg,285.71/Kg,720.0,Kakamega,2026-01-14
Sabatia,Beans (Yellow-Green),-,-,-,168.89/Kg,173.91/Kg,270.0,Kakamega,2026-01-14
Sabatia,Finger Millet,-,-,-,111.11/Kg,121.74/Kg,720.0,Kakamega,2026-01-14
Sabatia,Red Sorghum,-,-,-,62.22/Kg,68.18/Kg,450.0,Kakamega,2026-01-14
Sabatia,Dry Maize,White Maize,-,-,43.33/Kg,47.83/Kg,9900.0,Kakamega,2026-01-14
Mwingi Town,Beans Rosecoco (Nyayo),-,-,-,105.56/Kg,120.00/Kg,10000.0,Kitui,2026-01-14
Sabatia,Dry Onions,-,-,-,90.00/Kg,150.00/Kg,3000.0,Kakamega,2026-01-14
Sabatia,Tomatoes,-,-,-,46.67/Kg,55.56/Kg,7500.0,Kakamega,2026-01-14
Mwingi Town,Dry Maize,White Maize,-,-,51.11/Kg,55.00/Kg,27000.0,Kitui,2026-01-14
Sabatia,Kales/Sukuma Wiki,-,-,-,58.33/Kg,72.73/Kg,900.0,Kakamega,2026-01-14
Sabatia,Cabbages,-,-,-,30.77/Kg,38.46/Kg,8006.0,Kakamega,2026-01-14
Sabatia,Sweet potatoes,-,-,-,36.00/Kg,38.46/Kg,750.0,Kakamega,2026-01-14
Sabatia,White Irish Potatoes,-,-,-,56.92/Kg,83.33/Kg,6500.0,Kakamega,2026-01-14
Sabatia,Mangoes,Improved,-,-,20.00/Kg,46.15/Kg,2000.0,Kakamega,2026-01-14
Sabatia,Duck,Black Swedish,Grade 1,Female,-,-,4.0,Kakamega,2026-01-14
Sabatia,Duck,Black Swedish,Grade 1,Male,-,-,2.0,Kakamega,2026-01-14
Sabatia,Chicken,Improved Kienyeji,-,Female,500.00/Head,-,35.0,Kakamega,2026-01-14
Sabatia,Chicken,Improved Kienyeji,-,Male,500.00/Head,-,30.0,Kakamega,2026-01-14
Sabatia,Chicken,Improved Kienyeji,-,Female,800.00/Head,-,6.0,Kakamega,2026-01-14
Sabatia,Chicken,Improved Kienyeji,-,Male,900.00/Head,-,1.0,Kakamega,2026-01-14
Sabatia,Chicken,Improved Kienyeji,-,Female,800.00/Head,-,12.0,Kakamega,2026-01-14
Sabatia,Chicken,Improved Kienyeji,-,Female,800.00/Head,-,12.0,Kakamega,2026-01-14
Sabatia,Chicken,Improved Kienyeji,-,Male,1200.00/Head,-,10.0,Kakamega,2026-01-14
Sabatia,Chicken,Indigenous,-,Female,350.00/Head,-,9.0,Kakamega,2026-01-14
Sabatia,Chicken,Indigenous,-,Male,350.00/Head,-,6.0,Kakamega,2026-01-14
Sabatia,Chicken,Indigenous,-,Female,700.00/Head,-,40.0,Kakamega,2026-01-14
Sabatia,Chicken,Indigenous,-,Male,900.00/Head,-,20.0,Kakamega,2026-01-14
Sabatia,Chicken,Indigenous,-,Female,900.00/Head,-,30.0,Kakamega,2026-01-14
Sabatia,Chicken,Indigenous,-,Male,1300.00/Head,-,15.0,Kakamega,2026-01-14
Mulot,Mangoes,Improved,-,-,60.00/Kg,80.00/Kg,3000.0,Bomet,2026-01-14
Mulot,Banana (Ripening),-,-,-,70.00/Kg,100.00/Kg,500.0,Bomet,2026-01-14
Mulot,Carrots,-,-,-,80.00/Kg,100.00/Kg,250.0,Bomet,2026-01-14
Mulot,Butternuts,-,-,-,40.00/Kg,50.00/Kg,300.0,Bomet,2026-01-14
Mulot,Cabbages,-,-,-,30.00/Kg,50.00/Kg,1200.0,Bomet,2026-01-14
Kangeta,White Irish Potatoes,-,-,-,74.00/Kg,76.00/Kg,11000.0,Meru,2026-01-14
Mulot,Tomatoes,-,-,-,73.53/Kg,105.00/Kg,3000.0,Bomet,2026-01-14
Kangeta,Pigeon peas,-,-,-,90.00/Kg,100.00/Kg,300.0,Meru,2026-01-14
Kangeta,Green Grams,Local-Special,-,-,130.00/Kg,140.00/Kg,400.0,Meru,2026-01-14
Kangeta,Dolichos lablab (Njahi),-,-,-,90.00/Kg,100.00/Kg,1200.0,Meru,2026-01-14
Kangeta,Cowpeas,-,-,-,90.00/Kg,100.00/Kg,300.0,Meru,2026-01-14
Kangeta,Beans (Yellow-Green),-,-,-,140.00/Kg,150.00/Kg,200.0,Meru,2026-01-14
Kangeta,Beans (Mwitemania),-,-,-,110.00/Kg,120.00/Kg,500.0,Meru,2026-01-14
Kangeta,Red Sorghum,-,-,-,70.00/Kg,80.00/Kg,500.0,Meru,2026-01-14
Kangeta,Pearl Rush Millet,-,-,-,90.00/Kg,100.00/Kg,600.0,Meru,2026-01-14
Kangeta,Dry Maize,White Maize,-,-,50.00/Kg,60.00/Kg,1000.0,Meru,2026-01-14
Mulot,Dry Onions,-,-,-,80.00/Kg,90.00/Kg,300.0,Bomet,2026-01-14
Kangeta,Water Melon,-,-,-,40.00/Kg,50.00/Kg,600.0,Meru,2026-01-14
Kangeta,Pawpaw,-,-,-,30.00/Kg,40.00/Kg,100.0,Meru,2026-01-14
Kangeta,Mangoes,Local,-,-,25.00/Kg,30.00/Kg,1200.0,Meru,2026-01-14
Kangeta,Lemons,-,-,-,80.00/Kg,90.00/Kg,20.0,Meru,2026-01-14
Kangeta,Banana (Ripening),-,-,-,40.00/Kg,50.00/Kg,800.0,Meru,2026-01-14
Mulot,Spider flower (Saga),-,-,-,120.00/Kg,150.00/Kg,380.0,Bomet,2026-01-14
Kangeta,Apples,-,-,-,140.00/Kg,160.00/Kg,140.0,Meru,2026-01-14
Kangeta,Tomatoes,-,-,-,40.00/Kg,50.00/Kg,3600.0,Meru,2026-01-14
Kangeta,Spring Onions,-,-,-,70.00/Kg,80.00/Kg,120.0,Meru,2026-01-14
Kangeta,Spinach,-,-,-,35.00/Kg,40.00/Kg,300.0,Meru,2026-01-14
Kangeta,Kales/Sukuma Wiki,-,-,-,30.00/Kg,40.00/Kg,350.0,Meru,2026-01-14
Kangeta,Green Maize,-,-,-,50.00/Kg,60.00/Kg,900.0,Meru,2026-01-14
Kangeta,Ginger,-,-,-,240.00/Kg,260.00/Kg,50.0,Meru,2026-01-14
Mulot,Red Sorghum,-,-,-,72.22/Kg,80.00/Kg,580.0,Bomet,2026-01-14
Kangeta,Garlic,-,-,-,380.00/Kg,400.00/Kg,70.0,Meru,2026-01-14
Kangeta,Fresh Peas,On pods,-,-,100.00/Kg,120.00/Kg,350.0,Meru,2026-01-14
Kangeta,Fresh Peas,On pods,-,-,90.00/Kg,100.00/Kg,250.0,Meru,2026-01-14
Mulot,Dry Maize,White Maize,-,-,47.78/Kg,70.00/Kg,5400.0,Bomet,2026-01-14
Kangeta,French beans,-,-,-,110.00/Kg,120.00/Kg,15.0,Meru,2026-01-14
Kangeta,Dry Onions,-,-,-,90.00/Kg,100.00/Kg,2000.0,Meru,2026-01-14
Kangeta,Cucumber,-,-,-,160.00/Kg,170.00/Kg,30.0,Meru,2026-01-14
Kangeta,Courgette,-,-,-,110.00/Kg,120.00/Kg,50.0,Meru,2026-01-14
Kangeta,Coriander (Dhania),-,-,-,50.00/Kg,60.00/Kg,250.0,Meru,2026-01-14
Kangeta,Chillies,-,-,-,180.00/Kg,200.00/Kg,10.0,Meru,2026-01-14
Kangeta,Carrots,-,-,-,40.00/Kg,50.00/Kg,1600.0,Meru,2026-01-14
Kangeta,Carrots,-,-,-,60.00/Kg,70.00/Kg,750.0,Meru,2026-01-14
Kangeta,Capsicums,-,-,-,70.00/Kg,80.00/Kg,200.0,Meru,2026-01-14
Kangeta,Cabbages,-,-,-,25.00/Kg,30.00/Kg,2900.0,Meru,2026-01-14
Kangeta,Butternuts,-,-,-,60.00/Kg,70.00/Kg,180.0,Meru,2026-01-14
Kangeta,Banana (Cooking),-,-,-,20.00/Kg,25.00/Kg,550.0,Meru,2026-01-14
Nairobi Supermarkets,Wheat Flour,Winnie's Pure Health Atta Mark 1,-,-,-,128.50/Kg,,Nairobi,2026-01-14
Nairobi Supermarkets,Wheat Flour,Tropicana HBF,-,-,-,88.50/Kg,,Nairobi,2026-01-14
Nairobi Supermarkets,Wheat Flour,Soko Atta Mark 1,-,-,-,83.50/Kg,,Nairobi,2026-01-14
Nairobi Supermarkets,Wheat Flour,Soko All Purpose HBF,-,-,-,81.50/Kg,,Nairobi,2026-01-14
Nairobi Supermarkets,Wheat Flour,Phulka Atta Mark 1 Chapati Flour,-,-,-,80.50/Kg,,Nairobi,2026-01-14
Nairobi Supermarkets,Wheat Flour,Pembe Atta Mark 1,-,-,-,84.50/Kg,,Nairobi,2026-01-14
Nairobi Supermarkets,Wheat Flour,Pembe All Purpose HBF,-,-,-,83.50/Kg,,Nairobi,2026-01-14
Nairobi Supermarkets,Wheat Flour,Oboma all purpose HBF,-,-,-,79.00/Kg,,Nairobi,2026-01-14
Nairobi Supermarkets,Wheat Flour,Nutra Meal Atta Mark 1,-,-,-,135.00/Kg,,Nairobi,2026-01-14
Nairobi Supermarkets,Wheat Flour,Ndovu all purpose HBF,-,-,-,77.50/Kg,,Nairobi,2026-01-14
Nairobi Supermarkets,Wheat Flour,Mama Home Baking Flour,-,-,-,76.50/Kg,,Nairobi,2026-01-14
Nairobi Supermarkets,Wheat Flour,Kifaru All Purpose HBF,-,-,-,77.50/Kg,,Nairobi,2026-01-14
Nairobi Supermarkets,Wheat Flour,Golden All Purpose,-,-,-,82.00/Kg,,Nairobi,2026-01-14
Nairobi Supermarkets,Wheat Flour,Exe self raising,-,-,-,92.50/Kg,,Nairobi,2026-01-14
Nairobi Supermarkets,Wheat Flour,Exe Mandazi Fortified Wheat Flour,-,-,-,91.50/Kg,,Nairobi,2026-01-14
Nairobi Supermarkets,Wheat Flour,Exe Chapati fortified wheat flour,-,-,-,88.00/Kg,,Nairobi,2026-01-14
Nairobi Supermarkets,Wheat Flour,Exe brown bread,-,-,-,91.00/Kg,,Nairobi,2026-01-14
Nairobi Supermarkets,Wheat Flour,Exe Atta Mark 1,-,-,-,90.50/Kg,,Nairobi,2026-01-14
Nairobi Supermarkets,Wheat Flour,Exe All purpose fortified wheat flour,-,-,-,84.00/Kg,,Nairobi,2026-01-14
Nairobi Supermarkets,Wheat Flour,Elliots self raising flour,-,-,-,90.50/Kg,,Nairobi,2026-01-14
Nairobi Supermarkets,Wheat Flour,Elliots all purpose HBK,-,-,-,82.00/Kg,,Nairobi,2026-01-14
Nairobi Supermarkets,Wheat Flour,Dola premium all pupose,-,-,-,81.50/Kg,,Nairobi,2026-01-14
Nairobi Supermarkets,Wheat Flour,Dola Atta Mark 1,-,-,-,82.00/Kg,,Nairobi,2026-01-14
Nairobi Supermarkets,Wheat Flour,Chapati Afya,-,-,-,135.50/Kg,,Nairobi,2026-01-14
Nairobi Supermarkets,Wheat Flour,Ajab fortofied self raising,-,-,-,85.00/Kg,,Nairobi,2026-01-14
Nairobi Supermarkets,Wheat Flour,Ajab fortigied Home Baking flour,-,-,-,85.50/Kg,,Nairobi,2026-01-14
Nairobi Supermarkets,Wheat Flour,Ajab fortified mandazi flour,-,-,-,85.00/Kg,,Nairobi,2026-01-14
Nairobi Supermarkets,Wheat Flour,210 Home baking flour,-,-,-,80.00/Kg,,Nairobi,2026-01-14
Nairobi Supermarkets,Wheat Flour,210 Atta Mark 1,-,-,-,77.50/Kg,,Nairobi,2026-01-14
Nairobi Supermarkets,Maize Flour,Ugali Afya,-,-,-,145.00/Kg,,Nairobi,2026-01-14
Nairobi Supermarkets,Maize Flour,Soko,-,-,-,80.00/Kg,,Nairobi,2026-01-14
Nairobi Supermarkets,Maize Flour,Raha Premium,-,-,-,100.50/Kg,,Nairobi,2026-01-14
Nairobi Supermarkets,Maize Flour,Pembe,-,-,-,82.00/Kg,,Nairobi,2026-01-14
Nairobi Supermarkets,Maize Flour,Oryx,-,-,-,82.50/Kg,,Nairobi,2026-01-14
Nairobi Supermarkets,Maize Flour,Ndovu,-,-,-,71.00/Kg,,Nairobi,2026-01-14
Nairobi Supermarkets,Maize Flour,Mama,-,-,-,75.50/Kg,,Nairobi,2026-01-14
Nairobi Supermarkets,Maize Flour,Jogoo wimbi,-,-,-,139.50/Kg,,Nairobi,2026-01-14
Nairobi Supermarkets,Maize Flour,Jogoo,-,-,-,77.00/Kg,,Nairobi,2026-01-14
Nairobi Supermarkets,Maize Flour,Hostess,-,-,-,94.00/Kg,,Nairobi,2026-01-14
Nairobi Supermarkets,Maize Flour,Equatorial afya ugali,-,-,-,136.50/Kg,,Nairobi,2026-01-14
Nairobi Supermarkets,Maize Flour,Dola,-,-,-,76.50/Kg,,Nairobi,2026-01-14
Nairobi Supermarkets,Maize Flour,Amaize,-,-,-,99.50/Kg,,Nairobi,2026-01-14
Nairobi Supermarkets,Maize Flour,Ajab,-,-,-,87.00/Kg,,Nairobi,2026-01-14
Nairobi Supermarkets,Maize Flour,210(two ten),-,-,-,77.00/Kg,,Nairobi,2026-01-14
Kabati - Muranga,Black nightshade (Managu/ Osuga),-,-,-,-,50.00/Kg,,Muranga,2026-01-14
Kabati - Muranga,Amaranthus (Terere),-,-,-,-,50.00/Kg,,Muranga,2026-01-14
Kabati - Muranga,Sweet potatoes,-,-,-,80.00/Kg,100.00/Kg,,Muranga,2026-01-14
Kabati - Muranga,Yam,-,-,-,80.00/Kg,100.00/Kg,,Muranga,2026-01-14
Kabati - Muranga,Cassava Fresh,-,-,-,20.00/Kg,35.00/Kg,,Muranga,2026-01-14
Kabati - Muranga,Arrow Root,-,-,-,80.00/Kg,100.00/Kg,,Muranga,2026-01-14
Kabati - Muranga,Water Melon,-,-,-,45.00/Kg,240.00/Kg,,Muranga,2026-01-14
Kabati - Muranga,Tree tomato,-,-,-,-,100.00/Kg,,Muranga,2026-01-14
Kabati - Muranga,Thorn melon,-,-,-,-,60.00/Kg,,Muranga,2026-01-14
Kabati - Muranga,Tangerine (Sandara),-,-,-,-,100.00/Kg,,Muranga,2026-01-14
Kabati - Muranga,Pineapples,-,-,-,-,40.00/Kg,,Muranga,2026-01-14
Kabati - Muranga,Mangoes,Improved,-,-,60.00/Kg,90.00/Kg,,Muranga,2026-01-14
Kabati - Muranga,Lemons,-,-,-,-,80.00/Kg,,Muranga,2026-01-14
Kabati - Muranga,Grapes,White,-,-,480.00/Kg,600.00/Kg,,Muranga,2026-01-14
Kabati - Muranga,Banana (Ripening),-,-,-,18.00/Kg,35.00/Kg,,Muranga,2026-01-14
Kabati - Muranga,Avocado,Fuerte,-,-,60.00/Kg,120.00/Kg,,Muranga,2026-01-14
Kabati - Muranga,Apples,-,-,-,120.00/Kg,180.00/Kg,,Muranga,2026-01-14
Kabati - Muranga,Tomatoes,-,-,-,28.00/Kg,40.00/Kg,,Muranga,2026-01-14
Kabati - Muranga,Spinach,-,-,-,35.00/Kg,50.00/Kg,,Muranga,2026-01-14
Kabati - Muranga,Pumpkin,-,-,-,60.00/Kg,80.00/Kg,,Muranga,2026-01-14
Kabati - Muranga,Kales/Sukuma Wiki,-,-,-,35.00/Kg,45.00/Kg,,Muranga,2026-01-14
Kabati - Muranga,Green Maize,-,-,-,60.00/Kg,80.00/Kg,,Muranga,2026-01-14
Kabati - Muranga,Garlic,-,-,-,400.00/Kg,480.00/Kg,,Muranga,2026-01-14
Kabati - Muranga,French beans,-,-,-,45.00/Kg,55.00/Kg,,Muranga,2026-01-14
Kabati - Muranga,Coriander (Dhania),-,-,-,35.00/Kg,50.00/Kg,,Muranga,2026-01-14
Kabati - Muranga,Chillies,-,-,-,60.00/Kg,120.00/Kg,,Muranga,2026-01-14
Kabati - Muranga,Carrots,-,-,-,45.00/Kg,60.00/Kg,,Muranga,2026-01-14
Kabati - Muranga,Capsicums,-,-,-,40.00/Kg,60.00/Kg,,Muranga,2026-01-14
Kabati - Muranga,Butternuts,-,-,-,70.00/Kg,90.00/Kg,,Muranga,2026-01-14
Kabati - Muranga,Banana (Plantain),-,-,-,20.00/Kg,35.00/Kg,,Muranga,2026-01-14
Kabati - Muranga,Banana (Cooking),-,-,-,20.00/Kg,35.00/Kg,,Muranga,2026-01-14
Vanga,Cuttlefish,Fresh,-,-,200.00/Kg,300.00/Kg,100.0,Kwale,2026-01-13
Vanga,Octopus (Pweza),Fresh,-,-,450.00/Kg,550.00/Kg,520.0,Kwale,2026-01-13
Vanga,Scavengers (Changu/Tangu),Fresh,-,-,200.00/Kg,250.00/Kg,60.0,Kwale,2026-01-13
Vanga,Rabbitfish (Tafi/Tasi),Fresh,-,-,250.00/Kg,350.00/Kg,50.0,Kwale,2026-01-13
Vanga,Parrotfishes(Pono),Fresh,-,-,150.00/Kg,200.00/Kg,60.0,Kwale,2026-01-13
Vanga,Needlefishes,Fresh,-,-,130.00/ Kg,180.00/ Kg,200.0,Kwale,2026-01-13
Vanga,Barracuda(Kasumba),Fresh,-,-,150.00/Kg,200.00/Kg,300.0,Kwale,2026-01-13
Ngurubani Market,Cowpea leaves (Kunde),-,-,-,30.00/Kg,40.00/Kg,225.0,Kirinyaga,2026-01-13
Ngurubani Market,Pumpkin Leaves,-,-,-,20.00/Kg,25.00/Kg,170.0,Kirinyaga,2026-01-13
Ngurubani Market,Black nightshade (Managu/ Osuga),-,-,-,25.00/Kg,35.00/Kg,350.0,Kirinyaga,2026-01-13
Ngurubani Market,Amaranthus (Terere),-,-,-,25.00/Kg,30.00/Kg,520.0,Kirinyaga,2026-01-13
Ngurubani Market,Pork,-,-,-,500.00/Kg,700.00/Kg,420.0,Kirinyaga,2026-01-13
Ngurubani Market,Meat Beef,-,-,-,500.00/Kg,700.00/Kg,2500.0,Kirinyaga,2026-01-13
Ngurubani Market,Eggs,Exotic/Grade,-,-,400.00/Tray(30),450.00/Tray(30),2530.0,Kirinyaga,2026-01-13
Ahero,Finger Millet,-,-,-,185.00/Kg,190.00/Kg,3000.0,Kisumu,2026-01-13
Ngurubani Market,White Irish Potatoes,-,-,-,40.00/Kg,50.00/Kg,23500.0,Kirinyaga,2026-01-13
Ngurubani Market,Sweet potatoes,-,-,-,70.00/Kg,100.00/Kg,450.0,Kirinyaga,2026-01-13
Ngurubani Market,Arrow Root,-,-,-,80.00/Kg,120.00/Kg,850.0,Kirinyaga,2026-01-13
Ngurubani Market,Rice,Pishori,-,-,150.00/Kg,170.00/Kg,135000.0,Kirinyaga,2026-01-13
Ngurubani Market,Red Sorghum,-,-,-,80.00/Kg,100.00/Kg,1350.0,Kirinyaga,2026-01-13
Ngurubani Market,Dry Maize,White Maize,-,-,46.67/Kg,50.00/Kg,6500.0,Kirinyaga,2026-01-13
Ahero,Dry Maize,Mixed-Traditional,-,-,60.00/Kg,65.00/Kg,20000.0,Kisumu,2026-01-13
Ngurubani Market,Water Melon,-,-,-,30.00/Kg,35.00/Kg,1800.0,Kirinyaga,2026-01-13
Ngurubani Market,Tree tomato,-,-,-,100.00/Kg,140.00/Kg,220.0,Kirinyaga,2026-01-13
Ngurubani Market,Thorn melon,-,-,-,60.00/Kg,80.00/Kg,520.0,Kirinyaga,2026-01-13
Ngurubani Market,Pineapples,-,-,-,60.00/Kg,80.00/Kg,850.0,Kirinyaga,2026-01-13
Ngurubani Market,Pawpaw,-,-,-,25.00/Kg,40.00/Kg,250.0,Kirinyaga,2026-01-13
Ngurubani Market,Passion Fruits,-,-,-,150.00/Kg,200.00/Kg,250.0,Kirinyaga,2026-01-13
Ngurubani Market,Mangoes,Improved,-,-,60.00/Kg,80.00/Kg,2500.0,Kirinyaga,2026-01-13
Ngurubani Market,Lemons,-,-,-,40.00/Kg,60.00/Kg,120.0,Kirinyaga,2026-01-13
Ngurubani Market,Avocado,Local,-,-,60.00/Kg,90.00/Kg,820.0,Kirinyaga,2026-01-13
Ngurubani Market,Tomatoes,-,-,-,25.00/Kg,35.00/Kg,4500.0,Kirinyaga,2026-01-13
Ngurubani Market,Spring Onions,-,-,-,50.00/Kg,70.00/Kg,550.0,Kirinyaga,2026-01-13
Ngurubani Market,Spinach,-,-,-,25.00/Kg,35.00/Kg,520.0,Kirinyaga,2026-01-13
Ngurubani Market,Pumpkin,-,-,-,30.00/Kg,35.00/Kg,2580.0,Kirinyaga,2026-01-13
Ngurubani Market,Kales/Sukuma Wiki,-,-,-,25.00/Kg,30.00/Kg,850.0,Kirinyaga,2026-01-13
Ngurubani Market,Green Maize,-,-,-,35.00/Kg,50.00/Kg,2250.0,Kirinyaga,2026-01-13
Ngurubani Market,Fresh Peas,On pods,-,-,70.00/Kg,100.00/Kg,858.0,Kirinyaga,2026-01-13
Ngurubani Market,French beans,-,-,-,60.00/Kg,80.00/Kg,250.0,Kirinyaga,2026-01-13
Ngurubani Market,Egg plant (Brinjals),-,-,-,30.00/Kg,50.00/Kg,52.0,Kirinyaga,2026-01-13
Ahero,Spider flower (Saga),-,-,-,70.00/Kg,80.00/Kg,420.0,Kisumu,2026-01-13
Ngurubani Market,Dry Onions,-,-,-,70.00/Kg,100.00/Kg,5580.0,Kirinyaga,2026-01-13
Ahero,Indigenous Crotolaria (Mito/Miro),-,-,-,70.00/Kg,80.00/Kg,300.0,Kisumu,2026-01-13
Ngurubani Market,Cucumber,-,-,-,50.00/Kg,70.00/Kg,220.0,Kirinyaga,2026-01-13
Ngurubani Market,Courgette,-,-,-,50.00/Kg,70.00/Kg,170.0,Kirinyaga,2026-01-13
Ngurubani Market,Coriander (Dhania),-,-,-,50.00/Kg,70.00/Kg,120.0,Kirinyaga,2026-01-13
Ngurubani Market,Chillies,-,-,-,60.00/Kg,100.00/Kg,230.0,Kirinyaga,2026-01-13
Ngurubani Market,Capsicums,-,-,-,50.00/Kg,70.00/Kg,350.0,Kirinyaga,2026-01-13
Ngurubani Market,Cabbages,-,-,-,30.00/Kg,35.00/Kg,19500.0,Kirinyaga,2026-01-13
Ngurubani Market,Butternuts,-,-,-,35.00/Kg,45.00/Kg,3350.0,Kirinyaga,2026-01-13
Ngurubani Market,Banana (Cooking),-,-,-,28.00/Kg,35.00/Kg,3580.0,Kirinyaga,2026-01-13
Ngurubani Market,Pigeon peas,-,-,-,50.00/Kg,80.00/Kg,2500.0,Kirinyaga,2026-01-13
Ngurubani Market,Mixed Beans,-,-,-,86.67/Kg,120.00/Kg,855.0,Kirinyaga,2026-01-13
Ngurubani Market,Lentils,-,-,-,188.89/Kg,240.00/Kg,2550.0,Kirinyaga,2026-01-13
Ngurubani Market,Green Grams,Hybrid/ polished,-,-,102.22/Kg,160.00/Kg,2150.0,Kirinyaga,2026-01-13
Ahero,Ethiopian Kales -Kanzira,-,-,-,70.00/Kg,80.00/Kg,350.0,Kisumu,2026-01-13
Ngurubani Market,Dolichos lablab (Njahi),-,-,-,72.22/Kg,90.00/Kg,3580.0,Kirinyaga,2026-01-13
Ahero,Cowpea leaves (Kunde),-,-,-,60.00/Kg,70.00/Kg,2700.0,Kisumu,2026-01-13
Ahero,Black nightshade (Managu/ Osuga),-,-,-,70.00/Kg,80.00/Kg,400.0,Kisumu,2026-01-13
Ahero,Tomatoes,-,-,-,90.00/Kg,100.00/Kg,12000.0,Kisumu,2026-01-13
Ahero,Spring Onions,-,-,-,70.00/Kg,80.00/Kg,2400.0,Kisumu,2026-01-13
Ahero,Kales/Sukuma Wiki,-,-,-,60.00/Kg,70.00/Kg,4000.0,Kisumu,2026-01-13
Ahero,Green Maize,-,-,-,70.00/Kg,80.00/Kg,500.0,Kisumu,2026-01-13
Ahero,Ginger,-,-,-,330.00/Kg,350.00/Kg,240.0,Kisumu,2026-01-13
Ahero,Garlic,-,-,-,500.00/Kg,550.00/Kg,40.0,Kisumu,2026-01-13
Ahero,Dry Onions,-,-,-,90.00/Kg,100.00/Kg,1200.0,Kisumu,2026-01-13
Ahero,Cabbages,-,-,-,50.00/Kg,60.00/Kg,24000.0,Kisumu,2026-01-13
Ahero,Banana (Plantain),-,-,-,50.00/Kg,60.00/Kg,4000.0,Kisumu,2026-01-13
Ahero,Banana (Cooking),-,-,-,70.00/Kg,80.00/Kg,2500.0,Kisumu,2026-01-13
Ahero,Ground Nuts,Small Red,-,-,350.00/Kg,375.00/Kg,3500.0,Kisumu,2026-01-13
Ahero,Ground Nuts,Large Brown,-,-,325.00/Kg,350.00/Kg,8300.0,Kisumu,2026-01-13
Ahero,Green Grams,Hybrid/ polished,-,-,175.00/Kg,190.00/Kg,6900.0,Kisumu,2026-01-13
Ahero,Cowpeas,-,-,-,165.00/Kg,175.00/Kg,900.0,Kisumu,2026-01-13
Ahero,Beans Rosecoco,-,-,-,150.00/Kg,165.00/Kg,5000.0,Kisumu,2026-01-13
Ngurubani Market,Cowpeas,-,-,-,102.22/Kg,162.50/Kg,850.0,Kirinyaga,2026-01-13
Ngurubani Market,Beans Rosecoco (Nyayo),-,-,-,111.11/Kg,175.00/Kg,2580.0,Kirinyaga,2026-01-13
Ngurubani Market,Beans Red Haricot (Wairimu),-,-,-,100.00/Kg,155.00/Kg,6500.0,Kirinyaga,2026-01-13
Ngurubani Market,Beans (Yellow-Green),-,-,-,122.22/Kg,190.00/Kg,3500.0,Kirinyaga,2026-01-13
Ngurubani Market,Beans (Mwitemania),-,-,-,91.11/Kg,125.00/Kg,2580.0,Kirinyaga,2026-01-13
Ngurubani Market,Fertilizer,NPK,-,-,90.00/Kg,100.00/Kg,220000.0,Kirinyaga,2026-01-13
Ahero,Beans Red Haricot (Wairimu),-,-,-,150.00/Kg,1650.00/Kg,3900.0,Kisumu,2026-01-13
Ngurubani Market,Fertilizer,DAP,-,-,124.00/Kg,130.00/Kg,125000.0,Kirinyaga,2026-01-13
Ngurubani Market,Fertilizer,CAN,-,-,65.00/Kg,80.00/Kg,52500.0,Kirinyaga,2026-01-13
Ahero,Beans (Yellow-Green),-,-,-,225.00/Kg,250.00/Kg,8000.0,Kisumu,2026-01-13
Ahero,Beans (Mwezi Moja),-,-,-,150.00/Kg,165.00/Kg,4900.0,Kisumu,2026-01-13
Ahero,Beans (Canadian wonder),-,-,-,150.00/Kg,165.00/Kg,6000.0,Kisumu,2026-01-13
Ahero,Fertilizer,NPK,-,-,116.00/Kg,120.00/Kg,27000.0,Kisumu,2026-01-13
Ahero,Fertilizer,DAP,-,-,130.00/Kg,140.00/Kg,45000.0,Kisumu,2026-01-13
Ahero,Fertilizer,CAN,-,-,66.00/Kg,70.00/Kg,35000.0,Kisumu,2026-01-13
Holo,Pork,-,-,-,-,600.00/Kg,,Kisumu,2026-01-13
Holo,Meat Beef,-,-,-,-,600.00/Kg,,Kisumu,2026-01-13
Holo,Honey,Crude,-,-,-,1000.00/Kg,,Kisumu,2026-01-13
Holo,Eggs,Indigenous /Kenyeji,-,-,15.00/Tray(30),20.00/Tray(30),,Kisumu,2026-01-13
Holo,Eggs,Exotic/Grade,-,-,14.33/Tray(30),18.00/Tray(30),,Kisumu,2026-01-13
Holo,Cow Milk(At collection point),-,-,-,-,80.00/Lt,,Kisumu,2026-01-13
Holo,Sheep,Red Maasai,Grade 3,Male,6500.00/Head,-,,Kisumu,2026-01-13
Holo,Goat,Mixed,Grade 3,Male,5500.00/Head,-,,Kisumu,2026-01-13
Holo,Chicken,Layers,-,Male,450.00/Head,-,,Kisumu,2026-01-13
Holo,Chicken,Indigenous,-,Male,1100.00/Head,-,,Kisumu,2026-01-13
Holo,Chicken,Improved Kienyeji,-,Male,1200.00/Head,-,,Kisumu,2026-01-13
Holo,Chicken,Broiler,-,Male,550.00/Head,-,,Kisumu,2026-01-13
Holo,Cattle,Mixed,Grade 3,Male,41000.00/Head,-,,Kisumu,2026-01-13
Holo,Prawns,Dried,-,-,12.50/Kg,25.00/Kg,,Kisumu,2026-01-13
Holo,Tilapia,Dried,-,-,-,370.00/Kg,,Kisumu,2026-01-13
Holo,Omena,Dried,-,-,-,300.00/Kg,,Kisumu,2026-01-13
Holo,Nile Perch,Fresh,-,-,-,320.00/Kg,,Kisumu,2026-01-13
Holo,White Irish Potatoes,-,-,-,100.00/Kg,100.00/Kg,,Kisumu,2026-01-13
Holo,Sweet potatoes,-,-,-,-,100.00/Kg,,Kisumu,2026-01-13
Holo,Cassava Fresh,-,-,-,-,100.00/Kg,,Kisumu,2026-01-13
Holo,Cassava Chips (dry),-,-,-,-,75.00/Kg,,Kisumu,2026-01-13
Holo,Arrow Root,-,-,-,-,150.00/Kg,,Kisumu,2026-01-13
Holo,Water Melon,-,-,-,-,125.00/Kg,,Kisumu,2026-01-13
Holo,Thorn melon,-,-,-,-,150.00/Kg,,Kisumu,2026-01-13
Holo,Tangerine (Sandara),-,-,-,-,150.00/Kg,,Kisumu,2026-01-13
Holo,Pawpaw,-,-,-,-,100.00/Kg,,Kisumu,2026-01-13
Holo,Oranges,-,-,-,-,200.00/Kg,,Kisumu,2026-01-13
Holo,Mangoes,Local,-,-,-,100.00/Kg,,Kisumu,2026-01-13
Holo,Mangoes,Improved,-,-,-,150.00/Kg,,Kisumu,2026-01-13
Holo,Limes,-,-,-,-,200.00/Kg,,Kisumu,2026-01-13
Holo,Lemons,-,-,-,-,150.00/Kg,,Kisumu,2026-01-13
Holo,Avocado,Local,-,-,-,100.00/Kg,,Kisumu,2026-01-13
Holo,Avocado,Hass,-,-,-,150.00/Kg,,Kisumu,2026-01-13
Holo,White Sorghum,-,-,-,60.00/kg,75.00/kg,,Kisumu,2026-01-13
Holo,Rice,Pishori,-,-,172.00/Kg,250.00/Kg,,Kisumu,2026-01-13
Holo,Red Sorghum,-,-,-,60.00/Kg,75.00/Kg,,Kisumu,2026-01-13
Holo,Maize Flour,Dola,-,-,-,75.00/Kg,,Kisumu,2026-01-13
Holo,Maize Flour,Ajab,-,-,-,90.00/Kg,,Kisumu,2026-01-13
Holo,Finger Millet,-,-,-,175.00/Kg,200.00/Kg,,Kisumu,2026-01-13
Holo,Dry Maize,Yellow Maize,-,-,-,60.00/Kg,,Kisumu,2026-01-13
Holo,Dry Maize,White Maize,-,-,44.44/Kg,60.00/Kg,,Kisumu,2026-01-13
Holo,Spider flower (Saga),-,-,-,-,90.00/Kg,,Kisumu,2026-01-13
Holo,Pumpkin Leaves,-,-,-,-,70.00/Kg,,Kisumu,2026-01-13
Holo,Jute Plant (Murenda),-,-,-,-,60.00/Kg,,Kisumu,2026-01-13
Holo,Indigenous Crotolaria (Mito/Miro),-,-,-,-,80.00/Kg,,Kisumu,2026-01-13
Holo,Ethiopian Kales -Kanzira,-,-,-,-,70.00/Kg,,Kisumu,2026-01-13
Holo,Cowpea leaves (Kunde),-,-,-,-,60.00/Kg,,Kisumu,2026-01-13
Holo,Black nightshade (Managu/ Osuga),-,-,-,-,90.00/Kg,,Kisumu,2026-01-13
Holo,Amaranthus (Terere),-,-,-,-,80.00/Kg,,Kisumu,2026-01-13
Holo,Tomatoes,-,-,-,107.14/Kg,120.00/Kg,,Kisumu,2026-01-13
Holo,Spring Onions,-,-,-,42.31/Kg,60.00/Kg,,Kisumu,2026-01-13
Holo,Spinach,-,-,-,-,50.00/Kg,,Kisumu,2026-01-13
Holo,Kales/Sukuma Wiki,-,-,-,38.33/Kg,50.00/Kg,,Kisumu,2026-01-13
Holo,Green Maize,-,-,-,-,120.00/Kg,,Kisumu,2026-01-13
Holo,Ginger,-,-,-,-,180.00/Kg,,Kisumu,2026-01-13
Holo,Garlic,-,-,-,-,400.00/Kg,,Kisumu,2026-01-13
Holo,Egg plant (Brinjals),-,-,-,-,100.00/Kg,,Kisumu,2026-01-13
Holo,Dry Onions,-,-,-,76.19/Kg,80.00/Kg,,Kisumu,2026-01-13
Holo,Cucumber,-,-,-,-,150.00/Kg,,Kisumu,2026-01-13
Holo,Coriander (Dhania),-,-,-,-,150.00/Kg,,Kisumu,2026-01-13
Holo,Chillies,-,-,-,-,120.00/Kg,,Kisumu,2026-01-13
Holo,Carrots,-,-,-,-,100.00/Kg,,Kisumu,2026-01-13
Holo,Capsicums,-,-,-,-,130.00/Kg,,Kisumu,2026-01-13
Holo,Cabbages,-,-,-,-,80.00/Kg,,Kisumu,2026-01-13
Holo,Butternuts,-,-,-,-,150.00/Kg,,Kisumu,2026-01-13
Holo,Banana (Plantain),-,-,-,-,166.67/Kg,,Kisumu,2026-01-13
Holo,Banana (Cooking),-,-,-,150.00/Kg,-,,Kisumu,2026-01-13
Holo,Banana (Cooking),-,-,-,150.00/Kg,-,,Kisumu,2026-01-13
Holo,Banana (Cooking),-,-,-,150.00/Kg,-,,Kisumu,2026-01-13
Holo,Mixed Beans,-,-,-,12.44/Kg,150.00/Kg,,Kisumu,2026-01-13
Holo,Ground Nuts,Small Red,-,-,300.00/Kg,325.00/Kg,,Kisumu,2026-01-13
Holo,Ground Nuts,Large Brown,-,-,275.00/Kg,300.00/Kg,,Kisumu,2026-01-13
Holo,Green Grams,Local-Special,-,-,175.00/Kg,200.00/Kg,,Kisumu,2026-01-13
Holo,Green Grams,Hybrid/ polished,-,-,200.00/Kg,225.00/Kg,,Kisumu,2026-01-13
Holo,Cowpeas,-,-,-,225.00/Kg,250.00/Kg,,Kisumu,2026-01-13
Holo,Beans Rosecoco (Nyayo),-,-,-,200.00/Kg,225.00/Kg,,Kisumu,2026-01-13
Holo,Beans Rosecoco,-,-,-,225.00/Kg,250.00/Kg,,Kisumu,2026-01-13
Holo,Beans Red Haricot (Wairimu),-,-,-,175.00/Kg,200.00/Kg,,Kisumu,2026-01-13
Holo,Beans (Yellow-Green),-,-,-,225.00/Kg,250.00/Kg,,Kisumu,2026-01-13
Holo,Beans (Mwezi Moja),-,-,-,200.00/Kg,225.00/Kg,,Kisumu,2026-01-13
Holo,Beans (Canadian wonder),-,-,-,200.00/Kg,225.00/Kg,,Kisumu,2026-01-13
Holo,Fertilizer,CAN,-,-,62.00/Kg,80.00/Kg,,Kisumu,2026-01-13
Holo,Fertilizer,DAP,-,-,107.00/Kg,150.00/Kg,,Kisumu,2026-01-13
Musoli Market,Beans Red Haricot (Wairimu),-,-,-,120.00/Kg,116.67/Kg,720.0,Kakamega,2026-01-13
Musoli Market,Ground Nuts,Small Red,-,-,235.56/Kg,261.90/Kg,720.0,Kakamega,2026-01-13
Musoli Market,Green Grams,Local-Special,-,-,124.44/Kg,125.00/Kg,450.0,Kakamega,2026-01-13
Musoli Market,Beans (Yellow-Green),-,-,-,177.78/Kg,187.50/Kg,180.0,Kakamega,2026-01-13
Musoli Market,Cowpeas,-,-,-,124.44/Kg,125.00/Kg,990.0,Kakamega,2026-01-13
Musoli Market,Cabbages,-,-,-,35.71/Kg,42.86/Kg,8708.0,Kakamega,2026-01-13
Musoli Market,Red Sorghum,-,-,-,62.22/Kg,68.18/Kg,360.0,Kakamega,2026-01-13
Musoli Market,Finger Millet,-,-,-,111.11/Kg,117.39/Kg,360.0,Kakamega,2026-01-13
Musoli Market,Dry Maize,White Maize,-,-,44.44/Kg,47.83/Kg,18000.0,Kakamega,2026-01-13
Musoli Market,White Irish Potatoes,-,-,-,61.54/Kg,55.56/Kg,8607.0,Kakamega,2026-01-13
Musoli Market,Tomatoes,-,-,-,60.00/Kg,100.00/Kg,7500.0,Kakamega,2026-01-13
Musoli Market,Kales/Sukuma Wiki,-,-,-,45.00/Kg,80.00/Kg,600.0,Kakamega,2026-01-13
Musoli Market,Chicken,Improved Kienyeji,-,Female,400.00/Head,-,25.0,Kakamega,2026-01-13
Musoli Market,Chicken,Improved Kienyeji,-,Male,400.00/Head,-,9.0,Kakamega,2026-01-13
Musoli Market,Chicken,Improved Kienyeji,-,Female,500.00/Head,-,4.0,Kakamega,2026-01-13
Musoli Market,Chicken,Improved Kienyeji,-,Male,650.00/Head,-,10.0,Kakamega,2026-01-13
Musoli Market,Chicken,Improved Kienyeji,-,Female,800.00/Head,-,15.0,Kakamega,2026-01-13
Musoli Market,Chicken,Improved Kienyeji,-,Male,1000.00/Head,-,8.0,Kakamega,2026-01-13
Musoli Market,Chicken,Indigenous,-,Female,350.00/Head,-,15.0,Kakamega,2026-01-13
Musoli Market,Chicken,Indigenous,-,Male,350.00/Head,-,8.0,Kakamega,2026-01-13
Musoli Market,Chicken,Indigenous,-,Female,650.00/Head,-,30.0,Kakamega,2026-01-13
Musoli Market,Chicken,Indigenous,-,Male,700.00/Head,-,25.0,Kakamega,2026-01-13
Musoli Market,Chicken,Indigenous,-,Female,800.00/Head,-,30.0,Kakamega,2026-01-13
Musoli Market,Chicken,Indigenous,-,Male,1200.00/Head,-,10.0,Kakamega,2026-01-13
Musoli Market,Goat,Mixed,Grade 3,Female,4500.00/Head,-,5.0,Kakamega,2026-01-13
Musoli Market,Goat,Mixed,Grade 3,Male,4000.00/Head,-,7.0,Kakamega,2026-01-13
Musoli Market,Goat,Mixed,Grade 2,Female,4800.00/Head,-,3.0,Kakamega,2026-01-13
Musoli Market,Goat,Mixed,Grade 2,Male,4500.00/Head,-,5.0,Kakamega,2026-01-13
Musoli Market,Goat,Mixed,Grade 1,Female,5100.00/Head,-,3.0,Kakamega,2026-01-13
Musoli Market,Goat,Mixed,Grade 1,Male,4800.00/Head,-,2.0,Kakamega,2026-01-13
Musoli Market,Goat,Mixed,Grade 3,Female,5000.00/Head,-,9.0,Kakamega,2026-01-13
Musoli Market,Goat,Mixed,Grade 3,Male,5500.00/Head,-,5.0,Kakamega,2026-01-13
Musoli Market,Goat,Mixed,Grade 2,Female,5500.00/Head,-,6.0,Kakamega,2026-01-13
Musoli Market,Goat,Mixed,Grade 2,Male,6000.00/Head,-,4.0,Kakamega,2026-01-13
Musoli Market,Goat,Mixed,Grade 1,Female,6200.00/Head,-,5.0,Kakamega,2026-01-13
Musoli Market,Goat,Mixed,Grade 1,Male,6800.00/Head,-,7.0,Kakamega,2026-01-13
Musoli Market,Goat,Mixed,Grade 3,Female,6500.00/Head,-,9.0,Kakamega,2026-01-13
Musoli Market,Goat,Mixed,Grade 3,Male,7000.00/Head,-,6.0,Kakamega,2026-01-13
Musoli Market,Goat,Mixed,Grade 2,Female,7500.00/Head,-,2.0,Kakamega,2026-01-13
Musoli Market,Goat,Mixed,Grade 2,Male,9500.00/Head,-,3.0,Kakamega,2026-01-13
Musoli Market,Goat,Mixed,Grade 1,Female,9000.00/Head,-,1.0,Kakamega,2026-01-13
Musoli Market,Goat,Mixed,Grade 1,Male,12000.00/Head,-,2.0,Kakamega,2026-01-13
Musoli Market,Cattle,Mixed,Grade 3,Female,20000.00/Head,-,5.0,Kakamega,2026-01-13
Musoli Market,Cattle,Mixed,Grade 3,Male,19000.00/Head,-,6.0,Kakamega,2026-01-13
Musoli Market,Cattle,Mixed,Grade 2,Female,24000.00/Head,-,6.0,Kakamega,2026-01-13
Musoli Market,Cattle,Mixed,Grade 2,Male,21000.00/Head,-,7.0,Kakamega,2026-01-13
Musoli Market,Cattle,Mixed,Grade 1,Female,26000.00/Head,-,8.0,Kakamega,2026-01-13
Musoli Market,Cattle,Mixed,Grade 1,Male,23000.00/Head,-,5.0,Kakamega,2026-01-13
Musoli Market,Cattle,Mixed,Grade 3,Female,30000.00/Head,-,5.0,Kakamega,2026-01-13
Musoli Market,Cattle,Mixed,Grade 3,Male,28000.00/Head,-,7.0,Kakamega,2026-01-13
Musoli Market,Cattle,Mixed,Grade 2,Female,35000.00/Head,-,5.0,Kakamega,2026-01-13
Musoli Market,Cattle,Mixed,Grade 2,Male,32000.00/Head,-,5.0,Kakamega,2026-01-13
Musoli Market,Cattle,Mixed,Grade 2,Female,40000.00/Head,-,8.0,Kakamega,2026-01-13
Musoli Market,Cattle,Mixed,Grade 1,Male,38000.00/Head,-,6.0,Kakamega,2026-01-13
Musoli Market,Cattle,Mixed,Grade 3,Female,42000.00/Head,-,7.0,Kakamega,2026-01-13
Musoli Market,Cattle,Mixed,Grade 3,Male,45000.00/Head,-,4.0,Kakamega,2026-01-13
Musoli Market,Cattle,Zebu,Grade 2,Female,58000.00/Head,-,2.0,Kakamega,2026-01-13
Musoli Market,Cattle,Mixed,Grade 2,Male,65000.00/Head,-,3.0,Kakamega,2026-01-13
Musoli Market,Cattle,Zebu,Grade 1,Female,68000.00/Head,-,3.0,Kakamega,2026-01-13
Musoli Market,Cattle,Mixed,Grade 1,Male,98000.00/Head,-,1.0,Kakamega,2026-01-13
Musoli Market,Cattle,Zebu,Grade 3,Female,20000.00/Head,-,8.0,Kakamega,2026-01-13
Musoli Market,Cattle,Zebu,Grade 3,Male,18000.00/Head,-,5.0,Kakamega,2026-01-13
Musoli Market,Cattle,Zebu,Grade 2,Female,23000.00/Head,-,6.0,Kakamega,2026-01-13
Musoli Market,Cattle,Zebu,Grade 2,Male,20000.00/Head,-,8.0,Kakamega,2026-01-13
Musoli Market,Cattle,Zebu,Grade 1,Female,25000.00/Head,-,7.0,Kakamega,2026-01-13
Musoli Market,Cattle,Zebu,Grade 1,Male,22000.00/Head,-,9.0,Kakamega,2026-01-13
Musoli Market,Cattle,Zebu,Grade 3,Male,30000.00/Head,-,4.0,Kakamega,2026-01-13
Musoli Market,Cattle,Zebu,Grade 3,Male,28000.00/Head,-,6.0,Kakamega,2026-01-13
Musoli Market,Cattle,Zebu,Grade 2,Female,35000.00/Head,-,8.0,Kakamega,2026-01-13
Musoli Market,Cattle,Zebu,Grade 2,Male,33000.00/Head,-,9.0,Kakamega,2026-01-13
Musoli Market,Cattle,Zebu,Grade 1,Female,38000.00/Head,-,11.0,Kakamega,2026-01-13
Musoli Market,Cattle,Zebu,Grade 1,Male,35000.00/Head,-,8.0,Kakamega,2026-01-13
Musoli Market,Cattle,Zebu,Grade 3,Female,42000.00/Head,-,8.0,Kakamega,2026-01-13
Musoli Market,Cattle,Zebu,Grade 3,Male,45000.00/Head,-,10.0,Kakamega,2026-01-13
Musoli Market,Cattle,Zebu,Grade 2,Female,2.00/Head,-,55000.0,Kakamega,2026-01-13
Musoli Market,Cattle,Zebu,Grade 2,Male,68000.00/Head,-,3.0,Kakamega,2026-01-13
Musoli Market,Cattle,Zebu,Grade 1,Female,65000.00/Head,-,3.0,Kakamega,2026-01-13
Musoli Market,Cattle,Zebu,Grade 1,Male,85000.00/Head,-,2.0,Kakamega,2026-01-13
Mogogosiek Market,Sweet potatoes,-,-,-,80.00/Kg,120.00/Kg,4000.0,Bomet,2026-01-13
Mogogosiek Market,Oranges,-,-,-,30.00/Kg,40.00/Kg,12000.0,Bomet,2026-01-13
Mogogosiek Market,Dry Maize,White Maize,-,-,41.67/Kg,54.17/Kg,10800.0,Bomet,2026-01-13
Mogogosiek Market,Spider flower (Saga),-,-,-,200.00/Kg,250.00/Kg,1500.0,Bomet,2026-01-13
Mogogosiek Market,Spider flower (Saga),-,-,-,200.00/Kg,250.00/Kg,1500.0,Bomet,2026-01-13
Mogogosiek Market,Black nightshade (Managu/ Osuga),-,-,-,180.00/Kg,250.00/Kg,1300.0,Bomet,2026-01-13
Mogogosiek Market,Tomatoes,-,-,-,73.53/Kg,85.00/Kg,5000.0,Bomet,2026-01-13
Mogogosiek Market,Cabbages,-,-,-,15.00/Kg,20.00/Kg,7000.0,Bomet,2026-01-13
Mogogosiek Market,Banana (Cooking),-,-,-,70.00/Kg,100.00/Kg,800.0,Bomet,2026-01-13
Mogogosiek Market,Beans Rosecoco,-,-,-,150.00/Kg,225.00/Kg,10000.0,Bomet,2026-01-13
Mogogosiek Market,Beans (Yellow-Green),-,-,-,120.00/Kg,180.00/Kg,7000.0,Bomet,2026-01-13
Nkubu,White Irish Potatoes,-,-,-,50.00/Kg,100.00/Kg,2250.0,Meru,2026-01-13
Nkubu,Oranges,-,-,-,55.56/Kg,70.00/Kg,900.0,Meru,2026-01-13
Nkubu,Mangoes,Improved,-,-,33.33/Kg,50.00/Kg,1440.0,Meru,2026-01-13
Nkubu,White Sorghum,-,-,-,66.67/kg,80.00/kg,540.0,Meru,2026-01-13
Nkubu,Pearl Rush Millet,-,-,-,111.11/Kg,120.00/Kg,810.0,Meru,2026-01-13
Nkubu,Finger Millet,-,-,-,122.22/Kg,130.00/Kg,540.0,Meru,2026-01-13
Nkubu,Dry Maize,Mixed-Traditional,-,-,80.00/Kg,50.00/Kg,810.0,Meru,2026-01-13
Nkubu,Tomatoes,-,-,-,6.00/Kg,40.00/Kg,7000.0,Meru,2026-01-13
Nkubu,Dry Onions,-,-,-,75.00/Kg,100.00/Kg,1680.0,Meru,2026-01-13
Nkubu,Carrots,-,-,-,42.86/Kg,60.00/Kg,2240.0,Meru,2026-01-13
Nkubu,Cabbages,-,-,-,6.00/Kg,50.00/Kg,5000.0,Meru,2026-01-13
Nkubu,Pigeon peas,-,-,-,88.89/Kg,120.00/Kg,720.0,Meru,2026-01-13
Nkubu,Lentils,-,-,-,200.00/Kg,220.00/Kg,400.0,Meru,2026-01-13
Nkubu,Green Grams,Hybrid/ polished,-,-,111.11/Kg,130.00/Kg,720.0,Meru,2026-01-13
Nkubu,Dry Peas,-,-,-,144.44/Kg,170.00/Kg,720.0,Meru,2026-01-13
Nkubu,Dolichos lablab (Njahi),-,-,-,88.89/Kg,120.00/Kg,630.0,Meru,2026-01-13
Nkubu,Cowpeas,-,-,-,66.67/Kg,80.00/Kg,630.0,Meru,2026-01-13
Nkubu,Beans Rosecoco,-,-,-,111.11/Kg,130.00/Kg,720.0,Meru,2026-01-13
Nkubu,Beans Red Haricot (Wairimu),-,-,-,111.11/Kg,120.00/Kg,720.0,Meru,2026-01-13
Nkubu,Beans (Yellow-Green),-,-,-,133.33/Kg,150.00/Kg,720.0,Meru,2026-01-13
Nkubu,Beans (Mwitemania),-,-,-,111.11/Kg,120.00/Kg,1080.0,Meru,2026-01-13
Nkubu,Beans (Mwezi Moja),-,-,-,111.11/Kg,120.00/Kg,450.0,Meru,2026-01-13
Kagio,Spring Onions,-,-,-,30.00/Kg,50.00/Kg,400.0,Kirinyaga,2026-01-13
Kagio,Spinach,-,-,-,30.00/Kg,50.00/Kg,1200.0,Kirinyaga,2026-01-13
Kagio,Pumpkin,-,-,-,35.00/Kg,50.00/Kg,1200.0,Kirinyaga,2026-01-13
Kagio,Lettuce,-,-,-,120.00/Kg,180.00/Kg,100.0,Kirinyaga,2026-01-13
Kagio,Kales/Sukuma Wiki,-,-,-,20.00/Kg,30.00/Kg,2400.0,Kirinyaga,2026-01-13
Kagio,Green Maize,-,-,-,35.00/Kg,50.00/Kg,4500.0,Kirinyaga,2026-01-13
Kagio,Ginger,-,-,-,180.00/Kg,250.00/Kg,200.0,Kirinyaga,2026-01-13
Kagio,Garlic,-,-,-,440.00/Kg,550.00/Kg,200.0,Kirinyaga,2026-01-13
Kagio,Fresh Peas,On pods,-,-,55.00/Kg,70.00/Kg,800.0,Kirinyaga,2026-01-13
Kagio,French beans,-,-,-,65.00/Kg,100.00/Kg,250.0,Kirinyaga,2026-01-13
Kagio,Egg plant (Brinjals),-,-,-,20.00/Kg,30.00/Kg,100.0,Kirinyaga,2026-01-13
Kagio,Dry Onions,-,-,-,70.00/Kg,100.00/Kg,1200.0,Kirinyaga,2026-01-13
Kagio,Cucumber,-,-,-,45.00/Kg,70.00/Kg,500.0,Kirinyaga,2026-01-13
Kagio,Courgette,-,-,-,65.00/Kg,100.00/Kg,600.0,Kirinyaga,2026-01-13
Kagio,Coriander (Dhania),-,-,-,25.00/Kg,40.00/Kg,,Kirinyaga,2026-01-13
Gikomba,Beans (Yellow-Green),-,-,-,111.11/Kg,200.00/Kg,,Nairobi,2026-01-13
Kagio,Chillies,-,-,-,65.00/Kg,100.00/Kg,250.0,Kirinyaga,2026-01-13
Kagio,Cauliflower,-,-,-,100.00/Kg,160.00/Kg,100.0,Kirinyaga,2026-01-13
Kagio,Carrots,-,-,-,45.00/Kg,70.00/Kg,2300.0,Kirinyaga,2026-01-13
Kagio,Capsicums,-,-,-,50.00/Kg,70.00/Kg,500.0,Kirinyaga,2026-01-13
Kagio,Capsicums,-,-,-,180.00/Kg,250.00/Kg,100.0,Kirinyaga,2026-01-13
Kagio,Butternuts,-,-,-,35.00/Kg,60.00/Kg,1500.0,Kirinyaga,2026-01-13
Kagio,Broccoli,-,-,-,100.00/Kg,150.00/Kg,150.0,Kirinyaga,2026-01-13
Kagio,Banana (Plantain),-,-,-,60.00/Kg,80.00/Kg,600.0,Kirinyaga,2026-01-13
Kagio,Banana (Cooking),-,-,-,25.00/Kg,40.00/Kg,29000.0,Kirinyaga,2026-01-13
Kagio,Pigeon peas,-,-,-,90.00/Kg,130.00/Kg,,Kirinyaga,2026-01-13
Kagio,Green Grams,Hybrid/ polished,-,-,90.00/Kg,130.00/Kg,,Kirinyaga,2026-01-13
Kagio,Dolichos lablab (Njahi),-,-,-,140.00/Kg,180.00/Kg,,Kirinyaga,2026-01-13
Kagio,Cowpeas,-,-,-,90.00/Kg,130.00/Kg,,Kirinyaga,2026-01-13
Kagio,Beans Rosecoco (Nyayo),-,-,-,118.89/Kg,150.00/Kg,,Kirinyaga,2026-01-13
Kagio,Beans (Mwitemania),-,-,-,120.00/Kg,150.00/Kg,,Kirinyaga,2026-01-13
Kagio,Beans (Yellow-Green),-,-,-,130.00/Kg,160.00/Kg,,Kirinyaga,2026-01-13
Kapkwen,Dry Onions,-,-,-,90.00/Kg,160.00/Kg,4000.0,Bomet,2026-01-13
Kapkwen,Cabbages,-,-,-,25.00/Kg,35.00/Kg,3500.0,Bomet,2026-01-13
Kapkwen,Beans Rosecoco,-,-,-,150.00/Kg,175.00/Kg,3200.0,Bomet,2026-01-13
Kapkwen,Beans (Mwezi Moja),-,-,-,150.00/Kg,175.00/Kg,3000.0,Bomet,2026-01-13
Kapkwen,Chicken,Indigenous,-,Female,700.00/Head,-,750.0,Bomet,2026-01-13
Kapkwen,Chicken,Indigenous,-,Male,650.00/Head,-,600.0,Bomet,2026-01-13
Kapkwen,Cattle,Friesian,Grade 2,Female,71000.00/Head,-,88.0,Bomet,2026-01-13
Kapkwen,Cattle,Friesian,Grade 2,Male,73000.00/Head,-,93.0,Bomet,2026-01-13
Kapkwen,Cattle,Ayrshire,Grade 2,Female,70000.00/Head,-,83.0,Bomet,2026-01-13
Kapkwen,Cattle,Ayrshire,Grade 2,Male,72000.00/Head,-,70.0,Bomet,2026-01-13
Diani Market,Kales/Sukuma Wiki,-,-,-,40.00/Kg,60.00/Kg,400.0,Kwale,2026-01-13
Diani Market,Okra (Lady's fingers or Gumbo),-,-,-,60.00/Kg,80.00/Kg,400.0,Kwale,2026-01-13
Diani Market,Spinach,-,-,-,60.00/Kg,80.00/Kg,400.0,Kwale,2026-01-13
Diani Market,Tomatoes,-,-,-,80.00/Kg,100.00/Kg,2000.0,Kwale,2026-01-13
Vanga,Octopus (Pweza),Fresh,-,-,450.00/Kg,550.00/Kg,400.0,Kwale,2026-01-12
Vanga,Needlefishes,Fresh,-,-,150.00/ Kg,200.00/ Kg,300.0,Kwale,2026-01-12
Vanga,Scavengers (Changu/Tangu),Fresh,-,-,200.00/Kg,250.00/Kg,200.0,Kwale,2026-01-12
Vanga,Rabbitfish (Tafi/Tasi),Fresh,-,-,250.00/Kg,350.00/Kg,60.0,Kwale,2026-01-12
Vanga,Parrotfishes(Pono),Fresh,-,-,150.00/Kg,200.00/Kg,130.0,Kwale,2026-01-12
Vanga,Kingfish (Nguru),Fresh,-,-,200.00/Kg,300.00/Kg,300.0,Kwale,2026-01-12
Nambacha Market,Sheep,Red Maasai,Grade 2,Male,6000.00/Head,-,130.0,Kakamega,2026-01-12
Nambacha Market,Goat,East African Goat,Grade 2,Male,6000.00/Head,-,150.0,Kakamega,2026-01-12
Nambacha Market,Chicken,Improved Kienyeji,-,Female,800.00/Head,-,180.0,Kakamega,2026-01-12
Nambacha Market,Chicken,Improved Kienyeji,-,Male,1000.00/Head,-,200.0,Kakamega,2026-01-12
Nambacha Market,Cattle,Mixed,Grade 2,Female,50000.00/Head,-,200.0,Kakamega,2026-01-12
Nambacha Market,Cattle,Mixed,Grade 2,Male,60000.00/Head,-,300.0,Kakamega,2026-01-12
Butere Livestock Market,Oranges,-,-,-,43.75/Kg,53.76/Kg,240.0,Kakamega,2026-01-12
Butere Livestock Market,Mangoes,Improved,-,-,20.00/Kg,66.67/Kg,3200.0,Kakamega,2026-01-12
Butere Livestock Market,White Irish Potatoes,-,-,-,49.23/Kg,53.19/Kg,6500.0,Kakamega,2026-01-12
Butere Livestock Market,Sweet potatoes,-,-,-,30.00/Kg,45.45/Kg,400.0,Kakamega,2026-01-12
Butere Livestock Market,Rice,IRR,-,-,104.00/Kg,152.17/Kg,2500.0,Kakamega,2026-01-12
Butere Livestock Market,Dry Maize,White Maize,-,-,43.33/Kg,45.83/Kg,9000.0,Kakamega,2026-01-12
Butere Livestock Market,Dry Onions,-,-,-,74.00/Kg,35.71/Kg,1250.0,Kakamega,2026-01-12
Butere Livestock Market,Tomatoes,-,-,-,60.00/Kg,76.92/Kg,3375.0,Kakamega,2026-01-12
Butere Livestock Market,Cabbages,-,-,-,35.71/Kg,42.86/Kg,4142.0,Kakamega,2026-01-12
Butere Livestock Market,Sheep,Red Maasai,Grade 3,Female,4000.00/Head,-,7.0,Kakamega,2026-01-12
Butere Livestock Market,Sheep,Red Maasai,Grade 3,Male,3600.00/Head,-,5.0,Kakamega,2026-01-12
Butere Livestock Market,Sheep,Red Maasai,Grade 2,Female,4500.00/Head,-,10.0,Kakamega,2026-01-12
Butere Livestock Market,Sheep,Red Maasai,Grade 2,Male,4000.00/Head,-,9.0,Kakamega,2026-01-12
Butere Livestock Market,Sheep,Red Maasai,Grade 1,Female,5000.00/Head,-,3.0,Kakamega,2026-01-12
Butere Livestock Market,Sheep,Red Maasai,Grade 1,Male,4700.00/Head,-,5.0,Kakamega,2026-01-12
Chebunyo,Dry Maize,White Maize,-,-,50.00/Kg,65.00/Kg,18000.0,Bomet,2026-01-12
Butere Livestock Market,Sheep,Red Maasai,Grade 3,Female,5000.00/Head,-,8.0,Kakamega,2026-01-12
Chebunyo,Water Melon,-,-,-,80.00/Kg,120.00/Kg,4000.0,Bomet,2026-01-12
Butere Livestock Market,Sheep,Red Maasai,Grade 3,Male,4500.00/Head,-,10.0,Kakamega,2026-01-12
Chebunyo,Oranges,-,-,-,61.82/Kg,100.00/Kg,7000.0,Bomet,2026-01-12
Butere Livestock Market,Sheep,Red Maasai,Grade 2,Female,5200.00/Head,-,9.0,Kakamega,2026-01-12
Chebunyo,Dry Onions,-,-,-,65.00/Kg,90.00/Kg,2400.0,Bomet,2026-01-12
Butere Livestock Market,Sheep,Red Maasai,Grade 2,Male,5500.00/Head,-,7.0,Kakamega,2026-01-12
Chebunyo,Tomatoes,-,-,-,75.00/Kg,100.00/Kg,16000.0,Bomet,2026-01-12
Butere Livestock Market,Sheep,Red Maasai,Grade 1,Female,6000.00/Head,-,3.0,Kakamega,2026-01-12
Chebunyo,Cabbages,-,-,-,10.00/Kg,20.00/Kg,15000.0,Bomet,2026-01-12
Chebunyo,Eggs,Indigenous /Kenyeji,-,-,540.00/Tray(30),600.00/Tray(30),10000.0,Bomet,2026-01-12
Butere Livestock Market,Sheep,Red Maasai,Grade 1,Male,5800.00/Head,-,4.0,Kakamega,2026-01-12
Chebunyo,Chicken,Indigenous,-,Female,650.00/Head,-,2000.0,Bomet,2026-01-12
Butere Livestock Market,Sheep,Red Maasai,Grade 3,Female,6500.00/Head,-,5.0,Kakamega,2026-01-12
Chebunyo,Chicken,Indigenous,-,Male,900.00/Head,-,2000.0,Bomet,2026-01-12
Chebunyo,Sheep,Dorper,Grade 3,Female,6000.00/Head,-,500.0,Bomet,2026-01-12
Chebunyo,Sheep,Dorper,Grade 3,Male,8000.00/Head,-,600.0,Bomet,2026-01-12
Butere Livestock Market,Sheep,Red Maasai,Grade 3,Male,6500.00/Head,-,7.0,Kakamega,2026-01-12
Chebunyo,Goat,Dairy Goats,Grade 3,Male,8000.00/Head,-,480.0,Bomet,2026-01-12
Butere Livestock Market,Sheep,Red Maasai,Grade 2,Female,7500.00/Head,-,8.0,Kakamega,2026-01-12
Chebunyo,Goat,Dairy Goats,Grade 3,Female,7500.00/Head,-,300.0,Bomet,2026-01-12
Butere Livestock Market,Sheep,Red Maasai,Grade 2,Male,8000.00/Head,-,6.0,Kakamega,2026-01-12
Butere Livestock Market,Sheep,Red Maasai,Grade 1,Female,8500.00/Head,-,5.0,Kakamega,2026-01-12
Butere Livestock Market,Sheep,Red Maasai,Grade 1,Male,9000.00/Head,-,4.0,Kakamega,2026-01-12
Butere Livestock Market,Goat,Mixed,Grade 3,Female,4000.00/Head,-,8.0,Kakamega,2026-01-12
Butere Livestock Market,Goat,Mixed,Grade 3,Male,3800.00/Head,-,6.0,Kakamega,2026-01-12
Butere Livestock Market,Goat,Mixed,Grade 2,Female,4800.00/Head,-,11.0,Kakamega,2026-01-12
Butere Livestock Market,Goat,Mixed,Grade 2,Male,4500.00/Head,-,6.0,Kakamega,2026-01-12
Butere Livestock Market,Goat,Mixed,Grade 1,Female,5000.00/Head,-,10.0,Kakamega,2026-01-12
Butere Livestock Market,Goat,Mixed,Grade 1,Male,4800.00/Head,-,8.0,Kakamega,2026-01-12
Butere Livestock Market,Goat,Mixed,Grade 3,Female,5000.00/Head,-,9.0,Kakamega,2026-01-12
Butere Livestock Market,Goat,Mixed,Grade 3,Male,4800.00/Head,-,2.0,Kakamega,2026-01-12
Butere Livestock Market,Goat,Mixed,Grade 2,Female,5500.00/Head,-,8.0,Kakamega,2026-01-12
Butere Livestock Market,Goat,Mixed,Grade 2,Male,6000.00/Head,-,7.0,Kakamega,2026-01-12
Butere Livestock Market,Goat,Mixed,Grade 1,Female,6000.00/Head,-,6.0,Kakamega,2026-01-12
Butere Livestock Market,Goat,Mixed,Grade 1,Male,6500.00/Head,-,5.0,Kakamega,2026-01-12
Butere Livestock Market,Goat,Mixed,Grade 3,Female,7000.00/Head,-,9.0,Kakamega,2026-01-12
Butere Livestock Market,Goat,Mixed,Grade 3,Male,7500.00/Head,-,5.0,Kakamega,2026-01-12
Butere Livestock Market,Goat,Mixed,Grade 2,Female,8500.00/Head,-,3.0,Kakamega,2026-01-12
Butere Livestock Market,Goat,Mixed,Grade 2,Male,9000.00/Head,-,4.0,Kakamega,2026-01-12
Kutus,Fertilizer,Urea,-,-,80.00/Kg,100.00/Kg,,Kirinyaga,2026-01-12
Kutus,Fertilizer,NPK,-,-,100.00/Kg,120.00/Kg,,Kirinyaga,2026-01-12
Butere Livestock Market,Goat,Mixed,Grade 1,Female,19500.00/Head,-,2.0,Kakamega,2026-01-12
Kutus,Fertilizer,CAN,-,-,64.00/Kg,70.00/Kg,,Kirinyaga,2026-01-12
Kutus,Fertilizer,DAP,-,-,130.00/Kg,140.00/Kg,,Kirinyaga,2026-01-12
Butere Livestock Market,Goat,Mixed,Grade 1,Male,12500.00/Head,-,1.0,Kakamega,2026-01-12
Kutus,Fertilizer,CAN,-,-,130.00/Kg,140.00/Kg,,Kirinyaga,2026-01-12
Butere Livestock Market,Cattle,Zebu,Grade 3,Male,16000.00/Head,-,5.0,Kakamega,2026-01-12
Kutus,Wheat,-,-,-,87.00/Kg,100.00/Kg,,Kirinyaga,2026-01-12
Butere Livestock Market,Cattle,Mixed,Grade 3,Female,20000.00/Head,-,8.0,Kakamega,2026-01-12
Butere Livestock Market,Cattle,Mixed,Grade 2,Female,22000.00/Head,-,8.0,Kakamega,2026-01-12
Butere Livestock Market,Cattle,Mixed,Grade 2,Male,18000.00/Head,-,7.0,Kakamega,2026-01-12
Butere Livestock Market,Cattle,Zebu,Grade 3,Female,19500.00/Head,-,15.0,Kakamega,2026-01-12
Kutus,Rice,Pishori,-,-,160.00/Kg,170.00/Kg,,Kirinyaga,2026-01-12
Butere Livestock Market,Cattle,Zebu,Grade 3,Male,18000.00/Head,-,11.0,Kakamega,2026-01-12
Kutus,Red Sorghum,-,-,-,102.00/Kg,125.00/Kg,,Kirinyaga,2026-01-12
Butere Livestock Market,Cattle,Zebu,Grade 2,Female,22000.00/Head,-,7.0,Kakamega,2026-01-12
Kutus,Dry Maize,White Maize,-,-,46.00/Kg,60.00/Kg,,Kirinyaga,2026-01-12
Butere Livestock Market,Cattle,Zebu,Grade 2,Male,20000.00/Head,-,6.0,Kakamega,2026-01-12
Kutus,Avocado,Local,-,-,50.00/Kg,70.00/Kg,,Kirinyaga,2026-01-12
Kutus,Banana (Ripening),-,-,-,17.00/Kg,20.00/Kg,12000.0,Kirinyaga,2026-01-12
Butere Livestock Market,Cattle,Zebu,Grade 1,Female,24000.00/Head,-,10.0,Kakamega,2026-01-12
Kutus,Pawpaw,-,-,-,30.00/Kg,35.00/Kg,,Kirinyaga,2026-01-12
Butere Livestock Market,Cattle,Zebu,Grade 1,Male,22000.00/Head,-,8.0,Kakamega,2026-01-12
Kutus,Thorn melon,-,-,-,35.00/Kg,50.00/Kg,,Kirinyaga,2026-01-12
Kutus,Tree tomato,-,-,-,140.00/Kg,160.00/Kg,200.0,Kirinyaga,2026-01-12
Butere Livestock Market,Cattle,Zebu,Grade 3,Female,26000.00/Head,-,10.0,Kakamega,2026-01-12
Kutus,Water Melon,-,-,-,25.00/Kg,35.00/Kg,,Kirinyaga,2026-01-12
Butere Livestock Market,Cattle,Zebu,Grade 3,Male,25000.00/Head,-,9.0,Kakamega,2026-01-12
Kutus,Sweet potatoes,-,-,-,40.00/Kg,50.00/Kg,,Kirinyaga,2026-01-12
Butere Livestock Market,Cattle,Zebu,Grade 2,Female,28000.00/Head,-,8.0,Kakamega,2026-01-12
Kutus,Cassava Fresh,-,-,-,40.00/Kg,60.00/Kg,1000.0,Kirinyaga,2026-01-12
Kutus,Arrow Root,-,-,-,70.00/Kg,100.00/Kg,,Kirinyaga,2026-01-12
Butere Livestock Market,Cattle,Zebu,Grade 2,Male,30000.00/Head,-,6.0,Kakamega,2026-01-12
Butere Livestock Market,Cattle,Zebu,Grade 1,Female,33000.00/Head,-,5.0,Kakamega,2026-01-12
Kutus,Lentils,-,-,-,200.00/Kg,250.00/Kg,,Kirinyaga,2026-01-12
Butere Livestock Market,Cattle,Zebu,Grade 1,Male,35000.00/Head,-,7.0,Kakamega,2026-01-12
Kutus,Green Grams,Makueni,-,-,167.00/Kg,200.00/Kg,,Kirinyaga,2026-01-12
Butere Livestock Market,Cattle,Zebu,Grade 2,Female,35000.00/Head,-,3.0,Kakamega,2026-01-12
Kutus,Green Grams,Hybrid/ polished,-,-,155.00/Kg,175.00/Kg,,Kirinyaga,2026-01-12
Kutus,Dolichos lablab (Njahi),-,-,-,83.00/Kg,100.00/Kg,,Kirinyaga,2026-01-12
Kutus,Cowpeas,-,-,-,94.00/Kg,125.00/Kg,,Kirinyaga,2026-01-12
Butere Livestock Market,Cattle,Zebu,Grade 3,Male,38000.00/Head,-,4.0,Kakamega,2026-01-12
Kutus,Beans Rosecoco,-,-,-,112.00/Kg,130.00/Kg,,Kirinyaga,2026-01-12
Butere Livestock Market,Cattle,Zebu,Grade 2,Female,42000.00/Head,-,3.0,Kakamega,2026-01-12
Kutus,Beans Red Haricot (Wairimu),-,-,-,96.00/Kg,120.00/Kg,,Kirinyaga,2026-01-12
Butere Livestock Market,Cattle,Zebu,Grade 2,Male,48000.00/Head,-,2.0,Kakamega,2026-01-12
Kutus,Beans (Yellow-Green),-,-,-,150.00/Kg,175.00/Kg,,Kirinyaga,2026-01-12
Butere Livestock Market,Cattle,Zebu,Grade 1,Female,56000.00/Head,-,4.0,Kakamega,2026-01-12
Kutus,Beans (Mwitemania),-,-,-,112.00/Kg,125.00/Kg,,Kirinyaga,2026-01-12
Butere Livestock Market,Cattle,Zebu,Grade 1,Male,60000.00/Head,-,6.0,Kakamega,2026-01-12
Butere Livestock Market,Duck,Black Swedish,Grade 1,Female,-,-,2.0,Kakamega,2026-01-12
Butere Livestock Market,Duck,Black Swedish,Grade 1,Male,-,-,4.0,Kakamega,2026-01-12
Butere Livestock Market,Chicken,Improved Kienyeji,-,Female,350.00/Head,-,19.0,Kakamega,2026-01-12
Butere Livestock Market,Chicken,Improved Kienyeji,-,Male,350.00/Head,-,17.0,Kakamega,2026-01-12
Butere Livestock Market,Chicken,Improved Kienyeji,-,Female,700.00/Head,-,19.0,Kakamega,2026-01-12
Butere Livestock Market,Chicken,Improved Kienyeji,-,Male,750.00/Head,-,11.0,Kakamega,2026-01-12
Butere Livestock Market,Chicken,Improved Kienyeji,-,Female,900.00/Head,-,17.0,Kakamega,2026-01-12
Butere Livestock Market,Chicken,Improved Kienyeji,-,Male,950.00/Head,-,13.0,Kakamega,2026-01-12
Butere Livestock Market,Chicken,Indigenous,-,Female,350.00/Head,-,20.0,Kakamega,2026-01-12
Butere Livestock Market,Chicken,Indigenous,-,Male,350.00/Head,-,30.0,Kakamega,2026-01-12
Butere Livestock Market,Chicken,Indigenous,-,Female,850.00/Head,-,23.0,Kakamega,2026-01-12
Butere Livestock Market,Chicken,Indigenous,-,Male,900.00/Head,-,15.0,Kakamega,2026-01-12
Butere Livestock Market,Chicken,Indigenous,-,Female,850.00/Head,-,26.0,Kakamega,2026-01-12
Butere Livestock Market,Chicken,Indigenous,-,Male,1200.00/Head,-,20.0,Kakamega,2026-01-12
Kerugoya,White Irish Potatoes,-,-,-,35.00/Kg,60.00/Kg,2400.0,Kirinyaga,2026-01-12
Kerugoya,Water Melon,-,-,-,25.00/Kg,40.00/Kg,300.0,Kirinyaga,2026-01-12
Kerugoya,Tree tomato,-,-,-,120.00/Kg,220.00/Kg,250.0,Kirinyaga,2026-01-12
Kerugoya,Thorn melon,-,-,-,30.00/Kg,60.00/Kg,150.0,Kirinyaga,2026-01-12
Kerugoya,Oranges,-,-,-,60.00/Kg,120.00/Kg,300.0,Kirinyaga,2026-01-12
Kerugoya,Mangoes,Improved,-,-,60.00/Kg,120.00/Kg,300.0,Kirinyaga,2026-01-12
Kerugoya,Lemons,-,-,-,50.00/Kg,100.00/Kg,150.0,Kirinyaga,2026-01-12
Kerugoya,Banana (Ripening),-,-,-,2.00/Kg,50.00/Kg,350.0,Kirinyaga,2026-01-12
Kerugoya,Rice,Pishori,-,-,150.00/Kg,180.00/Kg,2200.0,Kirinyaga,2026-01-12
Kerugoya,Dry Maize,White Maize,-,-,50.00/Kg,70.00/Kg,4500.0,Kirinyaga,2026-01-12
Kerugoya,Tomatoes,-,-,-,20.00/Kg,50.00/Kg,2000.0,Kirinyaga,2026-01-12
Kerugoya,Pumpkin,-,-,-,35.00/Kg,80.00/Kg,180.0,Kirinyaga,2026-01-12
Kerugoya,Kales/Sukuma Wiki,-,-,-,20.00/Kg,40.00/Kg,200.0,Kirinyaga,2026-01-12
Kerugoya,Green Maize,-,-,-,60.00/Kg,80.00/Kg,180.0,Kirinyaga,2026-01-12
Kerugoya,Ginger,-,-,-,180.00/Kg,250.00/Kg,180.0,Kirinyaga,2026-01-12
Kerugoya,Dry Onions,-,-,-,40.00/Kg,80.00/Kg,2300.0,Kirinyaga,2026-01-12
Kerugoya,Courgette,-,-,-,40.00/Kg,80.00/Kg,350.0,Kirinyaga,2026-01-12
Kerugoya,Carrots,-,-,-,25.00/Kg,50.00/Kg,400.0,Kirinyaga,2026-01-12
Kerugoya,Capsicums,-,-,-,30.00/Kg,70.00/Kg,300.0,Kirinyaga,2026-01-12
Kerugoya,Cabbages,-,-,-,18.00/Kg,25.00/Kg,350.0,Kirinyaga,2026-01-12
Kerugoya,Butternuts,-,-,-,70.00/Kg,120.00/Kg,180.0,Kirinyaga,2026-01-12
Kerugoya,Banana (Cooking),-,-,-,17.00/Kg,30.00/Kg,800.0,Kirinyaga,2026-01-12
Kerugoya,Pigeon peas,-,-,-,135.00/Kg,175.00/Kg,2350.0,Kirinyaga,2026-01-12
Kerugoya,Mixed Beans,-,-,-,120.00/Kg,150.00/Kg,1200.0,Kirinyaga,2026-01-12
Kerugoya,Lentils,-,-,-,230.00/Kg,280.00/Kg,1300.0,Kirinyaga,2026-01-12
Kerugoya,Ground Nuts,Large Brown,-,-,240.00/Kg,320.00/Kg,850.0,Kirinyaga,2026-01-12
Kerugoya,Green Grams,Makueni,-,-,120.00/Kg,150.00/Kg,1600.0,Kirinyaga,2026-01-12
Kerugoya,Green Grams,Local-Special,-,-,120.00/Kg,150.00/Kg,1500.0,Kirinyaga,2026-01-12
Kerugoya,Dolichos lablab (Njahi),-,-,-,125.00/Kg,160.00/Kg,1600.0,Kirinyaga,2026-01-12
Kerugoya,Cowpeas,-,-,-,100.00/Kg,130.00/Kg,2250.0,Kirinyaga,2026-01-12
Kerugoya,Beans Rosecoco (Nyayo),-,-,-,135.00/Kg,175.00/Kg,2600.0,Kirinyaga,2026-01-12
Kerugoya,Beans Rosecoco,-,-,-,130.00/Kg,170.00/Kg,2600.0,Kirinyaga,2026-01-12
Kerugoya,Beans Red Haricot (Wairimu),-,-,-,120.00/Kg,150.00/Kg,2750.0,Kirinyaga,2026-01-12
Kerugoya,Beans (Yellow-Green),-,-,-,150.00/Kg,200.00/Kg,1650.0,Kirinyaga,2026-01-12
Kerugoya,Beans (Mwitemania),-,-,-,130.00/Kg,165.00/Kg,2350.0,Kirinyaga,2026-01-12
Kerugoya,Beans (Mwezi Moja),-,-,-,120.00/Kg,160.00/Kg,2500.0,Kirinyaga,2026-01-12
Kutus,Banana (Cooking),-,-,-,17.00/Kg,20.00/Kg,5500.0,Kirinyaga,2026-01-12
Kutus,Banana (Plantain),-,-,-,60.00/Kg,90.00/Kg,2000.0,Kirinyaga,2026-01-12
Kutus,Butternuts,-,-,-,25.00/Kg,35.00/Kg,1500.0,Kirinyaga,2026-01-12
Kutus,Cabbages,-,-,-,30.00/Kg,40.00/Kg,4500.0,Kirinyaga,2026-01-12
Kutus,Capsicums,-,-,-,60.00/Kg,80.00/Kg,400.0,Kirinyaga,2026-01-12
Kutus,Carrots,-,-,-,60.00/Kg,70.00/Kg,1800.0,Kirinyaga,2026-01-12
Kutus,Chillies,-,-,-,120.00/Kg,150.00/Kg,50.0,Kirinyaga,2026-01-12
Kutus,Coriander (Dhania),-,-,-,60.00/Kg,120.00/Kg,150.0,Kirinyaga,2026-01-12
Kutus,Courgette,-,-,-,60.00/Kg,80.00/Kg,250.0,Kirinyaga,2026-01-12
Kutus,Cucumber,-,-,-,70.00/Kg,80.00/Kg,150.0,Kirinyaga,2026-01-12
Nairobi Supermarkets,Wheat Flour,Winnie's Pure Health Atta Mark 1,-,-,-,128.50/Kg,,Nairobi,2026-01-12
Nairobi Supermarkets,Wheat Flour,Tropicana HBF,-,-,-,88.50/Kg,,Nairobi,2026-01-12
Nairobi Supermarkets,Wheat Flour,Soko Atta Mark 1,-,-,-,83.50/Kg,,Nairobi,2026-01-12
Nairobi Supermarkets,Wheat Flour,Soko All Purpose HBF,-,-,-,81.50/Kg,,Nairobi,2026-01-12
Nairobi Supermarkets,Wheat Flour,Phulka Atta Mark 1 Chapati Flour,-,-,-,80.00/Kg,,Nairobi,2026-01-12
Nairobi Supermarkets,Wheat Flour,Pembe Atta Mark 1,-,-,-,85.50/Kg,,Nairobi,2026-01-12
Nairobi Supermarkets,Wheat Flour,Pembe All Purpose HBF,-,-,-,84.00/Kg,,Nairobi,2026-01-12
Nairobi Supermarkets,Wheat Flour,Oboma all purpose HBF,-,-,-,79.00/Kg,,Nairobi,2026-01-12
Nairobi Supermarkets,Wheat Flour,Nutra Meal Atta Mark 1,-,-,-,135.00/Kg,,Nairobi,2026-01-12
Nairobi Supermarkets,Wheat Flour,Ndovu all purpose HBF,-,-,-,77.50/Kg,,Nairobi,2026-01-12
Nairobi Supermarkets,Wheat Flour,Mama Home Baking Flour,-,-,-,76.50/Kg,,Nairobi,2026-01-12
Nairobi Supermarkets,Wheat Flour,Kifaru All Purpose HBF,-,-,-,77.50/Kg,,Nairobi,2026-01-12
Nairobi Supermarkets,Wheat Flour,Golden All Purpose,-,-,-,81.00/Kg,,Nairobi,2026-01-12
Nairobi Supermarkets,Wheat Flour,Exe self raising,-,-,-,92.50/Kg,,Nairobi,2026-01-12
Nairobi Supermarkets,Wheat Flour,Exe Mandazi Fortified Wheat Flour,-,-,-,91.50/Kg,,Nairobi,2026-01-12
Nairobi Supermarkets,Wheat Flour,Exe Chapati fortified wheat flour,-,-,-,88.00/Kg,,Nairobi,2026-01-12
Nairobi Supermarkets,Wheat Flour,Exe brown bread,-,-,-,91.00/Kg,,Nairobi,2026-01-12
Nairobi Supermarkets,Wheat Flour,Exe Atta Mark 1,-,-,-,90.00/Kg,,Nairobi,2026-01-12
Nairobi Supermarkets,Wheat Flour,Exe All purpose fortified wheat flour,-,-,-,84.00/Kg,,Nairobi,2026-01-12
Nairobi Supermarkets,Wheat Flour,Elliots self raising flour,-,-,-,92.50/Kg,,Nairobi,2026-01-12
Nairobi Supermarkets,Wheat Flour,Elliots all purpose HBK,-,-,-,82.00/Kg,,Nairobi,2026-01-12
Nairobi Supermarkets,Wheat Flour,Dola premium all pupose,-,-,-,81.50/Kg,,Nairobi,2026-01-12
Nairobi Supermarkets,Wheat Flour,Dola Atta Mark 1,-,-,-,82.00/Kg,,Nairobi,2026-01-12
Kutus,Dry Onions,-,-,-,90.00/Kg,100.00/Kg,7000.0,Kirinyaga,2026-01-12
Nairobi Supermarkets,Wheat Flour,Chapati Afya,-,-,-,135.50/Kg,,Nairobi,2026-01-12
Nairobi Supermarkets,Wheat Flour,Ajab fortofied self raising,-,-,-,86.00/Kg,,Nairobi,2026-01-12
Kutus,Egg plant (Brinjals),-,-,-,40.00/Kg,50.00/Kg,400.0,Kirinyaga,2026-01-12
Nairobi Supermarkets,Wheat Flour,Ajab fortigied Home Baking flour,-,-,-,85.50/Kg,,Nairobi,2026-01-12
Kutus,French beans,-,-,-,50.00/Kg,70.00/Kg,150.0,Kirinyaga,2026-01-12
Nairobi Supermarkets,Wheat Flour,Ajab fortified mandazi flour,-,-,-,85.50/Kg,,Nairobi,2026-01-12
Nairobi Supermarkets,Wheat Flour,210 Home baking flour,-,-,-,80.00/Kg,,Nairobi,2026-01-12
Nairobi Supermarkets,Wheat Flour,210 Atta Mark 1,-,-,-,77.50/Kg,,Nairobi,2026-01-12
Nairobi Supermarkets,Maize Flour,Ugali Afya,-,-,-,145.00/Kg,,Nairobi,2026-01-12
Nairobi Supermarkets,Maize Flour,Soko,-,-,-,80.50/Kg,,Nairobi,2026-01-12
Nairobi Supermarkets,Maize Flour,Raha Premium,-,-,-,99.50/Kg,,Nairobi,2026-01-12
Nairobi Supermarkets,Maize Flour,Pembe,-,-,-,82.00/Kg,,Nairobi,2026-01-12
Kutus,Fresh Peas,On pods,-,-,80.00/Kg,90.00/Kg,2300.0,Kirinyaga,2026-01-12
Nairobi Supermarkets,Maize Flour,Ndovu,-,-,-,71.00/Kg,,Nairobi,2026-01-12
Kutus,Garlic,-,-,-,380.00/Kg,450.00/Kg,350.0,Kirinyaga,2026-01-12
Nairobi Supermarkets,Maize Flour,Mama,-,-,-,76.00/Kg,,Nairobi,2026-01-12
Kutus,Ginger,-,-,-,200.00/Kg,250.00/Kg,200.0,Kirinyaga,2026-01-12
Nairobi Supermarkets,Maize Flour,Jogoo wimbi,-,-,-,139.50/Kg,,Nairobi,2026-01-12
Kutus,Green Maize,-,-,-,45.00/Kg,55.00/Kg,1800.0,Kirinyaga,2026-01-12
Nairobi Supermarkets,Maize Flour,Jogoo,-,-,-,74.50/Kg,,Nairobi,2026-01-12
Nairobi Supermarkets,Maize Flour,Hostess,-,-,-,94.00/Kg,,Nairobi,2026-01-12
Kutus,Kales/Sukuma Wiki,-,-,-,15.00/Kg,25.00/Kg,850.0,Kirinyaga,2026-01-12
Nairobi Supermarkets,Maize Flour,Equatorial afya ugali,-,-,-,136.50/Kg,,Nairobi,2026-01-12
Nairobi Supermarkets,Maize Flour,Dola,-,-,-,75.50/Kg,,Nairobi,2026-01-12
Nairobi Supermarkets,Maize Flour,Ajab,-,-,-,85.50/Kg,,Nairobi,2026-01-12
Nairobi Supermarkets,Maize Flour,210(two ten),-,-,-,77.00/Kg,,Nairobi,2026-01-12
Kutus,Spring Onions,-,-,-,60.00/Kg,80.00/Kg,650.0,Kirinyaga,2026-01-12
Kutus,Tomatoes,-,-,-,10.00/Kg,550.00/Kg,15000.0,Kirinyaga,2026-01-12
Kutus,Pumpkin Leaves,-,-,-,40.00/Kg,50.00/Kg,80.0,Kirinyaga,2026-01-12
Kutus,Cowpea leaves (Kunde),-,-,-,40.00/Kg,50.00/Kg,80.0,Kirinyaga,2026-01-12
Kutus,Black nightshade (Managu/ Osuga),-,-,-,30.00/Kg,40.00/Kg,100.0,Kirinyaga,2026-01-12
Kutus,Amaranthus (Terere),-,-,-,30.00/Kg,40.00/Kg,130.0,Kirinyaga,2026-01-12
Diani Market,Sweet potatoes,-,-,-,80.00/Kg,100.00/Kg,6000.0,Kwale,2026-01-12
Diani Market,White Irish Potatoes,-,-,-,80.00/Kg,100.00/Kg,8000.0,Kwale,2026-01-12
Diani Market,Ginger,-,-,-,180.00/Kg,200.00/Kg,600.0,Kwale,2026-01-12
Diani Market,Garlic,-,-,-,450.00/Kg,500.00/Kg,600.0,Kwale,2026-01-12
Diani Market,Capsicums,-,-,-,80.00/Kg,100.00/Kg,450.0,Kwale,2026-01-12
Diani Market,Cauliflower,-,-,-,150.00/Kg,200.00/Kg,300.0,Kwale,2026-01-12
Diani Market,Carrots,-,-,-,50.00/Kg,70.00/Kg,600.0,Kwale,2026-01-12
Diani Market,Dry Onions,-,-,-,80.00/Kg,100.00/Kg,4000.0,Kwale,2026-01-12
Diani Market,Kales/Sukuma Wiki,-,-,-,40.00/Kg,60.00/Kg,500.0,Kwale,2026-01-12
Diani Market,Okra (Lady's fingers or Gumbo),-,-,-,60.00/Kg,80.00/Kg,350.0,Kwale,2026-01-12
Diani Market,Spinach,-,-,-,60.00/Kg,80.00/Kg,600.0,Kwale,2026-01-12
Diani Market,Spring Onions,-,-,-,250.00/Kg,300.00/Kg,600.0,Kwale,2026-01-12
Diani Market,Tomatoes,-,-,-,80.00/Kg,100.00/Kg,6000.0,Kwale,2026-01-12
Diani Market,Broccoli,-,-,-,200.00/Kg,180.00/Kg,300.0,Kwale,2026-01-12
