{"timestamp":"2026-01-13T11:34:49.055700Z","level":"info","event":"Filling up the DagBag from /opt/airflow/dags/fake_store_etl.py","logger":"airflow.models.dagbag.DagBag","filename":"dagbag.py","lineno":593}
{"timestamp":"2026-01-13T11:34:49.750741Z","level":"warning","event":"The `airflow.decorators.dag` attribute is deprecated. Please use `'airflow.sdk.dag'`.","category":"DeprecatedImportWarning","filename":"/opt/airflow/dags/fake_store_etl.py","lineno":5,"logger":"py.warnings"}
{"timestamp":"2026-01-13T11:34:49.750902Z","level":"warning","event":"The `airflow.decorators.task` attribute is deprecated. Please use `'airflow.sdk.task'`.","category":"DeprecatedImportWarning","filename":"/opt/airflow/dags/fake_store_etl.py","lineno":5,"logger":"py.warnings"}
{"timestamp":"2026-01-13T11:35:20.176689Z","level":"info","event":"Filling up the DagBag from /opt/airflow/dags/fake_store_etl.py","logger":"airflow.models.dagbag.DagBag","filename":"dagbag.py","lineno":593}
{"timestamp":"2026-01-13T11:35:20.748884Z","level":"warning","event":"The `airflow.decorators.dag` attribute is deprecated. Please use `'airflow.sdk.dag'`.","category":"DeprecatedImportWarning","filename":"/opt/airflow/dags/fake_store_etl.py","lineno":5,"logger":"py.warnings"}
{"timestamp":"2026-01-13T11:35:20.749021Z","level":"warning","event":"The `airflow.decorators.task` attribute is deprecated. Please use `'airflow.sdk.task'`.","category":"DeprecatedImportWarning","filename":"/opt/airflow/dags/fake_store_etl.py","lineno":5,"logger":"py.warnings"}
{"timestamp":"2026-01-13T11:35:50.813825Z","level":"info","event":"Filling up the DagBag from /opt/airflow/dags/fake_store_etl.py","logger":"airflow.models.dagbag.DagBag","filename":"dagbag.py","lineno":593}
{"timestamp":"2026-01-13T11:35:51.404185Z","level":"warning","event":"The `airflow.decorators.dag` attribute is deprecated. Please use `'airflow.sdk.dag'`.","category":"DeprecatedImportWarning","filename":"/opt/airflow/dags/fake_store_etl.py","lineno":5,"logger":"py.warnings"}
{"timestamp":"2026-01-13T11:35:51.404346Z","level":"warning","event":"The `airflow.decorators.task` attribute is deprecated. Please use `'airflow.sdk.task'`.","category":"DeprecatedImportWarning","filename":"/opt/airflow/dags/fake_store_etl.py","lineno":5,"logger":"py.warnings"}
{"timestamp":"2026-01-13T11:36:21.468099Z","level":"info","event":"Filling up the DagBag from /opt/airflow/dags/fake_store_etl.py","logger":"airflow.models.dagbag.DagBag","filename":"dagbag.py","lineno":593}
{"timestamp":"2026-01-13T11:36:22.043292Z","level":"warning","event":"The `airflow.decorators.dag` attribute is deprecated. Please use `'airflow.sdk.dag'`.","category":"DeprecatedImportWarning","filename":"/opt/airflow/dags/fake_store_etl.py","lineno":5,"logger":"py.warnings"}
{"timestamp":"2026-01-13T11:36:22.043459Z","level":"warning","event":"The `airflow.decorators.task` attribute is deprecated. Please use `'airflow.sdk.task'`.","category":"DeprecatedImportWarning","filename":"/opt/airflow/dags/fake_store_etl.py","lineno":5,"logger":"py.warnings"}
{"timestamp":"2026-01-13T11:36:51.256706Z","level":"info","event":"Filling up the DagBag from /opt/airflow/dags/fake_store_etl.py","logger":"airflow.models.dagbag.DagBag","filename":"dagbag.py","lineno":593}
{"timestamp":"2026-01-13T11:37:22.338644Z","level":"info","event":"Filling up the DagBag from /opt/airflow/dags/fake_store_etl.py","logger":"airflow.models.dagbag.DagBag","filename":"dagbag.py","lineno":593}
{"timestamp":"2026-01-13T11:37:53.171451Z","level":"info","event":"Filling up the DagBag from /opt/airflow/dags/fake_store_etl.py","logger":"airflow.models.dagbag.DagBag","filename":"dagbag.py","lineno":593}
{"timestamp":"2026-01-13T11:38:24.052668Z","level":"info","event":"Filling up the DagBag from /opt/airflow/dags/fake_store_etl.py","logger":"airflow.models.dagbag.DagBag","filename":"dagbag.py","lineno":593}
{"timestamp":"2026-01-13T11:38:55.332127Z","level":"info","event":"Filling up the DagBag from /opt/airflow/dags/fake_store_etl.py","logger":"airflow.models.dagbag.DagBag","filename":"dagbag.py","lineno":593}
{"timestamp":"2026-01-13T11:39:26.454954Z","level":"info","event":"Filling up the DagBag from /opt/airflow/dags/fake_store_etl.py","logger":"airflow.models.dagbag.DagBag","filename":"dagbag.py","lineno":593}
{"timestamp":"2026-01-13T11:39:57.107139Z","level":"info","event":"Filling up the DagBag from /opt/airflow/dags/fake_store_etl.py","logger":"airflow.models.dagbag.DagBag","filename":"dagbag.py","lineno":593}
{"timestamp":"2026-01-13T11:40:27.835521Z","level":"info","event":"Filling up the DagBag from /opt/airflow/dags/fake_store_etl.py","logger":"airflow.models.dagbag.DagBag","filename":"dagbag.py","lineno":593}
{"timestamp":"2026-01-13T11:40:58.505046Z","level":"info","event":"Filling up the DagBag from /opt/airflow/dags/fake_store_etl.py","logger":"airflow.models.dagbag.DagBag","filename":"dagbag.py","lineno":593}
{"timestamp":"2026-01-13T11:41:29.416549Z","level":"info","event":"Filling up the DagBag from /opt/airflow/dags/fake_store_etl.py","logger":"airflow.models.dagbag.DagBag","filename":"dagbag.py","lineno":593}
{"timestamp":"2026-01-13T11:42:00.086668Z","level":"info","event":"Filling up the DagBag from /opt/airflow/dags/fake_store_etl.py","logger":"airflow.models.dagbag.DagBag","filename":"dagbag.py","lineno":593}
{"timestamp":"2026-01-13T11:42:29.882117Z","level":"info","event":"Filling up the DagBag from /opt/airflow/dags/fake_store_etl.py","logger":"airflow.models.dagbag.DagBag","filename":"dagbag.py","lineno":593}
{"timestamp":"2026-01-13T11:42:29.883870Z","level":"error","event":"Failed to import: /opt/airflow/dags/fake_store_etl.py","logger":"airflow.models.dagbag.DagBag","filename":"dagbag.py","lineno":415,"error_detail":[{"exc_type":"SyntaxError","exc_value":"expected ':' (fake_store_etl.py, line 37)","exc_notes":[],"syntax_error":{"offset":49,"filename":"/opt/airflow/dags/fake_store_etl.py","line":"    def save_products_csv(products: list[dict]) \n","lineno":37,"msg":"expected ':'"},"is_cause":false,"frames":[{"filename":"/home/airflow/.local/lib/python3.12/site-packages/airflow/models/dagbag.py","lineno":405,"name":"parse"},{"filename":"<frozen importlib._bootstrap_external>","lineno":995,"name":"exec_module"},{"filename":"<frozen importlib._bootstrap_external>","lineno":1133,"name":"get_code"},{"filename":"<frozen importlib._bootstrap_external>","lineno":1063,"name":"source_to_code"},{"filename":"<frozen importlib._bootstrap>","lineno":488,"name":"_call_with_frames_removed"}],"is_group":false,"exceptions":[]}]}
{"timestamp":"2026-01-13T11:42:40.976688Z","level":"info","event":"Filling up the DagBag from /opt/airflow/dags/fake_store_etl.py","logger":"airflow.models.dagbag.DagBag","filename":"dagbag.py","lineno":593}
{"timestamp":"2026-01-13T11:42:40.978410Z","level":"error","event":"Failed to import: /opt/airflow/dags/fake_store_etl.py","logger":"airflow.models.dagbag.DagBag","filename":"dagbag.py","lineno":415,"error_detail":[{"exc_type":"SyntaxError","exc_value":"expected ':' (fake_store_etl.py, line 27)","exc_notes":[],"syntax_error":{"offset":28,"filename":"/opt/airflow/dags/fake_store_etl.py","line":"    def extract_products() \n","lineno":27,"msg":"expected ':'"},"is_cause":false,"frames":[{"filename":"/home/airflow/.local/lib/python3.12/site-packages/airflow/models/dagbag.py","lineno":405,"name":"parse"},{"filename":"<frozen importlib._bootstrap_external>","lineno":995,"name":"exec_module"},{"filename":"<frozen importlib._bootstrap_external>","lineno":1133,"name":"get_code"},{"filename":"<frozen importlib._bootstrap_external>","lineno":1063,"name":"source_to_code"},{"filename":"<frozen importlib._bootstrap>","lineno":488,"name":"_call_with_frames_removed"}],"is_group":false,"exceptions":[]}]}
{"timestamp":"2026-01-13T11:42:48.900831Z","level":"info","event":"Filling up the DagBag from /opt/airflow/dags/fake_store_etl.py","logger":"airflow.models.dagbag.DagBag","filename":"dagbag.py","lineno":593}
{"timestamp":"2026-01-13T11:42:48.902562Z","level":"error","event":"Failed to import: /opt/airflow/dags/fake_store_etl.py","logger":"airflow.models.dagbag.DagBag","filename":"dagbag.py","lineno":415,"error_detail":[{"exc_type":"SyntaxError","exc_value":"expected ':' (fake_store_etl.py, line 37)","exc_notes":[],"syntax_error":{"offset":49,"filename":"/opt/airflow/dags/fake_store_etl.py","line":"    def save_products_csv(products: list[dict]) \n","lineno":37,"msg":"expected ':'"},"is_cause":false,"frames":[{"filename":"/home/airflow/.local/lib/python3.12/site-packages/airflow/models/dagbag.py","lineno":405,"name":"parse"},{"filename":"<frozen importlib._bootstrap_external>","lineno":995,"name":"exec_module"},{"filename":"<frozen importlib._bootstrap_external>","lineno":1133,"name":"get_code"},{"filename":"<frozen importlib._bootstrap_external>","lineno":1063,"name":"source_to_code"},{"filename":"<frozen importlib._bootstrap>","lineno":488,"name":"_call_with_frames_removed"}],"is_group":false,"exceptions":[]}]}
{"timestamp":"2026-01-13T11:42:52.960527Z","level":"info","event":"Filling up the DagBag from /opt/airflow/dags/fake_store_etl.py","logger":"airflow.models.dagbag.DagBag","filename":"dagbag.py","lineno":593}
{"timestamp":"2026-01-13T11:43:23.773845Z","level":"info","event":"Filling up the DagBag from /opt/airflow/dags/fake_store_etl.py","logger":"airflow.models.dagbag.DagBag","filename":"dagbag.py","lineno":593}
{"timestamp":"2026-01-13T11:43:26.641761Z","level":"info","event":"Filling up the DagBag from /opt/airflow/dags/fake_store_etl.py","logger":"airflow.models.dagbag.DagBag","filename":"dagbag.py","lineno":593}
{"timestamp":"2026-01-13T11:43:57.356735Z","level":"info","event":"Filling up the DagBag from /opt/airflow/dags/fake_store_etl.py","logger":"airflow.models.dagbag.DagBag","filename":"dagbag.py","lineno":593}
{"timestamp":"2026-01-13T11:44:28.035402Z","level":"info","event":"Filling up the DagBag from /opt/airflow/dags/fake_store_etl.py","logger":"airflow.models.dagbag.DagBag","filename":"dagbag.py","lineno":593}
{"timestamp":"2026-01-13T11:44:58.799462Z","level":"info","event":"Filling up the DagBag from /opt/airflow/dags/fake_store_etl.py","logger":"airflow.models.dagbag.DagBag","filename":"dagbag.py","lineno":593}
{"timestamp":"2026-01-13T11:45:29.576712Z","level":"info","event":"Filling up the DagBag from /opt/airflow/dags/fake_store_etl.py","logger":"airflow.models.dagbag.DagBag","filename":"dagbag.py","lineno":593}
{"timestamp":"2026-01-13T11:46:00.382484Z","level":"info","event":"Filling up the DagBag from /opt/airflow/dags/fake_store_etl.py","logger":"airflow.models.dagbag.DagBag","filename":"dagbag.py","lineno":593}
{"timestamp":"2026-01-13T11:46:31.133804Z","level":"info","event":"Filling up the DagBag from /opt/airflow/dags/fake_store_etl.py","logger":"airflow.models.dagbag.DagBag","filename":"dagbag.py","lineno":593}
{"timestamp":"2026-01-13T11:47:01.803566Z","level":"info","event":"Filling up the DagBag from /opt/airflow/dags/fake_store_etl.py","logger":"airflow.models.dagbag.DagBag","filename":"dagbag.py","lineno":593}
{"timestamp":"2026-01-13T11:47:32.573731Z","level":"info","event":"Filling up the DagBag from /opt/airflow/dags/fake_store_etl.py","logger":"airflow.models.dagbag.DagBag","filename":"dagbag.py","lineno":593}
{"timestamp":"2026-01-13T11:48:03.361576Z","level":"info","event":"Filling up the DagBag from /opt/airflow/dags/fake_store_etl.py","logger":"airflow.models.dagbag.DagBag","filename":"dagbag.py","lineno":593}
{"timestamp":"2026-01-13T11:48:34.068097Z","level":"info","event":"Filling up the DagBag from /opt/airflow/dags/fake_store_etl.py","logger":"airflow.models.dagbag.DagBag","filename":"dagbag.py","lineno":593}
{"timestamp":"2026-01-13T11:49:04.902409Z","level":"info","event":"Filling up the DagBag from /opt/airflow/dags/fake_store_etl.py","logger":"airflow.models.dagbag.DagBag","filename":"dagbag.py","lineno":593}
{"timestamp":"2026-01-13T11:49:35.575507Z","level":"info","event":"Filling up the DagBag from /opt/airflow/dags/fake_store_etl.py","logger":"airflow.models.dagbag.DagBag","filename":"dagbag.py","lineno":593}
{"timestamp":"2026-01-13T11:50:06.343603Z","level":"info","event":"Filling up the DagBag from /opt/airflow/dags/fake_store_etl.py","logger":"airflow.models.dagbag.DagBag","filename":"dagbag.py","lineno":593}
{"timestamp":"2026-01-13T11:50:37.079100Z","level":"info","event":"Filling up the DagBag from /opt/airflow/dags/fake_store_etl.py","logger":"airflow.models.dagbag.DagBag","filename":"dagbag.py","lineno":593}
{"timestamp":"2026-01-13T11:51:07.767099Z","level":"info","event":"Filling up the DagBag from /opt/airflow/dags/fake_store_etl.py","logger":"airflow.models.dagbag.DagBag","filename":"dagbag.py","lineno":593}
{"timestamp":"2026-01-13T11:51:38.527692Z","level":"info","event":"Filling up the DagBag from /opt/airflow/dags/fake_store_etl.py","logger":"airflow.models.dagbag.DagBag","filename":"dagbag.py","lineno":593}
{"timestamp":"2026-01-13T11:52:09.200314Z","level":"info","event":"Filling up the DagBag from /opt/airflow/dags/fake_store_etl.py","logger":"airflow.models.dagbag.DagBag","filename":"dagbag.py","lineno":593}
{"timestamp":"2026-01-13T11:52:39.900628Z","level":"info","event":"Filling up the DagBag from /opt/airflow/dags/fake_store_etl.py","logger":"airflow.models.dagbag.DagBag","filename":"dagbag.py","lineno":593}
{"timestamp":"2026-01-13T11:54:11.541697Z","level":"info","event":"Filling up the DagBag from /opt/airflow/dags/fake_store_etl.py","logger":"airflow.models.dagbag.DagBag","filename":"dagbag.py","lineno":593}
{"timestamp":"2026-01-13T11:54:45.723044Z","level":"info","event":"Filling up the DagBag from /opt/airflow/dags/fake_store_etl.py","logger":"airflow.models.dagbag.DagBag","filename":"dagbag.py","lineno":593}
{"timestamp":"2026-01-13T11:55:17.477460Z","level":"info","event":"Filling up the DagBag from /opt/airflow/dags/fake_store_etl.py","logger":"airflow.models.dagbag.DagBag","filename":"dagbag.py","lineno":593}
{"timestamp":"2026-01-13T11:55:48.269704Z","level":"info","event":"Filling up the DagBag from /opt/airflow/dags/fake_store_etl.py","logger":"airflow.models.dagbag.DagBag","filename":"dagbag.py","lineno":593}
{"timestamp":"2026-01-13T11:56:19.013481Z","level":"info","event":"Filling up the DagBag from /opt/airflow/dags/fake_store_etl.py","logger":"airflow.models.dagbag.DagBag","filename":"dagbag.py","lineno":593}
{"timestamp":"2026-01-13T11:56:27.378434Z","level":"info","event":"Filling up the DagBag from /opt/airflow/dags/fake_store_etl.py","logger":"airflow.models.dagbag.DagBag","filename":"dagbag.py","lineno":593}
{"timestamp":"2026-01-13T11:56:58.019267Z","level":"info","event":"Filling up the DagBag from /opt/airflow/dags/fake_store_etl.py","logger":"airflow.models.dagbag.DagBag","filename":"dagbag.py","lineno":593}
{"timestamp":"2026-01-13T11:57:28.660727Z","level":"info","event":"Filling up the DagBag from /opt/airflow/dags/fake_store_etl.py","logger":"airflow.models.dagbag.DagBag","filename":"dagbag.py","lineno":593}
{"timestamp":"2026-01-13T11:57:59.578770Z","level":"info","event":"Filling up the DagBag from /opt/airflow/dags/fake_store_etl.py","logger":"airflow.models.dagbag.DagBag","filename":"dagbag.py","lineno":593}
{"timestamp":"2026-01-13T11:58:30.834180Z","level":"info","event":"Filling up the DagBag from /opt/airflow/dags/fake_store_etl.py","logger":"airflow.models.dagbag.DagBag","filename":"dagbag.py","lineno":593}
{"timestamp":"2026-01-13T11:59:02.292682Z","level":"info","event":"Filling up the DagBag from /opt/airflow/dags/fake_store_etl.py","logger":"airflow.models.dagbag.DagBag","filename":"dagbag.py","lineno":593}
{"timestamp":"2026-01-13T11:59:32.521749Z","level":"info","event":"Filling up the DagBag from /opt/airflow/dags/fake_store_etl.py","logger":"airflow.models.dagbag.DagBag","filename":"dagbag.py","lineno":593}
{"timestamp":"2026-01-13T11:59:33.197599Z","level":"warning","event":"The `airflow.decorators.dag` attribute is deprecated. Please use `'airflow.sdk.dag'`.","category":"DeprecatedImportWarning","filename":"/opt/airflow/dags/fake_store_etl.py","lineno":6,"logger":"py.warnings"}
{"timestamp":"2026-01-13T11:59:33.197737Z","level":"warning","event":"The `airflow.decorators.task` attribute is deprecated. Please use `'airflow.sdk.task'`.","category":"DeprecatedImportWarning","filename":"/opt/airflow/dags/fake_store_etl.py","lineno":6,"logger":"py.warnings"}
{"timestamp":"2026-01-13T12:00:03.296091Z","level":"info","event":"Filling up the DagBag from /opt/airflow/dags/fake_store_etl.py","logger":"airflow.models.dagbag.DagBag","filename":"dagbag.py","lineno":593}
{"timestamp":"2026-01-13T12:00:04.225493Z","level":"warning","event":"The `airflow.decorators.dag` attribute is deprecated. Please use `'airflow.sdk.dag'`.","category":"DeprecatedImportWarning","filename":"/opt/airflow/dags/fake_store_etl.py","lineno":6,"logger":"py.warnings"}
{"timestamp":"2026-01-13T12:00:04.225641Z","level":"warning","event":"The `airflow.decorators.task` attribute is deprecated. Please use `'airflow.sdk.task'`.","category":"DeprecatedImportWarning","filename":"/opt/airflow/dags/fake_store_etl.py","lineno":6,"logger":"py.warnings"}
{"timestamp":"2026-01-13T12:00:34.566504Z","level":"info","event":"Filling up the DagBag from /opt/airflow/dags/fake_store_etl.py","logger":"airflow.models.dagbag.DagBag","filename":"dagbag.py","lineno":593}
{"timestamp":"2026-01-13T12:00:35.272254Z","level":"warning","event":"The `airflow.decorators.dag` attribute is deprecated. Please use `'airflow.sdk.dag'`.","category":"DeprecatedImportWarning","filename":"/opt/airflow/dags/fake_store_etl.py","lineno":6,"logger":"py.warnings"}
{"timestamp":"2026-01-13T12:00:35.272433Z","level":"warning","event":"The `airflow.decorators.task` attribute is deprecated. Please use `'airflow.sdk.task'`.","category":"DeprecatedImportWarning","filename":"/opt/airflow/dags/fake_store_etl.py","lineno":6,"logger":"py.warnings"}
{"timestamp":"2026-01-13T12:01:05.443425Z","level":"info","event":"Filling up the DagBag from /opt/airflow/dags/fake_store_etl.py","logger":"airflow.models.dagbag.DagBag","filename":"dagbag.py","lineno":593}
{"timestamp":"2026-01-13T12:01:06.035447Z","level":"warning","event":"The `airflow.decorators.dag` attribute is deprecated. Please use `'airflow.sdk.dag'`.","category":"DeprecatedImportWarning","filename":"/opt/airflow/dags/fake_store_etl.py","lineno":6,"logger":"py.warnings"}
{"timestamp":"2026-01-13T12:01:06.035580Z","level":"warning","event":"The `airflow.decorators.task` attribute is deprecated. Please use `'airflow.sdk.task'`.","category":"DeprecatedImportWarning","filename":"/opt/airflow/dags/fake_store_etl.py","lineno":6,"logger":"py.warnings"}
{"timestamp":"2026-01-13T12:01:36.283794Z","level":"info","event":"Filling up the DagBag from /opt/airflow/dags/fake_store_etl.py","logger":"airflow.models.dagbag.DagBag","filename":"dagbag.py","lineno":593}
{"timestamp":"2026-01-13T12:01:36.870522Z","level":"warning","event":"The `airflow.decorators.dag` attribute is deprecated. Please use `'airflow.sdk.dag'`.","category":"DeprecatedImportWarning","filename":"/opt/airflow/dags/fake_store_etl.py","lineno":6,"logger":"py.warnings"}
{"timestamp":"2026-01-13T12:01:36.870657Z","level":"warning","event":"The `airflow.decorators.task` attribute is deprecated. Please use `'airflow.sdk.task'`.","category":"DeprecatedImportWarning","filename":"/opt/airflow/dags/fake_store_etl.py","lineno":6,"logger":"py.warnings"}
{"timestamp":"2026-01-13T12:02:07.061563Z","level":"info","event":"Filling up the DagBag from /opt/airflow/dags/fake_store_etl.py","logger":"airflow.models.dagbag.DagBag","filename":"dagbag.py","lineno":593}
{"timestamp":"2026-01-13T12:02:07.667671Z","level":"warning","event":"The `airflow.decorators.dag` attribute is deprecated. Please use `'airflow.sdk.dag'`.","category":"DeprecatedImportWarning","filename":"/opt/airflow/dags/fake_store_etl.py","lineno":6,"logger":"py.warnings"}
{"timestamp":"2026-01-13T12:02:07.667808Z","level":"warning","event":"The `airflow.decorators.task` attribute is deprecated. Please use `'airflow.sdk.task'`.","category":"DeprecatedImportWarning","filename":"/opt/airflow/dags/fake_store_etl.py","lineno":6,"logger":"py.warnings"}
{"timestamp":"2026-01-13T12:02:37.721580Z","level":"info","event":"Filling up the DagBag from /opt/airflow/dags/fake_store_etl.py","logger":"airflow.models.dagbag.DagBag","filename":"dagbag.py","lineno":593}
{"timestamp":"2026-01-13T12:02:38.297824Z","level":"warning","event":"The `airflow.decorators.dag` attribute is deprecated. Please use `'airflow.sdk.dag'`.","category":"DeprecatedImportWarning","filename":"/opt/airflow/dags/fake_store_etl.py","lineno":6,"logger":"py.warnings"}
{"timestamp":"2026-01-13T12:02:38.297954Z","level":"warning","event":"The `airflow.decorators.task` attribute is deprecated. Please use `'airflow.sdk.task'`.","category":"DeprecatedImportWarning","filename":"/opt/airflow/dags/fake_store_etl.py","lineno":6,"logger":"py.warnings"}
{"timestamp":"2026-01-13T12:03:08.420632Z","level":"info","event":"Filling up the DagBag from /opt/airflow/dags/fake_store_etl.py","logger":"airflow.models.dagbag.DagBag","filename":"dagbag.py","lineno":593}
{"timestamp":"2026-01-13T12:03:09.069106Z","level":"warning","event":"The `airflow.decorators.dag` attribute is deprecated. Please use `'airflow.sdk.dag'`.","category":"DeprecatedImportWarning","filename":"/opt/airflow/dags/fake_store_etl.py","lineno":6,"logger":"py.warnings"}
{"timestamp":"2026-01-13T12:03:09.069242Z","level":"warning","event":"The `airflow.decorators.task` attribute is deprecated. Please use `'airflow.sdk.task'`.","category":"DeprecatedImportWarning","filename":"/opt/airflow/dags/fake_store_etl.py","lineno":6,"logger":"py.warnings"}
{"timestamp":"2026-01-13T12:03:39.198145Z","level":"info","event":"Filling up the DagBag from /opt/airflow/dags/fake_store_etl.py","logger":"airflow.models.dagbag.DagBag","filename":"dagbag.py","lineno":593}
{"timestamp":"2026-01-13T12:03:39.776022Z","level":"warning","event":"The `airflow.decorators.dag` attribute is deprecated. Please use `'airflow.sdk.dag'`.","category":"DeprecatedImportWarning","filename":"/opt/airflow/dags/fake_store_etl.py","lineno":6,"logger":"py.warnings"}
{"timestamp":"2026-01-13T12:03:39.776163Z","level":"warning","event":"The `airflow.decorators.task` attribute is deprecated. Please use `'airflow.sdk.task'`.","category":"DeprecatedImportWarning","filename":"/opt/airflow/dags/fake_store_etl.py","lineno":6,"logger":"py.warnings"}
{"timestamp":"2026-01-13T12:04:10.521683Z","level":"info","event":"Filling up the DagBag from /opt/airflow/dags/fake_store_etl.py","logger":"airflow.models.dagbag.DagBag","filename":"dagbag.py","lineno":593}
{"timestamp":"2026-01-13T12:04:11.229580Z","level":"warning","event":"The `airflow.decorators.dag` attribute is deprecated. Please use `'airflow.sdk.dag'`.","category":"DeprecatedImportWarning","filename":"/opt/airflow/dags/fake_store_etl.py","lineno":6,"logger":"py.warnings"}
{"timestamp":"2026-01-13T12:04:11.229733Z","level":"warning","event":"The `airflow.decorators.task` attribute is deprecated. Please use `'airflow.sdk.task'`.","category":"DeprecatedImportWarning","filename":"/opt/airflow/dags/fake_store_etl.py","lineno":6,"logger":"py.warnings"}
{"timestamp":"2026-01-13T12:04:41.328835Z","level":"info","event":"Filling up the DagBag from /opt/airflow/dags/fake_store_etl.py","logger":"airflow.models.dagbag.DagBag","filename":"dagbag.py","lineno":593}
{"timestamp":"2026-01-13T12:04:41.916902Z","level":"warning","event":"The `airflow.decorators.dag` attribute is deprecated. Please use `'airflow.sdk.dag'`.","category":"DeprecatedImportWarning","filename":"/opt/airflow/dags/fake_store_etl.py","lineno":6,"logger":"py.warnings"}
{"timestamp":"2026-01-13T12:04:41.917038Z","level":"warning","event":"The `airflow.decorators.task` attribute is deprecated. Please use `'airflow.sdk.task'`.","category":"DeprecatedImportWarning","filename":"/opt/airflow/dags/fake_store_etl.py","lineno":6,"logger":"py.warnings"}
{"timestamp":"2026-01-13T12:05:12.087009Z","level":"info","event":"Filling up the DagBag from /opt/airflow/dags/fake_store_etl.py","logger":"airflow.models.dagbag.DagBag","filename":"dagbag.py","lineno":593}
{"timestamp":"2026-01-13T12:05:12.763655Z","level":"warning","event":"The `airflow.decorators.dag` attribute is deprecated. Please use `'airflow.sdk.dag'`.","category":"DeprecatedImportWarning","filename":"/opt/airflow/dags/fake_store_etl.py","lineno":6,"logger":"py.warnings"}
{"timestamp":"2026-01-13T12:05:12.763795Z","level":"warning","event":"The `airflow.decorators.task` attribute is deprecated. Please use `'airflow.sdk.task'`.","category":"DeprecatedImportWarning","filename":"/opt/airflow/dags/fake_store_etl.py","lineno":6,"logger":"py.warnings"}
{"timestamp":"2026-01-13T12:05:43.016375Z","level":"info","event":"Filling up the DagBag from /opt/airflow/dags/fake_store_etl.py","logger":"airflow.models.dagbag.DagBag","filename":"dagbag.py","lineno":593}
{"timestamp":"2026-01-13T12:05:43.823221Z","level":"warning","event":"The `airflow.decorators.dag` attribute is deprecated. Please use `'airflow.sdk.dag'`.","category":"DeprecatedImportWarning","filename":"/opt/airflow/dags/fake_store_etl.py","lineno":6,"logger":"py.warnings"}
{"timestamp":"2026-01-13T12:05:43.823371Z","level":"warning","event":"The `airflow.decorators.task` attribute is deprecated. Please use `'airflow.sdk.task'`.","category":"DeprecatedImportWarning","filename":"/opt/airflow/dags/fake_store_etl.py","lineno":6,"logger":"py.warnings"}
{"timestamp":"2026-01-13T12:06:14.129276Z","level":"info","event":"Filling up the DagBag from /opt/airflow/dags/fake_store_etl.py","logger":"airflow.models.dagbag.DagBag","filename":"dagbag.py","lineno":593}
{"timestamp":"2026-01-13T12:06:14.713912Z","level":"warning","event":"The `airflow.decorators.dag` attribute is deprecated. Please use `'airflow.sdk.dag'`.","category":"DeprecatedImportWarning","filename":"/opt/airflow/dags/fake_store_etl.py","lineno":6,"logger":"py.warnings"}
{"timestamp":"2026-01-13T12:06:14.714041Z","level":"warning","event":"The `airflow.decorators.task` attribute is deprecated. Please use `'airflow.sdk.task'`.","category":"DeprecatedImportWarning","filename":"/opt/airflow/dags/fake_store_etl.py","lineno":6,"logger":"py.warnings"}
{"timestamp":"2026-01-13T12:06:44.986122Z","level":"info","event":"Filling up the DagBag from /opt/airflow/dags/fake_store_etl.py","logger":"airflow.models.dagbag.DagBag","filename":"dagbag.py","lineno":593}
{"timestamp":"2026-01-13T12:06:45.658257Z","level":"warning","event":"The `airflow.decorators.dag` attribute is deprecated. Please use `'airflow.sdk.dag'`.","category":"DeprecatedImportWarning","filename":"/opt/airflow/dags/fake_store_etl.py","lineno":6,"logger":"py.warnings"}
{"timestamp":"2026-01-13T12:06:45.658402Z","level":"warning","event":"The `airflow.decorators.task` attribute is deprecated. Please use `'airflow.sdk.task'`.","category":"DeprecatedImportWarning","filename":"/opt/airflow/dags/fake_store_etl.py","lineno":6,"logger":"py.warnings"}
{"timestamp":"2026-01-13T12:07:15.804676Z","level":"info","event":"Filling up the DagBag from /opt/airflow/dags/fake_store_etl.py","logger":"airflow.models.dagbag.DagBag","filename":"dagbag.py","lineno":593}
{"timestamp":"2026-01-13T12:07:16.487727Z","level":"warning","event":"The `airflow.decorators.dag` attribute is deprecated. Please use `'airflow.sdk.dag'`.","category":"DeprecatedImportWarning","filename":"/opt/airflow/dags/fake_store_etl.py","lineno":6,"logger":"py.warnings"}
{"timestamp":"2026-01-13T12:07:16.487870Z","level":"warning","event":"The `airflow.decorators.task` attribute is deprecated. Please use `'airflow.sdk.task'`.","category":"DeprecatedImportWarning","filename":"/opt/airflow/dags/fake_store_etl.py","lineno":6,"logger":"py.warnings"}
{"timestamp":"2026-01-13T12:07:46.566424Z","level":"info","event":"Filling up the DagBag from /opt/airflow/dags/fake_store_etl.py","logger":"airflow.models.dagbag.DagBag","filename":"dagbag.py","lineno":593}
{"timestamp":"2026-01-13T12:07:47.229884Z","level":"warning","event":"The `airflow.decorators.dag` attribute is deprecated. Please use `'airflow.sdk.dag'`.","category":"DeprecatedImportWarning","filename":"/opt/airflow/dags/fake_store_etl.py","lineno":6,"logger":"py.warnings"}
{"timestamp":"2026-01-13T12:07:47.230021Z","level":"warning","event":"The `airflow.decorators.task` attribute is deprecated. Please use `'airflow.sdk.task'`.","category":"DeprecatedImportWarning","filename":"/opt/airflow/dags/fake_store_etl.py","lineno":6,"logger":"py.warnings"}
{"timestamp":"2026-01-13T12:08:17.348644Z","level":"info","event":"Filling up the DagBag from /opt/airflow/dags/fake_store_etl.py","logger":"airflow.models.dagbag.DagBag","filename":"dagbag.py","lineno":593}
{"timestamp":"2026-01-13T12:08:17.997445Z","level":"warning","event":"The `airflow.decorators.dag` attribute is deprecated. Please use `'airflow.sdk.dag'`.","category":"DeprecatedImportWarning","filename":"/opt/airflow/dags/fake_store_etl.py","lineno":6,"logger":"py.warnings"}
{"timestamp":"2026-01-13T12:08:17.997589Z","level":"warning","event":"The `airflow.decorators.task` attribute is deprecated. Please use `'airflow.sdk.task'`.","category":"DeprecatedImportWarning","filename":"/opt/airflow/dags/fake_store_etl.py","lineno":6,"logger":"py.warnings"}
{"timestamp":"2026-01-13T12:08:48.257757Z","level":"info","event":"Filling up the DagBag from /opt/airflow/dags/fake_store_etl.py","logger":"airflow.models.dagbag.DagBag","filename":"dagbag.py","lineno":593}
{"timestamp":"2026-01-13T12:08:49.019029Z","level":"warning","event":"The `airflow.decorators.dag` attribute is deprecated. Please use `'airflow.sdk.dag'`.","category":"DeprecatedImportWarning","filename":"/opt/airflow/dags/fake_store_etl.py","lineno":6,"logger":"py.warnings"}
{"timestamp":"2026-01-13T12:08:49.019188Z","level":"warning","event":"The `airflow.decorators.task` attribute is deprecated. Please use `'airflow.sdk.task'`.","category":"DeprecatedImportWarning","filename":"/opt/airflow/dags/fake_store_etl.py","lineno":6,"logger":"py.warnings"}
{"timestamp":"2026-01-13T12:09:19.277933Z","level":"info","event":"Filling up the DagBag from /opt/airflow/dags/fake_store_etl.py","logger":"airflow.models.dagbag.DagBag","filename":"dagbag.py","lineno":593}
{"timestamp":"2026-01-13T12:09:19.895634Z","level":"warning","event":"The `airflow.decorators.dag` attribute is deprecated. Please use `'airflow.sdk.dag'`.","category":"DeprecatedImportWarning","filename":"/opt/airflow/dags/fake_store_etl.py","lineno":6,"logger":"py.warnings"}
{"timestamp":"2026-01-13T12:09:19.895769Z","level":"warning","event":"The `airflow.decorators.task` attribute is deprecated. Please use `'airflow.sdk.task'`.","category":"DeprecatedImportWarning","filename":"/opt/airflow/dags/fake_store_etl.py","lineno":6,"logger":"py.warnings"}
{"timestamp":"2026-01-13T12:09:50.091014Z","level":"info","event":"Filling up the DagBag from /opt/airflow/dags/fake_store_etl.py","logger":"airflow.models.dagbag.DagBag","filename":"dagbag.py","lineno":593}
{"timestamp":"2026-01-13T12:09:50.973860Z","level":"warning","event":"The `airflow.decorators.dag` attribute is deprecated. Please use `'airflow.sdk.dag'`.","category":"DeprecatedImportWarning","filename":"/opt/airflow/dags/fake_store_etl.py","lineno":6,"logger":"py.warnings"}
{"timestamp":"2026-01-13T12:09:50.974063Z","level":"warning","event":"The `airflow.decorators.task` attribute is deprecated. Please use `'airflow.sdk.task'`.","category":"DeprecatedImportWarning","filename":"/opt/airflow/dags/fake_store_etl.py","lineno":6,"logger":"py.warnings"}
{"timestamp":"2026-01-13T12:10:21.461963Z","level":"info","event":"Filling up the DagBag from /opt/airflow/dags/fake_store_etl.py","logger":"airflow.models.dagbag.DagBag","filename":"dagbag.py","lineno":593}
{"timestamp":"2026-01-13T12:10:22.291387Z","level":"warning","event":"The `airflow.decorators.dag` attribute is deprecated. Please use `'airflow.sdk.dag'`.","category":"DeprecatedImportWarning","filename":"/opt/airflow/dags/fake_store_etl.py","lineno":6,"logger":"py.warnings"}
{"timestamp":"2026-01-13T12:10:22.291544Z","level":"warning","event":"The `airflow.decorators.task` attribute is deprecated. Please use `'airflow.sdk.task'`.","category":"DeprecatedImportWarning","filename":"/opt/airflow/dags/fake_store_etl.py","lineno":6,"logger":"py.warnings"}
{"timestamp":"2026-01-13T12:10:52.404302Z","level":"info","event":"Filling up the DagBag from /opt/airflow/dags/fake_store_etl.py","logger":"airflow.models.dagbag.DagBag","filename":"dagbag.py","lineno":593}
{"timestamp":"2026-01-13T12:10:53.418924Z","level":"warning","event":"The `airflow.decorators.dag` attribute is deprecated. Please use `'airflow.sdk.dag'`.","category":"DeprecatedImportWarning","filename":"/opt/airflow/dags/fake_store_etl.py","lineno":6,"logger":"py.warnings"}
{"timestamp":"2026-01-13T12:10:53.419207Z","level":"warning","event":"The `airflow.decorators.task` attribute is deprecated. Please use `'airflow.sdk.task'`.","category":"DeprecatedImportWarning","filename":"/opt/airflow/dags/fake_store_etl.py","lineno":6,"logger":"py.warnings"}
{"timestamp":"2026-01-13T12:11:23.696510Z","level":"info","event":"Filling up the DagBag from /opt/airflow/dags/fake_store_etl.py","logger":"airflow.models.dagbag.DagBag","filename":"dagbag.py","lineno":593}
{"timestamp":"2026-01-13T12:11:24.318374Z","level":"warning","event":"The `airflow.decorators.dag` attribute is deprecated. Please use `'airflow.sdk.dag'`.","category":"DeprecatedImportWarning","filename":"/opt/airflow/dags/fake_store_etl.py","lineno":6,"logger":"py.warnings"}
{"timestamp":"2026-01-13T12:11:24.318522Z","level":"warning","event":"The `airflow.decorators.task` attribute is deprecated. Please use `'airflow.sdk.task'`.","category":"DeprecatedImportWarning","filename":"/opt/airflow/dags/fake_store_etl.py","lineno":6,"logger":"py.warnings"}
{"timestamp":"2026-01-13T12:11:54.413280Z","level":"info","event":"Filling up the DagBag from /opt/airflow/dags/fake_store_etl.py","logger":"airflow.models.dagbag.DagBag","filename":"dagbag.py","lineno":593}
{"timestamp":"2026-01-13T12:11:54.994396Z","level":"warning","event":"The `airflow.decorators.dag` attribute is deprecated. Please use `'airflow.sdk.dag'`.","category":"DeprecatedImportWarning","filename":"/opt/airflow/dags/fake_store_etl.py","lineno":6,"logger":"py.warnings"}
{"timestamp":"2026-01-13T12:11:54.994527Z","level":"warning","event":"The `airflow.decorators.task` attribute is deprecated. Please use `'airflow.sdk.task'`.","category":"DeprecatedImportWarning","filename":"/opt/airflow/dags/fake_store_etl.py","lineno":6,"logger":"py.warnings"}
{"timestamp":"2026-01-13T12:12:25.040122Z","level":"info","event":"Filling up the DagBag from /opt/airflow/dags/fake_store_etl.py","logger":"airflow.models.dagbag.DagBag","filename":"dagbag.py","lineno":593}
{"timestamp":"2026-01-13T12:12:25.591913Z","level":"warning","event":"The `airflow.decorators.dag` attribute is deprecated. Please use `'airflow.sdk.dag'`.","category":"DeprecatedImportWarning","filename":"/opt/airflow/dags/fake_store_etl.py","lineno":6,"logger":"py.warnings"}
{"timestamp":"2026-01-13T12:12:25.592047Z","level":"warning","event":"The `airflow.decorators.task` attribute is deprecated. Please use `'airflow.sdk.task'`.","category":"DeprecatedImportWarning","filename":"/opt/airflow/dags/fake_store_etl.py","lineno":6,"logger":"py.warnings"}
{"timestamp":"2026-01-13T12:12:55.782280Z","level":"info","event":"Filling up the DagBag from /opt/airflow/dags/fake_store_etl.py","logger":"airflow.models.dagbag.DagBag","filename":"dagbag.py","lineno":593}
{"timestamp":"2026-01-13T12:12:56.348921Z","level":"warning","event":"The `airflow.decorators.dag` attribute is deprecated. Please use `'airflow.sdk.dag'`.","category":"DeprecatedImportWarning","filename":"/opt/airflow/dags/fake_store_etl.py","lineno":6,"logger":"py.warnings"}
{"timestamp":"2026-01-13T12:12:56.349049Z","level":"warning","event":"The `airflow.decorators.task` attribute is deprecated. Please use `'airflow.sdk.task'`.","category":"DeprecatedImportWarning","filename":"/opt/airflow/dags/fake_store_etl.py","lineno":6,"logger":"py.warnings"}
{"timestamp":"2026-01-13T12:13:26.578616Z","level":"info","event":"Filling up the DagBag from /opt/airflow/dags/fake_store_etl.py","logger":"airflow.models.dagbag.DagBag","filename":"dagbag.py","lineno":593}
{"timestamp":"2026-01-13T12:13:27.195837Z","level":"warning","event":"The `airflow.decorators.dag` attribute is deprecated. Please use `'airflow.sdk.dag'`.","category":"DeprecatedImportWarning","filename":"/opt/airflow/dags/fake_store_etl.py","lineno":6,"logger":"py.warnings"}
{"timestamp":"2026-01-13T12:13:27.195971Z","level":"warning","event":"The `airflow.decorators.task` attribute is deprecated. Please use `'airflow.sdk.task'`.","category":"DeprecatedImportWarning","filename":"/opt/airflow/dags/fake_store_etl.py","lineno":6,"logger":"py.warnings"}
{"timestamp":"2026-01-13T12:13:57.292693Z","level":"info","event":"Filling up the DagBag from /opt/airflow/dags/fake_store_etl.py","logger":"airflow.models.dagbag.DagBag","filename":"dagbag.py","lineno":593}
{"timestamp":"2026-01-13T12:13:58.013491Z","level":"warning","event":"The `airflow.decorators.dag` attribute is deprecated. Please use `'airflow.sdk.dag'`.","category":"DeprecatedImportWarning","filename":"/opt/airflow/dags/fake_store_etl.py","lineno":6,"logger":"py.warnings"}
{"timestamp":"2026-01-13T12:13:58.013643Z","level":"warning","event":"The `airflow.decorators.task` attribute is deprecated. Please use `'airflow.sdk.task'`.","category":"DeprecatedImportWarning","filename":"/opt/airflow/dags/fake_store_etl.py","lineno":6,"logger":"py.warnings"}
{"timestamp":"2026-01-13T12:14:28.098520Z","level":"info","event":"Filling up the DagBag from /opt/airflow/dags/fake_store_etl.py","logger":"airflow.models.dagbag.DagBag","filename":"dagbag.py","lineno":593}
{"timestamp":"2026-01-13T12:14:28.826389Z","level":"warning","event":"The `airflow.decorators.dag` attribute is deprecated. Please use `'airflow.sdk.dag'`.","category":"DeprecatedImportWarning","filename":"/opt/airflow/dags/fake_store_etl.py","lineno":6,"logger":"py.warnings"}
{"timestamp":"2026-01-13T12:14:28.826549Z","level":"warning","event":"The `airflow.decorators.task` attribute is deprecated. Please use `'airflow.sdk.task'`.","category":"DeprecatedImportWarning","filename":"/opt/airflow/dags/fake_store_etl.py","lineno":6,"logger":"py.warnings"}
{"timestamp":"2026-01-13T12:14:59.004964Z","level":"info","event":"Filling up the DagBag from /opt/airflow/dags/fake_store_etl.py","logger":"airflow.models.dagbag.DagBag","filename":"dagbag.py","lineno":593}
{"timestamp":"2026-01-13T12:14:59.633045Z","level":"warning","event":"The `airflow.decorators.dag` attribute is deprecated. Please use `'airflow.sdk.dag'`.","category":"DeprecatedImportWarning","filename":"/opt/airflow/dags/fake_store_etl.py","lineno":6,"logger":"py.warnings"}
{"timestamp":"2026-01-13T12:14:59.633282Z","level":"warning","event":"The `airflow.decorators.task` attribute is deprecated. Please use `'airflow.sdk.task'`.","category":"DeprecatedImportWarning","filename":"/opt/airflow/dags/fake_store_etl.py","lineno":6,"logger":"py.warnings"}
{"timestamp":"2026-01-13T12:15:29.886544Z","level":"info","event":"Filling up the DagBag from /opt/airflow/dags/fake_store_etl.py","logger":"airflow.models.dagbag.DagBag","filename":"dagbag.py","lineno":593}
{"timestamp":"2026-01-13T12:15:30.458547Z","level":"warning","event":"The `airflow.decorators.dag` attribute is deprecated. Please use `'airflow.sdk.dag'`.","category":"DeprecatedImportWarning","filename":"/opt/airflow/dags/fake_store_etl.py","lineno":6,"logger":"py.warnings"}
{"timestamp":"2026-01-13T12:15:30.458679Z","level":"warning","event":"The `airflow.decorators.task` attribute is deprecated. Please use `'airflow.sdk.task'`.","category":"DeprecatedImportWarning","filename":"/opt/airflow/dags/fake_store_etl.py","lineno":6,"logger":"py.warnings"}
{"timestamp":"2026-01-13T12:16:00.664782Z","level":"info","event":"Filling up the DagBag from /opt/airflow/dags/fake_store_etl.py","logger":"airflow.models.dagbag.DagBag","filename":"dagbag.py","lineno":593}
{"timestamp":"2026-01-13T12:16:01.358294Z","level":"warning","event":"The `airflow.decorators.dag` attribute is deprecated. Please use `'airflow.sdk.dag'`.","category":"DeprecatedImportWarning","filename":"/opt/airflow/dags/fake_store_etl.py","lineno":6,"logger":"py.warnings"}
{"timestamp":"2026-01-13T12:16:01.358444Z","level":"warning","event":"The `airflow.decorators.task` attribute is deprecated. Please use `'airflow.sdk.task'`.","category":"DeprecatedImportWarning","filename":"/opt/airflow/dags/fake_store_etl.py","lineno":6,"logger":"py.warnings"}
{"timestamp":"2026-01-13T12:16:31.556387Z","level":"info","event":"Filling up the DagBag from /opt/airflow/dags/fake_store_etl.py","logger":"airflow.models.dagbag.DagBag","filename":"dagbag.py","lineno":593}
{"timestamp":"2026-01-13T12:16:32.347294Z","level":"warning","event":"The `airflow.decorators.dag` attribute is deprecated. Please use `'airflow.sdk.dag'`.","category":"DeprecatedImportWarning","filename":"/opt/airflow/dags/fake_store_etl.py","lineno":6,"logger":"py.warnings"}
{"timestamp":"2026-01-13T12:16:32.347467Z","level":"warning","event":"The `airflow.decorators.task` attribute is deprecated. Please use `'airflow.sdk.task'`.","category":"DeprecatedImportWarning","filename":"/opt/airflow/dags/fake_store_etl.py","lineno":6,"logger":"py.warnings"}
{"timestamp":"2026-01-13T12:16:40.522125Z","level":"info","event":"Filling up the DagBag from /opt/airflow/dags/fake_store_etl.py","logger":"airflow.models.dagbag.DagBag","filename":"dagbag.py","lineno":593}
{"timestamp":"2026-01-13T12:16:41.162586Z","level":"error","event":"Failed to import: /opt/airflow/dags/fake_store_etl.py","logger":"airflow.models.dagbag.DagBag","filename":"dagbag.py","lineno":415,"error_detail":[{"exc_type":"NameError","exc_value":"name 'DB_USER' is not defined","exc_notes":[],"syntax_error":null,"is_cause":false,"frames":[{"filename":"/home/airflow/.local/lib/python3.12/site-packages/airflow/models/dagbag.py","lineno":405,"name":"parse"},{"filename":"<frozen importlib._bootstrap_external>","lineno":999,"name":"exec_module"},{"filename":"<frozen importlib._bootstrap>","lineno":488,"name":"_call_with_frames_removed"},{"filename":"/opt/airflow/dags/fake_store_etl.py","lineno":28,"name":"<module>"}],"is_group":false,"exceptions":[]}]}
{"timestamp":"2026-01-13T12:16:41.166655Z","level":"warning","event":"The `airflow.decorators.dag` attribute is deprecated. Please use `'airflow.sdk.dag'`.","category":"DeprecatedImportWarning","filename":"/opt/airflow/dags/fake_store_etl.py","lineno":6,"logger":"py.warnings"}
{"timestamp":"2026-01-13T12:16:41.166884Z","level":"warning","event":"The `airflow.decorators.task` attribute is deprecated. Please use `'airflow.sdk.task'`.","category":"DeprecatedImportWarning","filename":"/opt/airflow/dags/fake_store_etl.py","lineno":6,"logger":"py.warnings"}
{"timestamp":"2026-01-13T12:16:43.233009Z","level":"info","event":"Filling up the DagBag from /opt/airflow/dags/fake_store_etl.py","logger":"airflow.models.dagbag.DagBag","filename":"dagbag.py","lineno":593}
{"timestamp":"2026-01-13T12:16:44.048769Z","level":"warning","event":"The `airflow.decorators.dag` attribute is deprecated. Please use `'airflow.sdk.dag'`.","category":"DeprecatedImportWarning","filename":"/opt/airflow/dags/fake_store_etl.py","lineno":6,"logger":"py.warnings"}
{"timestamp":"2026-01-13T12:16:44.048920Z","level":"warning","event":"The `airflow.decorators.task` attribute is deprecated. Please use `'airflow.sdk.task'`.","category":"DeprecatedImportWarning","filename":"/opt/airflow/dags/fake_store_etl.py","lineno":6,"logger":"py.warnings"}
{"timestamp":"2026-01-13T12:16:45.100196Z","level":"info","event":"Filling up the DagBag from /opt/airflow/dags/fake_store_etl.py","logger":"airflow.models.dagbag.DagBag","filename":"dagbag.py","lineno":593}
{"timestamp":"2026-01-13T12:16:45.870404Z","level":"warning","event":"The `airflow.decorators.dag` attribute is deprecated. Please use `'airflow.sdk.dag'`.","category":"DeprecatedImportWarning","filename":"/opt/airflow/dags/fake_store_etl.py","lineno":6,"logger":"py.warnings"}
{"timestamp":"2026-01-13T12:16:45.870543Z","level":"warning","event":"The `airflow.decorators.task` attribute is deprecated. Please use `'airflow.sdk.task'`.","category":"DeprecatedImportWarning","filename":"/opt/airflow/dags/fake_store_etl.py","lineno":6,"logger":"py.warnings"}
{"timestamp":"2026-01-13T12:17:15.981446Z","level":"info","event":"Filling up the DagBag from /opt/airflow/dags/fake_store_etl.py","logger":"airflow.models.dagbag.DagBag","filename":"dagbag.py","lineno":593}
{"timestamp":"2026-01-13T12:17:16.705554Z","level":"warning","event":"The `airflow.decorators.dag` attribute is deprecated. Please use `'airflow.sdk.dag'`.","category":"DeprecatedImportWarning","filename":"/opt/airflow/dags/fake_store_etl.py","lineno":6,"logger":"py.warnings"}
{"timestamp":"2026-01-13T12:17:16.705700Z","level":"warning","event":"The `airflow.decorators.task` attribute is deprecated. Please use `'airflow.sdk.task'`.","category":"DeprecatedImportWarning","filename":"/opt/airflow/dags/fake_store_etl.py","lineno":6,"logger":"py.warnings"}
{"timestamp":"2026-01-13T12:17:46.924572Z","level":"info","event":"Filling up the DagBag from /opt/airflow/dags/fake_store_etl.py","logger":"airflow.models.dagbag.DagBag","filename":"dagbag.py","lineno":593}
{"timestamp":"2026-01-13T12:17:47.561855Z","level":"warning","event":"The `airflow.decorators.dag` attribute is deprecated. Please use `'airflow.sdk.dag'`.","category":"DeprecatedImportWarning","filename":"/opt/airflow/dags/fake_store_etl.py","lineno":6,"logger":"py.warnings"}
{"timestamp":"2026-01-13T12:17:47.562034Z","level":"warning","event":"The `airflow.decorators.task` attribute is deprecated. Please use `'airflow.sdk.task'`.","category":"DeprecatedImportWarning","filename":"/opt/airflow/dags/fake_store_etl.py","lineno":6,"logger":"py.warnings"}
{"timestamp":"2026-01-13T12:18:17.749779Z","level":"info","event":"Filling up the DagBag from /opt/airflow/dags/fake_store_etl.py","logger":"airflow.models.dagbag.DagBag","filename":"dagbag.py","lineno":593}
{"timestamp":"2026-01-13T12:18:18.403838Z","level":"warning","event":"The `airflow.decorators.dag` attribute is deprecated. Please use `'airflow.sdk.dag'`.","category":"DeprecatedImportWarning","filename":"/opt/airflow/dags/fake_store_etl.py","lineno":6,"logger":"py.warnings"}
{"timestamp":"2026-01-13T12:18:18.403966Z","level":"warning","event":"The `airflow.decorators.task` attribute is deprecated. Please use `'airflow.sdk.task'`.","category":"DeprecatedImportWarning","filename":"/opt/airflow/dags/fake_store_etl.py","lineno":6,"logger":"py.warnings"}
{"timestamp":"2026-01-13T12:18:24.498261Z","level":"info","event":"Filling up the DagBag from /opt/airflow/dags/fake_store_etl.py","logger":"airflow.models.dagbag.DagBag","filename":"dagbag.py","lineno":593}
{"timestamp":"2026-01-13T12:18:25.213900Z","level":"warning","event":"The `airflow.decorators.dag` attribute is deprecated. Please use `'airflow.sdk.dag'`.","category":"DeprecatedImportWarning","filename":"/opt/airflow/dags/fake_store_etl.py","lineno":6,"logger":"py.warnings"}
{"timestamp":"2026-01-13T12:18:25.214044Z","level":"warning","event":"The `airflow.decorators.task` attribute is deprecated. Please use `'airflow.sdk.task'`.","category":"DeprecatedImportWarning","filename":"/opt/airflow/dags/fake_store_etl.py","lineno":6,"logger":"py.warnings"}
{"timestamp":"2026-01-13T12:18:55.377605Z","level":"info","event":"Filling up the DagBag from /opt/airflow/dags/fake_store_etl.py","logger":"airflow.models.dagbag.DagBag","filename":"dagbag.py","lineno":593}
{"timestamp":"2026-01-13T12:18:55.974952Z","level":"warning","event":"The `airflow.decorators.dag` attribute is deprecated. Please use `'airflow.sdk.dag'`.","category":"DeprecatedImportWarning","filename":"/opt/airflow/dags/fake_store_etl.py","lineno":6,"logger":"py.warnings"}
{"timestamp":"2026-01-13T12:18:55.975098Z","level":"warning","event":"The `airflow.decorators.task` attribute is deprecated. Please use `'airflow.sdk.task'`.","category":"DeprecatedImportWarning","filename":"/opt/airflow/dags/fake_store_etl.py","lineno":6,"logger":"py.warnings"}
{"timestamp":"2026-01-13T12:19:26.098305Z","level":"info","event":"Filling up the DagBag from /opt/airflow/dags/fake_store_etl.py","logger":"airflow.models.dagbag.DagBag","filename":"dagbag.py","lineno":593}
{"timestamp":"2026-01-13T12:19:26.662247Z","level":"warning","event":"The `airflow.decorators.dag` attribute is deprecated. Please use `'airflow.sdk.dag'`.","category":"DeprecatedImportWarning","filename":"/opt/airflow/dags/fake_store_etl.py","lineno":6,"logger":"py.warnings"}
{"timestamp":"2026-01-13T12:19:26.662378Z","level":"warning","event":"The `airflow.decorators.task` attribute is deprecated. Please use `'airflow.sdk.task'`.","category":"DeprecatedImportWarning","filename":"/opt/airflow/dags/fake_store_etl.py","lineno":6,"logger":"py.warnings"}
{"timestamp":"2026-01-13T17:30:58.573049Z","level":"info","event":"Filling up the DagBag from /opt/airflow/dags/fake_store_etl.py","logger":"airflow.models.dagbag.DagBag","filename":"dagbag.py","lineno":593}
{"timestamp":"2026-01-13T17:31:01.129433Z","level":"warning","event":"The `airflow.decorators.dag` attribute is deprecated. Please use `'airflow.sdk.dag'`.","category":"DeprecatedImportWarning","filename":"/opt/airflow/dags/fake_store_etl.py","lineno":6,"logger":"py.warnings"}
{"timestamp":"2026-01-13T17:31:01.129772Z","level":"warning","event":"The `airflow.decorators.task` attribute is deprecated. Please use `'airflow.sdk.task'`.","category":"DeprecatedImportWarning","filename":"/opt/airflow/dags/fake_store_etl.py","lineno":6,"logger":"py.warnings"}
{"timestamp":"2026-01-13T17:31:31.807542Z","level":"info","event":"Filling up the DagBag from /opt/airflow/dags/fake_store_etl.py","logger":"airflow.models.dagbag.DagBag","filename":"dagbag.py","lineno":593}
{"timestamp":"2026-01-13T17:31:33.105875Z","level":"warning","event":"The `airflow.decorators.dag` attribute is deprecated. Please use `'airflow.sdk.dag'`.","category":"DeprecatedImportWarning","filename":"/opt/airflow/dags/fake_store_etl.py","lineno":6,"logger":"py.warnings"}
{"timestamp":"2026-01-13T17:31:33.106158Z","level":"warning","event":"The `airflow.decorators.task` attribute is deprecated. Please use `'airflow.sdk.task'`.","category":"DeprecatedImportWarning","filename":"/opt/airflow/dags/fake_store_etl.py","lineno":6,"logger":"py.warnings"}
{"timestamp":"2026-01-13T17:32:03.270167Z","level":"info","event":"Filling up the DagBag from /opt/airflow/dags/fake_store_etl.py","logger":"airflow.models.dagbag.DagBag","filename":"dagbag.py","lineno":593}
{"timestamp":"2026-01-13T17:32:04.210634Z","level":"warning","event":"The `airflow.decorators.dag` attribute is deprecated. Please use `'airflow.sdk.dag'`.","category":"DeprecatedImportWarning","filename":"/opt/airflow/dags/fake_store_etl.py","lineno":6,"logger":"py.warnings"}
{"timestamp":"2026-01-13T17:32:04.210822Z","level":"warning","event":"The `airflow.decorators.task` attribute is deprecated. Please use `'airflow.sdk.task'`.","category":"DeprecatedImportWarning","filename":"/opt/airflow/dags/fake_store_etl.py","lineno":6,"logger":"py.warnings"}
{"timestamp":"2026-01-13T17:32:35.002009Z","level":"info","event":"Filling up the DagBag from /opt/airflow/dags/fake_store_etl.py","logger":"airflow.models.dagbag.DagBag","filename":"dagbag.py","lineno":593}
{"timestamp":"2026-01-13T17:32:36.203187Z","level":"warning","event":"The `airflow.decorators.dag` attribute is deprecated. Please use `'airflow.sdk.dag'`.","category":"DeprecatedImportWarning","filename":"/opt/airflow/dags/fake_store_etl.py","lineno":6,"logger":"py.warnings"}
{"timestamp":"2026-01-13T17:32:36.203579Z","level":"warning","event":"The `airflow.decorators.task` attribute is deprecated. Please use `'airflow.sdk.task'`.","category":"DeprecatedImportWarning","filename":"/opt/airflow/dags/fake_store_etl.py","lineno":6,"logger":"py.warnings"}
{"timestamp":"2026-01-13T17:33:06.542957Z","level":"info","event":"Filling up the DagBag from /opt/airflow/dags/fake_store_etl.py","logger":"airflow.models.dagbag.DagBag","filename":"dagbag.py","lineno":593}
{"timestamp":"2026-01-13T17:33:07.703586Z","level":"warning","event":"The `airflow.decorators.dag` attribute is deprecated. Please use `'airflow.sdk.dag'`.","category":"DeprecatedImportWarning","filename":"/opt/airflow/dags/fake_store_etl.py","lineno":6,"logger":"py.warnings"}
{"timestamp":"2026-01-13T17:33:07.703824Z","level":"warning","event":"The `airflow.decorators.task` attribute is deprecated. Please use `'airflow.sdk.task'`.","category":"DeprecatedImportWarning","filename":"/opt/airflow/dags/fake_store_etl.py","lineno":6,"logger":"py.warnings"}
{"timestamp":"2026-01-13T17:33:38.280197Z","level":"info","event":"Filling up the DagBag from /opt/airflow/dags/fake_store_etl.py","logger":"airflow.models.dagbag.DagBag","filename":"dagbag.py","lineno":593}
{"timestamp":"2026-01-13T17:33:39.694460Z","level":"warning","event":"The `airflow.decorators.dag` attribute is deprecated. Please use `'airflow.sdk.dag'`.","category":"DeprecatedImportWarning","filename":"/opt/airflow/dags/fake_store_etl.py","lineno":6,"logger":"py.warnings"}
{"timestamp":"2026-01-13T17:33:39.694914Z","level":"warning","event":"The `airflow.decorators.task` attribute is deprecated. Please use `'airflow.sdk.task'`.","category":"DeprecatedImportWarning","filename":"/opt/airflow/dags/fake_store_etl.py","lineno":6,"logger":"py.warnings"}
{"timestamp":"2026-01-13T17:34:10.727404Z","level":"info","event":"Filling up the DagBag from /opt/airflow/dags/fake_store_etl.py","logger":"airflow.models.dagbag.DagBag","filename":"dagbag.py","lineno":593}
{"timestamp":"2026-01-13T17:34:12.581835Z","level":"warning","event":"The `airflow.decorators.dag` attribute is deprecated. Please use `'airflow.sdk.dag'`.","category":"DeprecatedImportWarning","filename":"/opt/airflow/dags/fake_store_etl.py","lineno":6,"logger":"py.warnings"}
{"timestamp":"2026-01-13T17:34:12.582228Z","level":"warning","event":"The `airflow.decorators.task` attribute is deprecated. Please use `'airflow.sdk.task'`.","category":"DeprecatedImportWarning","filename":"/opt/airflow/dags/fake_store_etl.py","lineno":6,"logger":"py.warnings"}
{"timestamp":"2026-01-13T17:34:43.486925Z","level":"info","event":"Filling up the DagBag from /opt/airflow/dags/fake_store_etl.py","logger":"airflow.models.dagbag.DagBag","filename":"dagbag.py","lineno":593}
{"timestamp":"2026-01-13T17:34:44.685560Z","level":"warning","event":"The `airflow.decorators.dag` attribute is deprecated. Please use `'airflow.sdk.dag'`.","category":"DeprecatedImportWarning","filename":"/opt/airflow/dags/fake_store_etl.py","lineno":6,"logger":"py.warnings"}
{"timestamp":"2026-01-13T17:34:44.685903Z","level":"warning","event":"The `airflow.decorators.task` attribute is deprecated. Please use `'airflow.sdk.task'`.","category":"DeprecatedImportWarning","filename":"/opt/airflow/dags/fake_store_etl.py","lineno":6,"logger":"py.warnings"}
{"timestamp":"2026-01-13T17:35:15.662513Z","level":"info","event":"Filling up the DagBag from /opt/airflow/dags/fake_store_etl.py","logger":"airflow.models.dagbag.DagBag","filename":"dagbag.py","lineno":593}
{"timestamp":"2026-01-13T17:35:16.883160Z","level":"warning","event":"The `airflow.decorators.dag` attribute is deprecated. Please use `'airflow.sdk.dag'`.","category":"DeprecatedImportWarning","filename":"/opt/airflow/dags/fake_store_etl.py","lineno":6,"logger":"py.warnings"}
{"timestamp":"2026-01-13T17:35:16.883548Z","level":"warning","event":"The `airflow.decorators.task` attribute is deprecated. Please use `'airflow.sdk.task'`.","category":"DeprecatedImportWarning","filename":"/opt/airflow/dags/fake_store_etl.py","lineno":6,"logger":"py.warnings"}
{"timestamp":"2026-01-13T17:35:47.953531Z","level":"info","event":"Filling up the DagBag from /opt/airflow/dags/fake_store_etl.py","logger":"airflow.models.dagbag.DagBag","filename":"dagbag.py","lineno":593}
{"timestamp":"2026-01-13T17:35:48.836888Z","level":"warning","event":"The `airflow.decorators.dag` attribute is deprecated. Please use `'airflow.sdk.dag'`.","category":"DeprecatedImportWarning","filename":"/opt/airflow/dags/fake_store_etl.py","lineno":6,"logger":"py.warnings"}
{"timestamp":"2026-01-13T17:35:48.837085Z","level":"warning","event":"The `airflow.decorators.task` attribute is deprecated. Please use `'airflow.sdk.task'`.","category":"DeprecatedImportWarning","filename":"/opt/airflow/dags/fake_store_etl.py","lineno":6,"logger":"py.warnings"}
{"timestamp":"2026-01-13T17:36:19.533959Z","level":"info","event":"Filling up the DagBag from /opt/airflow/dags/fake_store_etl.py","logger":"airflow.models.dagbag.DagBag","filename":"dagbag.py","lineno":593}
{"timestamp":"2026-01-13T17:36:20.518600Z","level":"warning","event":"The `airflow.decorators.dag` attribute is deprecated. Please use `'airflow.sdk.dag'`.","category":"DeprecatedImportWarning","filename":"/opt/airflow/dags/fake_store_etl.py","lineno":6,"logger":"py.warnings"}
{"timestamp":"2026-01-13T17:36:20.518874Z","level":"warning","event":"The `airflow.decorators.task` attribute is deprecated. Please use `'airflow.sdk.task'`.","category":"DeprecatedImportWarning","filename":"/opt/airflow/dags/fake_store_etl.py","lineno":6,"logger":"py.warnings"}
{"timestamp":"2026-01-13T17:36:50.630707Z","level":"info","event":"Filling up the DagBag from /opt/airflow/dags/fake_store_etl.py","logger":"airflow.models.dagbag.DagBag","filename":"dagbag.py","lineno":593}
{"timestamp":"2026-01-13T17:36:51.551206Z","level":"warning","event":"The `airflow.decorators.dag` attribute is deprecated. Please use `'airflow.sdk.dag'`.","category":"DeprecatedImportWarning","filename":"/opt/airflow/dags/fake_store_etl.py","lineno":6,"logger":"py.warnings"}
{"timestamp":"2026-01-13T17:36:51.551623Z","level":"warning","event":"The `airflow.decorators.task` attribute is deprecated. Please use `'airflow.sdk.task'`.","category":"DeprecatedImportWarning","filename":"/opt/airflow/dags/fake_store_etl.py","lineno":6,"logger":"py.warnings"}
{"timestamp":"2026-01-13T17:37:22.275368Z","level":"info","event":"Filling up the DagBag from /opt/airflow/dags/fake_store_etl.py","logger":"airflow.models.dagbag.DagBag","filename":"dagbag.py","lineno":593}
{"timestamp":"2026-01-13T17:37:23.199717Z","level":"warning","event":"The `airflow.decorators.dag` attribute is deprecated. Please use `'airflow.sdk.dag'`.","category":"DeprecatedImportWarning","filename":"/opt/airflow/dags/fake_store_etl.py","lineno":6,"logger":"py.warnings"}
{"timestamp":"2026-01-13T17:37:23.200050Z","level":"warning","event":"The `airflow.decorators.task` attribute is deprecated. Please use `'airflow.sdk.task'`.","category":"DeprecatedImportWarning","filename":"/opt/airflow/dags/fake_store_etl.py","lineno":6,"logger":"py.warnings"}
{"timestamp":"2026-01-13T17:37:53.973150Z","level":"info","event":"Filling up the DagBag from /opt/airflow/dags/fake_store_etl.py","logger":"airflow.models.dagbag.DagBag","filename":"dagbag.py","lineno":593}
{"timestamp":"2026-01-13T17:37:55.344925Z","level":"warning","event":"The `airflow.decorators.dag` attribute is deprecated. Please use `'airflow.sdk.dag'`.","category":"DeprecatedImportWarning","filename":"/opt/airflow/dags/fake_store_etl.py","lineno":6,"logger":"py.warnings"}
{"timestamp":"2026-01-13T17:37:55.345199Z","level":"warning","event":"The `airflow.decorators.task` attribute is deprecated. Please use `'airflow.sdk.task'`.","category":"DeprecatedImportWarning","filename":"/opt/airflow/dags/fake_store_etl.py","lineno":6,"logger":"py.warnings"}
{"timestamp":"2026-01-13T17:38:26.111515Z","level":"info","event":"Filling up the DagBag from /opt/airflow/dags/fake_store_etl.py","logger":"airflow.models.dagbag.DagBag","filename":"dagbag.py","lineno":593}
{"timestamp":"2026-01-13T17:38:27.353210Z","level":"warning","event":"The `airflow.decorators.dag` attribute is deprecated. Please use `'airflow.sdk.dag'`.","category":"DeprecatedImportWarning","filename":"/opt/airflow/dags/fake_store_etl.py","lineno":6,"logger":"py.warnings"}
{"timestamp":"2026-01-13T17:38:27.353577Z","level":"warning","event":"The `airflow.decorators.task` attribute is deprecated. Please use `'airflow.sdk.task'`.","category":"DeprecatedImportWarning","filename":"/opt/airflow/dags/fake_store_etl.py","lineno":6,"logger":"py.warnings"}
{"timestamp":"2026-01-13T17:38:58.183625Z","level":"info","event":"Filling up the DagBag from /opt/airflow/dags/fake_store_etl.py","logger":"airflow.models.dagbag.DagBag","filename":"dagbag.py","lineno":593}
{"timestamp":"2026-01-13T17:38:59.155903Z","level":"warning","event":"The `airflow.decorators.dag` attribute is deprecated. Please use `'airflow.sdk.dag'`.","category":"DeprecatedImportWarning","filename":"/opt/airflow/dags/fake_store_etl.py","lineno":6,"logger":"py.warnings"}
{"timestamp":"2026-01-13T17:38:59.156087Z","level":"warning","event":"The `airflow.decorators.task` attribute is deprecated. Please use `'airflow.sdk.task'`.","category":"DeprecatedImportWarning","filename":"/opt/airflow/dags/fake_store_etl.py","lineno":6,"logger":"py.warnings"}
{"timestamp":"2026-01-13T17:39:29.946099Z","level":"info","event":"Filling up the DagBag from /opt/airflow/dags/fake_store_etl.py","logger":"airflow.models.dagbag.DagBag","filename":"dagbag.py","lineno":593}
{"timestamp":"2026-01-13T17:39:31.682810Z","level":"warning","event":"The `airflow.decorators.dag` attribute is deprecated. Please use `'airflow.sdk.dag'`.","category":"DeprecatedImportWarning","filename":"/opt/airflow/dags/fake_store_etl.py","lineno":6,"logger":"py.warnings"}
{"timestamp":"2026-01-13T17:39:31.682994Z","level":"warning","event":"The `airflow.decorators.task` attribute is deprecated. Please use `'airflow.sdk.task'`.","category":"DeprecatedImportWarning","filename":"/opt/airflow/dags/fake_store_etl.py","lineno":6,"logger":"py.warnings"}
{"timestamp":"2026-01-13T17:40:02.606171Z","level":"info","event":"Filling up the DagBag from /opt/airflow/dags/fake_store_etl.py","logger":"airflow.models.dagbag.DagBag","filename":"dagbag.py","lineno":593}
{"timestamp":"2026-01-13T17:40:03.578358Z","level":"warning","event":"The `airflow.decorators.dag` attribute is deprecated. Please use `'airflow.sdk.dag'`.","category":"DeprecatedImportWarning","filename":"/opt/airflow/dags/fake_store_etl.py","lineno":6,"logger":"py.warnings"}
{"timestamp":"2026-01-13T17:40:03.578679Z","level":"warning","event":"The `airflow.decorators.task` attribute is deprecated. Please use `'airflow.sdk.task'`.","category":"DeprecatedImportWarning","filename":"/opt/airflow/dags/fake_store_etl.py","lineno":6,"logger":"py.warnings"}
{"timestamp":"2026-01-13T17:40:34.317232Z","level":"info","event":"Filling up the DagBag from /opt/airflow/dags/fake_store_etl.py","logger":"airflow.models.dagbag.DagBag","filename":"dagbag.py","lineno":593}
{"timestamp":"2026-01-13T17:40:35.233341Z","level":"warning","event":"The `airflow.decorators.dag` attribute is deprecated. Please use `'airflow.sdk.dag'`.","category":"DeprecatedImportWarning","filename":"/opt/airflow/dags/fake_store_etl.py","lineno":6,"logger":"py.warnings"}
{"timestamp":"2026-01-13T17:40:35.233699Z","level":"warning","event":"The `airflow.decorators.task` attribute is deprecated. Please use `'airflow.sdk.task'`.","category":"DeprecatedImportWarning","filename":"/opt/airflow/dags/fake_store_etl.py","lineno":6,"logger":"py.warnings"}
{"timestamp":"2026-01-13T17:41:06.072977Z","level":"info","event":"Filling up the DagBag from /opt/airflow/dags/fake_store_etl.py","logger":"airflow.models.dagbag.DagBag","filename":"dagbag.py","lineno":593}
{"timestamp":"2026-01-13T17:41:06.925991Z","level":"warning","event":"The `airflow.decorators.dag` attribute is deprecated. Please use `'airflow.sdk.dag'`.","category":"DeprecatedImportWarning","filename":"/opt/airflow/dags/fake_store_etl.py","lineno":6,"logger":"py.warnings"}
{"timestamp":"2026-01-13T17:41:06.926253Z","level":"warning","event":"The `airflow.decorators.task` attribute is deprecated. Please use `'airflow.sdk.task'`.","category":"DeprecatedImportWarning","filename":"/opt/airflow/dags/fake_store_etl.py","lineno":6,"logger":"py.warnings"}
{"timestamp":"2026-01-13T17:41:37.111111Z","level":"info","event":"Filling up the DagBag from /opt/airflow/dags/fake_store_etl.py","logger":"airflow.models.dagbag.DagBag","filename":"dagbag.py","lineno":593}
{"timestamp":"2026-01-13T17:41:38.289319Z","level":"warning","event":"The `airflow.decorators.dag` attribute is deprecated. Please use `'airflow.sdk.dag'`.","category":"DeprecatedImportWarning","filename":"/opt/airflow/dags/fake_store_etl.py","lineno":6,"logger":"py.warnings"}
{"timestamp":"2026-01-13T17:41:38.289638Z","level":"warning","event":"The `airflow.decorators.task` attribute is deprecated. Please use `'airflow.sdk.task'`.","category":"DeprecatedImportWarning","filename":"/opt/airflow/dags/fake_store_etl.py","lineno":6,"logger":"py.warnings"}
{"timestamp":"2026-01-13T17:42:08.984808Z","level":"info","event":"Filling up the DagBag from /opt/airflow/dags/fake_store_etl.py","logger":"airflow.models.dagbag.DagBag","filename":"dagbag.py","lineno":593}
{"timestamp":"2026-01-13T17:42:10.132183Z","level":"warning","event":"The `airflow.decorators.dag` attribute is deprecated. Please use `'airflow.sdk.dag'`.","category":"DeprecatedImportWarning","filename":"/opt/airflow/dags/fake_store_etl.py","lineno":6,"logger":"py.warnings"}
{"timestamp":"2026-01-13T17:42:10.132493Z","level":"warning","event":"The `airflow.decorators.task` attribute is deprecated. Please use `'airflow.sdk.task'`.","category":"DeprecatedImportWarning","filename":"/opt/airflow/dags/fake_store_etl.py","lineno":6,"logger":"py.warnings"}
{"timestamp":"2026-01-13T17:42:41.046891Z","level":"info","event":"Filling up the DagBag from /opt/airflow/dags/fake_store_etl.py","logger":"airflow.models.dagbag.DagBag","filename":"dagbag.py","lineno":593}
{"timestamp":"2026-01-13T17:42:41.915236Z","level":"warning","event":"The `airflow.decorators.dag` attribute is deprecated. Please use `'airflow.sdk.dag'`.","category":"DeprecatedImportWarning","filename":"/opt/airflow/dags/fake_store_etl.py","lineno":6,"logger":"py.warnings"}
{"timestamp":"2026-01-13T17:42:41.915544Z","level":"warning","event":"The `airflow.decorators.task` attribute is deprecated. Please use `'airflow.sdk.task'`.","category":"DeprecatedImportWarning","filename":"/opt/airflow/dags/fake_store_etl.py","lineno":6,"logger":"py.warnings"}
{"timestamp":"2026-01-13T17:43:12.945943Z","level":"info","event":"Filling up the DagBag from /opt/airflow/dags/fake_store_etl.py","logger":"airflow.models.dagbag.DagBag","filename":"dagbag.py","lineno":593}
{"timestamp":"2026-01-13T17:43:13.938025Z","level":"warning","event":"The `airflow.decorators.dag` attribute is deprecated. Please use `'airflow.sdk.dag'`.","category":"DeprecatedImportWarning","filename":"/opt/airflow/dags/fake_store_etl.py","lineno":6,"logger":"py.warnings"}
{"timestamp":"2026-01-13T17:43:13.938310Z","level":"warning","event":"The `airflow.decorators.task` attribute is deprecated. Please use `'airflow.sdk.task'`.","category":"DeprecatedImportWarning","filename":"/opt/airflow/dags/fake_store_etl.py","lineno":6,"logger":"py.warnings"}
{"timestamp":"2026-01-13T17:43:44.720596Z","level":"info","event":"Filling up the DagBag from /opt/airflow/dags/fake_store_etl.py","logger":"airflow.models.dagbag.DagBag","filename":"dagbag.py","lineno":593}
{"timestamp":"2026-01-13T17:43:45.868650Z","level":"warning","event":"The `airflow.decorators.dag` attribute is deprecated. Please use `'airflow.sdk.dag'`.","category":"DeprecatedImportWarning","filename":"/opt/airflow/dags/fake_store_etl.py","lineno":6,"logger":"py.warnings"}
{"timestamp":"2026-01-13T17:43:45.869012Z","level":"warning","event":"The `airflow.decorators.task` attribute is deprecated. Please use `'airflow.sdk.task'`.","category":"DeprecatedImportWarning","filename":"/opt/airflow/dags/fake_store_etl.py","lineno":6,"logger":"py.warnings"}
{"timestamp":"2026-01-13T17:44:16.806185Z","level":"info","event":"Filling up the DagBag from /opt/airflow/dags/fake_store_etl.py","logger":"airflow.models.dagbag.DagBag","filename":"dagbag.py","lineno":593}
{"timestamp":"2026-01-13T17:44:17.845113Z","level":"warning","event":"The `airflow.decorators.dag` attribute is deprecated. Please use `'airflow.sdk.dag'`.","category":"DeprecatedImportWarning","filename":"/opt/airflow/dags/fake_store_etl.py","lineno":6,"logger":"py.warnings"}
{"timestamp":"2026-01-13T17:44:17.845381Z","level":"warning","event":"The `airflow.decorators.task` attribute is deprecated. Please use `'airflow.sdk.task'`.","category":"DeprecatedImportWarning","filename":"/opt/airflow/dags/fake_store_etl.py","lineno":6,"logger":"py.warnings"}
{"timestamp":"2026-01-13T17:44:48.769787Z","level":"info","event":"Filling up the DagBag from /opt/airflow/dags/fake_store_etl.py","logger":"airflow.models.dagbag.DagBag","filename":"dagbag.py","lineno":593}
{"timestamp":"2026-01-13T17:44:49.623604Z","level":"warning","event":"The `airflow.decorators.dag` attribute is deprecated. Please use `'airflow.sdk.dag'`.","category":"DeprecatedImportWarning","filename":"/opt/airflow/dags/fake_store_etl.py","lineno":6,"logger":"py.warnings"}
{"timestamp":"2026-01-13T17:44:49.623941Z","level":"warning","event":"The `airflow.decorators.task` attribute is deprecated. Please use `'airflow.sdk.task'`.","category":"DeprecatedImportWarning","filename":"/opt/airflow/dags/fake_store_etl.py","lineno":6,"logger":"py.warnings"}
{"timestamp":"2026-01-13T17:45:19.744571Z","level":"info","event":"Filling up the DagBag from /opt/airflow/dags/fake_store_etl.py","logger":"airflow.models.dagbag.DagBag","filename":"dagbag.py","lineno":593}
{"timestamp":"2026-01-13T17:45:20.634312Z","level":"warning","event":"The `airflow.decorators.dag` attribute is deprecated. Please use `'airflow.sdk.dag'`.","category":"DeprecatedImportWarning","filename":"/opt/airflow/dags/fake_store_etl.py","lineno":6,"logger":"py.warnings"}
{"timestamp":"2026-01-13T17:45:20.634646Z","level":"warning","event":"The `airflow.decorators.task` attribute is deprecated. Please use `'airflow.sdk.task'`.","category":"DeprecatedImportWarning","filename":"/opt/airflow/dags/fake_store_etl.py","lineno":6,"logger":"py.warnings"}
{"timestamp":"2026-01-13T17:45:51.557442Z","level":"info","event":"Filling up the DagBag from /opt/airflow/dags/fake_store_etl.py","logger":"airflow.models.dagbag.DagBag","filename":"dagbag.py","lineno":593}
{"timestamp":"2026-01-13T17:45:52.888040Z","level":"warning","event":"The `airflow.decorators.dag` attribute is deprecated. Please use `'airflow.sdk.dag'`.","category":"DeprecatedImportWarning","filename":"/opt/airflow/dags/fake_store_etl.py","lineno":6,"logger":"py.warnings"}
{"timestamp":"2026-01-13T17:45:52.888485Z","level":"warning","event":"The `airflow.decorators.task` attribute is deprecated. Please use `'airflow.sdk.task'`.","category":"DeprecatedImportWarning","filename":"/opt/airflow/dags/fake_store_etl.py","lineno":6,"logger":"py.warnings"}
{"timestamp":"2026-01-13T17:46:23.729122Z","level":"info","event":"Filling up the DagBag from /opt/airflow/dags/fake_store_etl.py","logger":"airflow.models.dagbag.DagBag","filename":"dagbag.py","lineno":593}
{"timestamp":"2026-01-13T17:46:24.623161Z","level":"warning","event":"The `airflow.decorators.dag` attribute is deprecated. Please use `'airflow.sdk.dag'`.","category":"DeprecatedImportWarning","filename":"/opt/airflow/dags/fake_store_etl.py","lineno":6,"logger":"py.warnings"}
{"timestamp":"2026-01-13T17:46:24.623455Z","level":"warning","event":"The `airflow.decorators.task` attribute is deprecated. Please use `'airflow.sdk.task'`.","category":"DeprecatedImportWarning","filename":"/opt/airflow/dags/fake_store_etl.py","lineno":6,"logger":"py.warnings"}
{"timestamp":"2026-01-13T17:46:55.371716Z","level":"info","event":"Filling up the DagBag from /opt/airflow/dags/fake_store_etl.py","logger":"airflow.models.dagbag.DagBag","filename":"dagbag.py","lineno":593}
{"timestamp":"2026-01-13T17:46:56.251731Z","level":"warning","event":"The `airflow.decorators.dag` attribute is deprecated. Please use `'airflow.sdk.dag'`.","category":"DeprecatedImportWarning","filename":"/opt/airflow/dags/fake_store_etl.py","lineno":6,"logger":"py.warnings"}
{"timestamp":"2026-01-13T17:46:56.251924Z","level":"warning","event":"The `airflow.decorators.task` attribute is deprecated. Please use `'airflow.sdk.task'`.","category":"DeprecatedImportWarning","filename":"/opt/airflow/dags/fake_store_etl.py","lineno":6,"logger":"py.warnings"}
{"timestamp":"2026-01-13T17:47:27.105289Z","level":"info","event":"Filling up the DagBag from /opt/airflow/dags/fake_store_etl.py","logger":"airflow.models.dagbag.DagBag","filename":"dagbag.py","lineno":593}
{"timestamp":"2026-01-13T17:47:28.020702Z","level":"warning","event":"The `airflow.decorators.dag` attribute is deprecated. Please use `'airflow.sdk.dag'`.","category":"DeprecatedImportWarning","filename":"/opt/airflow/dags/fake_store_etl.py","lineno":6,"logger":"py.warnings"}
{"timestamp":"2026-01-13T17:47:28.020948Z","level":"warning","event":"The `airflow.decorators.task` attribute is deprecated. Please use `'airflow.sdk.task'`.","category":"DeprecatedImportWarning","filename":"/opt/airflow/dags/fake_store_etl.py","lineno":6,"logger":"py.warnings"}
{"timestamp":"2026-01-13T17:47:58.492519Z","level":"info","event":"Filling up the DagBag from /opt/airflow/dags/fake_store_etl.py","logger":"airflow.models.dagbag.DagBag","filename":"dagbag.py","lineno":593}
{"timestamp":"2026-01-13T17:47:59.410168Z","level":"warning","event":"The `airflow.decorators.dag` attribute is deprecated. Please use `'airflow.sdk.dag'`.","category":"DeprecatedImportWarning","filename":"/opt/airflow/dags/fake_store_etl.py","lineno":6,"logger":"py.warnings"}
{"timestamp":"2026-01-13T17:47:59.410408Z","level":"warning","event":"The `airflow.decorators.task` attribute is deprecated. Please use `'airflow.sdk.task'`.","category":"DeprecatedImportWarning","filename":"/opt/airflow/dags/fake_store_etl.py","lineno":6,"logger":"py.warnings"}
{"timestamp":"2026-01-13T17:48:29.552802Z","level":"info","event":"Filling up the DagBag from /opt/airflow/dags/fake_store_etl.py","logger":"airflow.models.dagbag.DagBag","filename":"dagbag.py","lineno":593}
{"timestamp":"2026-01-13T17:48:30.413774Z","level":"warning","event":"The `airflow.decorators.dag` attribute is deprecated. Please use `'airflow.sdk.dag'`.","category":"DeprecatedImportWarning","filename":"/opt/airflow/dags/fake_store_etl.py","lineno":6,"logger":"py.warnings"}
{"timestamp":"2026-01-13T17:48:30.414090Z","level":"warning","event":"The `airflow.decorators.task` attribute is deprecated. Please use `'airflow.sdk.task'`.","category":"DeprecatedImportWarning","filename":"/opt/airflow/dags/fake_store_etl.py","lineno":6,"logger":"py.warnings"}
{"timestamp":"2026-01-13T17:49:00.977182Z","level":"info","event":"Filling up the DagBag from /opt/airflow/dags/fake_store_etl.py","logger":"airflow.models.dagbag.DagBag","filename":"dagbag.py","lineno":593}
{"timestamp":"2026-01-13T17:49:02.070782Z","level":"warning","event":"The `airflow.decorators.dag` attribute is deprecated. Please use `'airflow.sdk.dag'`.","category":"DeprecatedImportWarning","filename":"/opt/airflow/dags/fake_store_etl.py","lineno":6,"logger":"py.warnings"}
{"timestamp":"2026-01-13T17:49:02.071062Z","level":"warning","event":"The `airflow.decorators.task` attribute is deprecated. Please use `'airflow.sdk.task'`.","category":"DeprecatedImportWarning","filename":"/opt/airflow/dags/fake_store_etl.py","lineno":6,"logger":"py.warnings"}
{"timestamp":"2026-01-13T17:49:32.255058Z","level":"info","event":"Filling up the DagBag from /opt/airflow/dags/fake_store_etl.py","logger":"airflow.models.dagbag.DagBag","filename":"dagbag.py","lineno":593}
{"timestamp":"2026-01-13T17:49:33.481044Z","level":"warning","event":"The `airflow.decorators.dag` attribute is deprecated. Please use `'airflow.sdk.dag'`.","category":"DeprecatedImportWarning","filename":"/opt/airflow/dags/fake_store_etl.py","lineno":6,"logger":"py.warnings"}
{"timestamp":"2026-01-13T17:49:33.481486Z","level":"warning","event":"The `airflow.decorators.task` attribute is deprecated. Please use `'airflow.sdk.task'`.","category":"DeprecatedImportWarning","filename":"/opt/airflow/dags/fake_store_etl.py","lineno":6,"logger":"py.warnings"}
{"timestamp":"2026-01-13T17:50:03.678144Z","level":"info","event":"Filling up the DagBag from /opt/airflow/dags/fake_store_etl.py","logger":"airflow.models.dagbag.DagBag","filename":"dagbag.py","lineno":593}
{"timestamp":"2026-01-13T17:50:04.365758Z","level":"warning","event":"The `airflow.decorators.dag` attribute is deprecated. Please use `'airflow.sdk.dag'`.","category":"DeprecatedImportWarning","filename":"/opt/airflow/dags/fake_store_etl.py","lineno":6,"logger":"py.warnings"}
{"timestamp":"2026-01-13T17:50:04.366127Z","level":"warning","event":"The `airflow.decorators.task` attribute is deprecated. Please use `'airflow.sdk.task'`.","category":"DeprecatedImportWarning","filename":"/opt/airflow/dags/fake_store_etl.py","lineno":6,"logger":"py.warnings"}
{"timestamp":"2026-01-13T17:50:34.953825Z","level":"info","event":"Filling up the DagBag from /opt/airflow/dags/fake_store_etl.py","logger":"airflow.models.dagbag.DagBag","filename":"dagbag.py","lineno":593}
{"timestamp":"2026-01-13T17:50:35.630598Z","level":"warning","event":"The `airflow.decorators.dag` attribute is deprecated. Please use `'airflow.sdk.dag'`.","category":"DeprecatedImportWarning","filename":"/opt/airflow/dags/fake_store_etl.py","lineno":6,"logger":"py.warnings"}
{"timestamp":"2026-01-13T17:50:35.630809Z","level":"warning","event":"The `airflow.decorators.task` attribute is deprecated. Please use `'airflow.sdk.task'`.","category":"DeprecatedImportWarning","filename":"/opt/airflow/dags/fake_store_etl.py","lineno":6,"logger":"py.warnings"}
{"timestamp":"2026-01-13T17:51:06.296704Z","level":"info","event":"Filling up the DagBag from /opt/airflow/dags/fake_store_etl.py","logger":"airflow.models.dagbag.DagBag","filename":"dagbag.py","lineno":593}
{"timestamp":"2026-01-13T17:51:07.001985Z","level":"warning","event":"The `airflow.decorators.dag` attribute is deprecated. Please use `'airflow.sdk.dag'`.","category":"DeprecatedImportWarning","filename":"/opt/airflow/dags/fake_store_etl.py","lineno":6,"logger":"py.warnings"}
{"timestamp":"2026-01-13T17:51:07.002177Z","level":"warning","event":"The `airflow.decorators.task` attribute is deprecated. Please use `'airflow.sdk.task'`.","category":"DeprecatedImportWarning","filename":"/opt/airflow/dags/fake_store_etl.py","lineno":6,"logger":"py.warnings"}
{"timestamp":"2026-01-13T17:51:37.092403Z","level":"info","event":"Filling up the DagBag from /opt/airflow/dags/fake_store_etl.py","logger":"airflow.models.dagbag.DagBag","filename":"dagbag.py","lineno":593}
{"timestamp":"2026-01-13T17:51:37.809224Z","level":"warning","event":"The `airflow.decorators.dag` attribute is deprecated. Please use `'airflow.sdk.dag'`.","category":"DeprecatedImportWarning","filename":"/opt/airflow/dags/fake_store_etl.py","lineno":6,"logger":"py.warnings"}
{"timestamp":"2026-01-13T17:51:37.809488Z","level":"warning","event":"The `airflow.decorators.task` attribute is deprecated. Please use `'airflow.sdk.task'`.","category":"DeprecatedImportWarning","filename":"/opt/airflow/dags/fake_store_etl.py","lineno":6,"logger":"py.warnings"}
{"timestamp":"2026-01-13T17:52:08.564764Z","level":"info","event":"Filling up the DagBag from /opt/airflow/dags/fake_store_etl.py","logger":"airflow.models.dagbag.DagBag","filename":"dagbag.py","lineno":593}
{"timestamp":"2026-01-13T17:52:09.294016Z","level":"warning","event":"The `airflow.decorators.dag` attribute is deprecated. Please use `'airflow.sdk.dag'`.","category":"DeprecatedImportWarning","filename":"/opt/airflow/dags/fake_store_etl.py","lineno":6,"logger":"py.warnings"}
{"timestamp":"2026-01-13T17:52:09.294246Z","level":"warning","event":"The `airflow.decorators.task` attribute is deprecated. Please use `'airflow.sdk.task'`.","category":"DeprecatedImportWarning","filename":"/opt/airflow/dags/fake_store_etl.py","lineno":6,"logger":"py.warnings"}
{"timestamp":"2026-01-13T17:52:40.248439Z","level":"info","event":"Filling up the DagBag from /opt/airflow/dags/fake_store_etl.py","logger":"airflow.models.dagbag.DagBag","filename":"dagbag.py","lineno":593}
{"timestamp":"2026-01-13T17:52:41.226958Z","level":"warning","event":"The `airflow.decorators.dag` attribute is deprecated. Please use `'airflow.sdk.dag'`.","category":"DeprecatedImportWarning","filename":"/opt/airflow/dags/fake_store_etl.py","lineno":6,"logger":"py.warnings"}
{"timestamp":"2026-01-13T17:52:41.227236Z","level":"warning","event":"The `airflow.decorators.task` attribute is deprecated. Please use `'airflow.sdk.task'`.","category":"DeprecatedImportWarning","filename":"/opt/airflow/dags/fake_store_etl.py","lineno":6,"logger":"py.warnings"}
{"timestamp":"2026-01-13T17:53:12.181141Z","level":"info","event":"Filling up the DagBag from /opt/airflow/dags/fake_store_etl.py","logger":"airflow.models.dagbag.DagBag","filename":"dagbag.py","lineno":593}
{"timestamp":"2026-01-13T17:53:13.131870Z","level":"warning","event":"The `airflow.decorators.dag` attribute is deprecated. Please use `'airflow.sdk.dag'`.","category":"DeprecatedImportWarning","filename":"/opt/airflow/dags/fake_store_etl.py","lineno":6,"logger":"py.warnings"}
{"timestamp":"2026-01-13T17:53:13.132238Z","level":"warning","event":"The `airflow.decorators.task` attribute is deprecated. Please use `'airflow.sdk.task'`.","category":"DeprecatedImportWarning","filename":"/opt/airflow/dags/fake_store_etl.py","lineno":6,"logger":"py.warnings"}
{"timestamp":"2026-01-13T17:53:43.744443Z","level":"info","event":"Filling up the DagBag from /opt/airflow/dags/fake_store_etl.py","logger":"airflow.models.dagbag.DagBag","filename":"dagbag.py","lineno":593}
{"timestamp":"2026-01-13T17:53:44.522394Z","level":"warning","event":"The `airflow.decorators.dag` attribute is deprecated. Please use `'airflow.sdk.dag'`.","category":"DeprecatedImportWarning","filename":"/opt/airflow/dags/fake_store_etl.py","lineno":6,"logger":"py.warnings"}
{"timestamp":"2026-01-13T17:53:44.522664Z","level":"warning","event":"The `airflow.decorators.task` attribute is deprecated. Please use `'airflow.sdk.task'`.","category":"DeprecatedImportWarning","filename":"/opt/airflow/dags/fake_store_etl.py","lineno":6,"logger":"py.warnings"}
{"timestamp":"2026-01-13T17:54:15.151588Z","level":"info","event":"Filling up the DagBag from /opt/airflow/dags/fake_store_etl.py","logger":"airflow.models.dagbag.DagBag","filename":"dagbag.py","lineno":593}
{"timestamp":"2026-01-13T17:54:15.847790Z","level":"warning","event":"The `airflow.decorators.dag` attribute is deprecated. Please use `'airflow.sdk.dag'`.","category":"DeprecatedImportWarning","filename":"/opt/airflow/dags/fake_store_etl.py","lineno":6,"logger":"py.warnings"}
{"timestamp":"2026-01-13T17:54:15.848087Z","level":"warning","event":"The `airflow.decorators.task` attribute is deprecated. Please use `'airflow.sdk.task'`.","category":"DeprecatedImportWarning","filename":"/opt/airflow/dags/fake_store_etl.py","lineno":6,"logger":"py.warnings"}
{"timestamp":"2026-01-13T17:54:46.657745Z","level":"info","event":"Filling up the DagBag from /opt/airflow/dags/fake_store_etl.py","logger":"airflow.models.dagbag.DagBag","filename":"dagbag.py","lineno":593}
{"timestamp":"2026-01-13T17:54:47.382916Z","level":"warning","event":"The `airflow.decorators.dag` attribute is deprecated. Please use `'airflow.sdk.dag'`.","category":"DeprecatedImportWarning","filename":"/opt/airflow/dags/fake_store_etl.py","lineno":6,"logger":"py.warnings"}
{"timestamp":"2026-01-13T17:54:47.383110Z","level":"warning","event":"The `airflow.decorators.task` attribute is deprecated. Please use `'airflow.sdk.task'`.","category":"DeprecatedImportWarning","filename":"/opt/airflow/dags/fake_store_etl.py","lineno":6,"logger":"py.warnings"}
{"timestamp":"2026-01-13T17:55:18.011775Z","level":"info","event":"Filling up the DagBag from /opt/airflow/dags/fake_store_etl.py","logger":"airflow.models.dagbag.DagBag","filename":"dagbag.py","lineno":593}
{"timestamp":"2026-01-13T17:55:18.700463Z","level":"warning","event":"The `airflow.decorators.dag` attribute is deprecated. Please use `'airflow.sdk.dag'`.","category":"DeprecatedImportWarning","filename":"/opt/airflow/dags/fake_store_etl.py","lineno":6,"logger":"py.warnings"}
{"timestamp":"2026-01-13T17:55:18.700782Z","level":"warning","event":"The `airflow.decorators.task` attribute is deprecated. Please use `'airflow.sdk.task'`.","category":"DeprecatedImportWarning","filename":"/opt/airflow/dags/fake_store_etl.py","lineno":6,"logger":"py.warnings"}
{"timestamp":"2026-01-13T17:55:49.433162Z","level":"info","event":"Filling up the DagBag from /opt/airflow/dags/fake_store_etl.py","logger":"airflow.models.dagbag.DagBag","filename":"dagbag.py","lineno":593}
{"timestamp":"2026-01-13T17:55:50.142030Z","level":"warning","event":"The `airflow.decorators.dag` attribute is deprecated. Please use `'airflow.sdk.dag'`.","category":"DeprecatedImportWarning","filename":"/opt/airflow/dags/fake_store_etl.py","lineno":6,"logger":"py.warnings"}
{"timestamp":"2026-01-13T17:55:50.142227Z","level":"warning","event":"The `airflow.decorators.task` attribute is deprecated. Please use `'airflow.sdk.task'`.","category":"DeprecatedImportWarning","filename":"/opt/airflow/dags/fake_store_etl.py","lineno":6,"logger":"py.warnings"}
{"timestamp":"2026-01-13T17:56:21.118295Z","level":"info","event":"Filling up the DagBag from /opt/airflow/dags/fake_store_etl.py","logger":"airflow.models.dagbag.DagBag","filename":"dagbag.py","lineno":593}
{"timestamp":"2026-01-13T17:56:22.073641Z","level":"warning","event":"The `airflow.decorators.dag` attribute is deprecated. Please use `'airflow.sdk.dag'`.","category":"DeprecatedImportWarning","filename":"/opt/airflow/dags/fake_store_etl.py","lineno":6,"logger":"py.warnings"}
{"timestamp":"2026-01-13T17:56:22.073925Z","level":"warning","event":"The `airflow.decorators.task` attribute is deprecated. Please use `'airflow.sdk.task'`.","category":"DeprecatedImportWarning","filename":"/opt/airflow/dags/fake_store_etl.py","lineno":6,"logger":"py.warnings"}
{"timestamp":"2026-01-13T17:56:52.770651Z","level":"info","event":"Filling up the DagBag from /opt/airflow/dags/fake_store_etl.py","logger":"airflow.models.dagbag.DagBag","filename":"dagbag.py","lineno":593}
{"timestamp":"2026-01-13T17:56:53.583440Z","level":"warning","event":"The `airflow.decorators.dag` attribute is deprecated. Please use `'airflow.sdk.dag'`.","category":"DeprecatedImportWarning","filename":"/opt/airflow/dags/fake_store_etl.py","lineno":6,"logger":"py.warnings"}
{"timestamp":"2026-01-13T17:56:53.583720Z","level":"warning","event":"The `airflow.decorators.task` attribute is deprecated. Please use `'airflow.sdk.task'`.","category":"DeprecatedImportWarning","filename":"/opt/airflow/dags/fake_store_etl.py","lineno":6,"logger":"py.warnings"}
{"timestamp":"2026-01-13T17:57:24.262721Z","level":"info","event":"Filling up the DagBag from /opt/airflow/dags/fake_store_etl.py","logger":"airflow.models.dagbag.DagBag","filename":"dagbag.py","lineno":593}
{"timestamp":"2026-01-13T17:57:24.943817Z","level":"warning","event":"The `airflow.decorators.dag` attribute is deprecated. Please use `'airflow.sdk.dag'`.","category":"DeprecatedImportWarning","filename":"/opt/airflow/dags/fake_store_etl.py","lineno":6,"logger":"py.warnings"}
{"timestamp":"2026-01-13T17:57:24.944009Z","level":"warning","event":"The `airflow.decorators.task` attribute is deprecated. Please use `'airflow.sdk.task'`.","category":"DeprecatedImportWarning","filename":"/opt/airflow/dags/fake_store_etl.py","lineno":6,"logger":"py.warnings"}
{"timestamp":"2026-01-13T17:57:55.729058Z","level":"info","event":"Filling up the DagBag from /opt/airflow/dags/fake_store_etl.py","logger":"airflow.models.dagbag.DagBag","filename":"dagbag.py","lineno":593}
{"timestamp":"2026-01-13T17:57:56.401253Z","level":"warning","event":"The `airflow.decorators.dag` attribute is deprecated. Please use `'airflow.sdk.dag'`.","category":"DeprecatedImportWarning","filename":"/opt/airflow/dags/fake_store_etl.py","lineno":6,"logger":"py.warnings"}
{"timestamp":"2026-01-13T17:57:56.401543Z","level":"warning","event":"The `airflow.decorators.task` attribute is deprecated. Please use `'airflow.sdk.task'`.","category":"DeprecatedImportWarning","filename":"/opt/airflow/dags/fake_store_etl.py","lineno":6,"logger":"py.warnings"}
{"timestamp":"2026-01-13T17:58:27.138997Z","level":"info","event":"Filling up the DagBag from /opt/airflow/dags/fake_store_etl.py","logger":"airflow.models.dagbag.DagBag","filename":"dagbag.py","lineno":593}
{"timestamp":"2026-01-13T17:58:27.900744Z","level":"warning","event":"The `airflow.decorators.dag` attribute is deprecated. Please use `'airflow.sdk.dag'`.","category":"DeprecatedImportWarning","filename":"/opt/airflow/dags/fake_store_etl.py","lineno":6,"logger":"py.warnings"}
{"timestamp":"2026-01-13T17:58:27.900950Z","level":"warning","event":"The `airflow.decorators.task` attribute is deprecated. Please use `'airflow.sdk.task'`.","category":"DeprecatedImportWarning","filename":"/opt/airflow/dags/fake_store_etl.py","lineno":6,"logger":"py.warnings"}
{"timestamp":"2026-01-13T17:58:58.451153Z","level":"info","event":"Filling up the DagBag from /opt/airflow/dags/fake_store_etl.py","logger":"airflow.models.dagbag.DagBag","filename":"dagbag.py","lineno":593}
{"timestamp":"2026-01-13T17:58:59.137867Z","level":"warning","event":"The `airflow.decorators.dag` attribute is deprecated. Please use `'airflow.sdk.dag'`.","category":"DeprecatedImportWarning","filename":"/opt/airflow/dags/fake_store_etl.py","lineno":6,"logger":"py.warnings"}
{"timestamp":"2026-01-13T17:58:59.138043Z","level":"warning","event":"The `airflow.decorators.task` attribute is deprecated. Please use `'airflow.sdk.task'`.","category":"DeprecatedImportWarning","filename":"/opt/airflow/dags/fake_store_etl.py","lineno":6,"logger":"py.warnings"}
{"timestamp":"2026-01-13T17:59:29.856726Z","level":"info","event":"Filling up the DagBag from /opt/airflow/dags/fake_store_etl.py","logger":"airflow.models.dagbag.DagBag","filename":"dagbag.py","lineno":593}
{"timestamp":"2026-01-13T17:59:30.565153Z","level":"warning","event":"The `airflow.decorators.dag` attribute is deprecated. Please use `'airflow.sdk.dag'`.","category":"DeprecatedImportWarning","filename":"/opt/airflow/dags/fake_store_etl.py","lineno":6,"logger":"py.warnings"}
{"timestamp":"2026-01-13T17:59:30.565421Z","level":"warning","event":"The `airflow.decorators.task` attribute is deprecated. Please use `'airflow.sdk.task'`.","category":"DeprecatedImportWarning","filename":"/opt/airflow/dags/fake_store_etl.py","lineno":6,"logger":"py.warnings"}
{"timestamp":"2026-01-13T18:00:01.440198Z","level":"info","event":"Filling up the DagBag from /opt/airflow/dags/fake_store_etl.py","logger":"airflow.models.dagbag.DagBag","filename":"dagbag.py","lineno":593}
{"timestamp":"2026-01-13T18:00:02.475379Z","level":"warning","event":"The `airflow.decorators.dag` attribute is deprecated. Please use `'airflow.sdk.dag'`.","category":"DeprecatedImportWarning","filename":"/opt/airflow/dags/fake_store_etl.py","lineno":6,"logger":"py.warnings"}
{"timestamp":"2026-01-13T18:00:02.475791Z","level":"warning","event":"The `airflow.decorators.task` attribute is deprecated. Please use `'airflow.sdk.task'`.","category":"DeprecatedImportWarning","filename":"/opt/airflow/dags/fake_store_etl.py","lineno":6,"logger":"py.warnings"}
{"timestamp":"2026-01-13T18:00:33.307266Z","level":"info","event":"Filling up the DagBag from /opt/airflow/dags/fake_store_etl.py","logger":"airflow.models.dagbag.DagBag","filename":"dagbag.py","lineno":593}
{"timestamp":"2026-01-13T18:00:34.108489Z","level":"warning","event":"The `airflow.decorators.dag` attribute is deprecated. Please use `'airflow.sdk.dag'`.","category":"DeprecatedImportWarning","filename":"/opt/airflow/dags/fake_store_etl.py","lineno":6,"logger":"py.warnings"}
{"timestamp":"2026-01-13T18:00:34.108785Z","level":"warning","event":"The `airflow.decorators.task` attribute is deprecated. Please use `'airflow.sdk.task'`.","category":"DeprecatedImportWarning","filename":"/opt/airflow/dags/fake_store_etl.py","lineno":6,"logger":"py.warnings"}
{"timestamp":"2026-01-13T18:01:04.873619Z","level":"info","event":"Filling up the DagBag from /opt/airflow/dags/fake_store_etl.py","logger":"airflow.models.dagbag.DagBag","filename":"dagbag.py","lineno":593}
{"timestamp":"2026-01-13T18:01:05.539600Z","level":"warning","event":"The `airflow.decorators.dag` attribute is deprecated. Please use `'airflow.sdk.dag'`.","category":"DeprecatedImportWarning","filename":"/opt/airflow/dags/fake_store_etl.py","lineno":6,"logger":"py.warnings"}
{"timestamp":"2026-01-13T18:01:05.539809Z","level":"warning","event":"The `airflow.decorators.task` attribute is deprecated. Please use `'airflow.sdk.task'`.","category":"DeprecatedImportWarning","filename":"/opt/airflow/dags/fake_store_etl.py","lineno":6,"logger":"py.warnings"}
{"timestamp":"2026-01-13T18:01:36.287958Z","level":"info","event":"Filling up the DagBag from /opt/airflow/dags/fake_store_etl.py","logger":"airflow.models.dagbag.DagBag","filename":"dagbag.py","lineno":593}
{"timestamp":"2026-01-13T18:01:37.024865Z","level":"warning","event":"The `airflow.decorators.dag` attribute is deprecated. Please use `'airflow.sdk.dag'`.","category":"DeprecatedImportWarning","filename":"/opt/airflow/dags/fake_store_etl.py","lineno":6,"logger":"py.warnings"}
{"timestamp":"2026-01-13T18:01:37.025063Z","level":"warning","event":"The `airflow.decorators.task` attribute is deprecated. Please use `'airflow.sdk.task'`.","category":"DeprecatedImportWarning","filename":"/opt/airflow/dags/fake_store_etl.py","lineno":6,"logger":"py.warnings"}
{"timestamp":"2026-01-13T18:02:07.719236Z","level":"info","event":"Filling up the DagBag from /opt/airflow/dags/fake_store_etl.py","logger":"airflow.models.dagbag.DagBag","filename":"dagbag.py","lineno":593}
{"timestamp":"2026-01-13T18:02:08.669561Z","level":"warning","event":"The `airflow.decorators.dag` attribute is deprecated. Please use `'airflow.sdk.dag'`.","category":"DeprecatedImportWarning","filename":"/opt/airflow/dags/fake_store_etl.py","lineno":6,"logger":"py.warnings"}
{"timestamp":"2026-01-13T18:02:08.669845Z","level":"warning","event":"The `airflow.decorators.task` attribute is deprecated. Please use `'airflow.sdk.task'`.","category":"DeprecatedImportWarning","filename":"/opt/airflow/dags/fake_store_etl.py","lineno":6,"logger":"py.warnings"}
{"timestamp":"2026-01-13T18:02:39.228116Z","level":"info","event":"Filling up the DagBag from /opt/airflow/dags/fake_store_etl.py","logger":"airflow.models.dagbag.DagBag","filename":"dagbag.py","lineno":593}
{"timestamp":"2026-01-13T18:02:40.043232Z","level":"warning","event":"The `airflow.decorators.dag` attribute is deprecated. Please use `'airflow.sdk.dag'`.","category":"DeprecatedImportWarning","filename":"/opt/airflow/dags/fake_store_etl.py","lineno":6,"logger":"py.warnings"}
{"timestamp":"2026-01-13T18:02:40.043556Z","level":"warning","event":"The `airflow.decorators.task` attribute is deprecated. Please use `'airflow.sdk.task'`.","category":"DeprecatedImportWarning","filename":"/opt/airflow/dags/fake_store_etl.py","lineno":6,"logger":"py.warnings"}
{"timestamp":"2026-01-13T18:03:10.821635Z","level":"info","event":"Filling up the DagBag from /opt/airflow/dags/fake_store_etl.py","logger":"airflow.models.dagbag.DagBag","filename":"dagbag.py","lineno":593}
{"timestamp":"2026-01-13T18:03:11.569284Z","level":"warning","event":"The `airflow.decorators.dag` attribute is deprecated. Please use `'airflow.sdk.dag'`.","category":"DeprecatedImportWarning","filename":"/opt/airflow/dags/fake_store_etl.py","lineno":6,"logger":"py.warnings"}
{"timestamp":"2026-01-13T18:03:11.569564Z","level":"warning","event":"The `airflow.decorators.task` attribute is deprecated. Please use `'airflow.sdk.task'`.","category":"DeprecatedImportWarning","filename":"/opt/airflow/dags/fake_store_etl.py","lineno":6,"logger":"py.warnings"}
{"timestamp":"2026-01-13T18:03:41.752044Z","level":"info","event":"Filling up the DagBag from /opt/airflow/dags/fake_store_etl.py","logger":"airflow.models.dagbag.DagBag","filename":"dagbag.py","lineno":593}
{"timestamp":"2026-01-13T18:03:42.642048Z","level":"warning","event":"The `airflow.decorators.dag` attribute is deprecated. Please use `'airflow.sdk.dag'`.","category":"DeprecatedImportWarning","filename":"/opt/airflow/dags/fake_store_etl.py","lineno":6,"logger":"py.warnings"}
{"timestamp":"2026-01-13T18:03:42.642293Z","level":"warning","event":"The `airflow.decorators.task` attribute is deprecated. Please use `'airflow.sdk.task'`.","category":"DeprecatedImportWarning","filename":"/opt/airflow/dags/fake_store_etl.py","lineno":6,"logger":"py.warnings"}
{"timestamp":"2026-01-13T18:04:13.412730Z","level":"info","event":"Filling up the DagBag from /opt/airflow/dags/fake_store_etl.py","logger":"airflow.models.dagbag.DagBag","filename":"dagbag.py","lineno":593}
{"timestamp":"2026-01-13T18:04:14.249246Z","level":"warning","event":"The `airflow.decorators.dag` attribute is deprecated. Please use `'airflow.sdk.dag'`.","category":"DeprecatedImportWarning","filename":"/opt/airflow/dags/fake_store_etl.py","lineno":6,"logger":"py.warnings"}
{"timestamp":"2026-01-13T18:04:14.249671Z","level":"warning","event":"The `airflow.decorators.task` attribute is deprecated. Please use `'airflow.sdk.task'`.","category":"DeprecatedImportWarning","filename":"/opt/airflow/dags/fake_store_etl.py","lineno":6,"logger":"py.warnings"}
{"timestamp":"2026-01-13T18:04:44.924780Z","level":"info","event":"Filling up the DagBag from /opt/airflow/dags/fake_store_etl.py","logger":"airflow.models.dagbag.DagBag","filename":"dagbag.py","lineno":593}
{"timestamp":"2026-01-13T18:04:45.689152Z","level":"warning","event":"The `airflow.decorators.dag` attribute is deprecated. Please use `'airflow.sdk.dag'`.","category":"DeprecatedImportWarning","filename":"/opt/airflow/dags/fake_store_etl.py","lineno":6,"logger":"py.warnings"}
{"timestamp":"2026-01-13T18:04:45.689448Z","level":"warning","event":"The `airflow.decorators.task` attribute is deprecated. Please use `'airflow.sdk.task'`.","category":"DeprecatedImportWarning","filename":"/opt/airflow/dags/fake_store_etl.py","lineno":6,"logger":"py.warnings"}
{"timestamp":"2026-01-13T18:05:16.110045Z","level":"info","event":"Filling up the DagBag from /opt/airflow/dags/fake_store_etl.py","logger":"airflow.models.dagbag.DagBag","filename":"dagbag.py","lineno":593}
{"timestamp":"2026-01-13T18:05:16.792207Z","level":"warning","event":"The `airflow.decorators.dag` attribute is deprecated. Please use `'airflow.sdk.dag'`.","category":"DeprecatedImportWarning","filename":"/opt/airflow/dags/fake_store_etl.py","lineno":6,"logger":"py.warnings"}
{"timestamp":"2026-01-13T18:05:16.792534Z","level":"warning","event":"The `airflow.decorators.task` attribute is deprecated. Please use `'airflow.sdk.task'`.","category":"DeprecatedImportWarning","filename":"/opt/airflow/dags/fake_store_etl.py","lineno":6,"logger":"py.warnings"}
{"timestamp":"2026-01-13T18:05:47.464618Z","level":"info","event":"Filling up the DagBag from /opt/airflow/dags/fake_store_etl.py","logger":"airflow.models.dagbag.DagBag","filename":"dagbag.py","lineno":593}
{"timestamp":"2026-01-13T18:05:48.142466Z","level":"warning","event":"The `airflow.decorators.dag` attribute is deprecated. Please use `'airflow.sdk.dag'`.","category":"DeprecatedImportWarning","filename":"/opt/airflow/dags/fake_store_etl.py","lineno":6,"logger":"py.warnings"}
{"timestamp":"2026-01-13T18:05:48.142746Z","level":"warning","event":"The `airflow.decorators.task` attribute is deprecated. Please use `'airflow.sdk.task'`.","category":"DeprecatedImportWarning","filename":"/opt/airflow/dags/fake_store_etl.py","lineno":6,"logger":"py.warnings"}
{"timestamp":"2026-01-13T18:06:18.579671Z","level":"info","event":"Filling up the DagBag from /opt/airflow/dags/fake_store_etl.py","logger":"airflow.models.dagbag.DagBag","filename":"dagbag.py","lineno":593}
{"timestamp":"2026-01-13T18:06:19.297473Z","level":"warning","event":"The `airflow.decorators.dag` attribute is deprecated. Please use `'airflow.sdk.dag'`.","category":"DeprecatedImportWarning","filename":"/opt/airflow/dags/fake_store_etl.py","lineno":6,"logger":"py.warnings"}
{"timestamp":"2026-01-13T18:06:19.297774Z","level":"warning","event":"The `airflow.decorators.task` attribute is deprecated. Please use `'airflow.sdk.task'`.","category":"DeprecatedImportWarning","filename":"/opt/airflow/dags/fake_store_etl.py","lineno":6,"logger":"py.warnings"}
{"timestamp":"2026-01-13T18:06:49.465292Z","level":"info","event":"Filling up the DagBag from /opt/airflow/dags/fake_store_etl.py","logger":"airflow.models.dagbag.DagBag","filename":"dagbag.py","lineno":593}
{"timestamp":"2026-01-13T18:06:50.270760Z","level":"warning","event":"The `airflow.decorators.dag` attribute is deprecated. Please use `'airflow.sdk.dag'`.","category":"DeprecatedImportWarning","filename":"/opt/airflow/dags/fake_store_etl.py","lineno":6,"logger":"py.warnings"}
{"timestamp":"2026-01-13T18:06:50.271099Z","level":"warning","event":"The `airflow.decorators.task` attribute is deprecated. Please use `'airflow.sdk.task'`.","category":"DeprecatedImportWarning","filename":"/opt/airflow/dags/fake_store_etl.py","lineno":6,"logger":"py.warnings"}
{"timestamp":"2026-01-13T18:07:21.076615Z","level":"info","event":"Filling up the DagBag from /opt/airflow/dags/fake_store_etl.py","logger":"airflow.models.dagbag.DagBag","filename":"dagbag.py","lineno":593}
{"timestamp":"2026-01-13T18:07:22.046041Z","level":"warning","event":"The `airflow.decorators.dag` attribute is deprecated. Please use `'airflow.sdk.dag'`.","category":"DeprecatedImportWarning","filename":"/opt/airflow/dags/fake_store_etl.py","lineno":6,"logger":"py.warnings"}
{"timestamp":"2026-01-13T18:07:22.046328Z","level":"warning","event":"The `airflow.decorators.task` attribute is deprecated. Please use `'airflow.sdk.task'`.","category":"DeprecatedImportWarning","filename":"/opt/airflow/dags/fake_store_etl.py","lineno":6,"logger":"py.warnings"}
{"timestamp":"2026-01-13T18:07:52.775582Z","level":"info","event":"Filling up the DagBag from /opt/airflow/dags/fake_store_etl.py","logger":"airflow.models.dagbag.DagBag","filename":"dagbag.py","lineno":593}
{"timestamp":"2026-01-13T18:07:53.604413Z","level":"warning","event":"The `airflow.decorators.dag` attribute is deprecated. Please use `'airflow.sdk.dag'`.","category":"DeprecatedImportWarning","filename":"/opt/airflow/dags/fake_store_etl.py","lineno":6,"logger":"py.warnings"}
{"timestamp":"2026-01-13T18:07:53.604727Z","level":"warning","event":"The `airflow.decorators.task` attribute is deprecated. Please use `'airflow.sdk.task'`.","category":"DeprecatedImportWarning","filename":"/opt/airflow/dags/fake_store_etl.py","lineno":6,"logger":"py.warnings"}
{"timestamp":"2026-01-13T18:08:24.295678Z","level":"info","event":"Filling up the DagBag from /opt/airflow/dags/fake_store_etl.py","logger":"airflow.models.dagbag.DagBag","filename":"dagbag.py","lineno":593}
{"timestamp":"2026-01-13T18:08:25.003926Z","level":"warning","event":"The `airflow.decorators.dag` attribute is deprecated. Please use `'airflow.sdk.dag'`.","category":"DeprecatedImportWarning","filename":"/opt/airflow/dags/fake_store_etl.py","lineno":6,"logger":"py.warnings"}
{"timestamp":"2026-01-13T18:08:25.004119Z","level":"warning","event":"The `airflow.decorators.task` attribute is deprecated. Please use `'airflow.sdk.task'`.","category":"DeprecatedImportWarning","filename":"/opt/airflow/dags/fake_store_etl.py","lineno":6,"logger":"py.warnings"}
{"timestamp":"2026-01-13T18:08:55.512421Z","level":"info","event":"Filling up the DagBag from /opt/airflow/dags/fake_store_etl.py","logger":"airflow.models.dagbag.DagBag","filename":"dagbag.py","lineno":593}
{"timestamp":"2026-01-13T18:08:56.311597Z","level":"warning","event":"The `airflow.decorators.dag` attribute is deprecated. Please use `'airflow.sdk.dag'`.","category":"DeprecatedImportWarning","filename":"/opt/airflow/dags/fake_store_etl.py","lineno":6,"logger":"py.warnings"}
{"timestamp":"2026-01-13T18:08:56.311810Z","level":"warning","event":"The `airflow.decorators.task` attribute is deprecated. Please use `'airflow.sdk.task'`.","category":"DeprecatedImportWarning","filename":"/opt/airflow/dags/fake_store_etl.py","lineno":6,"logger":"py.warnings"}
{"timestamp":"2026-01-13T18:09:26.819865Z","level":"info","event":"Filling up the DagBag from /opt/airflow/dags/fake_store_etl.py","logger":"airflow.models.dagbag.DagBag","filename":"dagbag.py","lineno":593}
{"timestamp":"2026-01-13T18:09:27.497439Z","level":"warning","event":"The `airflow.decorators.dag` attribute is deprecated. Please use `'airflow.sdk.dag'`.","category":"DeprecatedImportWarning","filename":"/opt/airflow/dags/fake_store_etl.py","lineno":6,"logger":"py.warnings"}
{"timestamp":"2026-01-13T18:09:27.497771Z","level":"warning","event":"The `airflow.decorators.task` attribute is deprecated. Please use `'airflow.sdk.task'`.","category":"DeprecatedImportWarning","filename":"/opt/airflow/dags/fake_store_etl.py","lineno":6,"logger":"py.warnings"}
{"timestamp":"2026-01-13T18:09:58.170639Z","level":"info","event":"Filling up the DagBag from /opt/airflow/dags/fake_store_etl.py","logger":"airflow.models.dagbag.DagBag","filename":"dagbag.py","lineno":593}
{"timestamp":"2026-01-13T18:09:58.852121Z","level":"warning","event":"The `airflow.decorators.dag` attribute is deprecated. Please use `'airflow.sdk.dag'`.","category":"DeprecatedImportWarning","filename":"/opt/airflow/dags/fake_store_etl.py","lineno":6,"logger":"py.warnings"}
{"timestamp":"2026-01-13T18:09:58.852435Z","level":"warning","event":"The `airflow.decorators.task` attribute is deprecated. Please use `'airflow.sdk.task'`.","category":"DeprecatedImportWarning","filename":"/opt/airflow/dags/fake_store_etl.py","lineno":6,"logger":"py.warnings"}
{"timestamp":"2026-01-13T18:10:29.667078Z","level":"info","event":"Filling up the DagBag from /opt/airflow/dags/fake_store_etl.py","logger":"airflow.models.dagbag.DagBag","filename":"dagbag.py","lineno":593}
{"timestamp":"2026-01-13T18:10:30.403556Z","level":"warning","event":"The `airflow.decorators.dag` attribute is deprecated. Please use `'airflow.sdk.dag'`.","category":"DeprecatedImportWarning","filename":"/opt/airflow/dags/fake_store_etl.py","lineno":6,"logger":"py.warnings"}
{"timestamp":"2026-01-13T18:10:30.403871Z","level":"warning","event":"The `airflow.decorators.task` attribute is deprecated. Please use `'airflow.sdk.task'`.","category":"DeprecatedImportWarning","filename":"/opt/airflow/dags/fake_store_etl.py","lineno":6,"logger":"py.warnings"}
{"timestamp":"2026-01-13T18:11:01.263092Z","level":"info","event":"Filling up the DagBag from /opt/airflow/dags/fake_store_etl.py","logger":"airflow.models.dagbag.DagBag","filename":"dagbag.py","lineno":593}
{"timestamp":"2026-01-13T18:11:02.133292Z","level":"warning","event":"The `airflow.decorators.dag` attribute is deprecated. Please use `'airflow.sdk.dag'`.","category":"DeprecatedImportWarning","filename":"/opt/airflow/dags/fake_store_etl.py","lineno":6,"logger":"py.warnings"}
{"timestamp":"2026-01-13T18:11:02.133633Z","level":"warning","event":"The `airflow.decorators.task` attribute is deprecated. Please use `'airflow.sdk.task'`.","category":"DeprecatedImportWarning","filename":"/opt/airflow/dags/fake_store_etl.py","lineno":6,"logger":"py.warnings"}
{"timestamp":"2026-01-13T18:11:32.827157Z","level":"info","event":"Filling up the DagBag from /opt/airflow/dags/fake_store_etl.py","logger":"airflow.models.dagbag.DagBag","filename":"dagbag.py","lineno":593}
{"timestamp":"2026-01-13T18:11:33.662007Z","level":"warning","event":"The `airflow.decorators.dag` attribute is deprecated. Please use `'airflow.sdk.dag'`.","category":"DeprecatedImportWarning","filename":"/opt/airflow/dags/fake_store_etl.py","lineno":6,"logger":"py.warnings"}
{"timestamp":"2026-01-13T18:11:33.662302Z","level":"warning","event":"The `airflow.decorators.task` attribute is deprecated. Please use `'airflow.sdk.task'`.","category":"DeprecatedImportWarning","filename":"/opt/airflow/dags/fake_store_etl.py","lineno":6,"logger":"py.warnings"}
{"timestamp":"2026-01-13T18:12:04.351085Z","level":"info","event":"Filling up the DagBag from /opt/airflow/dags/fake_store_etl.py","logger":"airflow.models.dagbag.DagBag","filename":"dagbag.py","lineno":593}
{"timestamp":"2026-01-13T18:12:05.238475Z","level":"warning","event":"The `airflow.decorators.dag` attribute is deprecated. Please use `'airflow.sdk.dag'`.","category":"DeprecatedImportWarning","filename":"/opt/airflow/dags/fake_store_etl.py","lineno":6,"logger":"py.warnings"}
{"timestamp":"2026-01-13T18:12:05.238733Z","level":"warning","event":"The `airflow.decorators.task` attribute is deprecated. Please use `'airflow.sdk.task'`.","category":"DeprecatedImportWarning","filename":"/opt/airflow/dags/fake_store_etl.py","lineno":6,"logger":"py.warnings"}
{"timestamp":"2026-01-13T18:12:35.830069Z","level":"info","event":"Filling up the DagBag from /opt/airflow/dags/fake_store_etl.py","logger":"airflow.models.dagbag.DagBag","filename":"dagbag.py","lineno":593}
{"timestamp":"2026-01-13T18:12:36.570274Z","level":"warning","event":"The `airflow.decorators.dag` attribute is deprecated. Please use `'airflow.sdk.dag'`.","category":"DeprecatedImportWarning","filename":"/opt/airflow/dags/fake_store_etl.py","lineno":6,"logger":"py.warnings"}
{"timestamp":"2026-01-13T18:12:36.570608Z","level":"warning","event":"The `airflow.decorators.task` attribute is deprecated. Please use `'airflow.sdk.task'`.","category":"DeprecatedImportWarning","filename":"/opt/airflow/dags/fake_store_etl.py","lineno":6,"logger":"py.warnings"}
{"timestamp":"2026-01-13T18:13:07.133189Z","level":"info","event":"Filling up the DagBag from /opt/airflow/dags/fake_store_etl.py","logger":"airflow.models.dagbag.DagBag","filename":"dagbag.py","lineno":593}
{"timestamp":"2026-01-13T18:13:07.821500Z","level":"warning","event":"The `airflow.decorators.dag` attribute is deprecated. Please use `'airflow.sdk.dag'`.","category":"DeprecatedImportWarning","filename":"/opt/airflow/dags/fake_store_etl.py","lineno":6,"logger":"py.warnings"}
{"timestamp":"2026-01-13T18:13:07.821729Z","level":"warning","event":"The `airflow.decorators.task` attribute is deprecated. Please use `'airflow.sdk.task'`.","category":"DeprecatedImportWarning","filename":"/opt/airflow/dags/fake_store_etl.py","lineno":6,"logger":"py.warnings"}
{"timestamp":"2026-01-13T18:13:38.439359Z","level":"info","event":"Filling up the DagBag from /opt/airflow/dags/fake_store_etl.py","logger":"airflow.models.dagbag.DagBag","filename":"dagbag.py","lineno":593}
{"timestamp":"2026-01-13T18:13:39.157058Z","level":"warning","event":"The `airflow.decorators.dag` attribute is deprecated. Please use `'airflow.sdk.dag'`.","category":"DeprecatedImportWarning","filename":"/opt/airflow/dags/fake_store_etl.py","lineno":6,"logger":"py.warnings"}
{"timestamp":"2026-01-13T18:13:39.157297Z","level":"warning","event":"The `airflow.decorators.task` attribute is deprecated. Please use `'airflow.sdk.task'`.","category":"DeprecatedImportWarning","filename":"/opt/airflow/dags/fake_store_etl.py","lineno":6,"logger":"py.warnings"}
{"timestamp":"2026-01-13T18:14:09.725322Z","level":"info","event":"Filling up the DagBag from /opt/airflow/dags/fake_store_etl.py","logger":"airflow.models.dagbag.DagBag","filename":"dagbag.py","lineno":593}
{"timestamp":"2026-01-13T18:14:10.413286Z","level":"warning","event":"The `airflow.decorators.dag` attribute is deprecated. Please use `'airflow.sdk.dag'`.","category":"DeprecatedImportWarning","filename":"/opt/airflow/dags/fake_store_etl.py","lineno":6,"logger":"py.warnings"}
{"timestamp":"2026-01-13T18:14:10.413621Z","level":"warning","event":"The `airflow.decorators.task` attribute is deprecated. Please use `'airflow.sdk.task'`.","category":"DeprecatedImportWarning","filename":"/opt/airflow/dags/fake_store_etl.py","lineno":6,"logger":"py.warnings"}
{"timestamp":"2026-01-13T18:14:41.114896Z","level":"info","event":"Filling up the DagBag from /opt/airflow/dags/fake_store_etl.py","logger":"airflow.models.dagbag.DagBag","filename":"dagbag.py","lineno":593}
{"timestamp":"2026-01-13T18:14:41.812866Z","level":"warning","event":"The `airflow.decorators.dag` attribute is deprecated. Please use `'airflow.sdk.dag'`.","category":"DeprecatedImportWarning","filename":"/opt/airflow/dags/fake_store_etl.py","lineno":6,"logger":"py.warnings"}
{"timestamp":"2026-01-13T18:14:41.813063Z","level":"warning","event":"The `airflow.decorators.task` attribute is deprecated. Please use `'airflow.sdk.task'`.","category":"DeprecatedImportWarning","filename":"/opt/airflow/dags/fake_store_etl.py","lineno":6,"logger":"py.warnings"}
{"timestamp":"2026-01-13T18:15:12.495529Z","level":"info","event":"Filling up the DagBag from /opt/airflow/dags/fake_store_etl.py","logger":"airflow.models.dagbag.DagBag","filename":"dagbag.py","lineno":593}
{"timestamp":"2026-01-13T18:15:13.329100Z","level":"warning","event":"The `airflow.decorators.dag` attribute is deprecated. Please use `'airflow.sdk.dag'`.","category":"DeprecatedImportWarning","filename":"/opt/airflow/dags/fake_store_etl.py","lineno":6,"logger":"py.warnings"}
{"timestamp":"2026-01-13T18:15:13.329453Z","level":"warning","event":"The `airflow.decorators.task` attribute is deprecated. Please use `'airflow.sdk.task'`.","category":"DeprecatedImportWarning","filename":"/opt/airflow/dags/fake_store_etl.py","lineno":6,"logger":"py.warnings"}
{"timestamp":"2026-01-13T18:15:44.227195Z","level":"info","event":"Filling up the DagBag from /opt/airflow/dags/fake_store_etl.py","logger":"airflow.models.dagbag.DagBag","filename":"dagbag.py","lineno":593}
{"timestamp":"2026-01-13T18:15:45.087650Z","level":"warning","event":"The `airflow.decorators.dag` attribute is deprecated. Please use `'airflow.sdk.dag'`.","category":"DeprecatedImportWarning","filename":"/opt/airflow/dags/fake_store_etl.py","lineno":6,"logger":"py.warnings"}
{"timestamp":"2026-01-13T18:15:45.087969Z","level":"warning","event":"The `airflow.decorators.task` attribute is deprecated. Please use `'airflow.sdk.task'`.","category":"DeprecatedImportWarning","filename":"/opt/airflow/dags/fake_store_etl.py","lineno":6,"logger":"py.warnings"}
{"timestamp":"2026-01-13T18:16:15.711869Z","level":"info","event":"Filling up the DagBag from /opt/airflow/dags/fake_store_etl.py","logger":"airflow.models.dagbag.DagBag","filename":"dagbag.py","lineno":593}
{"timestamp":"2026-01-13T18:16:16.628393Z","level":"warning","event":"The `airflow.decorators.dag` attribute is deprecated. Please use `'airflow.sdk.dag'`.","category":"DeprecatedImportWarning","filename":"/opt/airflow/dags/fake_store_etl.py","lineno":6,"logger":"py.warnings"}
{"timestamp":"2026-01-13T18:16:16.628784Z","level":"warning","event":"The `airflow.decorators.task` attribute is deprecated. Please use `'airflow.sdk.task'`.","category":"DeprecatedImportWarning","filename":"/opt/airflow/dags/fake_store_etl.py","lineno":6,"logger":"py.warnings"}
{"timestamp":"2026-01-13T18:16:47.256211Z","level":"info","event":"Filling up the DagBag from /opt/airflow/dags/fake_store_etl.py","logger":"airflow.models.dagbag.DagBag","filename":"dagbag.py","lineno":593}
{"timestamp":"2026-01-13T18:16:47.950874Z","level":"warning","event":"The `airflow.decorators.dag` attribute is deprecated. Please use `'airflow.sdk.dag'`.","category":"DeprecatedImportWarning","filename":"/opt/airflow/dags/fake_store_etl.py","lineno":6,"logger":"py.warnings"}
{"timestamp":"2026-01-13T18:16:47.951100Z","level":"warning","event":"The `airflow.decorators.task` attribute is deprecated. Please use `'airflow.sdk.task'`.","category":"DeprecatedImportWarning","filename":"/opt/airflow/dags/fake_store_etl.py","lineno":6,"logger":"py.warnings"}
{"timestamp":"2026-01-13T18:17:18.647418Z","level":"info","event":"Filling up the DagBag from /opt/airflow/dags/fake_store_etl.py","logger":"airflow.models.dagbag.DagBag","filename":"dagbag.py","lineno":593}
{"timestamp":"2026-01-13T18:17:19.324856Z","level":"warning","event":"The `airflow.decorators.dag` attribute is deprecated. Please use `'airflow.sdk.dag'`.","category":"DeprecatedImportWarning","filename":"/opt/airflow/dags/fake_store_etl.py","lineno":6,"logger":"py.warnings"}
{"timestamp":"2026-01-13T18:17:19.325055Z","level":"warning","event":"The `airflow.decorators.task` attribute is deprecated. Please use `'airflow.sdk.task'`.","category":"DeprecatedImportWarning","filename":"/opt/airflow/dags/fake_store_etl.py","lineno":6,"logger":"py.warnings"}
{"timestamp":"2026-01-13T18:17:49.891490Z","level":"info","event":"Filling up the DagBag from /opt/airflow/dags/fake_store_etl.py","logger":"airflow.models.dagbag.DagBag","filename":"dagbag.py","lineno":593}
{"timestamp":"2026-01-13T18:17:50.737771Z","level":"warning","event":"The `airflow.decorators.dag` attribute is deprecated. Please use `'airflow.sdk.dag'`.","category":"DeprecatedImportWarning","filename":"/opt/airflow/dags/fake_store_etl.py","lineno":6,"logger":"py.warnings"}
{"timestamp":"2026-01-13T18:17:50.737975Z","level":"warning","event":"The `airflow.decorators.task` attribute is deprecated. Please use `'airflow.sdk.task'`.","category":"DeprecatedImportWarning","filename":"/opt/airflow/dags/fake_store_etl.py","lineno":6,"logger":"py.warnings"}
{"timestamp":"2026-01-13T18:18:21.279326Z","level":"info","event":"Filling up the DagBag from /opt/airflow/dags/fake_store_etl.py","logger":"airflow.models.dagbag.DagBag","filename":"dagbag.py","lineno":593}
{"timestamp":"2026-01-13T18:18:21.983516Z","level":"warning","event":"The `airflow.decorators.dag` attribute is deprecated. Please use `'airflow.sdk.dag'`.","category":"DeprecatedImportWarning","filename":"/opt/airflow/dags/fake_store_etl.py","lineno":6,"logger":"py.warnings"}
{"timestamp":"2026-01-13T18:18:21.983968Z","level":"warning","event":"The `airflow.decorators.task` attribute is deprecated. Please use `'airflow.sdk.task'`.","category":"DeprecatedImportWarning","filename":"/opt/airflow/dags/fake_store_etl.py","lineno":6,"logger":"py.warnings"}
{"timestamp":"2026-01-13T18:18:52.680528Z","level":"info","event":"Filling up the DagBag from /opt/airflow/dags/fake_store_etl.py","logger":"airflow.models.dagbag.DagBag","filename":"dagbag.py","lineno":593}
{"timestamp":"2026-01-13T18:18:53.367271Z","level":"warning","event":"The `airflow.decorators.dag` attribute is deprecated. Please use `'airflow.sdk.dag'`.","category":"DeprecatedImportWarning","filename":"/opt/airflow/dags/fake_store_etl.py","lineno":6,"logger":"py.warnings"}
{"timestamp":"2026-01-13T18:18:53.367523Z","level":"warning","event":"The `airflow.decorators.task` attribute is deprecated. Please use `'airflow.sdk.task'`.","category":"DeprecatedImportWarning","filename":"/opt/airflow/dags/fake_store_etl.py","lineno":6,"logger":"py.warnings"}
{"timestamp":"2026-01-13T18:19:24.185452Z","level":"info","event":"Filling up the DagBag from /opt/airflow/dags/fake_store_etl.py","logger":"airflow.models.dagbag.DagBag","filename":"dagbag.py","lineno":593}
{"timestamp":"2026-01-13T18:19:25.123142Z","level":"warning","event":"The `airflow.decorators.dag` attribute is deprecated. Please use `'airflow.sdk.dag'`.","category":"DeprecatedImportWarning","filename":"/opt/airflow/dags/fake_store_etl.py","lineno":6,"logger":"py.warnings"}
{"timestamp":"2026-01-13T18:19:25.123483Z","level":"warning","event":"The `airflow.decorators.task` attribute is deprecated. Please use `'airflow.sdk.task'`.","category":"DeprecatedImportWarning","filename":"/opt/airflow/dags/fake_store_etl.py","lineno":6,"logger":"py.warnings"}
{"timestamp":"2026-01-13T18:19:55.977087Z","level":"info","event":"Filling up the DagBag from /opt/airflow/dags/fake_store_etl.py","logger":"airflow.models.dagbag.DagBag","filename":"dagbag.py","lineno":593}
{"timestamp":"2026-01-13T18:19:56.833561Z","level":"warning","event":"The `airflow.decorators.dag` attribute is deprecated. Please use `'airflow.sdk.dag'`.","category":"DeprecatedImportWarning","filename":"/opt/airflow/dags/fake_store_etl.py","lineno":6,"logger":"py.warnings"}
{"timestamp":"2026-01-13T18:19:56.833829Z","level":"warning","event":"The `airflow.decorators.task` attribute is deprecated. Please use `'airflow.sdk.task'`.","category":"DeprecatedImportWarning","filename":"/opt/airflow/dags/fake_store_etl.py","lineno":6,"logger":"py.warnings"}
{"timestamp":"2026-01-13T18:20:27.466264Z","level":"info","event":"Filling up the DagBag from /opt/airflow/dags/fake_store_etl.py","logger":"airflow.models.dagbag.DagBag","filename":"dagbag.py","lineno":593}
{"timestamp":"2026-01-13T18:20:28.382786Z","level":"warning","event":"The `airflow.decorators.dag` attribute is deprecated. Please use `'airflow.sdk.dag'`.","category":"DeprecatedImportWarning","filename":"/opt/airflow/dags/fake_store_etl.py","lineno":6,"logger":"py.warnings"}
{"timestamp":"2026-01-13T18:20:28.383030Z","level":"warning","event":"The `airflow.decorators.task` attribute is deprecated. Please use `'airflow.sdk.task'`.","category":"DeprecatedImportWarning","filename":"/opt/airflow/dags/fake_store_etl.py","lineno":6,"logger":"py.warnings"}
{"timestamp":"2026-01-13T18:20:58.816578Z","level":"info","event":"Filling up the DagBag from /opt/airflow/dags/fake_store_etl.py","logger":"airflow.models.dagbag.DagBag","filename":"dagbag.py","lineno":593}
{"timestamp":"2026-01-13T18:20:59.564175Z","level":"warning","event":"The `airflow.decorators.dag` attribute is deprecated. Please use `'airflow.sdk.dag'`.","category":"DeprecatedImportWarning","filename":"/opt/airflow/dags/fake_store_etl.py","lineno":6,"logger":"py.warnings"}
{"timestamp":"2026-01-13T18:20:59.564407Z","level":"warning","event":"The `airflow.decorators.task` attribute is deprecated. Please use `'airflow.sdk.task'`.","category":"DeprecatedImportWarning","filename":"/opt/airflow/dags/fake_store_etl.py","lineno":6,"logger":"py.warnings"}
{"timestamp":"2026-01-13T18:21:30.408352Z","level":"info","event":"Filling up the DagBag from /opt/airflow/dags/fake_store_etl.py","logger":"airflow.models.dagbag.DagBag","filename":"dagbag.py","lineno":593}
{"timestamp":"2026-01-13T18:21:31.075261Z","level":"warning","event":"The `airflow.decorators.dag` attribute is deprecated. Please use `'airflow.sdk.dag'`.","category":"DeprecatedImportWarning","filename":"/opt/airflow/dags/fake_store_etl.py","lineno":6,"logger":"py.warnings"}
{"timestamp":"2026-01-13T18:21:31.075535Z","level":"warning","event":"The `airflow.decorators.task` attribute is deprecated. Please use `'airflow.sdk.task'`.","category":"DeprecatedImportWarning","filename":"/opt/airflow/dags/fake_store_etl.py","lineno":6,"logger":"py.warnings"}
{"timestamp":"2026-01-13T18:22:01.816157Z","level":"info","event":"Filling up the DagBag from /opt/airflow/dags/fake_store_etl.py","logger":"airflow.models.dagbag.DagBag","filename":"dagbag.py","lineno":593}
{"timestamp":"2026-01-13T18:22:02.572043Z","level":"warning","event":"The `airflow.decorators.dag` attribute is deprecated. Please use `'airflow.sdk.dag'`.","category":"DeprecatedImportWarning","filename":"/opt/airflow/dags/fake_store_etl.py","lineno":6,"logger":"py.warnings"}
{"timestamp":"2026-01-13T18:22:02.572256Z","level":"warning","event":"The `airflow.decorators.task` attribute is deprecated. Please use `'airflow.sdk.task'`.","category":"DeprecatedImportWarning","filename":"/opt/airflow/dags/fake_store_etl.py","lineno":6,"logger":"py.warnings"}
{"timestamp":"2026-01-13T18:22:33.313935Z","level":"info","event":"Filling up the DagBag from /opt/airflow/dags/fake_store_etl.py","logger":"airflow.models.dagbag.DagBag","filename":"dagbag.py","lineno":593}
{"timestamp":"2026-01-13T18:22:34.118290Z","level":"warning","event":"The `airflow.decorators.dag` attribute is deprecated. Please use `'airflow.sdk.dag'`.","category":"DeprecatedImportWarning","filename":"/opt/airflow/dags/fake_store_etl.py","lineno":6,"logger":"py.warnings"}
{"timestamp":"2026-01-13T18:22:34.118577Z","level":"warning","event":"The `airflow.decorators.task` attribute is deprecated. Please use `'airflow.sdk.task'`.","category":"DeprecatedImportWarning","filename":"/opt/airflow/dags/fake_store_etl.py","lineno":6,"logger":"py.warnings"}
{"timestamp":"2026-01-13T18:23:04.411636Z","level":"info","event":"Filling up the DagBag from /opt/airflow/dags/fake_store_etl.py","logger":"airflow.models.dagbag.DagBag","filename":"dagbag.py","lineno":593}
{"timestamp":"2026-01-13T18:23:05.245705Z","level":"warning","event":"The `airflow.decorators.dag` attribute is deprecated. Please use `'airflow.sdk.dag'`.","category":"DeprecatedImportWarning","filename":"/opt/airflow/dags/fake_store_etl.py","lineno":6,"logger":"py.warnings"}
{"timestamp":"2026-01-13T18:23:05.245963Z","level":"warning","event":"The `airflow.decorators.task` attribute is deprecated. Please use `'airflow.sdk.task'`.","category":"DeprecatedImportWarning","filename":"/opt/airflow/dags/fake_store_etl.py","lineno":6,"logger":"py.warnings"}
{"timestamp":"2026-01-13T18:23:36.414464Z","level":"info","event":"Filling up the DagBag from /opt/airflow/dags/fake_store_etl.py","logger":"airflow.models.dagbag.DagBag","filename":"dagbag.py","lineno":593}
{"timestamp":"2026-01-13T18:23:37.630795Z","level":"warning","event":"The `airflow.decorators.dag` attribute is deprecated. Please use `'airflow.sdk.dag'`.","category":"DeprecatedImportWarning","filename":"/opt/airflow/dags/fake_store_etl.py","lineno":6,"logger":"py.warnings"}
{"timestamp":"2026-01-13T18:23:37.631084Z","level":"warning","event":"The `airflow.decorators.task` attribute is deprecated. Please use `'airflow.sdk.task'`.","category":"DeprecatedImportWarning","filename":"/opt/airflow/dags/fake_store_etl.py","lineno":6,"logger":"py.warnings"}
{"timestamp":"2026-01-13T18:24:07.763416Z","level":"info","event":"Filling up the DagBag from /opt/airflow/dags/fake_store_etl.py","logger":"airflow.models.dagbag.DagBag","filename":"dagbag.py","lineno":593}
{"timestamp":"2026-01-13T18:24:08.659329Z","level":"warning","event":"The `airflow.decorators.dag` attribute is deprecated. Please use `'airflow.sdk.dag'`.","category":"DeprecatedImportWarning","filename":"/opt/airflow/dags/fake_store_etl.py","lineno":6,"logger":"py.warnings"}
{"timestamp":"2026-01-13T18:24:08.659609Z","level":"warning","event":"The `airflow.decorators.task` attribute is deprecated. Please use `'airflow.sdk.task'`.","category":"DeprecatedImportWarning","filename":"/opt/airflow/dags/fake_store_etl.py","lineno":6,"logger":"py.warnings"}
{"timestamp":"2026-01-13T18:24:39.412592Z","level":"info","event":"Filling up the DagBag from /opt/airflow/dags/fake_store_etl.py","logger":"airflow.models.dagbag.DagBag","filename":"dagbag.py","lineno":593}
{"timestamp":"2026-01-13T18:24:40.332424Z","level":"warning","event":"The `airflow.decorators.dag` attribute is deprecated. Please use `'airflow.sdk.dag'`.","category":"DeprecatedImportWarning","filename":"/opt/airflow/dags/fake_store_etl.py","lineno":6,"logger":"py.warnings"}
{"timestamp":"2026-01-13T18:24:40.332701Z","level":"warning","event":"The `airflow.decorators.task` attribute is deprecated. Please use `'airflow.sdk.task'`.","category":"DeprecatedImportWarning","filename":"/opt/airflow/dags/fake_store_etl.py","lineno":6,"logger":"py.warnings"}
{"timestamp":"2026-01-13T18:25:11.317125Z","level":"info","event":"Filling up the DagBag from /opt/airflow/dags/fake_store_etl.py","logger":"airflow.models.dagbag.DagBag","filename":"dagbag.py","lineno":593}
{"timestamp":"2026-01-13T18:25:12.186288Z","level":"warning","event":"The `airflow.decorators.dag` attribute is deprecated. Please use `'airflow.sdk.dag'`.","category":"DeprecatedImportWarning","filename":"/opt/airflow/dags/fake_store_etl.py","lineno":6,"logger":"py.warnings"}
{"timestamp":"2026-01-13T18:25:12.186604Z","level":"warning","event":"The `airflow.decorators.task` attribute is deprecated. Please use `'airflow.sdk.task'`.","category":"DeprecatedImportWarning","filename":"/opt/airflow/dags/fake_store_etl.py","lineno":6,"logger":"py.warnings"}
{"timestamp":"2026-01-13T18:25:43.130711Z","level":"info","event":"Filling up the DagBag from /opt/airflow/dags/fake_store_etl.py","logger":"airflow.models.dagbag.DagBag","filename":"dagbag.py","lineno":593}
{"timestamp":"2026-01-13T18:25:44.205509Z","level":"warning","event":"The `airflow.decorators.dag` attribute is deprecated. Please use `'airflow.sdk.dag'`.","category":"DeprecatedImportWarning","filename":"/opt/airflow/dags/fake_store_etl.py","lineno":6,"logger":"py.warnings"}
{"timestamp":"2026-01-13T18:25:44.205777Z","level":"warning","event":"The `airflow.decorators.task` attribute is deprecated. Please use `'airflow.sdk.task'`.","category":"DeprecatedImportWarning","filename":"/opt/airflow/dags/fake_store_etl.py","lineno":6,"logger":"py.warnings"}
{"timestamp":"2026-01-13T18:26:15.188098Z","level":"info","event":"Filling up the DagBag from /opt/airflow/dags/fake_store_etl.py","logger":"airflow.models.dagbag.DagBag","filename":"dagbag.py","lineno":593}
{"timestamp":"2026-01-13T18:26:16.076842Z","level":"warning","event":"The `airflow.decorators.dag` attribute is deprecated. Please use `'airflow.sdk.dag'`.","category":"DeprecatedImportWarning","filename":"/opt/airflow/dags/fake_store_etl.py","lineno":6,"logger":"py.warnings"}
{"timestamp":"2026-01-13T18:26:16.077066Z","level":"warning","event":"The `airflow.decorators.task` attribute is deprecated. Please use `'airflow.sdk.task'`.","category":"DeprecatedImportWarning","filename":"/opt/airflow/dags/fake_store_etl.py","lineno":6,"logger":"py.warnings"}
{"timestamp":"2026-01-13T18:26:46.191962Z","level":"info","event":"Filling up the DagBag from /opt/airflow/dags/fake_store_etl.py","logger":"airflow.models.dagbag.DagBag","filename":"dagbag.py","lineno":593}
{"timestamp":"2026-01-13T18:26:47.097161Z","level":"warning","event":"The `airflow.decorators.dag` attribute is deprecated. Please use `'airflow.sdk.dag'`.","category":"DeprecatedImportWarning","filename":"/opt/airflow/dags/fake_store_etl.py","lineno":6,"logger":"py.warnings"}
{"timestamp":"2026-01-13T18:26:47.097425Z","level":"warning","event":"The `airflow.decorators.task` attribute is deprecated. Please use `'airflow.sdk.task'`.","category":"DeprecatedImportWarning","filename":"/opt/airflow/dags/fake_store_etl.py","lineno":6,"logger":"py.warnings"}
{"timestamp":"2026-01-13T18:27:17.218438Z","level":"info","event":"Filling up the DagBag from /opt/airflow/dags/fake_store_etl.py","logger":"airflow.models.dagbag.DagBag","filename":"dagbag.py","lineno":593}
{"timestamp":"2026-01-13T18:27:18.447135Z","level":"warning","event":"The `airflow.decorators.dag` attribute is deprecated. Please use `'airflow.sdk.dag'`.","category":"DeprecatedImportWarning","filename":"/opt/airflow/dags/fake_store_etl.py","lineno":6,"logger":"py.warnings"}
{"timestamp":"2026-01-13T18:27:18.447472Z","level":"warning","event":"The `airflow.decorators.task` attribute is deprecated. Please use `'airflow.sdk.task'`.","category":"DeprecatedImportWarning","filename":"/opt/airflow/dags/fake_store_etl.py","lineno":6,"logger":"py.warnings"}
{"timestamp":"2026-01-13T18:27:49.366441Z","level":"info","event":"Filling up the DagBag from /opt/airflow/dags/fake_store_etl.py","logger":"airflow.models.dagbag.DagBag","filename":"dagbag.py","lineno":593}
{"timestamp":"2026-01-13T18:27:50.584612Z","level":"warning","event":"The `airflow.decorators.dag` attribute is deprecated. Please use `'airflow.sdk.dag'`.","category":"DeprecatedImportWarning","filename":"/opt/airflow/dags/fake_store_etl.py","lineno":6,"logger":"py.warnings"}
{"timestamp":"2026-01-13T18:27:50.584896Z","level":"warning","event":"The `airflow.decorators.task` attribute is deprecated. Please use `'airflow.sdk.task'`.","category":"DeprecatedImportWarning","filename":"/opt/airflow/dags/fake_store_etl.py","lineno":6,"logger":"py.warnings"}
{"timestamp":"2026-01-13T18:28:21.455518Z","level":"info","event":"Filling up the DagBag from /opt/airflow/dags/fake_store_etl.py","logger":"airflow.models.dagbag.DagBag","filename":"dagbag.py","lineno":593}
{"timestamp":"2026-01-13T18:28:22.349771Z","level":"warning","event":"The `airflow.decorators.dag` attribute is deprecated. Please use `'airflow.sdk.dag'`.","category":"DeprecatedImportWarning","filename":"/opt/airflow/dags/fake_store_etl.py","lineno":6,"logger":"py.warnings"}
{"timestamp":"2026-01-13T18:28:22.350052Z","level":"warning","event":"The `airflow.decorators.task` attribute is deprecated. Please use `'airflow.sdk.task'`.","category":"DeprecatedImportWarning","filename":"/opt/airflow/dags/fake_store_etl.py","lineno":6,"logger":"py.warnings"}
{"timestamp":"2026-01-13T18:28:53.107919Z","level":"info","event":"Filling up the DagBag from /opt/airflow/dags/fake_store_etl.py","logger":"airflow.models.dagbag.DagBag","filename":"dagbag.py","lineno":593}
{"timestamp":"2026-01-13T18:28:54.022141Z","level":"warning","event":"The `airflow.decorators.dag` attribute is deprecated. Please use `'airflow.sdk.dag'`.","category":"DeprecatedImportWarning","filename":"/opt/airflow/dags/fake_store_etl.py","lineno":6,"logger":"py.warnings"}
{"timestamp":"2026-01-13T18:28:54.022454Z","level":"warning","event":"The `airflow.decorators.task` attribute is deprecated. Please use `'airflow.sdk.task'`.","category":"DeprecatedImportWarning","filename":"/opt/airflow/dags/fake_store_etl.py","lineno":6,"logger":"py.warnings"}
{"timestamp":"2026-01-13T18:29:24.830445Z","level":"info","event":"Filling up the DagBag from /opt/airflow/dags/fake_store_etl.py","logger":"airflow.models.dagbag.DagBag","filename":"dagbag.py","lineno":593}
{"timestamp":"2026-01-13T18:29:25.879441Z","level":"warning","event":"The `airflow.decorators.dag` attribute is deprecated. Please use `'airflow.sdk.dag'`.","category":"DeprecatedImportWarning","filename":"/opt/airflow/dags/fake_store_etl.py","lineno":6,"logger":"py.warnings"}
{"timestamp":"2026-01-13T18:29:25.879753Z","level":"warning","event":"The `airflow.decorators.task` attribute is deprecated. Please use `'airflow.sdk.task'`.","category":"DeprecatedImportWarning","filename":"/opt/airflow/dags/fake_store_etl.py","lineno":6,"logger":"py.warnings"}
{"timestamp":"2026-01-13T18:29:56.644978Z","level":"info","event":"Filling up the DagBag from /opt/airflow/dags/fake_store_etl.py","logger":"airflow.models.dagbag.DagBag","filename":"dagbag.py","lineno":593}
{"timestamp":"2026-01-13T18:29:57.680206Z","level":"warning","event":"The `airflow.decorators.dag` attribute is deprecated. Please use `'airflow.sdk.dag'`.","category":"DeprecatedImportWarning","filename":"/opt/airflow/dags/fake_store_etl.py","lineno":6,"logger":"py.warnings"}
{"timestamp":"2026-01-13T18:29:57.680464Z","level":"warning","event":"The `airflow.decorators.task` attribute is deprecated. Please use `'airflow.sdk.task'`.","category":"DeprecatedImportWarning","filename":"/opt/airflow/dags/fake_store_etl.py","lineno":6,"logger":"py.warnings"}
{"timestamp":"2026-01-13T18:30:28.671817Z","level":"info","event":"Filling up the DagBag from /opt/airflow/dags/fake_store_etl.py","logger":"airflow.models.dagbag.DagBag","filename":"dagbag.py","lineno":593}
{"timestamp":"2026-01-13T18:30:29.653954Z","level":"warning","event":"The `airflow.decorators.dag` attribute is deprecated. Please use `'airflow.sdk.dag'`.","category":"DeprecatedImportWarning","filename":"/opt/airflow/dags/fake_store_etl.py","lineno":6,"logger":"py.warnings"}
{"timestamp":"2026-01-13T18:30:29.654139Z","level":"warning","event":"The `airflow.decorators.task` attribute is deprecated. Please use `'airflow.sdk.task'`.","category":"DeprecatedImportWarning","filename":"/opt/airflow/dags/fake_store_etl.py","lineno":6,"logger":"py.warnings"}
{"timestamp":"2026-01-13T18:30:59.769845Z","level":"info","event":"Filling up the DagBag from /opt/airflow/dags/fake_store_etl.py","logger":"airflow.models.dagbag.DagBag","filename":"dagbag.py","lineno":593}
{"timestamp":"2026-01-13T18:31:00.977952Z","level":"warning","event":"The `airflow.decorators.dag` attribute is deprecated. Please use `'airflow.sdk.dag'`.","category":"DeprecatedImportWarning","filename":"/opt/airflow/dags/fake_store_etl.py","lineno":6,"logger":"py.warnings"}
{"timestamp":"2026-01-13T18:31:00.978257Z","level":"warning","event":"The `airflow.decorators.task` attribute is deprecated. Please use `'airflow.sdk.task'`.","category":"DeprecatedImportWarning","filename":"/opt/airflow/dags/fake_store_etl.py","lineno":6,"logger":"py.warnings"}
{"timestamp":"2026-01-13T18:31:31.097811Z","level":"info","event":"Filling up the DagBag from /opt/airflow/dags/fake_store_etl.py","logger":"airflow.models.dagbag.DagBag","filename":"dagbag.py","lineno":593}
{"timestamp":"2026-01-13T18:31:32.277453Z","level":"warning","event":"The `airflow.decorators.dag` attribute is deprecated. Please use `'airflow.sdk.dag'`.","category":"DeprecatedImportWarning","filename":"/opt/airflow/dags/fake_store_etl.py","lineno":6,"logger":"py.warnings"}
{"timestamp":"2026-01-13T18:31:32.277949Z","level":"warning","event":"The `airflow.decorators.task` attribute is deprecated. Please use `'airflow.sdk.task'`.","category":"DeprecatedImportWarning","filename":"/opt/airflow/dags/fake_store_etl.py","lineno":6,"logger":"py.warnings"}
{"timestamp":"2026-01-13T18:32:03.156171Z","level":"info","event":"Filling up the DagBag from /opt/airflow/dags/fake_store_etl.py","logger":"airflow.models.dagbag.DagBag","filename":"dagbag.py","lineno":593}
{"timestamp":"2026-01-13T18:32:04.038992Z","level":"warning","event":"The `airflow.decorators.dag` attribute is deprecated. Please use `'airflow.sdk.dag'`.","category":"DeprecatedImportWarning","filename":"/opt/airflow/dags/fake_store_etl.py","lineno":6,"logger":"py.warnings"}
{"timestamp":"2026-01-13T18:32:04.039187Z","level":"warning","event":"The `airflow.decorators.task` attribute is deprecated. Please use `'airflow.sdk.task'`.","category":"DeprecatedImportWarning","filename":"/opt/airflow/dags/fake_store_etl.py","lineno":6,"logger":"py.warnings"}
{"timestamp":"2026-01-13T18:32:34.898340Z","level":"info","event":"Filling up the DagBag from /opt/airflow/dags/fake_store_etl.py","logger":"airflow.models.dagbag.DagBag","filename":"dagbag.py","lineno":593}
{"timestamp":"2026-01-13T18:32:35.777832Z","level":"warning","event":"The `airflow.decorators.dag` attribute is deprecated. Please use `'airflow.sdk.dag'`.","category":"DeprecatedImportWarning","filename":"/opt/airflow/dags/fake_store_etl.py","lineno":6,"logger":"py.warnings"}
{"timestamp":"2026-01-13T18:32:35.778055Z","level":"warning","event":"The `airflow.decorators.task` attribute is deprecated. Please use `'airflow.sdk.task'`.","category":"DeprecatedImportWarning","filename":"/opt/airflow/dags/fake_store_etl.py","lineno":6,"logger":"py.warnings"}
{"timestamp":"2026-01-13T18:33:06.510596Z","level":"info","event":"Filling up the DagBag from /opt/airflow/dags/fake_store_etl.py","logger":"airflow.models.dagbag.DagBag","filename":"dagbag.py","lineno":593}
{"timestamp":"2026-01-13T18:33:07.418485Z","level":"warning","event":"The `airflow.decorators.dag` attribute is deprecated. Please use `'airflow.sdk.dag'`.","category":"DeprecatedImportWarning","filename":"/opt/airflow/dags/fake_store_etl.py","lineno":6,"logger":"py.warnings"}
{"timestamp":"2026-01-13T18:33:07.418779Z","level":"warning","event":"The `airflow.decorators.task` attribute is deprecated. Please use `'airflow.sdk.task'`.","category":"DeprecatedImportWarning","filename":"/opt/airflow/dags/fake_store_etl.py","lineno":6,"logger":"py.warnings"}
{"timestamp":"2026-01-13T18:33:38.121516Z","level":"info","event":"Filling up the DagBag from /opt/airflow/dags/fake_store_etl.py","logger":"airflow.models.dagbag.DagBag","filename":"dagbag.py","lineno":593}
{"timestamp":"2026-01-13T18:33:38.996820Z","level":"warning","event":"The `airflow.decorators.dag` attribute is deprecated. Please use `'airflow.sdk.dag'`.","category":"DeprecatedImportWarning","filename":"/opt/airflow/dags/fake_store_etl.py","lineno":6,"logger":"py.warnings"}
{"timestamp":"2026-01-13T18:33:38.997110Z","level":"warning","event":"The `airflow.decorators.task` attribute is deprecated. Please use `'airflow.sdk.task'`.","category":"DeprecatedImportWarning","filename":"/opt/airflow/dags/fake_store_etl.py","lineno":6,"logger":"py.warnings"}
{"timestamp":"2026-01-13T18:34:09.715233Z","level":"info","event":"Filling up the DagBag from /opt/airflow/dags/fake_store_etl.py","logger":"airflow.models.dagbag.DagBag","filename":"dagbag.py","lineno":593}
{"timestamp":"2026-01-13T18:34:10.663520Z","level":"warning","event":"The `airflow.decorators.dag` attribute is deprecated. Please use `'airflow.sdk.dag'`.","category":"DeprecatedImportWarning","filename":"/opt/airflow/dags/fake_store_etl.py","lineno":6,"logger":"py.warnings"}
{"timestamp":"2026-01-13T18:34:10.663943Z","level":"warning","event":"The `airflow.decorators.task` attribute is deprecated. Please use `'airflow.sdk.task'`.","category":"DeprecatedImportWarning","filename":"/opt/airflow/dags/fake_store_etl.py","lineno":6,"logger":"py.warnings"}
{"timestamp":"2026-01-13T18:34:41.612984Z","level":"info","event":"Filling up the DagBag from /opt/airflow/dags/fake_store_etl.py","logger":"airflow.models.dagbag.DagBag","filename":"dagbag.py","lineno":593}
{"timestamp":"2026-01-13T18:34:42.563279Z","level":"warning","event":"The `airflow.decorators.dag` attribute is deprecated. Please use `'airflow.sdk.dag'`.","category":"DeprecatedImportWarning","filename":"/opt/airflow/dags/fake_store_etl.py","lineno":6,"logger":"py.warnings"}
{"timestamp":"2026-01-13T18:34:42.563589Z","level":"warning","event":"The `airflow.decorators.task` attribute is deprecated. Please use `'airflow.sdk.task'`.","category":"DeprecatedImportWarning","filename":"/opt/airflow/dags/fake_store_etl.py","lineno":6,"logger":"py.warnings"}
{"timestamp":"2026-01-13T18:35:13.507801Z","level":"info","event":"Filling up the DagBag from /opt/airflow/dags/fake_store_etl.py","logger":"airflow.models.dagbag.DagBag","filename":"dagbag.py","lineno":593}
{"timestamp":"2026-01-13T18:35:14.749543Z","level":"warning","event":"The `airflow.decorators.dag` attribute is deprecated. Please use `'airflow.sdk.dag'`.","category":"DeprecatedImportWarning","filename":"/opt/airflow/dags/fake_store_etl.py","lineno":6,"logger":"py.warnings"}
{"timestamp":"2026-01-13T18:35:14.749821Z","level":"warning","event":"The `airflow.decorators.task` attribute is deprecated. Please use `'airflow.sdk.task'`.","category":"DeprecatedImportWarning","filename":"/opt/airflow/dags/fake_store_etl.py","lineno":6,"logger":"py.warnings"}
{"timestamp":"2026-01-13T18:35:45.161223Z","level":"info","event":"Filling up the DagBag from /opt/airflow/dags/fake_store_etl.py","logger":"airflow.models.dagbag.DagBag","filename":"dagbag.py","lineno":593}
{"timestamp":"2026-01-13T18:35:46.465911Z","level":"warning","event":"The `airflow.decorators.dag` attribute is deprecated. Please use `'airflow.sdk.dag'`.","category":"DeprecatedImportWarning","filename":"/opt/airflow/dags/fake_store_etl.py","lineno":6,"logger":"py.warnings"}
{"timestamp":"2026-01-13T18:35:46.466146Z","level":"warning","event":"The `airflow.decorators.task` attribute is deprecated. Please use `'airflow.sdk.task'`.","category":"DeprecatedImportWarning","filename":"/opt/airflow/dags/fake_store_etl.py","lineno":6,"logger":"py.warnings"}
{"timestamp":"2026-01-13T18:36:17.227085Z","level":"info","event":"Filling up the DagBag from /opt/airflow/dags/fake_store_etl.py","logger":"airflow.models.dagbag.DagBag","filename":"dagbag.py","lineno":593}
{"timestamp":"2026-01-13T18:36:18.378252Z","level":"warning","event":"The `airflow.decorators.dag` attribute is deprecated. Please use `'airflow.sdk.dag'`.","category":"DeprecatedImportWarning","filename":"/opt/airflow/dags/fake_store_etl.py","lineno":6,"logger":"py.warnings"}
{"timestamp":"2026-01-13T18:36:18.378612Z","level":"warning","event":"The `airflow.decorators.task` attribute is deprecated. Please use `'airflow.sdk.task'`.","category":"DeprecatedImportWarning","filename":"/opt/airflow/dags/fake_store_etl.py","lineno":6,"logger":"py.warnings"}
{"timestamp":"2026-01-13T18:36:49.243449Z","level":"info","event":"Filling up the DagBag from /opt/airflow/dags/fake_store_etl.py","logger":"airflow.models.dagbag.DagBag","filename":"dagbag.py","lineno":593}
{"timestamp":"2026-01-13T18:36:50.140336Z","level":"warning","event":"The `airflow.decorators.dag` attribute is deprecated. Please use `'airflow.sdk.dag'`.","category":"DeprecatedImportWarning","filename":"/opt/airflow/dags/fake_store_etl.py","lineno":6,"logger":"py.warnings"}
{"timestamp":"2026-01-13T18:36:50.140625Z","level":"warning","event":"The `airflow.decorators.task` attribute is deprecated. Please use `'airflow.sdk.task'`.","category":"DeprecatedImportWarning","filename":"/opt/airflow/dags/fake_store_etl.py","lineno":6,"logger":"py.warnings"}
{"timestamp":"2026-01-13T18:37:20.846162Z","level":"info","event":"Filling up the DagBag from /opt/airflow/dags/fake_store_etl.py","logger":"airflow.models.dagbag.DagBag","filename":"dagbag.py","lineno":593}
{"timestamp":"2026-01-13T18:37:21.697988Z","level":"warning","event":"The `airflow.decorators.dag` attribute is deprecated. Please use `'airflow.sdk.dag'`.","category":"DeprecatedImportWarning","filename":"/opt/airflow/dags/fake_store_etl.py","lineno":6,"logger":"py.warnings"}
{"timestamp":"2026-01-13T18:37:21.698172Z","level":"warning","event":"The `airflow.decorators.task` attribute is deprecated. Please use `'airflow.sdk.task'`.","category":"DeprecatedImportWarning","filename":"/opt/airflow/dags/fake_store_etl.py","lineno":6,"logger":"py.warnings"}
{"timestamp":"2026-01-13T18:37:52.481331Z","level":"info","event":"Filling up the DagBag from /opt/airflow/dags/fake_store_etl.py","logger":"airflow.models.dagbag.DagBag","filename":"dagbag.py","lineno":593}
{"timestamp":"2026-01-13T18:37:53.564233Z","level":"warning","event":"The `airflow.decorators.dag` attribute is deprecated. Please use `'airflow.sdk.dag'`.","category":"DeprecatedImportWarning","filename":"/opt/airflow/dags/fake_store_etl.py","lineno":6,"logger":"py.warnings"}
{"timestamp":"2026-01-13T18:37:53.564529Z","level":"warning","event":"The `airflow.decorators.task` attribute is deprecated. Please use `'airflow.sdk.task'`.","category":"DeprecatedImportWarning","filename":"/opt/airflow/dags/fake_store_etl.py","lineno":6,"logger":"py.warnings"}
{"timestamp":"2026-01-13T18:38:24.426739Z","level":"info","event":"Filling up the DagBag from /opt/airflow/dags/fake_store_etl.py","logger":"airflow.models.dagbag.DagBag","filename":"dagbag.py","lineno":593}
{"timestamp":"2026-01-13T18:38:25.381424Z","level":"warning","event":"The `airflow.decorators.dag` attribute is deprecated. Please use `'airflow.sdk.dag'`.","category":"DeprecatedImportWarning","filename":"/opt/airflow/dags/fake_store_etl.py","lineno":6,"logger":"py.warnings"}
{"timestamp":"2026-01-13T18:38:25.381793Z","level":"warning","event":"The `airflow.decorators.task` attribute is deprecated. Please use `'airflow.sdk.task'`.","category":"DeprecatedImportWarning","filename":"/opt/airflow/dags/fake_store_etl.py","lineno":6,"logger":"py.warnings"}
{"timestamp":"2026-01-13T18:38:56.292585Z","level":"info","event":"Filling up the DagBag from /opt/airflow/dags/fake_store_etl.py","logger":"airflow.models.dagbag.DagBag","filename":"dagbag.py","lineno":593}
{"timestamp":"2026-01-13T18:38:57.170631Z","level":"warning","event":"The `airflow.decorators.dag` attribute is deprecated. Please use `'airflow.sdk.dag'`.","category":"DeprecatedImportWarning","filename":"/opt/airflow/dags/fake_store_etl.py","lineno":6,"logger":"py.warnings"}
{"timestamp":"2026-01-13T18:38:57.170816Z","level":"warning","event":"The `airflow.decorators.task` attribute is deprecated. Please use `'airflow.sdk.task'`.","category":"DeprecatedImportWarning","filename":"/opt/airflow/dags/fake_store_etl.py","lineno":6,"logger":"py.warnings"}
{"timestamp":"2026-01-13T18:39:27.261146Z","level":"info","event":"Filling up the DagBag from /opt/airflow/dags/fake_store_etl.py","logger":"airflow.models.dagbag.DagBag","filename":"dagbag.py","lineno":593}
{"timestamp":"2026-01-13T18:39:28.411908Z","level":"warning","event":"The `airflow.decorators.dag` attribute is deprecated. Please use `'airflow.sdk.dag'`.","category":"DeprecatedImportWarning","filename":"/opt/airflow/dags/fake_store_etl.py","lineno":6,"logger":"py.warnings"}
{"timestamp":"2026-01-13T18:39:28.412226Z","level":"warning","event":"The `airflow.decorators.task` attribute is deprecated. Please use `'airflow.sdk.task'`.","category":"DeprecatedImportWarning","filename":"/opt/airflow/dags/fake_store_etl.py","lineno":6,"logger":"py.warnings"}
{"timestamp":"2026-01-13T18:39:58.719960Z","level":"info","event":"Filling up the DagBag from /opt/airflow/dags/fake_store_etl.py","logger":"airflow.models.dagbag.DagBag","filename":"dagbag.py","lineno":593}
{"timestamp":"2026-01-13T18:39:59.827510Z","level":"warning","event":"The `airflow.decorators.dag` attribute is deprecated. Please use `'airflow.sdk.dag'`.","category":"DeprecatedImportWarning","filename":"/opt/airflow/dags/fake_store_etl.py","lineno":6,"logger":"py.warnings"}
{"timestamp":"2026-01-13T18:39:59.827807Z","level":"warning","event":"The `airflow.decorators.task` attribute is deprecated. Please use `'airflow.sdk.task'`.","category":"DeprecatedImportWarning","filename":"/opt/airflow/dags/fake_store_etl.py","lineno":6,"logger":"py.warnings"}
{"timestamp":"2026-01-13T18:40:30.536050Z","level":"info","event":"Filling up the DagBag from /opt/airflow/dags/fake_store_etl.py","logger":"airflow.models.dagbag.DagBag","filename":"dagbag.py","lineno":593}
{"timestamp":"2026-01-13T18:40:31.697200Z","level":"warning","event":"The `airflow.decorators.dag` attribute is deprecated. Please use `'airflow.sdk.dag'`.","category":"DeprecatedImportWarning","filename":"/opt/airflow/dags/fake_store_etl.py","lineno":6,"logger":"py.warnings"}
{"timestamp":"2026-01-13T18:40:31.697491Z","level":"warning","event":"The `airflow.decorators.task` attribute is deprecated. Please use `'airflow.sdk.task'`.","category":"DeprecatedImportWarning","filename":"/opt/airflow/dags/fake_store_etl.py","lineno":6,"logger":"py.warnings"}
{"timestamp":"2026-01-13T18:41:02.520358Z","level":"info","event":"Filling up the DagBag from /opt/airflow/dags/fake_store_etl.py","logger":"airflow.models.dagbag.DagBag","filename":"dagbag.py","lineno":593}
{"timestamp":"2026-01-13T18:41:03.398206Z","level":"warning","event":"The `airflow.decorators.dag` attribute is deprecated. Please use `'airflow.sdk.dag'`.","category":"DeprecatedImportWarning","filename":"/opt/airflow/dags/fake_store_etl.py","lineno":6,"logger":"py.warnings"}
{"timestamp":"2026-01-13T18:41:03.398436Z","level":"warning","event":"The `airflow.decorators.task` attribute is deprecated. Please use `'airflow.sdk.task'`.","category":"DeprecatedImportWarning","filename":"/opt/airflow/dags/fake_store_etl.py","lineno":6,"logger":"py.warnings"}
{"timestamp":"2026-01-13T18:41:34.096199Z","level":"info","event":"Filling up the DagBag from /opt/airflow/dags/fake_store_etl.py","logger":"airflow.models.dagbag.DagBag","filename":"dagbag.py","lineno":593}
{"timestamp":"2026-01-13T18:41:34.991752Z","level":"warning","event":"The `airflow.decorators.dag` attribute is deprecated. Please use `'airflow.sdk.dag'`.","category":"DeprecatedImportWarning","filename":"/opt/airflow/dags/fake_store_etl.py","lineno":6,"logger":"py.warnings"}
{"timestamp":"2026-01-13T18:41:34.991942Z","level":"warning","event":"The `airflow.decorators.task` attribute is deprecated. Please use `'airflow.sdk.task'`.","category":"DeprecatedImportWarning","filename":"/opt/airflow/dags/fake_store_etl.py","lineno":6,"logger":"py.warnings"}
{"timestamp":"2026-01-13T18:42:05.737953Z","level":"info","event":"Filling up the DagBag from /opt/airflow/dags/fake_store_etl.py","logger":"airflow.models.dagbag.DagBag","filename":"dagbag.py","lineno":593}
{"timestamp":"2026-01-13T18:42:06.657958Z","level":"warning","event":"The `airflow.decorators.dag` attribute is deprecated. Please use `'airflow.sdk.dag'`.","category":"DeprecatedImportWarning","filename":"/opt/airflow/dags/fake_store_etl.py","lineno":6,"logger":"py.warnings"}
{"timestamp":"2026-01-13T18:42:06.658150Z","level":"warning","event":"The `airflow.decorators.task` attribute is deprecated. Please use `'airflow.sdk.task'`.","category":"DeprecatedImportWarning","filename":"/opt/airflow/dags/fake_store_etl.py","lineno":6,"logger":"py.warnings"}
{"timestamp":"2026-01-13T18:42:37.470630Z","level":"info","event":"Filling up the DagBag from /opt/airflow/dags/fake_store_etl.py","logger":"airflow.models.dagbag.DagBag","filename":"dagbag.py","lineno":593}
{"timestamp":"2026-01-13T18:42:38.495203Z","level":"warning","event":"The `airflow.decorators.dag` attribute is deprecated. Please use `'airflow.sdk.dag'`.","category":"DeprecatedImportWarning","filename":"/opt/airflow/dags/fake_store_etl.py","lineno":6,"logger":"py.warnings"}
{"timestamp":"2026-01-13T18:42:38.495657Z","level":"warning","event":"The `airflow.decorators.task` attribute is deprecated. Please use `'airflow.sdk.task'`.","category":"DeprecatedImportWarning","filename":"/opt/airflow/dags/fake_store_etl.py","lineno":6,"logger":"py.warnings"}
{"timestamp":"2026-01-13T18:43:09.447452Z","level":"info","event":"Filling up the DagBag from /opt/airflow/dags/fake_store_etl.py","logger":"airflow.models.dagbag.DagBag","filename":"dagbag.py","lineno":593}
{"timestamp":"2026-01-13T18:43:10.334315Z","level":"warning","event":"The `airflow.decorators.dag` attribute is deprecated. Please use `'airflow.sdk.dag'`.","category":"DeprecatedImportWarning","filename":"/opt/airflow/dags/fake_store_etl.py","lineno":6,"logger":"py.warnings"}
{"timestamp":"2026-01-13T18:43:10.334648Z","level":"warning","event":"The `airflow.decorators.task` attribute is deprecated. Please use `'airflow.sdk.task'`.","category":"DeprecatedImportWarning","filename":"/opt/airflow/dags/fake_store_etl.py","lineno":6,"logger":"py.warnings"}
{"timestamp":"2026-01-13T18:43:40.472142Z","level":"info","event":"Filling up the DagBag from /opt/airflow/dags/fake_store_etl.py","logger":"airflow.models.dagbag.DagBag","filename":"dagbag.py","lineno":593}
{"timestamp":"2026-01-13T18:43:41.588412Z","level":"warning","event":"The `airflow.decorators.dag` attribute is deprecated. Please use `'airflow.sdk.dag'`.","category":"DeprecatedImportWarning","filename":"/opt/airflow/dags/fake_store_etl.py","lineno":6,"logger":"py.warnings"}
{"timestamp":"2026-01-13T18:43:41.588698Z","level":"warning","event":"The `airflow.decorators.task` attribute is deprecated. Please use `'airflow.sdk.task'`.","category":"DeprecatedImportWarning","filename":"/opt/airflow/dags/fake_store_etl.py","lineno":6,"logger":"py.warnings"}
{"timestamp":"2026-01-13T18:44:11.759945Z","level":"info","event":"Filling up the DagBag from /opt/airflow/dags/fake_store_etl.py","logger":"airflow.models.dagbag.DagBag","filename":"dagbag.py","lineno":593}
{"timestamp":"2026-01-13T18:44:12.908840Z","level":"warning","event":"The `airflow.decorators.dag` attribute is deprecated. Please use `'airflow.sdk.dag'`.","category":"DeprecatedImportWarning","filename":"/opt/airflow/dags/fake_store_etl.py","lineno":6,"logger":"py.warnings"}
{"timestamp":"2026-01-13T18:44:12.909085Z","level":"warning","event":"The `airflow.decorators.task` attribute is deprecated. Please use `'airflow.sdk.task'`.","category":"DeprecatedImportWarning","filename":"/opt/airflow/dags/fake_store_etl.py","lineno":6,"logger":"py.warnings"}
{"timestamp":"2026-01-13T18:44:43.615639Z","level":"info","event":"Filling up the DagBag from /opt/airflow/dags/fake_store_etl.py","logger":"airflow.models.dagbag.DagBag","filename":"dagbag.py","lineno":593}
{"timestamp":"2026-01-13T18:44:44.745240Z","level":"warning","event":"The `airflow.decorators.dag` attribute is deprecated. Please use `'airflow.sdk.dag'`.","category":"DeprecatedImportWarning","filename":"/opt/airflow/dags/fake_store_etl.py","lineno":6,"logger":"py.warnings"}
{"timestamp":"2026-01-13T18:44:44.745518Z","level":"warning","event":"The `airflow.decorators.task` attribute is deprecated. Please use `'airflow.sdk.task'`.","category":"DeprecatedImportWarning","filename":"/opt/airflow/dags/fake_store_etl.py","lineno":6,"logger":"py.warnings"}
{"timestamp":"2026-01-13T18:45:15.494588Z","level":"info","event":"Filling up the DagBag from /opt/airflow/dags/fake_store_etl.py","logger":"airflow.models.dagbag.DagBag","filename":"dagbag.py","lineno":593}
{"timestamp":"2026-01-13T18:45:16.389259Z","level":"warning","event":"The `airflow.decorators.dag` attribute is deprecated. Please use `'airflow.sdk.dag'`.","category":"DeprecatedImportWarning","filename":"/opt/airflow/dags/fake_store_etl.py","lineno":6,"logger":"py.warnings"}
{"timestamp":"2026-01-13T18:45:16.389685Z","level":"warning","event":"The `airflow.decorators.task` attribute is deprecated. Please use `'airflow.sdk.task'`.","category":"DeprecatedImportWarning","filename":"/opt/airflow/dags/fake_store_etl.py","lineno":6,"logger":"py.warnings"}
{"timestamp":"2026-01-13T18:45:47.232112Z","level":"info","event":"Filling up the DagBag from /opt/airflow/dags/fake_store_etl.py","logger":"airflow.models.dagbag.DagBag","filename":"dagbag.py","lineno":593}
{"timestamp":"2026-01-13T18:45:48.115814Z","level":"warning","event":"The `airflow.decorators.dag` attribute is deprecated. Please use `'airflow.sdk.dag'`.","category":"DeprecatedImportWarning","filename":"/opt/airflow/dags/fake_store_etl.py","lineno":6,"logger":"py.warnings"}
{"timestamp":"2026-01-13T18:45:48.116006Z","level":"warning","event":"The `airflow.decorators.task` attribute is deprecated. Please use `'airflow.sdk.task'`.","category":"DeprecatedImportWarning","filename":"/opt/airflow/dags/fake_store_etl.py","lineno":6,"logger":"py.warnings"}
{"timestamp":"2026-01-13T18:46:18.943061Z","level":"info","event":"Filling up the DagBag from /opt/airflow/dags/fake_store_etl.py","logger":"airflow.models.dagbag.DagBag","filename":"dagbag.py","lineno":593}
{"timestamp":"2026-01-13T18:46:19.855032Z","level":"warning","event":"The `airflow.decorators.dag` attribute is deprecated. Please use `'airflow.sdk.dag'`.","category":"DeprecatedImportWarning","filename":"/opt/airflow/dags/fake_store_etl.py","lineno":6,"logger":"py.warnings"}
{"timestamp":"2026-01-13T18:46:19.855256Z","level":"warning","event":"The `airflow.decorators.task` attribute is deprecated. Please use `'airflow.sdk.task'`.","category":"DeprecatedImportWarning","filename":"/opt/airflow/dags/fake_store_etl.py","lineno":6,"logger":"py.warnings"}
{"timestamp":"2026-01-13T18:46:50.559894Z","level":"info","event":"Filling up the DagBag from /opt/airflow/dags/fake_store_etl.py","logger":"airflow.models.dagbag.DagBag","filename":"dagbag.py","lineno":593}
{"timestamp":"2026-01-13T18:46:51.468995Z","level":"warning","event":"The `airflow.decorators.dag` attribute is deprecated. Please use `'airflow.sdk.dag'`.","category":"DeprecatedImportWarning","filename":"/opt/airflow/dags/fake_store_etl.py","lineno":6,"logger":"py.warnings"}
{"timestamp":"2026-01-13T18:46:51.469182Z","level":"warning","event":"The `airflow.decorators.task` attribute is deprecated. Please use `'airflow.sdk.task'`.","category":"DeprecatedImportWarning","filename":"/opt/airflow/dags/fake_store_etl.py","lineno":6,"logger":"py.warnings"}
{"timestamp":"2026-01-13T18:47:21.567504Z","level":"info","event":"Filling up the DagBag from /opt/airflow/dags/fake_store_etl.py","logger":"airflow.models.dagbag.DagBag","filename":"dagbag.py","lineno":593}
{"timestamp":"2026-01-13T18:47:22.533150Z","level":"warning","event":"The `airflow.decorators.dag` attribute is deprecated. Please use `'airflow.sdk.dag'`.","category":"DeprecatedImportWarning","filename":"/opt/airflow/dags/fake_store_etl.py","lineno":6,"logger":"py.warnings"}
{"timestamp":"2026-01-13T18:47:22.533529Z","level":"warning","event":"The `airflow.decorators.task` attribute is deprecated. Please use `'airflow.sdk.task'`.","category":"DeprecatedImportWarning","filename":"/opt/airflow/dags/fake_store_etl.py","lineno":6,"logger":"py.warnings"}
{"timestamp":"2026-01-13T18:47:52.862136Z","level":"info","event":"Filling up the DagBag from /opt/airflow/dags/fake_store_etl.py","logger":"airflow.models.dagbag.DagBag","filename":"dagbag.py","lineno":593}
{"timestamp":"2026-01-13T18:47:54.078485Z","level":"warning","event":"The `airflow.decorators.dag` attribute is deprecated. Please use `'airflow.sdk.dag'`.","category":"DeprecatedImportWarning","filename":"/opt/airflow/dags/fake_store_etl.py","lineno":6,"logger":"py.warnings"}
{"timestamp":"2026-01-13T18:47:54.078727Z","level":"warning","event":"The `airflow.decorators.task` attribute is deprecated. Please use `'airflow.sdk.task'`.","category":"DeprecatedImportWarning","filename":"/opt/airflow/dags/fake_store_etl.py","lineno":6,"logger":"py.warnings"}
{"timestamp":"2026-01-13T18:48:24.948654Z","level":"info","event":"Filling up the DagBag from /opt/airflow/dags/fake_store_etl.py","logger":"airflow.models.dagbag.DagBag","filename":"dagbag.py","lineno":593}
{"timestamp":"2026-01-13T18:48:25.968268Z","level":"warning","event":"The `airflow.decorators.dag` attribute is deprecated. Please use `'airflow.sdk.dag'`.","category":"DeprecatedImportWarning","filename":"/opt/airflow/dags/fake_store_etl.py","lineno":6,"logger":"py.warnings"}
{"timestamp":"2026-01-13T18:48:25.968720Z","level":"warning","event":"The `airflow.decorators.task` attribute is deprecated. Please use `'airflow.sdk.task'`.","category":"DeprecatedImportWarning","filename":"/opt/airflow/dags/fake_store_etl.py","lineno":6,"logger":"py.warnings"}
{"timestamp":"2026-01-13T18:48:56.771678Z","level":"info","event":"Filling up the DagBag from /opt/airflow/dags/fake_store_etl.py","logger":"airflow.models.dagbag.DagBag","filename":"dagbag.py","lineno":593}
{"timestamp":"2026-01-13T18:48:57.666502Z","level":"warning","event":"The `airflow.decorators.dag` attribute is deprecated. Please use `'airflow.sdk.dag'`.","category":"DeprecatedImportWarning","filename":"/opt/airflow/dags/fake_store_etl.py","lineno":6,"logger":"py.warnings"}
{"timestamp":"2026-01-13T18:48:57.666744Z","level":"warning","event":"The `airflow.decorators.task` attribute is deprecated. Please use `'airflow.sdk.task'`.","category":"DeprecatedImportWarning","filename":"/opt/airflow/dags/fake_store_etl.py","lineno":6,"logger":"py.warnings"}
{"timestamp":"2026-01-13T18:49:28.634932Z","level":"info","event":"Filling up the DagBag from /opt/airflow/dags/fake_store_etl.py","logger":"airflow.models.dagbag.DagBag","filename":"dagbag.py","lineno":593}
{"timestamp":"2026-01-13T18:49:29.601887Z","level":"warning","event":"The `airflow.decorators.dag` attribute is deprecated. Please use `'airflow.sdk.dag'`.","category":"DeprecatedImportWarning","filename":"/opt/airflow/dags/fake_store_etl.py","lineno":6,"logger":"py.warnings"}
{"timestamp":"2026-01-13T18:49:29.602131Z","level":"warning","event":"The `airflow.decorators.task` attribute is deprecated. Please use `'airflow.sdk.task'`.","category":"DeprecatedImportWarning","filename":"/opt/airflow/dags/fake_store_etl.py","lineno":6,"logger":"py.warnings"}
{"timestamp":"2026-01-13T18:49:59.777078Z","level":"info","event":"Filling up the DagBag from /opt/airflow/dags/fake_store_etl.py","logger":"airflow.models.dagbag.DagBag","filename":"dagbag.py","lineno":593}
{"timestamp":"2026-01-13T18:50:01.035151Z","level":"warning","event":"The `airflow.decorators.dag` attribute is deprecated. Please use `'airflow.sdk.dag'`.","category":"DeprecatedImportWarning","filename":"/opt/airflow/dags/fake_store_etl.py","lineno":6,"logger":"py.warnings"}
{"timestamp":"2026-01-13T18:50:01.035445Z","level":"warning","event":"The `airflow.decorators.task` attribute is deprecated. Please use `'airflow.sdk.task'`.","category":"DeprecatedImportWarning","filename":"/opt/airflow/dags/fake_store_etl.py","lineno":6,"logger":"py.warnings"}
{"timestamp":"2026-01-13T18:50:31.759746Z","level":"info","event":"Filling up the DagBag from /opt/airflow/dags/fake_store_etl.py","logger":"airflow.models.dagbag.DagBag","filename":"dagbag.py","lineno":593}
{"timestamp":"2026-01-13T18:50:32.910726Z","level":"warning","event":"The `airflow.decorators.dag` attribute is deprecated. Please use `'airflow.sdk.dag'`.","category":"DeprecatedImportWarning","filename":"/opt/airflow/dags/fake_store_etl.py","lineno":6,"logger":"py.warnings"}
{"timestamp":"2026-01-13T18:50:32.911120Z","level":"warning","event":"The `airflow.decorators.task` attribute is deprecated. Please use `'airflow.sdk.task'`.","category":"DeprecatedImportWarning","filename":"/opt/airflow/dags/fake_store_etl.py","lineno":6,"logger":"py.warnings"}
{"timestamp":"2026-01-13T18:51:03.717698Z","level":"info","event":"Filling up the DagBag from /opt/airflow/dags/fake_store_etl.py","logger":"airflow.models.dagbag.DagBag","filename":"dagbag.py","lineno":593}
{"timestamp":"2026-01-13T18:51:04.693922Z","level":"warning","event":"The `airflow.decorators.dag` attribute is deprecated. Please use `'airflow.sdk.dag'`.","category":"DeprecatedImportWarning","filename":"/opt/airflow/dags/fake_store_etl.py","lineno":6,"logger":"py.warnings"}
{"timestamp":"2026-01-13T18:51:04.694189Z","level":"warning","event":"The `airflow.decorators.task` attribute is deprecated. Please use `'airflow.sdk.task'`.","category":"DeprecatedImportWarning","filename":"/opt/airflow/dags/fake_store_etl.py","lineno":6,"logger":"py.warnings"}
{"timestamp":"2026-01-13T18:51:35.051042Z","level":"info","event":"Filling up the DagBag from /opt/airflow/dags/fake_store_etl.py","logger":"airflow.models.dagbag.DagBag","filename":"dagbag.py","lineno":593}
{"timestamp":"2026-01-13T18:51:36.238777Z","level":"warning","event":"The `airflow.decorators.dag` attribute is deprecated. Please use `'airflow.sdk.dag'`.","category":"DeprecatedImportWarning","filename":"/opt/airflow/dags/fake_store_etl.py","lineno":6,"logger":"py.warnings"}
{"timestamp":"2026-01-13T18:51:36.239068Z","level":"warning","event":"The `airflow.decorators.task` attribute is deprecated. Please use `'airflow.sdk.task'`.","category":"DeprecatedImportWarning","filename":"/opt/airflow/dags/fake_store_etl.py","lineno":6,"logger":"py.warnings"}
{"timestamp":"2026-01-13T18:52:07.045214Z","level":"info","event":"Filling up the DagBag from /opt/airflow/dags/fake_store_etl.py","logger":"airflow.models.dagbag.DagBag","filename":"dagbag.py","lineno":593}
{"timestamp":"2026-01-13T18:52:08.215752Z","level":"warning","event":"The `airflow.decorators.dag` attribute is deprecated. Please use `'airflow.sdk.dag'`.","category":"DeprecatedImportWarning","filename":"/opt/airflow/dags/fake_store_etl.py","lineno":6,"logger":"py.warnings"}
{"timestamp":"2026-01-13T18:52:08.216024Z","level":"warning","event":"The `airflow.decorators.task` attribute is deprecated. Please use `'airflow.sdk.task'`.","category":"DeprecatedImportWarning","filename":"/opt/airflow/dags/fake_store_etl.py","lineno":6,"logger":"py.warnings"}
{"timestamp":"2026-01-13T18:52:39.019664Z","level":"info","event":"Filling up the DagBag from /opt/airflow/dags/fake_store_etl.py","logger":"airflow.models.dagbag.DagBag","filename":"dagbag.py","lineno":593}
{"timestamp":"2026-01-13T18:52:39.953912Z","level":"warning","event":"The `airflow.decorators.dag` attribute is deprecated. Please use `'airflow.sdk.dag'`.","category":"DeprecatedImportWarning","filename":"/opt/airflow/dags/fake_store_etl.py","lineno":6,"logger":"py.warnings"}
{"timestamp":"2026-01-13T18:52:39.954168Z","level":"warning","event":"The `airflow.decorators.task` attribute is deprecated. Please use `'airflow.sdk.task'`.","category":"DeprecatedImportWarning","filename":"/opt/airflow/dags/fake_store_etl.py","lineno":6,"logger":"py.warnings"}
{"timestamp":"2026-01-13T18:53:10.857818Z","level":"info","event":"Filling up the DagBag from /opt/airflow/dags/fake_store_etl.py","logger":"airflow.models.dagbag.DagBag","filename":"dagbag.py","lineno":593}
{"timestamp":"2026-01-13T18:53:11.732189Z","level":"warning","event":"The `airflow.decorators.dag` attribute is deprecated. Please use `'airflow.sdk.dag'`.","category":"DeprecatedImportWarning","filename":"/opt/airflow/dags/fake_store_etl.py","lineno":6,"logger":"py.warnings"}
{"timestamp":"2026-01-13T18:53:11.732426Z","level":"warning","event":"The `airflow.decorators.task` attribute is deprecated. Please use `'airflow.sdk.task'`.","category":"DeprecatedImportWarning","filename":"/opt/airflow/dags/fake_store_etl.py","lineno":6,"logger":"py.warnings"}
{"timestamp":"2026-01-13T18:53:42.600621Z","level":"info","event":"Filling up the DagBag from /opt/airflow/dags/fake_store_etl.py","logger":"airflow.models.dagbag.DagBag","filename":"dagbag.py","lineno":593}
{"timestamp":"2026-01-13T18:53:43.521446Z","level":"warning","event":"The `airflow.decorators.dag` attribute is deprecated. Please use `'airflow.sdk.dag'`.","category":"DeprecatedImportWarning","filename":"/opt/airflow/dags/fake_store_etl.py","lineno":6,"logger":"py.warnings"}
{"timestamp":"2026-01-13T18:53:43.521692Z","level":"warning","event":"The `airflow.decorators.task` attribute is deprecated. Please use `'airflow.sdk.task'`.","category":"DeprecatedImportWarning","filename":"/opt/airflow/dags/fake_store_etl.py","lineno":6,"logger":"py.warnings"}
{"timestamp":"2026-01-13T18:54:14.344894Z","level":"info","event":"Filling up the DagBag from /opt/airflow/dags/fake_store_etl.py","logger":"airflow.models.dagbag.DagBag","filename":"dagbag.py","lineno":593}
{"timestamp":"2026-01-13T18:54:15.202031Z","level":"warning","event":"The `airflow.decorators.dag` attribute is deprecated. Please use `'airflow.sdk.dag'`.","category":"DeprecatedImportWarning","filename":"/opt/airflow/dags/fake_store_etl.py","lineno":6,"logger":"py.warnings"}
{"timestamp":"2026-01-13T18:54:15.202476Z","level":"warning","event":"The `airflow.decorators.task` attribute is deprecated. Please use `'airflow.sdk.task'`.","category":"DeprecatedImportWarning","filename":"/opt/airflow/dags/fake_store_etl.py","lineno":6,"logger":"py.warnings"}
{"timestamp":"2026-01-13T18:54:46.161905Z","level":"info","event":"Filling up the DagBag from /opt/airflow/dags/fake_store_etl.py","logger":"airflow.models.dagbag.DagBag","filename":"dagbag.py","lineno":593}
{"timestamp":"2026-01-13T18:54:47.098937Z","level":"warning","event":"The `airflow.decorators.dag` attribute is deprecated. Please use `'airflow.sdk.dag'`.","category":"DeprecatedImportWarning","filename":"/opt/airflow/dags/fake_store_etl.py","lineno":6,"logger":"py.warnings"}
{"timestamp":"2026-01-13T18:54:47.099207Z","level":"warning","event":"The `airflow.decorators.task` attribute is deprecated. Please use `'airflow.sdk.task'`.","category":"DeprecatedImportWarning","filename":"/opt/airflow/dags/fake_store_etl.py","lineno":6,"logger":"py.warnings"}
{"timestamp":"2026-01-13T18:55:17.289282Z","level":"info","event":"Filling up the DagBag from /opt/airflow/dags/fake_store_etl.py","logger":"airflow.models.dagbag.DagBag","filename":"dagbag.py","lineno":593}
{"timestamp":"2026-01-13T18:55:18.285319Z","level":"warning","event":"The `airflow.decorators.dag` attribute is deprecated. Please use `'airflow.sdk.dag'`.","category":"DeprecatedImportWarning","filename":"/opt/airflow/dags/fake_store_etl.py","lineno":6,"logger":"py.warnings"}
{"timestamp":"2026-01-13T18:55:18.285607Z","level":"warning","event":"The `airflow.decorators.task` attribute is deprecated. Please use `'airflow.sdk.task'`.","category":"DeprecatedImportWarning","filename":"/opt/airflow/dags/fake_store_etl.py","lineno":6,"logger":"py.warnings"}
{"timestamp":"2026-01-13T18:55:48.576345Z","level":"info","event":"Filling up the DagBag from /opt/airflow/dags/fake_store_etl.py","logger":"airflow.models.dagbag.DagBag","filename":"dagbag.py","lineno":593}
{"timestamp":"2026-01-13T18:55:49.784806Z","level":"warning","event":"The `airflow.decorators.dag` attribute is deprecated. Please use `'airflow.sdk.dag'`.","category":"DeprecatedImportWarning","filename":"/opt/airflow/dags/fake_store_etl.py","lineno":6,"logger":"py.warnings"}
{"timestamp":"2026-01-13T18:55:49.785129Z","level":"warning","event":"The `airflow.decorators.task` attribute is deprecated. Please use `'airflow.sdk.task'`.","category":"DeprecatedImportWarning","filename":"/opt/airflow/dags/fake_store_etl.py","lineno":6,"logger":"py.warnings"}
{"timestamp":"2026-01-13T18:56:20.671676Z","level":"info","event":"Filling up the DagBag from /opt/airflow/dags/fake_store_etl.py","logger":"airflow.models.dagbag.DagBag","filename":"dagbag.py","lineno":593}
{"timestamp":"2026-01-13T18:56:21.698021Z","level":"warning","event":"The `airflow.decorators.dag` attribute is deprecated. Please use `'airflow.sdk.dag'`.","category":"DeprecatedImportWarning","filename":"/opt/airflow/dags/fake_store_etl.py","lineno":6,"logger":"py.warnings"}
{"timestamp":"2026-01-13T18:56:21.698223Z","level":"warning","event":"The `airflow.decorators.task` attribute is deprecated. Please use `'airflow.sdk.task'`.","category":"DeprecatedImportWarning","filename":"/opt/airflow/dags/fake_store_etl.py","lineno":6,"logger":"py.warnings"}
{"timestamp":"2026-01-13T18:56:52.385848Z","level":"info","event":"Filling up the DagBag from /opt/airflow/dags/fake_store_etl.py","logger":"airflow.models.dagbag.DagBag","filename":"dagbag.py","lineno":593}
{"timestamp":"2026-01-13T18:56:53.251641Z","level":"warning","event":"The `airflow.decorators.dag` attribute is deprecated. Please use `'airflow.sdk.dag'`.","category":"DeprecatedImportWarning","filename":"/opt/airflow/dags/fake_store_etl.py","lineno":6,"logger":"py.warnings"}
{"timestamp":"2026-01-13T18:56:53.251878Z","level":"warning","event":"The `airflow.decorators.task` attribute is deprecated. Please use `'airflow.sdk.task'`.","category":"DeprecatedImportWarning","filename":"/opt/airflow/dags/fake_store_etl.py","lineno":6,"logger":"py.warnings"}
{"timestamp":"2026-01-13T18:57:24.035229Z","level":"info","event":"Filling up the DagBag from /opt/airflow/dags/fake_store_etl.py","logger":"airflow.models.dagbag.DagBag","filename":"dagbag.py","lineno":593}
{"timestamp":"2026-01-13T18:57:24.946831Z","level":"warning","event":"The `airflow.decorators.dag` attribute is deprecated. Please use `'airflow.sdk.dag'`.","category":"DeprecatedImportWarning","filename":"/opt/airflow/dags/fake_store_etl.py","lineno":6,"logger":"py.warnings"}
{"timestamp":"2026-01-13T18:57:24.947017Z","level":"warning","event":"The `airflow.decorators.task` attribute is deprecated. Please use `'airflow.sdk.task'`.","category":"DeprecatedImportWarning","filename":"/opt/airflow/dags/fake_store_etl.py","lineno":6,"logger":"py.warnings"}
{"timestamp":"2026-01-13T18:57:55.803668Z","level":"info","event":"Filling up the DagBag from /opt/airflow/dags/fake_store_etl.py","logger":"airflow.models.dagbag.DagBag","filename":"dagbag.py","lineno":593}
{"timestamp":"2026-01-13T18:57:56.822192Z","level":"warning","event":"The `airflow.decorators.dag` attribute is deprecated. Please use `'airflow.sdk.dag'`.","category":"DeprecatedImportWarning","filename":"/opt/airflow/dags/fake_store_etl.py","lineno":6,"logger":"py.warnings"}
{"timestamp":"2026-01-13T18:57:56.822547Z","level":"warning","event":"The `airflow.decorators.task` attribute is deprecated. Please use `'airflow.sdk.task'`.","category":"DeprecatedImportWarning","filename":"/opt/airflow/dags/fake_store_etl.py","lineno":6,"logger":"py.warnings"}
{"timestamp":"2026-01-13T18:58:27.580110Z","level":"info","event":"Filling up the DagBag from /opt/airflow/dags/fake_store_etl.py","logger":"airflow.models.dagbag.DagBag","filename":"dagbag.py","lineno":593}
{"timestamp":"2026-01-13T18:58:28.461789Z","level":"warning","event":"The `airflow.decorators.dag` attribute is deprecated. Please use `'airflow.sdk.dag'`.","category":"DeprecatedImportWarning","filename":"/opt/airflow/dags/fake_store_etl.py","lineno":6,"logger":"py.warnings"}
{"timestamp":"2026-01-13T18:58:28.462147Z","level":"warning","event":"The `airflow.decorators.task` attribute is deprecated. Please use `'airflow.sdk.task'`.","category":"DeprecatedImportWarning","filename":"/opt/airflow/dags/fake_store_etl.py","lineno":6,"logger":"py.warnings"}
{"timestamp":"2026-01-13T18:58:59.402922Z","level":"info","event":"Filling up the DagBag from /opt/airflow/dags/fake_store_etl.py","logger":"airflow.models.dagbag.DagBag","filename":"dagbag.py","lineno":593}
{"timestamp":"2026-01-13T18:59:00.318330Z","level":"warning","event":"The `airflow.decorators.dag` attribute is deprecated. Please use `'airflow.sdk.dag'`.","category":"DeprecatedImportWarning","filename":"/opt/airflow/dags/fake_store_etl.py","lineno":6,"logger":"py.warnings"}
{"timestamp":"2026-01-13T18:59:00.318685Z","level":"warning","event":"The `airflow.decorators.task` attribute is deprecated. Please use `'airflow.sdk.task'`.","category":"DeprecatedImportWarning","filename":"/opt/airflow/dags/fake_store_etl.py","lineno":6,"logger":"py.warnings"}
{"timestamp":"2026-01-13T18:59:30.489060Z","level":"info","event":"Filling up the DagBag from /opt/airflow/dags/fake_store_etl.py","logger":"airflow.models.dagbag.DagBag","filename":"dagbag.py","lineno":593}
{"timestamp":"2026-01-13T18:59:31.612044Z","level":"warning","event":"The `airflow.decorators.dag` attribute is deprecated. Please use `'airflow.sdk.dag'`.","category":"DeprecatedImportWarning","filename":"/opt/airflow/dags/fake_store_etl.py","lineno":6,"logger":"py.warnings"}
{"timestamp":"2026-01-13T18:59:31.612235Z","level":"warning","event":"The `airflow.decorators.task` attribute is deprecated. Please use `'airflow.sdk.task'`.","category":"DeprecatedImportWarning","filename":"/opt/airflow/dags/fake_store_etl.py","lineno":6,"logger":"py.warnings"}
{"timestamp":"2026-01-13T19:00:02.554169Z","level":"info","event":"Filling up the DagBag from /opt/airflow/dags/fake_store_etl.py","logger":"airflow.models.dagbag.DagBag","filename":"dagbag.py","lineno":593}
{"timestamp":"2026-01-13T19:00:03.770514Z","level":"warning","event":"The `airflow.decorators.dag` attribute is deprecated. Please use `'airflow.sdk.dag'`.","category":"DeprecatedImportWarning","filename":"/opt/airflow/dags/fake_store_etl.py","lineno":6,"logger":"py.warnings"}
{"timestamp":"2026-01-13T19:00:03.770807Z","level":"warning","event":"The `airflow.decorators.task` attribute is deprecated. Please use `'airflow.sdk.task'`.","category":"DeprecatedImportWarning","filename":"/opt/airflow/dags/fake_store_etl.py","lineno":6,"logger":"py.warnings"}
{"timestamp":"2026-01-13T19:00:33.989685Z","level":"info","event":"Filling up the DagBag from /opt/airflow/dags/fake_store_etl.py","logger":"airflow.models.dagbag.DagBag","filename":"dagbag.py","lineno":593}
{"timestamp":"2026-01-13T19:00:35.147359Z","level":"warning","event":"The `airflow.decorators.dag` attribute is deprecated. Please use `'airflow.sdk.dag'`.","category":"DeprecatedImportWarning","filename":"/opt/airflow/dags/fake_store_etl.py","lineno":6,"logger":"py.warnings"}
{"timestamp":"2026-01-13T19:00:35.147726Z","level":"warning","event":"The `airflow.decorators.task` attribute is deprecated. Please use `'airflow.sdk.task'`.","category":"DeprecatedImportWarning","filename":"/opt/airflow/dags/fake_store_etl.py","lineno":6,"logger":"py.warnings"}
{"timestamp":"2026-01-13T19:01:06.045106Z","level":"info","event":"Filling up the DagBag from /opt/airflow/dags/fake_store_etl.py","logger":"airflow.models.dagbag.DagBag","filename":"dagbag.py","lineno":593}
{"timestamp":"2026-01-13T19:01:07.124789Z","level":"warning","event":"The `airflow.decorators.dag` attribute is deprecated. Please use `'airflow.sdk.dag'`.","category":"DeprecatedImportWarning","filename":"/opt/airflow/dags/fake_store_etl.py","lineno":6,"logger":"py.warnings"}
{"timestamp":"2026-01-13T19:01:07.125261Z","level":"warning","event":"The `airflow.decorators.task` attribute is deprecated. Please use `'airflow.sdk.task'`.","category":"DeprecatedImportWarning","filename":"/opt/airflow/dags/fake_store_etl.py","lineno":6,"logger":"py.warnings"}
{"timestamp":"2026-01-13T19:01:37.335038Z","level":"info","event":"Filling up the DagBag from /opt/airflow/dags/fake_store_etl.py","logger":"airflow.models.dagbag.DagBag","filename":"dagbag.py","lineno":593}
{"timestamp":"2026-01-13T19:01:38.227431Z","level":"warning","event":"The `airflow.decorators.dag` attribute is deprecated. Please use `'airflow.sdk.dag'`.","category":"DeprecatedImportWarning","filename":"/opt/airflow/dags/fake_store_etl.py","lineno":6,"logger":"py.warnings"}
{"timestamp":"2026-01-13T19:01:38.227710Z","level":"warning","event":"The `airflow.decorators.task` attribute is deprecated. Please use `'airflow.sdk.task'`.","category":"DeprecatedImportWarning","filename":"/opt/airflow/dags/fake_store_etl.py","lineno":6,"logger":"py.warnings"}
{"timestamp":"2026-01-13T19:02:09.158550Z","level":"info","event":"Filling up the DagBag from /opt/airflow/dags/fake_store_etl.py","logger":"airflow.models.dagbag.DagBag","filename":"dagbag.py","lineno":593}
{"timestamp":"2026-01-13T19:02:10.111199Z","level":"warning","event":"The `airflow.decorators.dag` attribute is deprecated. Please use `'airflow.sdk.dag'`.","category":"DeprecatedImportWarning","filename":"/opt/airflow/dags/fake_store_etl.py","lineno":6,"logger":"py.warnings"}
{"timestamp":"2026-01-13T19:02:10.111627Z","level":"warning","event":"The `airflow.decorators.task` attribute is deprecated. Please use `'airflow.sdk.task'`.","category":"DeprecatedImportWarning","filename":"/opt/airflow/dags/fake_store_etl.py","lineno":6,"logger":"py.warnings"}
{"timestamp":"2026-01-13T19:02:40.866609Z","level":"info","event":"Filling up the DagBag from /opt/airflow/dags/fake_store_etl.py","logger":"airflow.models.dagbag.DagBag","filename":"dagbag.py","lineno":593}
{"timestamp":"2026-01-13T19:02:41.743879Z","level":"warning","event":"The `airflow.decorators.dag` attribute is deprecated. Please use `'airflow.sdk.dag'`.","category":"DeprecatedImportWarning","filename":"/opt/airflow/dags/fake_store_etl.py","lineno":6,"logger":"py.warnings"}
{"timestamp":"2026-01-13T19:02:41.744072Z","level":"warning","event":"The `airflow.decorators.task` attribute is deprecated. Please use `'airflow.sdk.task'`.","category":"DeprecatedImportWarning","filename":"/opt/airflow/dags/fake_store_etl.py","lineno":6,"logger":"py.warnings"}
{"timestamp":"2026-01-13T19:03:12.661046Z","level":"info","event":"Filling up the DagBag from /opt/airflow/dags/fake_store_etl.py","logger":"airflow.models.dagbag.DagBag","filename":"dagbag.py","lineno":593}
{"timestamp":"2026-01-13T19:03:13.512776Z","level":"warning","event":"The `airflow.decorators.dag` attribute is deprecated. Please use `'airflow.sdk.dag'`.","category":"DeprecatedImportWarning","filename":"/opt/airflow/dags/fake_store_etl.py","lineno":6,"logger":"py.warnings"}
{"timestamp":"2026-01-13T19:03:13.513050Z","level":"warning","event":"The `airflow.decorators.task` attribute is deprecated. Please use `'airflow.sdk.task'`.","category":"DeprecatedImportWarning","filename":"/opt/airflow/dags/fake_store_etl.py","lineno":6,"logger":"py.warnings"}
{"timestamp":"2026-01-13T19:03:44.440787Z","level":"info","event":"Filling up the DagBag from /opt/airflow/dags/fake_store_etl.py","logger":"airflow.models.dagbag.DagBag","filename":"dagbag.py","lineno":593}
{"timestamp":"2026-01-13T19:03:45.347640Z","level":"warning","event":"The `airflow.decorators.dag` attribute is deprecated. Please use `'airflow.sdk.dag'`.","category":"DeprecatedImportWarning","filename":"/opt/airflow/dags/fake_store_etl.py","lineno":6,"logger":"py.warnings"}
{"timestamp":"2026-01-13T19:03:45.347817Z","level":"warning","event":"The `airflow.decorators.task` attribute is deprecated. Please use `'airflow.sdk.task'`.","category":"DeprecatedImportWarning","filename":"/opt/airflow/dags/fake_store_etl.py","lineno":6,"logger":"py.warnings"}
{"timestamp":"2026-01-13T19:04:16.119320Z","level":"info","event":"Filling up the DagBag from /opt/airflow/dags/fake_store_etl.py","logger":"airflow.models.dagbag.DagBag","filename":"dagbag.py","lineno":593}
{"timestamp":"2026-01-13T19:04:17.285961Z","level":"warning","event":"The `airflow.decorators.dag` attribute is deprecated. Please use `'airflow.sdk.dag'`.","category":"DeprecatedImportWarning","filename":"/opt/airflow/dags/fake_store_etl.py","lineno":6,"logger":"py.warnings"}
{"timestamp":"2026-01-13T19:04:17.286254Z","level":"warning","event":"The `airflow.decorators.task` attribute is deprecated. Please use `'airflow.sdk.task'`.","category":"DeprecatedImportWarning","filename":"/opt/airflow/dags/fake_store_etl.py","lineno":6,"logger":"py.warnings"}
{"timestamp":"2026-01-13T19:04:47.506646Z","level":"info","event":"Filling up the DagBag from /opt/airflow/dags/fake_store_etl.py","logger":"airflow.models.dagbag.DagBag","filename":"dagbag.py","lineno":593}
{"timestamp":"2026-01-13T19:04:48.486691Z","level":"warning","event":"The `airflow.decorators.dag` attribute is deprecated. Please use `'airflow.sdk.dag'`.","category":"DeprecatedImportWarning","filename":"/opt/airflow/dags/fake_store_etl.py","lineno":6,"logger":"py.warnings"}
{"timestamp":"2026-01-13T19:04:48.486947Z","level":"warning","event":"The `airflow.decorators.task` attribute is deprecated. Please use `'airflow.sdk.task'`.","category":"DeprecatedImportWarning","filename":"/opt/airflow/dags/fake_store_etl.py","lineno":6,"logger":"py.warnings"}
{"timestamp":"2026-01-13T19:05:18.658092Z","level":"info","event":"Filling up the DagBag from /opt/airflow/dags/fake_store_etl.py","logger":"airflow.models.dagbag.DagBag","filename":"dagbag.py","lineno":593}
{"timestamp":"2026-01-13T19:05:19.921919Z","level":"warning","event":"The `airflow.decorators.dag` attribute is deprecated. Please use `'airflow.sdk.dag'`.","category":"DeprecatedImportWarning","filename":"/opt/airflow/dags/fake_store_etl.py","lineno":6,"logger":"py.warnings"}
{"timestamp":"2026-01-13T19:05:19.922257Z","level":"warning","event":"The `airflow.decorators.task` attribute is deprecated. Please use `'airflow.sdk.task'`.","category":"DeprecatedImportWarning","filename":"/opt/airflow/dags/fake_store_etl.py","lineno":6,"logger":"py.warnings"}
{"timestamp":"2026-01-13T19:05:50.049748Z","level":"info","event":"Filling up the DagBag from /opt/airflow/dags/fake_store_etl.py","logger":"airflow.models.dagbag.DagBag","filename":"dagbag.py","lineno":593}
{"timestamp":"2026-01-13T19:05:50.914050Z","level":"warning","event":"The `airflow.decorators.dag` attribute is deprecated. Please use `'airflow.sdk.dag'`.","category":"DeprecatedImportWarning","filename":"/opt/airflow/dags/fake_store_etl.py","lineno":6,"logger":"py.warnings"}
{"timestamp":"2026-01-13T19:05:50.914398Z","level":"warning","event":"The `airflow.decorators.task` attribute is deprecated. Please use `'airflow.sdk.task'`.","category":"DeprecatedImportWarning","filename":"/opt/airflow/dags/fake_store_etl.py","lineno":6,"logger":"py.warnings"}
{"timestamp":"2026-01-13T19:06:21.044959Z","level":"info","event":"Filling up the DagBag from /opt/airflow/dags/fake_store_etl.py","logger":"airflow.models.dagbag.DagBag","filename":"dagbag.py","lineno":593}
{"timestamp":"2026-01-13T19:06:21.911005Z","level":"warning","event":"The `airflow.decorators.dag` attribute is deprecated. Please use `'airflow.sdk.dag'`.","category":"DeprecatedImportWarning","filename":"/opt/airflow/dags/fake_store_etl.py","lineno":6,"logger":"py.warnings"}
{"timestamp":"2026-01-13T19:06:21.911189Z","level":"warning","event":"The `airflow.decorators.task` attribute is deprecated. Please use `'airflow.sdk.task'`.","category":"DeprecatedImportWarning","filename":"/opt/airflow/dags/fake_store_etl.py","lineno":6,"logger":"py.warnings"}
{"timestamp":"2026-01-13T19:06:52.829886Z","level":"info","event":"Filling up the DagBag from /opt/airflow/dags/fake_store_etl.py","logger":"airflow.models.dagbag.DagBag","filename":"dagbag.py","lineno":593}
{"timestamp":"2026-01-13T19:06:53.773402Z","level":"warning","event":"The `airflow.decorators.dag` attribute is deprecated. Please use `'airflow.sdk.dag'`.","category":"DeprecatedImportWarning","filename":"/opt/airflow/dags/fake_store_etl.py","lineno":6,"logger":"py.warnings"}
{"timestamp":"2026-01-13T19:06:53.773694Z","level":"warning","event":"The `airflow.decorators.task` attribute is deprecated. Please use `'airflow.sdk.task'`.","category":"DeprecatedImportWarning","filename":"/opt/airflow/dags/fake_store_etl.py","lineno":6,"logger":"py.warnings"}
{"timestamp":"2026-01-13T19:07:24.602504Z","level":"info","event":"Filling up the DagBag from /opt/airflow/dags/fake_store_etl.py","logger":"airflow.models.dagbag.DagBag","filename":"dagbag.py","lineno":593}
{"timestamp":"2026-01-13T19:07:25.479056Z","level":"warning","event":"The `airflow.decorators.dag` attribute is deprecated. Please use `'airflow.sdk.dag'`.","category":"DeprecatedImportWarning","filename":"/opt/airflow/dags/fake_store_etl.py","lineno":6,"logger":"py.warnings"}
{"timestamp":"2026-01-13T19:07:25.479300Z","level":"warning","event":"The `airflow.decorators.task` attribute is deprecated. Please use `'airflow.sdk.task'`.","category":"DeprecatedImportWarning","filename":"/opt/airflow/dags/fake_store_etl.py","lineno":6,"logger":"py.warnings"}
{"timestamp":"2026-01-13T19:07:55.616871Z","level":"info","event":"Filling up the DagBag from /opt/airflow/dags/fake_store_etl.py","logger":"airflow.models.dagbag.DagBag","filename":"dagbag.py","lineno":593}
{"timestamp":"2026-01-13T19:07:56.499899Z","level":"warning","event":"The `airflow.decorators.dag` attribute is deprecated. Please use `'airflow.sdk.dag'`.","category":"DeprecatedImportWarning","filename":"/opt/airflow/dags/fake_store_etl.py","lineno":6,"logger":"py.warnings"}
{"timestamp":"2026-01-13T19:07:56.500363Z","level":"warning","event":"The `airflow.decorators.task` attribute is deprecated. Please use `'airflow.sdk.task'`.","category":"DeprecatedImportWarning","filename":"/opt/airflow/dags/fake_store_etl.py","lineno":6,"logger":"py.warnings"}
{"timestamp":"2026-01-13T19:08:27.584101Z","level":"info","event":"Filling up the DagBag from /opt/airflow/dags/fake_store_etl.py","logger":"airflow.models.dagbag.DagBag","filename":"dagbag.py","lineno":593}
{"timestamp":"2026-01-13T19:08:28.687963Z","level":"warning","event":"The `airflow.decorators.dag` attribute is deprecated. Please use `'airflow.sdk.dag'`.","category":"DeprecatedImportWarning","filename":"/opt/airflow/dags/fake_store_etl.py","lineno":6,"logger":"py.warnings"}
{"timestamp":"2026-01-13T19:08:28.688267Z","level":"warning","event":"The `airflow.decorators.task` attribute is deprecated. Please use `'airflow.sdk.task'`.","category":"DeprecatedImportWarning","filename":"/opt/airflow/dags/fake_store_etl.py","lineno":6,"logger":"py.warnings"}
{"timestamp":"2026-01-13T19:08:59.071307Z","level":"info","event":"Filling up the DagBag from /opt/airflow/dags/fake_store_etl.py","logger":"airflow.models.dagbag.DagBag","filename":"dagbag.py","lineno":593}
{"timestamp":"2026-01-13T19:09:00.124098Z","level":"warning","event":"The `airflow.decorators.dag` attribute is deprecated. Please use `'airflow.sdk.dag'`.","category":"DeprecatedImportWarning","filename":"/opt/airflow/dags/fake_store_etl.py","lineno":6,"logger":"py.warnings"}
{"timestamp":"2026-01-13T19:09:00.124387Z","level":"warning","event":"The `airflow.decorators.task` attribute is deprecated. Please use `'airflow.sdk.task'`.","category":"DeprecatedImportWarning","filename":"/opt/airflow/dags/fake_store_etl.py","lineno":6,"logger":"py.warnings"}
{"timestamp":"2026-01-13T19:09:30.817828Z","level":"info","event":"Filling up the DagBag from /opt/airflow/dags/fake_store_etl.py","logger":"airflow.models.dagbag.DagBag","filename":"dagbag.py","lineno":593}
{"timestamp":"2026-01-13T19:09:31.664836Z","level":"warning","event":"The `airflow.decorators.dag` attribute is deprecated. Please use `'airflow.sdk.dag'`.","category":"DeprecatedImportWarning","filename":"/opt/airflow/dags/fake_store_etl.py","lineno":6,"logger":"py.warnings"}
{"timestamp":"2026-01-13T19:09:31.665081Z","level":"warning","event":"The `airflow.decorators.task` attribute is deprecated. Please use `'airflow.sdk.task'`.","category":"DeprecatedImportWarning","filename":"/opt/airflow/dags/fake_store_etl.py","lineno":6,"logger":"py.warnings"}
{"timestamp":"2026-01-13T19:10:02.217648Z","level":"info","event":"Filling up the DagBag from /opt/airflow/dags/fake_store_etl.py","logger":"airflow.models.dagbag.DagBag","filename":"dagbag.py","lineno":593}
{"timestamp":"2026-01-13T19:10:02.958855Z","level":"warning","event":"The `airflow.decorators.dag` attribute is deprecated. Please use `'airflow.sdk.dag'`.","category":"DeprecatedImportWarning","filename":"/opt/airflow/dags/fake_store_etl.py","lineno":6,"logger":"py.warnings"}
{"timestamp":"2026-01-13T19:10:02.959048Z","level":"warning","event":"The `airflow.decorators.task` attribute is deprecated. Please use `'airflow.sdk.task'`.","category":"DeprecatedImportWarning","filename":"/opt/airflow/dags/fake_store_etl.py","lineno":6,"logger":"py.warnings"}
{"timestamp":"2026-01-13T19:10:33.551352Z","level":"info","event":"Filling up the DagBag from /opt/airflow/dags/fake_store_etl.py","logger":"airflow.models.dagbag.DagBag","filename":"dagbag.py","lineno":593}
{"timestamp":"2026-01-13T19:10:34.269290Z","level":"warning","event":"The `airflow.decorators.dag` attribute is deprecated. Please use `'airflow.sdk.dag'`.","category":"DeprecatedImportWarning","filename":"/opt/airflow/dags/fake_store_etl.py","lineno":6,"logger":"py.warnings"}
{"timestamp":"2026-01-13T19:10:34.269718Z","level":"warning","event":"The `airflow.decorators.task` attribute is deprecated. Please use `'airflow.sdk.task'`.","category":"DeprecatedImportWarning","filename":"/opt/airflow/dags/fake_store_etl.py","lineno":6,"logger":"py.warnings"}
{"timestamp":"2026-01-13T19:11:04.781749Z","level":"info","event":"Filling up the DagBag from /opt/airflow/dags/fake_store_etl.py","logger":"airflow.models.dagbag.DagBag","filename":"dagbag.py","lineno":593}
{"timestamp":"2026-01-13T19:11:05.452197Z","level":"warning","event":"The `airflow.decorators.dag` attribute is deprecated. Please use `'airflow.sdk.dag'`.","category":"DeprecatedImportWarning","filename":"/opt/airflow/dags/fake_store_etl.py","lineno":6,"logger":"py.warnings"}
{"timestamp":"2026-01-13T19:11:05.452436Z","level":"warning","event":"The `airflow.decorators.task` attribute is deprecated. Please use `'airflow.sdk.task'`.","category":"DeprecatedImportWarning","filename":"/opt/airflow/dags/fake_store_etl.py","lineno":6,"logger":"py.warnings"}
{"timestamp":"2026-01-13T19:11:36.144267Z","level":"info","event":"Filling up the DagBag from /opt/airflow/dags/fake_store_etl.py","logger":"airflow.models.dagbag.DagBag","filename":"dagbag.py","lineno":593}
{"timestamp":"2026-01-13T19:11:36.825633Z","level":"warning","event":"The `airflow.decorators.dag` attribute is deprecated. Please use `'airflow.sdk.dag'`.","category":"DeprecatedImportWarning","filename":"/opt/airflow/dags/fake_store_etl.py","lineno":6,"logger":"py.warnings"}
{"timestamp":"2026-01-13T19:11:36.825831Z","level":"warning","event":"The `airflow.decorators.task` attribute is deprecated. Please use `'airflow.sdk.task'`.","category":"DeprecatedImportWarning","filename":"/opt/airflow/dags/fake_store_etl.py","lineno":6,"logger":"py.warnings"}
{"timestamp":"2026-01-13T19:12:07.608240Z","level":"info","event":"Filling up the DagBag from /opt/airflow/dags/fake_store_etl.py","logger":"airflow.models.dagbag.DagBag","filename":"dagbag.py","lineno":593}
{"timestamp":"2026-01-13T19:12:08.313888Z","level":"warning","event":"The `airflow.decorators.dag` attribute is deprecated. Please use `'airflow.sdk.dag'`.","category":"DeprecatedImportWarning","filename":"/opt/airflow/dags/fake_store_etl.py","lineno":6,"logger":"py.warnings"}
{"timestamp":"2026-01-13T19:12:08.314075Z","level":"warning","event":"The `airflow.decorators.task` attribute is deprecated. Please use `'airflow.sdk.task'`.","category":"DeprecatedImportWarning","filename":"/opt/airflow/dags/fake_store_etl.py","lineno":6,"logger":"py.warnings"}
{"timestamp":"2026-01-13T19:12:39.060163Z","level":"info","event":"Filling up the DagBag from /opt/airflow/dags/fake_store_etl.py","logger":"airflow.models.dagbag.DagBag","filename":"dagbag.py","lineno":593}
{"timestamp":"2026-01-13T19:12:39.886814Z","level":"warning","event":"The `airflow.decorators.dag` attribute is deprecated. Please use `'airflow.sdk.dag'`.","category":"DeprecatedImportWarning","filename":"/opt/airflow/dags/fake_store_etl.py","lineno":6,"logger":"py.warnings"}
{"timestamp":"2026-01-13T19:12:39.887083Z","level":"warning","event":"The `airflow.decorators.task` attribute is deprecated. Please use `'airflow.sdk.task'`.","category":"DeprecatedImportWarning","filename":"/opt/airflow/dags/fake_store_etl.py","lineno":6,"logger":"py.warnings"}
{"timestamp":"2026-01-13T19:13:10.587601Z","level":"info","event":"Filling up the DagBag from /opt/airflow/dags/fake_store_etl.py","logger":"airflow.models.dagbag.DagBag","filename":"dagbag.py","lineno":593}
{"timestamp":"2026-01-13T19:13:11.411669Z","level":"warning","event":"The `airflow.decorators.dag` attribute is deprecated. Please use `'airflow.sdk.dag'`.","category":"DeprecatedImportWarning","filename":"/opt/airflow/dags/fake_store_etl.py","lineno":6,"logger":"py.warnings"}
{"timestamp":"2026-01-13T19:13:11.411991Z","level":"warning","event":"The `airflow.decorators.task` attribute is deprecated. Please use `'airflow.sdk.task'`.","category":"DeprecatedImportWarning","filename":"/opt/airflow/dags/fake_store_etl.py","lineno":6,"logger":"py.warnings"}
{"timestamp":"2026-01-13T19:13:42.009529Z","level":"info","event":"Filling up the DagBag from /opt/airflow/dags/fake_store_etl.py","logger":"airflow.models.dagbag.DagBag","filename":"dagbag.py","lineno":593}
{"timestamp":"2026-01-13T19:13:42.730386Z","level":"warning","event":"The `airflow.decorators.dag` attribute is deprecated. Please use `'airflow.sdk.dag'`.","category":"DeprecatedImportWarning","filename":"/opt/airflow/dags/fake_store_etl.py","lineno":6,"logger":"py.warnings"}
{"timestamp":"2026-01-13T19:13:42.730697Z","level":"warning","event":"The `airflow.decorators.task` attribute is deprecated. Please use `'airflow.sdk.task'`.","category":"DeprecatedImportWarning","filename":"/opt/airflow/dags/fake_store_etl.py","lineno":6,"logger":"py.warnings"}
{"timestamp":"2026-01-13T19:14:13.411294Z","level":"info","event":"Filling up the DagBag from /opt/airflow/dags/fake_store_etl.py","logger":"airflow.models.dagbag.DagBag","filename":"dagbag.py","lineno":593}
{"timestamp":"2026-01-13T19:14:14.148624Z","level":"warning","event":"The `airflow.decorators.dag` attribute is deprecated. Please use `'airflow.sdk.dag'`.","category":"DeprecatedImportWarning","filename":"/opt/airflow/dags/fake_store_etl.py","lineno":6,"logger":"py.warnings"}
{"timestamp":"2026-01-13T19:14:14.148880Z","level":"warning","event":"The `airflow.decorators.task` attribute is deprecated. Please use `'airflow.sdk.task'`.","category":"DeprecatedImportWarning","filename":"/opt/airflow/dags/fake_store_etl.py","lineno":6,"logger":"py.warnings"}
{"timestamp":"2026-01-13T19:14:44.665336Z","level":"info","event":"Filling up the DagBag from /opt/airflow/dags/fake_store_etl.py","logger":"airflow.models.dagbag.DagBag","filename":"dagbag.py","lineno":593}
{"timestamp":"2026-01-13T19:14:45.595163Z","level":"warning","event":"The `airflow.decorators.dag` attribute is deprecated. Please use `'airflow.sdk.dag'`.","category":"DeprecatedImportWarning","filename":"/opt/airflow/dags/fake_store_etl.py","lineno":6,"logger":"py.warnings"}
{"timestamp":"2026-01-13T19:14:45.595447Z","level":"warning","event":"The `airflow.decorators.task` attribute is deprecated. Please use `'airflow.sdk.task'`.","category":"DeprecatedImportWarning","filename":"/opt/airflow/dags/fake_store_etl.py","lineno":6,"logger":"py.warnings"}
{"timestamp":"2026-01-13T19:15:16.203795Z","level":"info","event":"Filling up the DagBag from /opt/airflow/dags/fake_store_etl.py","logger":"airflow.models.dagbag.DagBag","filename":"dagbag.py","lineno":593}
{"timestamp":"2026-01-13T19:15:16.883923Z","level":"warning","event":"The `airflow.decorators.dag` attribute is deprecated. Please use `'airflow.sdk.dag'`.","category":"DeprecatedImportWarning","filename":"/opt/airflow/dags/fake_store_etl.py","lineno":6,"logger":"py.warnings"}
{"timestamp":"2026-01-13T19:15:16.884271Z","level":"warning","event":"The `airflow.decorators.task` attribute is deprecated. Please use `'airflow.sdk.task'`.","category":"DeprecatedImportWarning","filename":"/opt/airflow/dags/fake_store_etl.py","lineno":6,"logger":"py.warnings"}
{"timestamp":"2026-01-13T19:15:47.423224Z","level":"info","event":"Filling up the DagBag from /opt/airflow/dags/fake_store_etl.py","logger":"airflow.models.dagbag.DagBag","filename":"dagbag.py","lineno":593}
{"timestamp":"2026-01-13T19:15:48.129138Z","level":"warning","event":"The `airflow.decorators.dag` attribute is deprecated. Please use `'airflow.sdk.dag'`.","category":"DeprecatedImportWarning","filename":"/opt/airflow/dags/fake_store_etl.py","lineno":6,"logger":"py.warnings"}
{"timestamp":"2026-01-13T19:15:48.129337Z","level":"warning","event":"The `airflow.decorators.task` attribute is deprecated. Please use `'airflow.sdk.task'`.","category":"DeprecatedImportWarning","filename":"/opt/airflow/dags/fake_store_etl.py","lineno":6,"logger":"py.warnings"}
{"timestamp":"2026-01-13T19:16:18.812829Z","level":"info","event":"Filling up the DagBag from /opt/airflow/dags/fake_store_etl.py","logger":"airflow.models.dagbag.DagBag","filename":"dagbag.py","lineno":593}
{"timestamp":"2026-01-13T19:16:19.511957Z","level":"warning","event":"The `airflow.decorators.dag` attribute is deprecated. Please use `'airflow.sdk.dag'`.","category":"DeprecatedImportWarning","filename":"/opt/airflow/dags/fake_store_etl.py","lineno":6,"logger":"py.warnings"}
{"timestamp":"2026-01-13T19:16:19.512150Z","level":"warning","event":"The `airflow.decorators.task` attribute is deprecated. Please use `'airflow.sdk.task'`.","category":"DeprecatedImportWarning","filename":"/opt/airflow/dags/fake_store_etl.py","lineno":6,"logger":"py.warnings"}
{"timestamp":"2026-01-13T19:16:50.367615Z","level":"info","event":"Filling up the DagBag from /opt/airflow/dags/fake_store_etl.py","logger":"airflow.models.dagbag.DagBag","filename":"dagbag.py","lineno":593}
{"timestamp":"2026-01-13T19:16:51.312517Z","level":"warning","event":"The `airflow.decorators.dag` attribute is deprecated. Please use `'airflow.sdk.dag'`.","category":"DeprecatedImportWarning","filename":"/opt/airflow/dags/fake_store_etl.py","lineno":6,"logger":"py.warnings"}
{"timestamp":"2026-01-13T19:16:51.312853Z","level":"warning","event":"The `airflow.decorators.task` attribute is deprecated. Please use `'airflow.sdk.task'`.","category":"DeprecatedImportWarning","filename":"/opt/airflow/dags/fake_store_etl.py","lineno":6,"logger":"py.warnings"}
{"timestamp":"2026-01-13T19:17:22.069009Z","level":"info","event":"Filling up the DagBag from /opt/airflow/dags/fake_store_etl.py","logger":"airflow.models.dagbag.DagBag","filename":"dagbag.py","lineno":593}
{"timestamp":"2026-01-13T19:17:22.942265Z","level":"warning","event":"The `airflow.decorators.dag` attribute is deprecated. Please use `'airflow.sdk.dag'`.","category":"DeprecatedImportWarning","filename":"/opt/airflow/dags/fake_store_etl.py","lineno":6,"logger":"py.warnings"}
{"timestamp":"2026-01-13T19:17:22.942650Z","level":"warning","event":"The `airflow.decorators.task` attribute is deprecated. Please use `'airflow.sdk.task'`.","category":"DeprecatedImportWarning","filename":"/opt/airflow/dags/fake_store_etl.py","lineno":6,"logger":"py.warnings"}
{"timestamp":"2026-01-13T19:17:53.526814Z","level":"info","event":"Filling up the DagBag from /opt/airflow/dags/fake_store_etl.py","logger":"airflow.models.dagbag.DagBag","filename":"dagbag.py","lineno":593}
{"timestamp":"2026-01-13T19:17:54.230866Z","level":"warning","event":"The `airflow.decorators.dag` attribute is deprecated. Please use `'airflow.sdk.dag'`.","category":"DeprecatedImportWarning","filename":"/opt/airflow/dags/fake_store_etl.py","lineno":6,"logger":"py.warnings"}
{"timestamp":"2026-01-13T19:17:54.231102Z","level":"warning","event":"The `airflow.decorators.task` attribute is deprecated. Please use `'airflow.sdk.task'`.","category":"DeprecatedImportWarning","filename":"/opt/airflow/dags/fake_store_etl.py","lineno":6,"logger":"py.warnings"}
{"timestamp":"2026-01-13T19:18:24.798599Z","level":"info","event":"Filling up the DagBag from /opt/airflow/dags/fake_store_etl.py","logger":"airflow.models.dagbag.DagBag","filename":"dagbag.py","lineno":593}
{"timestamp":"2026-01-13T19:18:25.488717Z","level":"warning","event":"The `airflow.decorators.dag` attribute is deprecated. Please use `'airflow.sdk.dag'`.","category":"DeprecatedImportWarning","filename":"/opt/airflow/dags/fake_store_etl.py","lineno":6,"logger":"py.warnings"}
{"timestamp":"2026-01-13T19:18:25.488911Z","level":"warning","event":"The `airflow.decorators.task` attribute is deprecated. Please use `'airflow.sdk.task'`.","category":"DeprecatedImportWarning","filename":"/opt/airflow/dags/fake_store_etl.py","lineno":6,"logger":"py.warnings"}
{"timestamp":"2026-01-13T19:18:56.244410Z","level":"info","event":"Filling up the DagBag from /opt/airflow/dags/fake_store_etl.py","logger":"airflow.models.dagbag.DagBag","filename":"dagbag.py","lineno":593}
{"timestamp":"2026-01-13T19:18:56.967316Z","level":"warning","event":"The `airflow.decorators.dag` attribute is deprecated. Please use `'airflow.sdk.dag'`.","category":"DeprecatedImportWarning","filename":"/opt/airflow/dags/fake_store_etl.py","lineno":6,"logger":"py.warnings"}
{"timestamp":"2026-01-13T19:18:56.967632Z","level":"warning","event":"The `airflow.decorators.task` attribute is deprecated. Please use `'airflow.sdk.task'`.","category":"DeprecatedImportWarning","filename":"/opt/airflow/dags/fake_store_etl.py","lineno":6,"logger":"py.warnings"}
{"timestamp":"2026-01-13T19:19:27.728963Z","level":"info","event":"Filling up the DagBag from /opt/airflow/dags/fake_store_etl.py","logger":"airflow.models.dagbag.DagBag","filename":"dagbag.py","lineno":593}
{"timestamp":"2026-01-13T19:19:28.425145Z","level":"warning","event":"The `airflow.decorators.dag` attribute is deprecated. Please use `'airflow.sdk.dag'`.","category":"DeprecatedImportWarning","filename":"/opt/airflow/dags/fake_store_etl.py","lineno":6,"logger":"py.warnings"}
{"timestamp":"2026-01-13T19:19:28.425480Z","level":"warning","event":"The `airflow.decorators.task` attribute is deprecated. Please use `'airflow.sdk.task'`.","category":"DeprecatedImportWarning","filename":"/opt/airflow/dags/fake_store_etl.py","lineno":6,"logger":"py.warnings"}
{"timestamp":"2026-01-13T19:19:58.993718Z","level":"info","event":"Filling up the DagBag from /opt/airflow/dags/fake_store_etl.py","logger":"airflow.models.dagbag.DagBag","filename":"dagbag.py","lineno":593}
{"timestamp":"2026-01-13T19:19:59.890751Z","level":"warning","event":"The `airflow.decorators.dag` attribute is deprecated. Please use `'airflow.sdk.dag'`.","category":"DeprecatedImportWarning","filename":"/opt/airflow/dags/fake_store_etl.py","lineno":6,"logger":"py.warnings"}
{"timestamp":"2026-01-13T19:19:59.891006Z","level":"warning","event":"The `airflow.decorators.task` attribute is deprecated. Please use `'airflow.sdk.task'`.","category":"DeprecatedImportWarning","filename":"/opt/airflow/dags/fake_store_etl.py","lineno":6,"logger":"py.warnings"}
{"timestamp":"2026-01-13T19:20:30.677425Z","level":"info","event":"Filling up the DagBag from /opt/airflow/dags/fake_store_etl.py","logger":"airflow.models.dagbag.DagBag","filename":"dagbag.py","lineno":593}
{"timestamp":"2026-01-13T19:20:31.402640Z","level":"warning","event":"The `airflow.decorators.dag` attribute is deprecated. Please use `'airflow.sdk.dag'`.","category":"DeprecatedImportWarning","filename":"/opt/airflow/dags/fake_store_etl.py","lineno":6,"logger":"py.warnings"}
{"timestamp":"2026-01-13T19:20:31.403071Z","level":"warning","event":"The `airflow.decorators.task` attribute is deprecated. Please use `'airflow.sdk.task'`.","category":"DeprecatedImportWarning","filename":"/opt/airflow/dags/fake_store_etl.py","lineno":6,"logger":"py.warnings"}
{"timestamp":"2026-01-13T19:21:02.157926Z","level":"info","event":"Filling up the DagBag from /opt/airflow/dags/fake_store_etl.py","logger":"airflow.models.dagbag.DagBag","filename":"dagbag.py","lineno":593}
{"timestamp":"2026-01-13T19:21:02.995782Z","level":"warning","event":"The `airflow.decorators.dag` attribute is deprecated. Please use `'airflow.sdk.dag'`.","category":"DeprecatedImportWarning","filename":"/opt/airflow/dags/fake_store_etl.py","lineno":6,"logger":"py.warnings"}
{"timestamp":"2026-01-13T19:21:02.996048Z","level":"warning","event":"The `airflow.decorators.task` attribute is deprecated. Please use `'airflow.sdk.task'`.","category":"DeprecatedImportWarning","filename":"/opt/airflow/dags/fake_store_etl.py","lineno":6,"logger":"py.warnings"}
{"timestamp":"2026-01-13T19:21:33.633269Z","level":"info","event":"Filling up the DagBag from /opt/airflow/dags/fake_store_etl.py","logger":"airflow.models.dagbag.DagBag","filename":"dagbag.py","lineno":593}
{"timestamp":"2026-01-13T19:21:34.574617Z","level":"warning","event":"The `airflow.decorators.dag` attribute is deprecated. Please use `'airflow.sdk.dag'`.","category":"DeprecatedImportWarning","filename":"/opt/airflow/dags/fake_store_etl.py","lineno":6,"logger":"py.warnings"}
{"timestamp":"2026-01-13T19:21:34.575017Z","level":"warning","event":"The `airflow.decorators.task` attribute is deprecated. Please use `'airflow.sdk.task'`.","category":"DeprecatedImportWarning","filename":"/opt/airflow/dags/fake_store_etl.py","lineno":6,"logger":"py.warnings"}
{"timestamp":"2026-01-13T19:22:05.172725Z","level":"info","event":"Filling up the DagBag from /opt/airflow/dags/fake_store_etl.py","logger":"airflow.models.dagbag.DagBag","filename":"dagbag.py","lineno":593}
{"timestamp":"2026-01-13T19:22:05.989946Z","level":"warning","event":"The `airflow.decorators.dag` attribute is deprecated. Please use `'airflow.sdk.dag'`.","category":"DeprecatedImportWarning","filename":"/opt/airflow/dags/fake_store_etl.py","lineno":6,"logger":"py.warnings"}
{"timestamp":"2026-01-13T19:22:05.990343Z","level":"warning","event":"The `airflow.decorators.task` attribute is deprecated. Please use `'airflow.sdk.task'`.","category":"DeprecatedImportWarning","filename":"/opt/airflow/dags/fake_store_etl.py","lineno":6,"logger":"py.warnings"}
{"timestamp":"2026-01-13T19:22:36.738801Z","level":"info","event":"Filling up the DagBag from /opt/airflow/dags/fake_store_etl.py","logger":"airflow.models.dagbag.DagBag","filename":"dagbag.py","lineno":593}
{"timestamp":"2026-01-13T19:22:37.512913Z","level":"warning","event":"The `airflow.decorators.dag` attribute is deprecated. Please use `'airflow.sdk.dag'`.","category":"DeprecatedImportWarning","filename":"/opt/airflow/dags/fake_store_etl.py","lineno":6,"logger":"py.warnings"}
{"timestamp":"2026-01-13T19:22:37.513105Z","level":"warning","event":"The `airflow.decorators.task` attribute is deprecated. Please use `'airflow.sdk.task'`.","category":"DeprecatedImportWarning","filename":"/opt/airflow/dags/fake_store_etl.py","lineno":6,"logger":"py.warnings"}
{"timestamp":"2026-01-13T19:23:08.016412Z","level":"info","event":"Filling up the DagBag from /opt/airflow/dags/fake_store_etl.py","logger":"airflow.models.dagbag.DagBag","filename":"dagbag.py","lineno":593}
{"timestamp":"2026-01-13T19:23:08.759618Z","level":"warning","event":"The `airflow.decorators.dag` attribute is deprecated. Please use `'airflow.sdk.dag'`.","category":"DeprecatedImportWarning","filename":"/opt/airflow/dags/fake_store_etl.py","lineno":6,"logger":"py.warnings"}
{"timestamp":"2026-01-13T19:23:08.759899Z","level":"warning","event":"The `airflow.decorators.task` attribute is deprecated. Please use `'airflow.sdk.task'`.","category":"DeprecatedImportWarning","filename":"/opt/airflow/dags/fake_store_etl.py","lineno":6,"logger":"py.warnings"}
{"timestamp":"2026-01-13T19:23:39.347993Z","level":"info","event":"Filling up the DagBag from /opt/airflow/dags/fake_store_etl.py","logger":"airflow.models.dagbag.DagBag","filename":"dagbag.py","lineno":593}
{"timestamp":"2026-01-13T19:23:40.043610Z","level":"warning","event":"The `airflow.decorators.dag` attribute is deprecated. Please use `'airflow.sdk.dag'`.","category":"DeprecatedImportWarning","filename":"/opt/airflow/dags/fake_store_etl.py","lineno":6,"logger":"py.warnings"}
{"timestamp":"2026-01-13T19:23:40.043823Z","level":"warning","event":"The `airflow.decorators.task` attribute is deprecated. Please use `'airflow.sdk.task'`.","category":"DeprecatedImportWarning","filename":"/opt/airflow/dags/fake_store_etl.py","lineno":6,"logger":"py.warnings"}
{"timestamp":"2026-01-13T19:24:10.899431Z","level":"info","event":"Filling up the DagBag from /opt/airflow/dags/fake_store_etl.py","logger":"airflow.models.dagbag.DagBag","filename":"dagbag.py","lineno":593}
{"timestamp":"2026-01-13T19:24:11.688948Z","level":"warning","event":"The `airflow.decorators.dag` attribute is deprecated. Please use `'airflow.sdk.dag'`.","category":"DeprecatedImportWarning","filename":"/opt/airflow/dags/fake_store_etl.py","lineno":6,"logger":"py.warnings"}
{"timestamp":"2026-01-13T19:24:11.689142Z","level":"warning","event":"The `airflow.decorators.task` attribute is deprecated. Please use `'airflow.sdk.task'`.","category":"DeprecatedImportWarning","filename":"/opt/airflow/dags/fake_store_etl.py","lineno":6,"logger":"py.warnings"}
{"timestamp":"2026-01-13T19:24:42.502296Z","level":"info","event":"Filling up the DagBag from /opt/airflow/dags/fake_store_etl.py","logger":"airflow.models.dagbag.DagBag","filename":"dagbag.py","lineno":593}
{"timestamp":"2026-01-13T19:24:43.229809Z","level":"warning","event":"The `airflow.decorators.dag` attribute is deprecated. Please use `'airflow.sdk.dag'`.","category":"DeprecatedImportWarning","filename":"/opt/airflow/dags/fake_store_etl.py","lineno":6,"logger":"py.warnings"}
{"timestamp":"2026-01-13T19:24:43.230014Z","level":"warning","event":"The `airflow.decorators.task` attribute is deprecated. Please use `'airflow.sdk.task'`.","category":"DeprecatedImportWarning","filename":"/opt/airflow/dags/fake_store_etl.py","lineno":6,"logger":"py.warnings"}
{"timestamp":"2026-01-13T19:25:14.156572Z","level":"info","event":"Filling up the DagBag from /opt/airflow/dags/fake_store_etl.py","logger":"airflow.models.dagbag.DagBag","filename":"dagbag.py","lineno":593}
{"timestamp":"2026-01-13T19:25:15.055248Z","level":"warning","event":"The `airflow.decorators.dag` attribute is deprecated. Please use `'airflow.sdk.dag'`.","category":"DeprecatedImportWarning","filename":"/opt/airflow/dags/fake_store_etl.py","lineno":6,"logger":"py.warnings"}
{"timestamp":"2026-01-13T19:25:15.055595Z","level":"warning","event":"The `airflow.decorators.task` attribute is deprecated. Please use `'airflow.sdk.task'`.","category":"DeprecatedImportWarning","filename":"/opt/airflow/dags/fake_store_etl.py","lineno":6,"logger":"py.warnings"}
{"timestamp":"2026-01-13T19:25:45.695117Z","level":"info","event":"Filling up the DagBag from /opt/airflow/dags/fake_store_etl.py","logger":"airflow.models.dagbag.DagBag","filename":"dagbag.py","lineno":593}
{"timestamp":"2026-01-13T19:25:46.535015Z","level":"warning","event":"The `airflow.decorators.dag` attribute is deprecated. Please use `'airflow.sdk.dag'`.","category":"DeprecatedImportWarning","filename":"/opt/airflow/dags/fake_store_etl.py","lineno":6,"logger":"py.warnings"}
{"timestamp":"2026-01-13T19:25:46.535209Z","level":"warning","event":"The `airflow.decorators.task` attribute is deprecated. Please use `'airflow.sdk.task'`.","category":"DeprecatedImportWarning","filename":"/opt/airflow/dags/fake_store_etl.py","lineno":6,"logger":"py.warnings"}
{"timestamp":"2026-01-13T19:26:17.222222Z","level":"info","event":"Filling up the DagBag from /opt/airflow/dags/fake_store_etl.py","logger":"airflow.models.dagbag.DagBag","filename":"dagbag.py","lineno":593}
{"timestamp":"2026-01-13T19:26:18.094641Z","level":"warning","event":"The `airflow.decorators.dag` attribute is deprecated. Please use `'airflow.sdk.dag'`.","category":"DeprecatedImportWarning","filename":"/opt/airflow/dags/fake_store_etl.py","lineno":6,"logger":"py.warnings"}
{"timestamp":"2026-01-13T19:26:18.095010Z","level":"warning","event":"The `airflow.decorators.task` attribute is deprecated. Please use `'airflow.sdk.task'`.","category":"DeprecatedImportWarning","filename":"/opt/airflow/dags/fake_store_etl.py","lineno":6,"logger":"py.warnings"}
{"timestamp":"2026-01-13T19:26:48.580789Z","level":"info","event":"Filling up the DagBag from /opt/airflow/dags/fake_store_etl.py","logger":"airflow.models.dagbag.DagBag","filename":"dagbag.py","lineno":593}
{"timestamp":"2026-01-13T19:26:49.260763Z","level":"warning","event":"The `airflow.decorators.dag` attribute is deprecated. Please use `'airflow.sdk.dag'`.","category":"DeprecatedImportWarning","filename":"/opt/airflow/dags/fake_store_etl.py","lineno":6,"logger":"py.warnings"}
{"timestamp":"2026-01-13T19:26:49.261177Z","level":"warning","event":"The `airflow.decorators.task` attribute is deprecated. Please use `'airflow.sdk.task'`.","category":"DeprecatedImportWarning","filename":"/opt/airflow/dags/fake_store_etl.py","lineno":6,"logger":"py.warnings"}
{"timestamp":"2026-01-13T19:27:19.851980Z","level":"info","event":"Filling up the DagBag from /opt/airflow/dags/fake_store_etl.py","logger":"airflow.models.dagbag.DagBag","filename":"dagbag.py","lineno":593}
{"timestamp":"2026-01-13T19:27:20.549603Z","level":"warning","event":"The `airflow.decorators.dag` attribute is deprecated. Please use `'airflow.sdk.dag'`.","category":"DeprecatedImportWarning","filename":"/opt/airflow/dags/fake_store_etl.py","lineno":6,"logger":"py.warnings"}
{"timestamp":"2026-01-13T19:27:20.549797Z","level":"warning","event":"The `airflow.decorators.task` attribute is deprecated. Please use `'airflow.sdk.task'`.","category":"DeprecatedImportWarning","filename":"/opt/airflow/dags/fake_store_etl.py","lineno":6,"logger":"py.warnings"}
{"timestamp":"2026-01-13T19:27:51.163052Z","level":"info","event":"Filling up the DagBag from /opt/airflow/dags/fake_store_etl.py","logger":"airflow.models.dagbag.DagBag","filename":"dagbag.py","lineno":593}
{"timestamp":"2026-01-13T19:27:51.841080Z","level":"warning","event":"The `airflow.decorators.dag` attribute is deprecated. Please use `'airflow.sdk.dag'`.","category":"DeprecatedImportWarning","filename":"/opt/airflow/dags/fake_store_etl.py","lineno":6,"logger":"py.warnings"}
{"timestamp":"2026-01-13T19:27:51.841273Z","level":"warning","event":"The `airflow.decorators.task` attribute is deprecated. Please use `'airflow.sdk.task'`.","category":"DeprecatedImportWarning","filename":"/opt/airflow/dags/fake_store_etl.py","lineno":6,"logger":"py.warnings"}
{"timestamp":"2026-01-13T19:28:22.537153Z","level":"info","event":"Filling up the DagBag from /opt/airflow/dags/fake_store_etl.py","logger":"airflow.models.dagbag.DagBag","filename":"dagbag.py","lineno":593}
{"timestamp":"2026-01-13T19:28:23.318861Z","level":"warning","event":"The `airflow.decorators.dag` attribute is deprecated. Please use `'airflow.sdk.dag'`.","category":"DeprecatedImportWarning","filename":"/opt/airflow/dags/fake_store_etl.py","lineno":6,"logger":"py.warnings"}
{"timestamp":"2026-01-13T19:28:23.319136Z","level":"warning","event":"The `airflow.decorators.task` attribute is deprecated. Please use `'airflow.sdk.task'`.","category":"DeprecatedImportWarning","filename":"/opt/airflow/dags/fake_store_etl.py","lineno":6,"logger":"py.warnings"}
{"timestamp":"2026-01-13T19:28:54.097111Z","level":"info","event":"Filling up the DagBag from /opt/airflow/dags/fake_store_etl.py","logger":"airflow.models.dagbag.DagBag","filename":"dagbag.py","lineno":593}
{"timestamp":"2026-01-13T19:28:54.953948Z","level":"warning","event":"The `airflow.decorators.dag` attribute is deprecated. Please use `'airflow.sdk.dag'`.","category":"DeprecatedImportWarning","filename":"/opt/airflow/dags/fake_store_etl.py","lineno":6,"logger":"py.warnings"}
{"timestamp":"2026-01-13T19:28:54.954273Z","level":"warning","event":"The `airflow.decorators.task` attribute is deprecated. Please use `'airflow.sdk.task'`.","category":"DeprecatedImportWarning","filename":"/opt/airflow/dags/fake_store_etl.py","lineno":6,"logger":"py.warnings"}
{"timestamp":"2026-01-13T19:29:25.485423Z","level":"info","event":"Filling up the DagBag from /opt/airflow/dags/fake_store_etl.py","logger":"airflow.models.dagbag.DagBag","filename":"dagbag.py","lineno":593}
{"timestamp":"2026-01-13T19:29:26.425745Z","level":"warning","event":"The `airflow.decorators.dag` attribute is deprecated. Please use `'airflow.sdk.dag'`.","category":"DeprecatedImportWarning","filename":"/opt/airflow/dags/fake_store_etl.py","lineno":6,"logger":"py.warnings"}
{"timestamp":"2026-01-13T19:29:26.426198Z","level":"warning","event":"The `airflow.decorators.task` attribute is deprecated. Please use `'airflow.sdk.task'`.","category":"DeprecatedImportWarning","filename":"/opt/airflow/dags/fake_store_etl.py","lineno":6,"logger":"py.warnings"}
{"timestamp":"2026-01-13T19:29:57.102016Z","level":"info","event":"Filling up the DagBag from /opt/airflow/dags/fake_store_etl.py","logger":"airflow.models.dagbag.DagBag","filename":"dagbag.py","lineno":593}
{"timestamp":"2026-01-13T19:29:57.805172Z","level":"warning","event":"The `airflow.decorators.dag` attribute is deprecated. Please use `'airflow.sdk.dag'`.","category":"DeprecatedImportWarning","filename":"/opt/airflow/dags/fake_store_etl.py","lineno":6,"logger":"py.warnings"}
{"timestamp":"2026-01-13T19:29:57.805404Z","level":"warning","event":"The `airflow.decorators.task` attribute is deprecated. Please use `'airflow.sdk.task'`.","category":"DeprecatedImportWarning","filename":"/opt/airflow/dags/fake_store_etl.py","lineno":6,"logger":"py.warnings"}
{"timestamp":"2026-01-13T19:30:28.368562Z","level":"info","event":"Filling up the DagBag from /opt/airflow/dags/fake_store_etl.py","logger":"airflow.models.dagbag.DagBag","filename":"dagbag.py","lineno":593}
{"timestamp":"2026-01-13T19:30:29.265710Z","level":"warning","event":"The `airflow.decorators.dag` attribute is deprecated. Please use `'airflow.sdk.dag'`.","category":"DeprecatedImportWarning","filename":"/opt/airflow/dags/fake_store_etl.py","lineno":6,"logger":"py.warnings"}
{"timestamp":"2026-01-13T19:30:29.265960Z","level":"warning","event":"The `airflow.decorators.task` attribute is deprecated. Please use `'airflow.sdk.task'`.","category":"DeprecatedImportWarning","filename":"/opt/airflow/dags/fake_store_etl.py","lineno":6,"logger":"py.warnings"}
{"timestamp":"2026-01-13T19:30:59.835269Z","level":"info","event":"Filling up the DagBag from /opt/airflow/dags/fake_store_etl.py","logger":"airflow.models.dagbag.DagBag","filename":"dagbag.py","lineno":593}
{"timestamp":"2026-01-13T19:31:00.533893Z","level":"warning","event":"The `airflow.decorators.dag` attribute is deprecated. Please use `'airflow.sdk.dag'`.","category":"DeprecatedImportWarning","filename":"/opt/airflow/dags/fake_store_etl.py","lineno":6,"logger":"py.warnings"}
{"timestamp":"2026-01-13T19:31:00.534087Z","level":"warning","event":"The `airflow.decorators.task` attribute is deprecated. Please use `'airflow.sdk.task'`.","category":"DeprecatedImportWarning","filename":"/opt/airflow/dags/fake_store_etl.py","lineno":6,"logger":"py.warnings"}
{"timestamp":"2026-01-13T19:31:31.085193Z","level":"info","event":"Filling up the DagBag from /opt/airflow/dags/fake_store_etl.py","logger":"airflow.models.dagbag.DagBag","filename":"dagbag.py","lineno":593}
{"timestamp":"2026-01-13T19:31:31.883057Z","level":"warning","event":"The `airflow.decorators.dag` attribute is deprecated. Please use `'airflow.sdk.dag'`.","category":"DeprecatedImportWarning","filename":"/opt/airflow/dags/fake_store_etl.py","lineno":6,"logger":"py.warnings"}
{"timestamp":"2026-01-13T19:31:31.883256Z","level":"warning","event":"The `airflow.decorators.task` attribute is deprecated. Please use `'airflow.sdk.task'`.","category":"DeprecatedImportWarning","filename":"/opt/airflow/dags/fake_store_etl.py","lineno":6,"logger":"py.warnings"}
{"timestamp":"2026-01-13T19:32:02.384755Z","level":"info","event":"Filling up the DagBag from /opt/airflow/dags/fake_store_etl.py","logger":"airflow.models.dagbag.DagBag","filename":"dagbag.py","lineno":593}
{"timestamp":"2026-01-13T19:32:03.107218Z","level":"warning","event":"The `airflow.decorators.dag` attribute is deprecated. Please use `'airflow.sdk.dag'`.","category":"DeprecatedImportWarning","filename":"/opt/airflow/dags/fake_store_etl.py","lineno":6,"logger":"py.warnings"}
{"timestamp":"2026-01-13T19:32:03.107501Z","level":"warning","event":"The `airflow.decorators.task` attribute is deprecated. Please use `'airflow.sdk.task'`.","category":"DeprecatedImportWarning","filename":"/opt/airflow/dags/fake_store_etl.py","lineno":6,"logger":"py.warnings"}
{"timestamp":"2026-01-13T19:32:33.814352Z","level":"info","event":"Filling up the DagBag from /opt/airflow/dags/fake_store_etl.py","logger":"airflow.models.dagbag.DagBag","filename":"dagbag.py","lineno":593}
{"timestamp":"2026-01-13T19:32:34.508360Z","level":"warning","event":"The `airflow.decorators.dag` attribute is deprecated. Please use `'airflow.sdk.dag'`.","category":"DeprecatedImportWarning","filename":"/opt/airflow/dags/fake_store_etl.py","lineno":6,"logger":"py.warnings"}
{"timestamp":"2026-01-13T19:32:34.508652Z","level":"warning","event":"The `airflow.decorators.task` attribute is deprecated. Please use `'airflow.sdk.task'`.","category":"DeprecatedImportWarning","filename":"/opt/airflow/dags/fake_store_etl.py","lineno":6,"logger":"py.warnings"}
{"timestamp":"2026-01-13T19:33:05.173590Z","level":"info","event":"Filling up the DagBag from /opt/airflow/dags/fake_store_etl.py","logger":"airflow.models.dagbag.DagBag","filename":"dagbag.py","lineno":593}
{"timestamp":"2026-01-13T19:33:06.157267Z","level":"warning","event":"The `airflow.decorators.dag` attribute is deprecated. Please use `'airflow.sdk.dag'`.","category":"DeprecatedImportWarning","filename":"/opt/airflow/dags/fake_store_etl.py","lineno":6,"logger":"py.warnings"}
{"timestamp":"2026-01-13T19:33:06.157686Z","level":"warning","event":"The `airflow.decorators.task` attribute is deprecated. Please use `'airflow.sdk.task'`.","category":"DeprecatedImportWarning","filename":"/opt/airflow/dags/fake_store_etl.py","lineno":6,"logger":"py.warnings"}
{"timestamp":"2026-01-13T19:33:36.823720Z","level":"info","event":"Filling up the DagBag from /opt/airflow/dags/fake_store_etl.py","logger":"airflow.models.dagbag.DagBag","filename":"dagbag.py","lineno":593}
{"timestamp":"2026-01-13T19:33:37.637406Z","level":"warning","event":"The `airflow.decorators.dag` attribute is deprecated. Please use `'airflow.sdk.dag'`.","category":"DeprecatedImportWarning","filename":"/opt/airflow/dags/fake_store_etl.py","lineno":6,"logger":"py.warnings"}
{"timestamp":"2026-01-13T19:33:37.637773Z","level":"warning","event":"The `airflow.decorators.task` attribute is deprecated. Please use `'airflow.sdk.task'`.","category":"DeprecatedImportWarning","filename":"/opt/airflow/dags/fake_store_etl.py","lineno":6,"logger":"py.warnings"}
{"timestamp":"2026-01-13T19:34:08.442653Z","level":"info","event":"Filling up the DagBag from /opt/airflow/dags/fake_store_etl.py","logger":"airflow.models.dagbag.DagBag","filename":"dagbag.py","lineno":593}
{"timestamp":"2026-01-13T19:34:09.289403Z","level":"warning","event":"The `airflow.decorators.dag` attribute is deprecated. Please use `'airflow.sdk.dag'`.","category":"DeprecatedImportWarning","filename":"/opt/airflow/dags/fake_store_etl.py","lineno":6,"logger":"py.warnings"}
{"timestamp":"2026-01-13T19:34:09.289741Z","level":"warning","event":"The `airflow.decorators.task` attribute is deprecated. Please use `'airflow.sdk.task'`.","category":"DeprecatedImportWarning","filename":"/opt/airflow/dags/fake_store_etl.py","lineno":6,"logger":"py.warnings"}
{"timestamp":"2026-01-13T19:34:39.970572Z","level":"info","event":"Filling up the DagBag from /opt/airflow/dags/fake_store_etl.py","logger":"airflow.models.dagbag.DagBag","filename":"dagbag.py","lineno":593}
{"timestamp":"2026-01-13T19:34:40.893914Z","level":"warning","event":"The `airflow.decorators.dag` attribute is deprecated. Please use `'airflow.sdk.dag'`.","category":"DeprecatedImportWarning","filename":"/opt/airflow/dags/fake_store_etl.py","lineno":6,"logger":"py.warnings"}
{"timestamp":"2026-01-13T19:34:40.894185Z","level":"warning","event":"The `airflow.decorators.task` attribute is deprecated. Please use `'airflow.sdk.task'`.","category":"DeprecatedImportWarning","filename":"/opt/airflow/dags/fake_store_etl.py","lineno":6,"logger":"py.warnings"}
{"timestamp":"2026-01-13T19:35:11.403749Z","level":"info","event":"Filling up the DagBag from /opt/airflow/dags/fake_store_etl.py","logger":"airflow.models.dagbag.DagBag","filename":"dagbag.py","lineno":593}
{"timestamp":"2026-01-13T19:35:12.370062Z","level":"warning","event":"The `airflow.decorators.dag` attribute is deprecated. Please use `'airflow.sdk.dag'`.","category":"DeprecatedImportWarning","filename":"/opt/airflow/dags/fake_store_etl.py","lineno":6,"logger":"py.warnings"}
{"timestamp":"2026-01-13T19:35:12.370306Z","level":"warning","event":"The `airflow.decorators.task` attribute is deprecated. Please use `'airflow.sdk.task'`.","category":"DeprecatedImportWarning","filename":"/opt/airflow/dags/fake_store_etl.py","lineno":6,"logger":"py.warnings"}
{"timestamp":"2026-01-13T19:35:43.097063Z","level":"info","event":"Filling up the DagBag from /opt/airflow/dags/fake_store_etl.py","logger":"airflow.models.dagbag.DagBag","filename":"dagbag.py","lineno":593}
{"timestamp":"2026-01-13T19:35:43.811659Z","level":"warning","event":"The `airflow.decorators.dag` attribute is deprecated. Please use `'airflow.sdk.dag'`.","category":"DeprecatedImportWarning","filename":"/opt/airflow/dags/fake_store_etl.py","lineno":6,"logger":"py.warnings"}
{"timestamp":"2026-01-13T19:35:43.811910Z","level":"warning","event":"The `airflow.decorators.task` attribute is deprecated. Please use `'airflow.sdk.task'`.","category":"DeprecatedImportWarning","filename":"/opt/airflow/dags/fake_store_etl.py","lineno":6,"logger":"py.warnings"}
{"timestamp":"2026-01-13T19:36:14.339108Z","level":"info","event":"Filling up the DagBag from /opt/airflow/dags/fake_store_etl.py","logger":"airflow.models.dagbag.DagBag","filename":"dagbag.py","lineno":593}
{"timestamp":"2026-01-13T19:36:15.020744Z","level":"warning","event":"The `airflow.decorators.dag` attribute is deprecated. Please use `'airflow.sdk.dag'`.","category":"DeprecatedImportWarning","filename":"/opt/airflow/dags/fake_store_etl.py","lineno":6,"logger":"py.warnings"}
{"timestamp":"2026-01-13T19:36:15.020938Z","level":"warning","event":"The `airflow.decorators.task` attribute is deprecated. Please use `'airflow.sdk.task'`.","category":"DeprecatedImportWarning","filename":"/opt/airflow/dags/fake_store_etl.py","lineno":6,"logger":"py.warnings"}
{"timestamp":"2026-01-13T19:36:45.527888Z","level":"info","event":"Filling up the DagBag from /opt/airflow/dags/fake_store_etl.py","logger":"airflow.models.dagbag.DagBag","filename":"dagbag.py","lineno":593}
{"timestamp":"2026-01-13T19:36:46.331975Z","level":"warning","event":"The `airflow.decorators.dag` attribute is deprecated. Please use `'airflow.sdk.dag'`.","category":"DeprecatedImportWarning","filename":"/opt/airflow/dags/fake_store_etl.py","lineno":6,"logger":"py.warnings"}
{"timestamp":"2026-01-13T19:36:46.332168Z","level":"warning","event":"The `airflow.decorators.task` attribute is deprecated. Please use `'airflow.sdk.task'`.","category":"DeprecatedImportWarning","filename":"/opt/airflow/dags/fake_store_etl.py","lineno":6,"logger":"py.warnings"}
{"timestamp":"2026-01-13T19:37:16.991280Z","level":"info","event":"Filling up the DagBag from /opt/airflow/dags/fake_store_etl.py","logger":"airflow.models.dagbag.DagBag","filename":"dagbag.py","lineno":593}
{"timestamp":"2026-01-13T19:37:17.932962Z","level":"warning","event":"The `airflow.decorators.dag` attribute is deprecated. Please use `'airflow.sdk.dag'`.","category":"DeprecatedImportWarning","filename":"/opt/airflow/dags/fake_store_etl.py","lineno":6,"logger":"py.warnings"}
{"timestamp":"2026-01-13T19:37:17.933207Z","level":"warning","event":"The `airflow.decorators.task` attribute is deprecated. Please use `'airflow.sdk.task'`.","category":"DeprecatedImportWarning","filename":"/opt/airflow/dags/fake_store_etl.py","lineno":6,"logger":"py.warnings"}
{"timestamp":"2026-01-13T19:37:48.488641Z","level":"info","event":"Filling up the DagBag from /opt/airflow/dags/fake_store_etl.py","logger":"airflow.models.dagbag.DagBag","filename":"dagbag.py","lineno":593}
{"timestamp":"2026-01-13T19:37:49.308432Z","level":"warning","event":"The `airflow.decorators.dag` attribute is deprecated. Please use `'airflow.sdk.dag'`.","category":"DeprecatedImportWarning","filename":"/opt/airflow/dags/fake_store_etl.py","lineno":6,"logger":"py.warnings"}
{"timestamp":"2026-01-13T19:37:49.308663Z","level":"warning","event":"The `airflow.decorators.task` attribute is deprecated. Please use `'airflow.sdk.task'`.","category":"DeprecatedImportWarning","filename":"/opt/airflow/dags/fake_store_etl.py","lineno":6,"logger":"py.warnings"}
{"timestamp":"2026-01-13T19:38:20.252556Z","level":"info","event":"Filling up the DagBag from /opt/airflow/dags/fake_store_etl.py","logger":"airflow.models.dagbag.DagBag","filename":"dagbag.py","lineno":593}
{"timestamp":"2026-01-13T19:38:21.035434Z","level":"warning","event":"The `airflow.decorators.dag` attribute is deprecated. Please use `'airflow.sdk.dag'`.","category":"DeprecatedImportWarning","filename":"/opt/airflow/dags/fake_store_etl.py","lineno":6,"logger":"py.warnings"}
{"timestamp":"2026-01-13T19:38:21.035683Z","level":"warning","event":"The `airflow.decorators.task` attribute is deprecated. Please use `'airflow.sdk.task'`.","category":"DeprecatedImportWarning","filename":"/opt/airflow/dags/fake_store_etl.py","lineno":6,"logger":"py.warnings"}
{"timestamp":"2026-01-13T19:38:51.690067Z","level":"info","event":"Filling up the DagBag from /opt/airflow/dags/fake_store_etl.py","logger":"airflow.models.dagbag.DagBag","filename":"dagbag.py","lineno":593}
{"timestamp":"2026-01-13T19:38:52.653312Z","level":"warning","event":"The `airflow.decorators.dag` attribute is deprecated. Please use `'airflow.sdk.dag'`.","category":"DeprecatedImportWarning","filename":"/opt/airflow/dags/fake_store_etl.py","lineno":6,"logger":"py.warnings"}
{"timestamp":"2026-01-13T19:38:52.653958Z","level":"warning","event":"The `airflow.decorators.task` attribute is deprecated. Please use `'airflow.sdk.task'`.","category":"DeprecatedImportWarning","filename":"/opt/airflow/dags/fake_store_etl.py","lineno":6,"logger":"py.warnings"}
{"timestamp":"2026-01-13T19:39:23.233440Z","level":"info","event":"Filling up the DagBag from /opt/airflow/dags/fake_store_etl.py","logger":"airflow.models.dagbag.DagBag","filename":"dagbag.py","lineno":593}
{"timestamp":"2026-01-13T19:39:23.897993Z","level":"warning","event":"The `airflow.decorators.dag` attribute is deprecated. Please use `'airflow.sdk.dag'`.","category":"DeprecatedImportWarning","filename":"/opt/airflow/dags/fake_store_etl.py","lineno":6,"logger":"py.warnings"}
{"timestamp":"2026-01-13T19:39:23.898298Z","level":"warning","event":"The `airflow.decorators.task` attribute is deprecated. Please use `'airflow.sdk.task'`.","category":"DeprecatedImportWarning","filename":"/opt/airflow/dags/fake_store_etl.py","lineno":6,"logger":"py.warnings"}
{"timestamp":"2026-01-13T19:39:54.451143Z","level":"info","event":"Filling up the DagBag from /opt/airflow/dags/fake_store_etl.py","logger":"airflow.models.dagbag.DagBag","filename":"dagbag.py","lineno":593}
{"timestamp":"2026-01-13T19:39:55.200183Z","level":"warning","event":"The `airflow.decorators.dag` attribute is deprecated. Please use `'airflow.sdk.dag'`.","category":"DeprecatedImportWarning","filename":"/opt/airflow/dags/fake_store_etl.py","lineno":6,"logger":"py.warnings"}
{"timestamp":"2026-01-13T19:39:55.200422Z","level":"warning","event":"The `airflow.decorators.task` attribute is deprecated. Please use `'airflow.sdk.task'`.","category":"DeprecatedImportWarning","filename":"/opt/airflow/dags/fake_store_etl.py","lineno":6,"logger":"py.warnings"}
{"timestamp":"2026-01-13T19:40:25.858438Z","level":"info","event":"Filling up the DagBag from /opt/airflow/dags/fake_store_etl.py","logger":"airflow.models.dagbag.DagBag","filename":"dagbag.py","lineno":593}
{"timestamp":"2026-01-13T19:40:26.670092Z","level":"warning","event":"The `airflow.decorators.dag` attribute is deprecated. Please use `'airflow.sdk.dag'`.","category":"DeprecatedImportWarning","filename":"/opt/airflow/dags/fake_store_etl.py","lineno":6,"logger":"py.warnings"}
{"timestamp":"2026-01-13T19:40:26.670548Z","level":"warning","event":"The `airflow.decorators.task` attribute is deprecated. Please use `'airflow.sdk.task'`.","category":"DeprecatedImportWarning","filename":"/opt/airflow/dags/fake_store_etl.py","lineno":6,"logger":"py.warnings"}
{"timestamp":"2026-01-13T19:40:57.216042Z","level":"info","event":"Filling up the DagBag from /opt/airflow/dags/fake_store_etl.py","logger":"airflow.models.dagbag.DagBag","filename":"dagbag.py","lineno":593}
{"timestamp":"2026-01-13T19:40:57.957508Z","level":"warning","event":"The `airflow.decorators.dag` attribute is deprecated. Please use `'airflow.sdk.dag'`.","category":"DeprecatedImportWarning","filename":"/opt/airflow/dags/fake_store_etl.py","lineno":6,"logger":"py.warnings"}
{"timestamp":"2026-01-13T19:40:57.957860Z","level":"warning","event":"The `airflow.decorators.task` attribute is deprecated. Please use `'airflow.sdk.task'`.","category":"DeprecatedImportWarning","filename":"/opt/airflow/dags/fake_store_etl.py","lineno":6,"logger":"py.warnings"}
{"timestamp":"2026-01-13T19:41:28.643946Z","level":"info","event":"Filling up the DagBag from /opt/airflow/dags/fake_store_etl.py","logger":"airflow.models.dagbag.DagBag","filename":"dagbag.py","lineno":593}
{"timestamp":"2026-01-13T19:41:29.326948Z","level":"warning","event":"The `airflow.decorators.dag` attribute is deprecated. Please use `'airflow.sdk.dag'`.","category":"DeprecatedImportWarning","filename":"/opt/airflow/dags/fake_store_etl.py","lineno":6,"logger":"py.warnings"}
{"timestamp":"2026-01-13T19:41:29.327257Z","level":"warning","event":"The `airflow.decorators.task` attribute is deprecated. Please use `'airflow.sdk.task'`.","category":"DeprecatedImportWarning","filename":"/opt/airflow/dags/fake_store_etl.py","lineno":6,"logger":"py.warnings"}
{"timestamp":"2026-01-13T19:42:00.084593Z","level":"info","event":"Filling up the DagBag from /opt/airflow/dags/fake_store_etl.py","logger":"airflow.models.dagbag.DagBag","filename":"dagbag.py","lineno":593}
{"timestamp":"2026-01-13T19:42:00.936535Z","level":"warning","event":"The `airflow.decorators.dag` attribute is deprecated. Please use `'airflow.sdk.dag'`.","category":"DeprecatedImportWarning","filename":"/opt/airflow/dags/fake_store_etl.py","lineno":6,"logger":"py.warnings"}
{"timestamp":"2026-01-13T19:42:00.936807Z","level":"warning","event":"The `airflow.decorators.task` attribute is deprecated. Please use `'airflow.sdk.task'`.","category":"DeprecatedImportWarning","filename":"/opt/airflow/dags/fake_store_etl.py","lineno":6,"logger":"py.warnings"}
{"timestamp":"2026-01-13T19:42:31.595899Z","level":"info","event":"Filling up the DagBag from /opt/airflow/dags/fake_store_etl.py","logger":"airflow.models.dagbag.DagBag","filename":"dagbag.py","lineno":593}
{"timestamp":"2026-01-13T19:42:32.566226Z","level":"warning","event":"The `airflow.decorators.dag` attribute is deprecated. Please use `'airflow.sdk.dag'`.","category":"DeprecatedImportWarning","filename":"/opt/airflow/dags/fake_store_etl.py","lineno":6,"logger":"py.warnings"}
{"timestamp":"2026-01-13T19:42:32.566530Z","level":"warning","event":"The `airflow.decorators.task` attribute is deprecated. Please use `'airflow.sdk.task'`.","category":"DeprecatedImportWarning","filename":"/opt/airflow/dags/fake_store_etl.py","lineno":6,"logger":"py.warnings"}
{"timestamp":"2026-01-13T19:43:03.183297Z","level":"info","event":"Filling up the DagBag from /opt/airflow/dags/fake_store_etl.py","logger":"airflow.models.dagbag.DagBag","filename":"dagbag.py","lineno":593}
{"timestamp":"2026-01-13T19:43:03.957589Z","level":"warning","event":"The `airflow.decorators.dag` attribute is deprecated. Please use `'airflow.sdk.dag'`.","category":"DeprecatedImportWarning","filename":"/opt/airflow/dags/fake_store_etl.py","lineno":6,"logger":"py.warnings"}
{"timestamp":"2026-01-13T19:43:03.957893Z","level":"warning","event":"The `airflow.decorators.task` attribute is deprecated. Please use `'airflow.sdk.task'`.","category":"DeprecatedImportWarning","filename":"/opt/airflow/dags/fake_store_etl.py","lineno":6,"logger":"py.warnings"}
{"timestamp":"2026-01-13T19:43:34.550940Z","level":"info","event":"Filling up the DagBag from /opt/airflow/dags/fake_store_etl.py","logger":"airflow.models.dagbag.DagBag","filename":"dagbag.py","lineno":593}
{"timestamp":"2026-01-13T19:43:35.345621Z","level":"warning","event":"The `airflow.decorators.dag` attribute is deprecated. Please use `'airflow.sdk.dag'`.","category":"DeprecatedImportWarning","filename":"/opt/airflow/dags/fake_store_etl.py","lineno":6,"logger":"py.warnings"}
{"timestamp":"2026-01-13T19:43:35.345924Z","level":"warning","event":"The `airflow.decorators.task` attribute is deprecated. Please use `'airflow.sdk.task'`.","category":"DeprecatedImportWarning","filename":"/opt/airflow/dags/fake_store_etl.py","lineno":6,"logger":"py.warnings"}
{"timestamp":"2026-01-13T19:44:05.819189Z","level":"info","event":"Filling up the DagBag from /opt/airflow/dags/fake_store_etl.py","logger":"airflow.models.dagbag.DagBag","filename":"dagbag.py","lineno":593}
{"timestamp":"2026-01-13T19:44:06.694336Z","level":"warning","event":"The `airflow.decorators.dag` attribute is deprecated. Please use `'airflow.sdk.dag'`.","category":"DeprecatedImportWarning","filename":"/opt/airflow/dags/fake_store_etl.py","lineno":6,"logger":"py.warnings"}
{"timestamp":"2026-01-13T19:44:06.694661Z","level":"warning","event":"The `airflow.decorators.task` attribute is deprecated. Please use `'airflow.sdk.task'`.","category":"DeprecatedImportWarning","filename":"/opt/airflow/dags/fake_store_etl.py","lineno":6,"logger":"py.warnings"}
{"timestamp":"2026-01-13T19:44:37.255198Z","level":"info","event":"Filling up the DagBag from /opt/airflow/dags/fake_store_etl.py","logger":"airflow.models.dagbag.DagBag","filename":"dagbag.py","lineno":593}
{"timestamp":"2026-01-13T19:44:37.982330Z","level":"warning","event":"The `airflow.decorators.dag` attribute is deprecated. Please use `'airflow.sdk.dag'`.","category":"DeprecatedImportWarning","filename":"/opt/airflow/dags/fake_store_etl.py","lineno":6,"logger":"py.warnings"}
{"timestamp":"2026-01-13T19:44:37.982604Z","level":"warning","event":"The `airflow.decorators.task` attribute is deprecated. Please use `'airflow.sdk.task'`.","category":"DeprecatedImportWarning","filename":"/opt/airflow/dags/fake_store_etl.py","lineno":6,"logger":"py.warnings"}
{"timestamp":"2026-01-13T19:45:08.518875Z","level":"info","event":"Filling up the DagBag from /opt/airflow/dags/fake_store_etl.py","logger":"airflow.models.dagbag.DagBag","filename":"dagbag.py","lineno":593}
{"timestamp":"2026-01-13T19:45:09.234987Z","level":"warning","event":"The `airflow.decorators.dag` attribute is deprecated. Please use `'airflow.sdk.dag'`.","category":"DeprecatedImportWarning","filename":"/opt/airflow/dags/fake_store_etl.py","lineno":6,"logger":"py.warnings"}
{"timestamp":"2026-01-13T19:45:09.235186Z","level":"warning","event":"The `airflow.decorators.task` attribute is deprecated. Please use `'airflow.sdk.task'`.","category":"DeprecatedImportWarning","filename":"/opt/airflow/dags/fake_store_etl.py","lineno":6,"logger":"py.warnings"}
{"timestamp":"2026-01-13T19:45:39.886940Z","level":"info","event":"Filling up the DagBag from /opt/airflow/dags/fake_store_etl.py","logger":"airflow.models.dagbag.DagBag","filename":"dagbag.py","lineno":593}
{"timestamp":"2026-01-13T19:45:40.623175Z","level":"warning","event":"The `airflow.decorators.dag` attribute is deprecated. Please use `'airflow.sdk.dag'`.","category":"DeprecatedImportWarning","filename":"/opt/airflow/dags/fake_store_etl.py","lineno":6,"logger":"py.warnings"}
{"timestamp":"2026-01-13T19:45:40.623426Z","level":"warning","event":"The `airflow.decorators.task` attribute is deprecated. Please use `'airflow.sdk.task'`.","category":"DeprecatedImportWarning","filename":"/opt/airflow/dags/fake_store_etl.py","lineno":6,"logger":"py.warnings"}
{"timestamp":"2026-01-13T19:46:11.371637Z","level":"info","event":"Filling up the DagBag from /opt/airflow/dags/fake_store_etl.py","logger":"airflow.models.dagbag.DagBag","filename":"dagbag.py","lineno":593}
{"timestamp":"2026-01-13T19:46:12.271571Z","level":"warning","event":"The `airflow.decorators.dag` attribute is deprecated. Please use `'airflow.sdk.dag'`.","category":"DeprecatedImportWarning","filename":"/opt/airflow/dags/fake_store_etl.py","lineno":6,"logger":"py.warnings"}
{"timestamp":"2026-01-13T19:46:12.271892Z","level":"warning","event":"The `airflow.decorators.task` attribute is deprecated. Please use `'airflow.sdk.task'`.","category":"DeprecatedImportWarning","filename":"/opt/airflow/dags/fake_store_etl.py","lineno":6,"logger":"py.warnings"}
{"timestamp":"2026-01-13T19:46:42.876124Z","level":"info","event":"Filling up the DagBag from /opt/airflow/dags/fake_store_etl.py","logger":"airflow.models.dagbag.DagBag","filename":"dagbag.py","lineno":593}
{"timestamp":"2026-01-13T19:46:43.821302Z","level":"warning","event":"The `airflow.decorators.dag` attribute is deprecated. Please use `'airflow.sdk.dag'`.","category":"DeprecatedImportWarning","filename":"/opt/airflow/dags/fake_store_etl.py","lineno":6,"logger":"py.warnings"}
{"timestamp":"2026-01-13T19:46:43.821634Z","level":"warning","event":"The `airflow.decorators.task` attribute is deprecated. Please use `'airflow.sdk.task'`.","category":"DeprecatedImportWarning","filename":"/opt/airflow/dags/fake_store_etl.py","lineno":6,"logger":"py.warnings"}
{"timestamp":"2026-01-13T19:47:14.340643Z","level":"info","event":"Filling up the DagBag from /opt/airflow/dags/fake_store_etl.py","logger":"airflow.models.dagbag.DagBag","filename":"dagbag.py","lineno":593}
{"timestamp":"2026-01-13T19:47:15.031392Z","level":"warning","event":"The `airflow.decorators.dag` attribute is deprecated. Please use `'airflow.sdk.dag'`.","category":"DeprecatedImportWarning","filename":"/opt/airflow/dags/fake_store_etl.py","lineno":6,"logger":"py.warnings"}
{"timestamp":"2026-01-13T19:47:15.031654Z","level":"warning","event":"The `airflow.decorators.task` attribute is deprecated. Please use `'airflow.sdk.task'`.","category":"DeprecatedImportWarning","filename":"/opt/airflow/dags/fake_store_etl.py","lineno":6,"logger":"py.warnings"}
{"timestamp":"2026-01-13T19:47:45.669044Z","level":"info","event":"Filling up the DagBag from /opt/airflow/dags/fake_store_etl.py","logger":"airflow.models.dagbag.DagBag","filename":"dagbag.py","lineno":593}
{"timestamp":"2026-01-13T19:47:46.439767Z","level":"warning","event":"The `airflow.decorators.dag` attribute is deprecated. Please use `'airflow.sdk.dag'`.","category":"DeprecatedImportWarning","filename":"/opt/airflow/dags/fake_store_etl.py","lineno":6,"logger":"py.warnings"}
{"timestamp":"2026-01-13T19:47:46.439963Z","level":"warning","event":"The `airflow.decorators.task` attribute is deprecated. Please use `'airflow.sdk.task'`.","category":"DeprecatedImportWarning","filename":"/opt/airflow/dags/fake_store_etl.py","lineno":6,"logger":"py.warnings"}
{"timestamp":"2026-01-13T19:48:17.213975Z","level":"info","event":"Filling up the DagBag from /opt/airflow/dags/fake_store_etl.py","logger":"airflow.models.dagbag.DagBag","filename":"dagbag.py","lineno":593}
{"timestamp":"2026-01-13T19:48:18.014289Z","level":"warning","event":"The `airflow.decorators.dag` attribute is deprecated. Please use `'airflow.sdk.dag'`.","category":"DeprecatedImportWarning","filename":"/opt/airflow/dags/fake_store_etl.py","lineno":6,"logger":"py.warnings"}
{"timestamp":"2026-01-13T19:48:18.014647Z","level":"warning","event":"The `airflow.decorators.task` attribute is deprecated. Please use `'airflow.sdk.task'`.","category":"DeprecatedImportWarning","filename":"/opt/airflow/dags/fake_store_etl.py","lineno":6,"logger":"py.warnings"}
{"timestamp":"2026-01-13T19:48:48.626518Z","level":"info","event":"Filling up the DagBag from /opt/airflow/dags/fake_store_etl.py","logger":"airflow.models.dagbag.DagBag","filename":"dagbag.py","lineno":593}
{"timestamp":"2026-01-13T19:48:49.543020Z","level":"warning","event":"The `airflow.decorators.dag` attribute is deprecated. Please use `'airflow.sdk.dag'`.","category":"DeprecatedImportWarning","filename":"/opt/airflow/dags/fake_store_etl.py","lineno":6,"logger":"py.warnings"}
{"timestamp":"2026-01-13T19:48:49.543311Z","level":"warning","event":"The `airflow.decorators.task` attribute is deprecated. Please use `'airflow.sdk.task'`.","category":"DeprecatedImportWarning","filename":"/opt/airflow/dags/fake_store_etl.py","lineno":6,"logger":"py.warnings"}
{"timestamp":"2026-01-13T19:49:20.168074Z","level":"info","event":"Filling up the DagBag from /opt/airflow/dags/fake_store_etl.py","logger":"airflow.models.dagbag.DagBag","filename":"dagbag.py","lineno":593}
{"timestamp":"2026-01-13T19:49:20.871033Z","level":"warning","event":"The `airflow.decorators.dag` attribute is deprecated. Please use `'airflow.sdk.dag'`.","category":"DeprecatedImportWarning","filename":"/opt/airflow/dags/fake_store_etl.py","lineno":6,"logger":"py.warnings"}
{"timestamp":"2026-01-13T19:49:20.871473Z","level":"warning","event":"The `airflow.decorators.task` attribute is deprecated. Please use `'airflow.sdk.task'`.","category":"DeprecatedImportWarning","filename":"/opt/airflow/dags/fake_store_etl.py","lineno":6,"logger":"py.warnings"}
{"timestamp":"2026-01-13T19:49:51.751868Z","level":"info","event":"Filling up the DagBag from /opt/airflow/dags/fake_store_etl.py","logger":"airflow.models.dagbag.DagBag","filename":"dagbag.py","lineno":593}
{"timestamp":"2026-01-13T19:49:52.582191Z","level":"warning","event":"The `airflow.decorators.dag` attribute is deprecated. Please use `'airflow.sdk.dag'`.","category":"DeprecatedImportWarning","filename":"/opt/airflow/dags/fake_store_etl.py","lineno":6,"logger":"py.warnings"}
{"timestamp":"2026-01-13T19:49:52.582499Z","level":"warning","event":"The `airflow.decorators.task` attribute is deprecated. Please use `'airflow.sdk.task'`.","category":"DeprecatedImportWarning","filename":"/opt/airflow/dags/fake_store_etl.py","lineno":6,"logger":"py.warnings"}
{"timestamp":"2026-01-13T19:50:23.364785Z","level":"info","event":"Filling up the DagBag from /opt/airflow/dags/fake_store_etl.py","logger":"airflow.models.dagbag.DagBag","filename":"dagbag.py","lineno":593}
{"timestamp":"2026-01-13T19:50:24.214043Z","level":"warning","event":"The `airflow.decorators.dag` attribute is deprecated. Please use `'airflow.sdk.dag'`.","category":"DeprecatedImportWarning","filename":"/opt/airflow/dags/fake_store_etl.py","lineno":6,"logger":"py.warnings"}
{"timestamp":"2026-01-13T19:50:24.214300Z","level":"warning","event":"The `airflow.decorators.task` attribute is deprecated. Please use `'airflow.sdk.task'`.","category":"DeprecatedImportWarning","filename":"/opt/airflow/dags/fake_store_etl.py","lineno":6,"logger":"py.warnings"}
{"timestamp":"2026-01-13T19:50:54.752334Z","level":"info","event":"Filling up the DagBag from /opt/airflow/dags/fake_store_etl.py","logger":"airflow.models.dagbag.DagBag","filename":"dagbag.py","lineno":593}
{"timestamp":"2026-01-13T19:50:55.707067Z","level":"warning","event":"The `airflow.decorators.dag` attribute is deprecated. Please use `'airflow.sdk.dag'`.","category":"DeprecatedImportWarning","filename":"/opt/airflow/dags/fake_store_etl.py","lineno":6,"logger":"py.warnings"}
{"timestamp":"2026-01-13T19:50:55.707473Z","level":"warning","event":"The `airflow.decorators.task` attribute is deprecated. Please use `'airflow.sdk.task'`.","category":"DeprecatedImportWarning","filename":"/opt/airflow/dags/fake_store_etl.py","lineno":6,"logger":"py.warnings"}
{"timestamp":"2026-01-13T19:51:26.224949Z","level":"info","event":"Filling up the DagBag from /opt/airflow/dags/fake_store_etl.py","logger":"airflow.models.dagbag.DagBag","filename":"dagbag.py","lineno":593}
{"timestamp":"2026-01-13T19:51:26.933128Z","level":"warning","event":"The `airflow.decorators.dag` attribute is deprecated. Please use `'airflow.sdk.dag'`.","category":"DeprecatedImportWarning","filename":"/opt/airflow/dags/fake_store_etl.py","lineno":6,"logger":"py.warnings"}
{"timestamp":"2026-01-13T19:51:26.933324Z","level":"warning","event":"The `airflow.decorators.task` attribute is deprecated. Please use `'airflow.sdk.task'`.","category":"DeprecatedImportWarning","filename":"/opt/airflow/dags/fake_store_etl.py","lineno":6,"logger":"py.warnings"}
{"timestamp":"2026-01-13T19:51:57.585787Z","level":"info","event":"Filling up the DagBag from /opt/airflow/dags/fake_store_etl.py","logger":"airflow.models.dagbag.DagBag","filename":"dagbag.py","lineno":593}
{"timestamp":"2026-01-13T19:51:58.297290Z","level":"warning","event":"The `airflow.decorators.dag` attribute is deprecated. Please use `'airflow.sdk.dag'`.","category":"DeprecatedImportWarning","filename":"/opt/airflow/dags/fake_store_etl.py","lineno":6,"logger":"py.warnings"}
{"timestamp":"2026-01-13T19:51:58.297687Z","level":"warning","event":"The `airflow.decorators.task` attribute is deprecated. Please use `'airflow.sdk.task'`.","category":"DeprecatedImportWarning","filename":"/opt/airflow/dags/fake_store_etl.py","lineno":6,"logger":"py.warnings"}
{"timestamp":"2026-01-13T19:52:28.997002Z","level":"info","event":"Filling up the DagBag from /opt/airflow/dags/fake_store_etl.py","logger":"airflow.models.dagbag.DagBag","filename":"dagbag.py","lineno":593}
{"timestamp":"2026-01-13T19:52:29.704029Z","level":"warning","event":"The `airflow.decorators.dag` attribute is deprecated. Please use `'airflow.sdk.dag'`.","category":"DeprecatedImportWarning","filename":"/opt/airflow/dags/fake_store_etl.py","lineno":6,"logger":"py.warnings"}
{"timestamp":"2026-01-13T19:52:29.704228Z","level":"warning","event":"The `airflow.decorators.task` attribute is deprecated. Please use `'airflow.sdk.task'`.","category":"DeprecatedImportWarning","filename":"/opt/airflow/dags/fake_store_etl.py","lineno":6,"logger":"py.warnings"}
{"timestamp":"2026-01-13T19:53:00.567056Z","level":"info","event":"Filling up the DagBag from /opt/airflow/dags/fake_store_etl.py","logger":"airflow.models.dagbag.DagBag","filename":"dagbag.py","lineno":593}
{"timestamp":"2026-01-13T19:53:01.441742Z","level":"warning","event":"The `airflow.decorators.dag` attribute is deprecated. Please use `'airflow.sdk.dag'`.","category":"DeprecatedImportWarning","filename":"/opt/airflow/dags/fake_store_etl.py","lineno":6,"logger":"py.warnings"}
{"timestamp":"2026-01-13T19:53:01.441924Z","level":"warning","event":"The `airflow.decorators.task` attribute is deprecated. Please use `'airflow.sdk.task'`.","category":"DeprecatedImportWarning","filename":"/opt/airflow/dags/fake_store_etl.py","lineno":6,"logger":"py.warnings"}
{"timestamp":"2026-01-13T19:53:31.572615Z","level":"info","event":"Filling up the DagBag from /opt/airflow/dags/fake_store_etl.py","logger":"airflow.models.dagbag.DagBag","filename":"dagbag.py","lineno":593}
{"timestamp":"2026-01-13T19:53:32.673591Z","level":"warning","event":"The `airflow.decorators.dag` attribute is deprecated. Please use `'airflow.sdk.dag'`.","category":"DeprecatedImportWarning","filename":"/opt/airflow/dags/fake_store_etl.py","lineno":6,"logger":"py.warnings"}
{"timestamp":"2026-01-13T19:53:32.673787Z","level":"warning","event":"The `airflow.decorators.task` attribute is deprecated. Please use `'airflow.sdk.task'`.","category":"DeprecatedImportWarning","filename":"/opt/airflow/dags/fake_store_etl.py","lineno":6,"logger":"py.warnings"}
{"timestamp":"2026-01-13T19:54:02.873698Z","level":"info","event":"Filling up the DagBag from /opt/airflow/dags/fake_store_etl.py","logger":"airflow.models.dagbag.DagBag","filename":"dagbag.py","lineno":593}
{"timestamp":"2026-01-13T19:54:03.992340Z","level":"warning","event":"The `airflow.decorators.dag` attribute is deprecated. Please use `'airflow.sdk.dag'`.","category":"DeprecatedImportWarning","filename":"/opt/airflow/dags/fake_store_etl.py","lineno":6,"logger":"py.warnings"}
{"timestamp":"2026-01-13T19:54:03.992648Z","level":"warning","event":"The `airflow.decorators.task` attribute is deprecated. Please use `'airflow.sdk.task'`.","category":"DeprecatedImportWarning","filename":"/opt/airflow/dags/fake_store_etl.py","lineno":6,"logger":"py.warnings"}
{"timestamp":"2026-01-13T19:54:34.328732Z","level":"info","event":"Filling up the DagBag from /opt/airflow/dags/fake_store_etl.py","logger":"airflow.models.dagbag.DagBag","filename":"dagbag.py","lineno":593}
{"timestamp":"2026-01-13T19:54:35.401717Z","level":"warning","event":"The `airflow.decorators.dag` attribute is deprecated. Please use `'airflow.sdk.dag'`.","category":"DeprecatedImportWarning","filename":"/opt/airflow/dags/fake_store_etl.py","lineno":6,"logger":"py.warnings"}
{"timestamp":"2026-01-13T19:54:35.401956Z","level":"warning","event":"The `airflow.decorators.task` attribute is deprecated. Please use `'airflow.sdk.task'`.","category":"DeprecatedImportWarning","filename":"/opt/airflow/dags/fake_store_etl.py","lineno":6,"logger":"py.warnings"}
{"timestamp":"2026-01-13T19:55:06.369918Z","level":"info","event":"Filling up the DagBag from /opt/airflow/dags/fake_store_etl.py","logger":"airflow.models.dagbag.DagBag","filename":"dagbag.py","lineno":593}
{"timestamp":"2026-01-13T19:55:07.454385Z","level":"warning","event":"The `airflow.decorators.dag` attribute is deprecated. Please use `'airflow.sdk.dag'`.","category":"DeprecatedImportWarning","filename":"/opt/airflow/dags/fake_store_etl.py","lineno":6,"logger":"py.warnings"}
{"timestamp":"2026-01-13T19:55:07.454865Z","level":"warning","event":"The `airflow.decorators.task` attribute is deprecated. Please use `'airflow.sdk.task'`.","category":"DeprecatedImportWarning","filename":"/opt/airflow/dags/fake_store_etl.py","lineno":6,"logger":"py.warnings"}
{"timestamp":"2026-01-13T19:55:38.405730Z","level":"info","event":"Filling up the DagBag from /opt/airflow/dags/fake_store_etl.py","logger":"airflow.models.dagbag.DagBag","filename":"dagbag.py","lineno":593}
{"timestamp":"2026-01-13T19:55:39.361564Z","level":"warning","event":"The `airflow.decorators.dag` attribute is deprecated. Please use `'airflow.sdk.dag'`.","category":"DeprecatedImportWarning","filename":"/opt/airflow/dags/fake_store_etl.py","lineno":6,"logger":"py.warnings"}
{"timestamp":"2026-01-13T19:55:39.361809Z","level":"warning","event":"The `airflow.decorators.task` attribute is deprecated. Please use `'airflow.sdk.task'`.","category":"DeprecatedImportWarning","filename":"/opt/airflow/dags/fake_store_etl.py","lineno":6,"logger":"py.warnings"}
{"timestamp":"2026-01-13T19:56:10.155074Z","level":"info","event":"Filling up the DagBag from /opt/airflow/dags/fake_store_etl.py","logger":"airflow.models.dagbag.DagBag","filename":"dagbag.py","lineno":593}
{"timestamp":"2026-01-13T19:56:11.057398Z","level":"warning","event":"The `airflow.decorators.dag` attribute is deprecated. Please use `'airflow.sdk.dag'`.","category":"DeprecatedImportWarning","filename":"/opt/airflow/dags/fake_store_etl.py","lineno":6,"logger":"py.warnings"}
{"timestamp":"2026-01-13T19:56:11.057690Z","level":"warning","event":"The `airflow.decorators.task` attribute is deprecated. Please use `'airflow.sdk.task'`.","category":"DeprecatedImportWarning","filename":"/opt/airflow/dags/fake_store_etl.py","lineno":6,"logger":"py.warnings"}
{"timestamp":"2026-01-13T19:56:41.741124Z","level":"info","event":"Filling up the DagBag from /opt/airflow/dags/fake_store_etl.py","logger":"airflow.models.dagbag.DagBag","filename":"dagbag.py","lineno":593}
{"timestamp":"2026-01-13T19:56:42.673284Z","level":"warning","event":"The `airflow.decorators.dag` attribute is deprecated. Please use `'airflow.sdk.dag'`.","category":"DeprecatedImportWarning","filename":"/opt/airflow/dags/fake_store_etl.py","lineno":6,"logger":"py.warnings"}
{"timestamp":"2026-01-13T19:56:42.673620Z","level":"warning","event":"The `airflow.decorators.task` attribute is deprecated. Please use `'airflow.sdk.task'`.","category":"DeprecatedImportWarning","filename":"/opt/airflow/dags/fake_store_etl.py","lineno":6,"logger":"py.warnings"}
{"timestamp":"2026-01-13T19:57:13.395586Z","level":"info","event":"Filling up the DagBag from /opt/airflow/dags/fake_store_etl.py","logger":"airflow.models.dagbag.DagBag","filename":"dagbag.py","lineno":593}
{"timestamp":"2026-01-13T19:57:14.301201Z","level":"warning","event":"The `airflow.decorators.dag` attribute is deprecated. Please use `'airflow.sdk.dag'`.","category":"DeprecatedImportWarning","filename":"/opt/airflow/dags/fake_store_etl.py","lineno":6,"logger":"py.warnings"}
{"timestamp":"2026-01-13T19:57:14.301491Z","level":"warning","event":"The `airflow.decorators.task` attribute is deprecated. Please use `'airflow.sdk.task'`.","category":"DeprecatedImportWarning","filename":"/opt/airflow/dags/fake_store_etl.py","lineno":6,"logger":"py.warnings"}
{"timestamp":"2026-01-13T19:57:45.107486Z","level":"info","event":"Filling up the DagBag from /opt/airflow/dags/fake_store_etl.py","logger":"airflow.models.dagbag.DagBag","filename":"dagbag.py","lineno":593}
{"timestamp":"2026-01-13T19:57:46.064063Z","level":"warning","event":"The `airflow.decorators.dag` attribute is deprecated. Please use `'airflow.sdk.dag'`.","category":"DeprecatedImportWarning","filename":"/opt/airflow/dags/fake_store_etl.py","lineno":6,"logger":"py.warnings"}
{"timestamp":"2026-01-13T19:57:46.064305Z","level":"warning","event":"The `airflow.decorators.task` attribute is deprecated. Please use `'airflow.sdk.task'`.","category":"DeprecatedImportWarning","filename":"/opt/airflow/dags/fake_store_etl.py","lineno":6,"logger":"py.warnings"}
{"timestamp":"2026-01-13T19:58:16.248553Z","level":"info","event":"Filling up the DagBag from /opt/airflow/dags/fake_store_etl.py","logger":"airflow.models.dagbag.DagBag","filename":"dagbag.py","lineno":593}
{"timestamp":"2026-01-13T19:58:17.220050Z","level":"warning","event":"The `airflow.decorators.dag` attribute is deprecated. Please use `'airflow.sdk.dag'`.","category":"DeprecatedImportWarning","filename":"/opt/airflow/dags/fake_store_etl.py","lineno":6,"logger":"py.warnings"}
{"timestamp":"2026-01-13T19:58:17.220427Z","level":"warning","event":"The `airflow.decorators.task` attribute is deprecated. Please use `'airflow.sdk.task'`.","category":"DeprecatedImportWarning","filename":"/opt/airflow/dags/fake_store_etl.py","lineno":6,"logger":"py.warnings"}
{"timestamp":"2026-01-13T19:58:48.020866Z","level":"info","event":"Filling up the DagBag from /opt/airflow/dags/fake_store_etl.py","logger":"airflow.models.dagbag.DagBag","filename":"dagbag.py","lineno":593}
{"timestamp":"2026-01-13T19:58:49.219229Z","level":"warning","event":"The `airflow.decorators.dag` attribute is deprecated. Please use `'airflow.sdk.dag'`.","category":"DeprecatedImportWarning","filename":"/opt/airflow/dags/fake_store_etl.py","lineno":6,"logger":"py.warnings"}
{"timestamp":"2026-01-13T19:58:49.219633Z","level":"warning","event":"The `airflow.decorators.task` attribute is deprecated. Please use `'airflow.sdk.task'`.","category":"DeprecatedImportWarning","filename":"/opt/airflow/dags/fake_store_etl.py","lineno":6,"logger":"py.warnings"}
{"timestamp":"2026-01-13T19:59:19.374875Z","level":"info","event":"Filling up the DagBag from /opt/airflow/dags/fake_store_etl.py","logger":"airflow.models.dagbag.DagBag","filename":"dagbag.py","lineno":593}
{"timestamp":"2026-01-13T19:59:20.278201Z","level":"warning","event":"The `airflow.decorators.dag` attribute is deprecated. Please use `'airflow.sdk.dag'`.","category":"DeprecatedImportWarning","filename":"/opt/airflow/dags/fake_store_etl.py","lineno":6,"logger":"py.warnings"}
{"timestamp":"2026-01-13T19:59:20.278473Z","level":"warning","event":"The `airflow.decorators.task` attribute is deprecated. Please use `'airflow.sdk.task'`.","category":"DeprecatedImportWarning","filename":"/opt/airflow/dags/fake_store_etl.py","lineno":6,"logger":"py.warnings"}
{"timestamp":"2026-01-13T19:59:50.966942Z","level":"info","event":"Filling up the DagBag from /opt/airflow/dags/fake_store_etl.py","logger":"airflow.models.dagbag.DagBag","filename":"dagbag.py","lineno":593}
{"timestamp":"2026-01-13T19:59:52.013365Z","level":"warning","event":"The `airflow.decorators.dag` attribute is deprecated. Please use `'airflow.sdk.dag'`.","category":"DeprecatedImportWarning","filename":"/opt/airflow/dags/fake_store_etl.py","lineno":6,"logger":"py.warnings"}
{"timestamp":"2026-01-13T19:59:52.013786Z","level":"warning","event":"The `airflow.decorators.task` attribute is deprecated. Please use `'airflow.sdk.task'`.","category":"DeprecatedImportWarning","filename":"/opt/airflow/dags/fake_store_etl.py","lineno":6,"logger":"py.warnings"}
{"timestamp":"2026-01-13T20:00:22.733996Z","level":"info","event":"Filling up the DagBag from /opt/airflow/dags/fake_store_etl.py","logger":"airflow.models.dagbag.DagBag","filename":"dagbag.py","lineno":593}
{"timestamp":"2026-01-13T20:00:23.633841Z","level":"warning","event":"The `airflow.decorators.dag` attribute is deprecated. Please use `'airflow.sdk.dag'`.","category":"DeprecatedImportWarning","filename":"/opt/airflow/dags/fake_store_etl.py","lineno":6,"logger":"py.warnings"}
{"timestamp":"2026-01-13T20:00:23.634032Z","level":"warning","event":"The `airflow.decorators.task` attribute is deprecated. Please use `'airflow.sdk.task'`.","category":"DeprecatedImportWarning","filename":"/opt/airflow/dags/fake_store_etl.py","lineno":6,"logger":"py.warnings"}
{"timestamp":"2026-01-13T20:00:54.406066Z","level":"info","event":"Filling up the DagBag from /opt/airflow/dags/fake_store_etl.py","logger":"airflow.models.dagbag.DagBag","filename":"dagbag.py","lineno":593}
{"timestamp":"2026-01-13T20:00:55.497146Z","level":"warning","event":"The `airflow.decorators.dag` attribute is deprecated. Please use `'airflow.sdk.dag'`.","category":"DeprecatedImportWarning","filename":"/opt/airflow/dags/fake_store_etl.py","lineno":6,"logger":"py.warnings"}
{"timestamp":"2026-01-13T20:00:55.497338Z","level":"warning","event":"The `airflow.decorators.task` attribute is deprecated. Please use `'airflow.sdk.task'`.","category":"DeprecatedImportWarning","filename":"/opt/airflow/dags/fake_store_etl.py","lineno":6,"logger":"py.warnings"}
{"timestamp":"2026-01-13T20:01:26.452219Z","level":"info","event":"Filling up the DagBag from /opt/airflow/dags/fake_store_etl.py","logger":"airflow.models.dagbag.DagBag","filename":"dagbag.py","lineno":593}
{"timestamp":"2026-01-13T20:01:27.342445Z","level":"warning","event":"The `airflow.decorators.dag` attribute is deprecated. Please use `'airflow.sdk.dag'`.","category":"DeprecatedImportWarning","filename":"/opt/airflow/dags/fake_store_etl.py","lineno":6,"logger":"py.warnings"}
{"timestamp":"2026-01-13T20:01:27.342753Z","level":"warning","event":"The `airflow.decorators.task` attribute is deprecated. Please use `'airflow.sdk.task'`.","category":"DeprecatedImportWarning","filename":"/opt/airflow/dags/fake_store_etl.py","lineno":6,"logger":"py.warnings"}
{"timestamp":"2026-01-13T20:01:58.216355Z","level":"info","event":"Filling up the DagBag from /opt/airflow/dags/fake_store_etl.py","logger":"airflow.models.dagbag.DagBag","filename":"dagbag.py","lineno":593}
{"timestamp":"2026-01-13T20:01:59.144811Z","level":"warning","event":"The `airflow.decorators.dag` attribute is deprecated. Please use `'airflow.sdk.dag'`.","category":"DeprecatedImportWarning","filename":"/opt/airflow/dags/fake_store_etl.py","lineno":6,"logger":"py.warnings"}
{"timestamp":"2026-01-13T20:01:59.145001Z","level":"warning","event":"The `airflow.decorators.task` attribute is deprecated. Please use `'airflow.sdk.task'`.","category":"DeprecatedImportWarning","filename":"/opt/airflow/dags/fake_store_etl.py","lineno":6,"logger":"py.warnings"}
{"timestamp":"2026-01-13T20:02:29.276436Z","level":"info","event":"Filling up the DagBag from /opt/airflow/dags/fake_store_etl.py","logger":"airflow.models.dagbag.DagBag","filename":"dagbag.py","lineno":593}
{"timestamp":"2026-01-13T20:02:30.297934Z","level":"warning","event":"The `airflow.decorators.dag` attribute is deprecated. Please use `'airflow.sdk.dag'`.","category":"DeprecatedImportWarning","filename":"/opt/airflow/dags/fake_store_etl.py","lineno":6,"logger":"py.warnings"}
{"timestamp":"2026-01-13T20:02:30.298170Z","level":"warning","event":"The `airflow.decorators.task` attribute is deprecated. Please use `'airflow.sdk.task'`.","category":"DeprecatedImportWarning","filename":"/opt/airflow/dags/fake_store_etl.py","lineno":6,"logger":"py.warnings"}
{"timestamp":"2026-01-13T20:03:00.485888Z","level":"info","event":"Filling up the DagBag from /opt/airflow/dags/fake_store_etl.py","logger":"airflow.models.dagbag.DagBag","filename":"dagbag.py","lineno":593}
{"timestamp":"2026-01-13T20:03:01.617067Z","level":"warning","event":"The `airflow.decorators.dag` attribute is deprecated. Please use `'airflow.sdk.dag'`.","category":"DeprecatedImportWarning","filename":"/opt/airflow/dags/fake_store_etl.py","lineno":6,"logger":"py.warnings"}
{"timestamp":"2026-01-13T20:03:01.617319Z","level":"warning","event":"The `airflow.decorators.task` attribute is deprecated. Please use `'airflow.sdk.task'`.","category":"DeprecatedImportWarning","filename":"/opt/airflow/dags/fake_store_etl.py","lineno":6,"logger":"py.warnings"}
{"timestamp":"2026-01-13T20:03:32.318817Z","level":"info","event":"Filling up the DagBag from /opt/airflow/dags/fake_store_etl.py","logger":"airflow.models.dagbag.DagBag","filename":"dagbag.py","lineno":593}
{"timestamp":"2026-01-13T20:03:33.375277Z","level":"warning","event":"The `airflow.decorators.dag` attribute is deprecated. Please use `'airflow.sdk.dag'`.","category":"DeprecatedImportWarning","filename":"/opt/airflow/dags/fake_store_etl.py","lineno":6,"logger":"py.warnings"}
{"timestamp":"2026-01-13T20:03:33.375730Z","level":"warning","event":"The `airflow.decorators.task` attribute is deprecated. Please use `'airflow.sdk.task'`.","category":"DeprecatedImportWarning","filename":"/opt/airflow/dags/fake_store_etl.py","lineno":6,"logger":"py.warnings"}
{"timestamp":"2026-01-13T20:04:04.300105Z","level":"info","event":"Filling up the DagBag from /opt/airflow/dags/fake_store_etl.py","logger":"airflow.models.dagbag.DagBag","filename":"dagbag.py","lineno":593}
{"timestamp":"2026-01-13T20:04:05.178801Z","level":"warning","event":"The `airflow.decorators.dag` attribute is deprecated. Please use `'airflow.sdk.dag'`.","category":"DeprecatedImportWarning","filename":"/opt/airflow/dags/fake_store_etl.py","lineno":6,"logger":"py.warnings"}
{"timestamp":"2026-01-13T20:04:05.178991Z","level":"warning","event":"The `airflow.decorators.task` attribute is deprecated. Please use `'airflow.sdk.task'`.","category":"DeprecatedImportWarning","filename":"/opt/airflow/dags/fake_store_etl.py","lineno":6,"logger":"py.warnings"}
{"timestamp":"2026-01-13T20:04:35.999639Z","level":"info","event":"Filling up the DagBag from /opt/airflow/dags/fake_store_etl.py","logger":"airflow.models.dagbag.DagBag","filename":"dagbag.py","lineno":593}
{"timestamp":"2026-01-13T20:04:37.044854Z","level":"warning","event":"The `airflow.decorators.dag` attribute is deprecated. Please use `'airflow.sdk.dag'`.","category":"DeprecatedImportWarning","filename":"/opt/airflow/dags/fake_store_etl.py","lineno":6,"logger":"py.warnings"}
{"timestamp":"2026-01-13T20:04:37.045304Z","level":"warning","event":"The `airflow.decorators.task` attribute is deprecated. Please use `'airflow.sdk.task'`.","category":"DeprecatedImportWarning","filename":"/opt/airflow/dags/fake_store_etl.py","lineno":6,"logger":"py.warnings"}
{"timestamp":"2026-01-13T20:05:07.728676Z","level":"info","event":"Filling up the DagBag from /opt/airflow/dags/fake_store_etl.py","logger":"airflow.models.dagbag.DagBag","filename":"dagbag.py","lineno":593}
{"timestamp":"2026-01-13T20:05:08.667597Z","level":"warning","event":"The `airflow.decorators.dag` attribute is deprecated. Please use `'airflow.sdk.dag'`.","category":"DeprecatedImportWarning","filename":"/opt/airflow/dags/fake_store_etl.py","lineno":6,"logger":"py.warnings"}
{"timestamp":"2026-01-13T20:05:08.667807Z","level":"warning","event":"The `airflow.decorators.task` attribute is deprecated. Please use `'airflow.sdk.task'`.","category":"DeprecatedImportWarning","filename":"/opt/airflow/dags/fake_store_etl.py","lineno":6,"logger":"py.warnings"}
{"timestamp":"2026-01-13T20:05:39.396247Z","level":"info","event":"Filling up the DagBag from /opt/airflow/dags/fake_store_etl.py","logger":"airflow.models.dagbag.DagBag","filename":"dagbag.py","lineno":593}
{"timestamp":"2026-01-13T20:05:40.257263Z","level":"warning","event":"The `airflow.decorators.dag` attribute is deprecated. Please use `'airflow.sdk.dag'`.","category":"DeprecatedImportWarning","filename":"/opt/airflow/dags/fake_store_etl.py","lineno":6,"logger":"py.warnings"}
{"timestamp":"2026-01-13T20:05:40.257536Z","level":"warning","event":"The `airflow.decorators.task` attribute is deprecated. Please use `'airflow.sdk.task'`.","category":"DeprecatedImportWarning","filename":"/opt/airflow/dags/fake_store_etl.py","lineno":6,"logger":"py.warnings"}
