{"timestamp":"2026-01-13T11:12:00.152784Z","level":"info","event":"Filling up the DagBag from /opt/airflow/dags/kamis_etl_dag.py","logger":"airflow.models.dagbag.DagBag","filename":"dagbag.py","lineno":593}
{"timestamp":"2026-01-13T11:12:04.027329Z","level":"warning","event":"The `airflow.decorators.dag` attribute is deprecated. Please use `'airflow.sdk.dag'`.","category":"DeprecatedImportWarning","filename":"/opt/airflow/dags/kamis_etl_dag.py","lineno":7,"logger":"py.warnings"}
{"timestamp":"2026-01-13T11:12:04.027521Z","level":"warning","event":"The `airflow.decorators.task` attribute is deprecated. Please use `'airflow.sdk.task'`.","category":"DeprecatedImportWarning","filename":"/opt/airflow/dags/kamis_etl_dag.py","lineno":7,"logger":"py.warnings"}
{"timestamp":"2026-01-13T11:12:34.737377Z","level":"info","event":"Filling up the DagBag from /opt/airflow/dags/kamis_etl_dag.py","logger":"airflow.models.dagbag.DagBag","filename":"dagbag.py","lineno":593}
{"timestamp":"2026-01-13T11:12:35.655876Z","level":"warning","event":"The `airflow.decorators.dag` attribute is deprecated. Please use `'airflow.sdk.dag'`.","category":"DeprecatedImportWarning","filename":"/opt/airflow/dags/kamis_etl_dag.py","lineno":7,"logger":"py.warnings"}
{"timestamp":"2026-01-13T11:12:35.656049Z","level":"warning","event":"The `airflow.decorators.task` attribute is deprecated. Please use `'airflow.sdk.task'`.","category":"DeprecatedImportWarning","filename":"/opt/airflow/dags/kamis_etl_dag.py","lineno":7,"logger":"py.warnings"}
{"timestamp":"2026-01-13T11:13:06.254982Z","level":"info","event":"Filling up the DagBag from /opt/airflow/dags/kamis_etl_dag.py","logger":"airflow.models.dagbag.DagBag","filename":"dagbag.py","lineno":593}
{"timestamp":"2026-01-13T11:13:06.753146Z","level":"warning","event":"The `airflow.decorators.dag` attribute is deprecated. Please use `'airflow.sdk.dag'`.","category":"DeprecatedImportWarning","filename":"/opt/airflow/dags/kamis_etl_dag.py","lineno":7,"logger":"py.warnings"}
{"timestamp":"2026-01-13T11:13:06.753293Z","level":"warning","event":"The `airflow.decorators.task` attribute is deprecated. Please use `'airflow.sdk.task'`.","category":"DeprecatedImportWarning","filename":"/opt/airflow/dags/kamis_etl_dag.py","lineno":7,"logger":"py.warnings"}
{"timestamp":"2026-01-13T11:13:37.368871Z","level":"info","event":"Filling up the DagBag from /opt/airflow/dags/kamis_etl_dag.py","logger":"airflow.models.dagbag.DagBag","filename":"dagbag.py","lineno":593}
{"timestamp":"2026-01-13T11:13:37.835406Z","level":"warning","event":"The `airflow.decorators.dag` attribute is deprecated. Please use `'airflow.sdk.dag'`.","category":"DeprecatedImportWarning","filename":"/opt/airflow/dags/kamis_etl_dag.py","lineno":7,"logger":"py.warnings"}
{"timestamp":"2026-01-13T11:13:37.835547Z","level":"warning","event":"The `airflow.decorators.task` attribute is deprecated. Please use `'airflow.sdk.task'`.","category":"DeprecatedImportWarning","filename":"/opt/airflow/dags/kamis_etl_dag.py","lineno":7,"logger":"py.warnings"}
{"timestamp":"2026-01-13T11:14:08.291520Z","level":"info","event":"Filling up the DagBag from /opt/airflow/dags/kamis_etl_dag.py","logger":"airflow.models.dagbag.DagBag","filename":"dagbag.py","lineno":593}
{"timestamp":"2026-01-13T11:14:08.916267Z","level":"warning","event":"The `airflow.decorators.dag` attribute is deprecated. Please use `'airflow.sdk.dag'`.","category":"DeprecatedImportWarning","filename":"/opt/airflow/dags/kamis_etl_dag.py","lineno":7,"logger":"py.warnings"}
{"timestamp":"2026-01-13T11:14:08.916408Z","level":"warning","event":"The `airflow.decorators.task` attribute is deprecated. Please use `'airflow.sdk.task'`.","category":"DeprecatedImportWarning","filename":"/opt/airflow/dags/kamis_etl_dag.py","lineno":7,"logger":"py.warnings"}
{"timestamp":"2026-01-13T11:14:39.476409Z","level":"info","event":"Filling up the DagBag from /opt/airflow/dags/kamis_etl_dag.py","logger":"airflow.models.dagbag.DagBag","filename":"dagbag.py","lineno":593}
{"timestamp":"2026-01-13T11:14:40.189786Z","level":"warning","event":"The `airflow.decorators.dag` attribute is deprecated. Please use `'airflow.sdk.dag'`.","category":"DeprecatedImportWarning","filename":"/opt/airflow/dags/kamis_etl_dag.py","lineno":7,"logger":"py.warnings"}
{"timestamp":"2026-01-13T11:14:40.189929Z","level":"warning","event":"The `airflow.decorators.task` attribute is deprecated. Please use `'airflow.sdk.task'`.","category":"DeprecatedImportWarning","filename":"/opt/airflow/dags/kamis_etl_dag.py","lineno":7,"logger":"py.warnings"}
{"timestamp":"2026-01-13T11:15:10.676726Z","level":"info","event":"Filling up the DagBag from /opt/airflow/dags/kamis_etl_dag.py","logger":"airflow.models.dagbag.DagBag","filename":"dagbag.py","lineno":593}
{"timestamp":"2026-01-13T11:15:11.284716Z","level":"warning","event":"The `airflow.decorators.dag` attribute is deprecated. Please use `'airflow.sdk.dag'`.","category":"DeprecatedImportWarning","filename":"/opt/airflow/dags/kamis_etl_dag.py","lineno":7,"logger":"py.warnings"}
{"timestamp":"2026-01-13T11:15:11.284840Z","level":"warning","event":"The `airflow.decorators.task` attribute is deprecated. Please use `'airflow.sdk.task'`.","category":"DeprecatedImportWarning","filename":"/opt/airflow/dags/kamis_etl_dag.py","lineno":7,"logger":"py.warnings"}
{"timestamp":"2026-01-13T11:15:41.923315Z","level":"info","event":"Filling up the DagBag from /opt/airflow/dags/kamis_etl_dag.py","logger":"airflow.models.dagbag.DagBag","filename":"dagbag.py","lineno":593}
{"timestamp":"2026-01-13T11:15:42.623676Z","level":"warning","event":"The `airflow.decorators.dag` attribute is deprecated. Please use `'airflow.sdk.dag'`.","category":"DeprecatedImportWarning","filename":"/opt/airflow/dags/kamis_etl_dag.py","lineno":7,"logger":"py.warnings"}
{"timestamp":"2026-01-13T11:15:42.623831Z","level":"warning","event":"The `airflow.decorators.task` attribute is deprecated. Please use `'airflow.sdk.task'`.","category":"DeprecatedImportWarning","filename":"/opt/airflow/dags/kamis_etl_dag.py","lineno":7,"logger":"py.warnings"}
{"timestamp":"2026-01-13T11:16:05.127497Z","level":"warning","event":"Error when trying to pre-import module 'airflow.sdk.dag' found in /opt/airflow/dags/kamis_etl_dag.py: No module named 'airflow.sdk.dag'","logger":"processor"}
{"timestamp":"2026-01-13T11:16:05.127800Z","level":"warning","event":"Error when trying to pre-import module 'airflow.sdk.task' found in /opt/airflow/dags/kamis_etl_dag.py: No module named 'airflow.sdk.task'","logger":"processor"}
{"timestamp":"2026-01-13T11:16:05.153096Z","level":"info","event":"Filling up the DagBag from /opt/airflow/dags/kamis_etl_dag.py","logger":"airflow.models.dagbag.DagBag","filename":"dagbag.py","lineno":593}
{"timestamp":"2026-01-13T11:16:05.890947Z","level":"error","event":"Failed to import: /opt/airflow/dags/kamis_etl_dag.py","logger":"airflow.models.dagbag.DagBag","filename":"dagbag.py","lineno":415,"error_detail":[{"exc_type":"ModuleNotFoundError","exc_value":"No module named 'airflow.sdk.dag'","exc_notes":[],"syntax_error":null,"is_cause":false,"frames":[{"filename":"/home/airflow/.local/lib/python3.12/site-packages/airflow/models/dagbag.py","lineno":405,"name":"parse"},{"filename":"<frozen importlib._bootstrap_external>","lineno":999,"name":"exec_module"},{"filename":"<frozen importlib._bootstrap>","lineno":488,"name":"_call_with_frames_removed"},{"filename":"/opt/airflow/dags/kamis_etl_dag.py","lineno":9,"name":"<module>"}],"is_group":false,"exceptions":[]}]}
{"timestamp":"2026-01-13T11:16:36.387782Z","level":"warning","event":"Error when trying to pre-import module 'airflow.sdk.dag' found in /opt/airflow/dags/kamis_etl_dag.py: No module named 'airflow.sdk.dag'","logger":"processor"}
{"timestamp":"2026-01-13T11:16:36.387974Z","level":"warning","event":"Error when trying to pre-import module 'airflow.sdk.task' found in /opt/airflow/dags/kamis_etl_dag.py: No module named 'airflow.sdk.task'","logger":"processor"}
{"timestamp":"2026-01-13T11:16:36.405898Z","level":"info","event":"Filling up the DagBag from /opt/airflow/dags/kamis_etl_dag.py","logger":"airflow.models.dagbag.DagBag","filename":"dagbag.py","lineno":593}
{"timestamp":"2026-01-13T11:16:36.998890Z","level":"error","event":"Failed to import: /opt/airflow/dags/kamis_etl_dag.py","logger":"airflow.models.dagbag.DagBag","filename":"dagbag.py","lineno":415,"error_detail":[{"exc_type":"ModuleNotFoundError","exc_value":"No module named 'airflow.sdk.dag'","exc_notes":[],"syntax_error":null,"is_cause":false,"frames":[{"filename":"/home/airflow/.local/lib/python3.12/site-packages/airflow/models/dagbag.py","lineno":405,"name":"parse"},{"filename":"<frozen importlib._bootstrap_external>","lineno":999,"name":"exec_module"},{"filename":"<frozen importlib._bootstrap>","lineno":488,"name":"_call_with_frames_removed"},{"filename":"/opt/airflow/dags/kamis_etl_dag.py","lineno":9,"name":"<module>"}],"is_group":false,"exceptions":[]}]}
{"timestamp":"2026-01-13T11:16:53.128738Z","level":"warning","event":"Error when trying to pre-import module 'airflow.sdk.dag' found in /opt/airflow/dags/kamis_etl_dag.py: No module named 'airflow.sdk.dag'","logger":"processor"}
{"timestamp":"2026-01-13T11:16:53.128896Z","level":"warning","event":"Error when trying to pre-import module 'airflow.sdk.task' found in /opt/airflow/dags/kamis_etl_dag.py: No module named 'airflow.sdk.task'","logger":"processor"}
{"timestamp":"2026-01-13T11:16:53.147458Z","level":"info","event":"Filling up the DagBag from /opt/airflow/dags/kamis_etl_dag.py","logger":"airflow.models.dagbag.DagBag","filename":"dagbag.py","lineno":593}
{"timestamp":"2026-01-13T11:16:53.755672Z","level":"error","event":"Failed to import: /opt/airflow/dags/kamis_etl_dag.py","logger":"airflow.models.dagbag.DagBag","filename":"dagbag.py","lineno":415,"error_detail":[{"exc_type":"ModuleNotFoundError","exc_value":"No module named 'airflow.sdk.dag'","exc_notes":[],"syntax_error":null,"is_cause":false,"frames":[{"filename":"/home/airflow/.local/lib/python3.12/site-packages/airflow/models/dagbag.py","lineno":405,"name":"parse"},{"filename":"<frozen importlib._bootstrap_external>","lineno":999,"name":"exec_module"},{"filename":"<frozen importlib._bootstrap>","lineno":488,"name":"_call_with_frames_removed"},{"filename":"/opt/airflow/dags/kamis_etl_dag.py","lineno":9,"name":"<module>"}],"is_group":false,"exceptions":[]}]}
{"timestamp":"2026-01-13T11:17:24.204119Z","level":"warning","event":"Error when trying to pre-import module 'airflow.sdk.dag' found in /opt/airflow/dags/kamis_etl_dag.py: No module named 'airflow.sdk.dag'","logger":"processor"}
{"timestamp":"2026-01-13T11:17:24.204331Z","level":"warning","event":"Error when trying to pre-import module 'airflow.sdk.task' found in /opt/airflow/dags/kamis_etl_dag.py: No module named 'airflow.sdk.task'","logger":"processor"}
{"timestamp":"2026-01-13T11:17:24.222994Z","level":"info","event":"Filling up the DagBag from /opt/airflow/dags/kamis_etl_dag.py","logger":"airflow.models.dagbag.DagBag","filename":"dagbag.py","lineno":593}
{"timestamp":"2026-01-13T11:17:24.809791Z","level":"error","event":"Failed to import: /opt/airflow/dags/kamis_etl_dag.py","logger":"airflow.models.dagbag.DagBag","filename":"dagbag.py","lineno":415,"error_detail":[{"exc_type":"ModuleNotFoundError","exc_value":"No module named 'airflow.sdk.dag'","exc_notes":[],"syntax_error":null,"is_cause":false,"frames":[{"filename":"/home/airflow/.local/lib/python3.12/site-packages/airflow/models/dagbag.py","lineno":405,"name":"parse"},{"filename":"<frozen importlib._bootstrap_external>","lineno":999,"name":"exec_module"},{"filename":"<frozen importlib._bootstrap>","lineno":488,"name":"_call_with_frames_removed"},{"filename":"/opt/airflow/dags/kamis_etl_dag.py","lineno":9,"name":"<module>"}],"is_group":false,"exceptions":[]}]}
{"timestamp":"2026-01-13T11:17:45.289617Z","level":"info","event":"Filling up the DagBag from /opt/airflow/dags/kamis_etl_dag.py","logger":"airflow.models.dagbag.DagBag","filename":"dagbag.py","lineno":593}
{"timestamp":"2026-01-13T11:17:45.955710Z","level":"warning","event":"The `airflow.decorators.dag` attribute is deprecated. Please use `'airflow.sdk.dag'`.","category":"DeprecatedImportWarning","filename":"/opt/airflow/dags/kamis_etl_dag.py","lineno":1,"logger":"py.warnings"}
{"timestamp":"2026-01-13T11:17:45.955847Z","level":"warning","event":"The `airflow.decorators.task` attribute is deprecated. Please use `'airflow.sdk.task'`.","category":"DeprecatedImportWarning","filename":"/opt/airflow/dags/kamis_etl_dag.py","lineno":1,"logger":"py.warnings"}
{"timestamp":"2026-01-13T11:17:53.072436Z","level":"info","event":"Filling up the DagBag from /opt/airflow/dags/kamis_etl_dag.py","logger":"airflow.models.dagbag.DagBag","filename":"dagbag.py","lineno":593}
{"timestamp":"2026-01-13T11:17:53.948878Z","level":"warning","event":"The `airflow.decorators.dag` attribute is deprecated. Please use `'airflow.sdk.dag'`.","category":"DeprecatedImportWarning","filename":"/opt/airflow/dags/kamis_etl_dag.py","lineno":1,"logger":"py.warnings"}
{"timestamp":"2026-01-13T11:17:53.949052Z","level":"warning","event":"The `airflow.decorators.task` attribute is deprecated. Please use `'airflow.sdk.task'`.","category":"DeprecatedImportWarning","filename":"/opt/airflow/dags/kamis_etl_dag.py","lineno":1,"logger":"py.warnings"}
{"timestamp":"2026-01-13T11:17:53.973745Z","level":"warning","event":"Process exited abnormally","exit_code":126,"logger":"processor"}
{"timestamp":"2026-01-13T11:17:54.006730Z","level":"info","event":"Filling up the DagBag from /opt/airflow/dags/kamis_etl_dag.py","logger":"airflow.models.dagbag.DagBag","filename":"dagbag.py","lineno":593}
{"timestamp":"2026-01-13T11:17:54.958885Z","level":"warning","event":"The `airflow.decorators.dag` attribute is deprecated. Please use `'airflow.sdk.dag'`.","category":"DeprecatedImportWarning","filename":"/opt/airflow/dags/kamis_etl_dag.py","lineno":1,"logger":"py.warnings"}
{"timestamp":"2026-01-13T11:17:54.959145Z","level":"warning","event":"The `airflow.decorators.task` attribute is deprecated. Please use `'airflow.sdk.task'`.","category":"DeprecatedImportWarning","filename":"/opt/airflow/dags/kamis_etl_dag.py","lineno":1,"logger":"py.warnings"}
{"timestamp":"2026-01-13T11:18:25.848753Z","level":"info","event":"Filling up the DagBag from /opt/airflow/dags/kamis_etl_dag.py","logger":"airflow.models.dagbag.DagBag","filename":"dagbag.py","lineno":593}
{"timestamp":"2026-01-13T11:18:26.663646Z","level":"warning","event":"The `airflow.decorators.dag` attribute is deprecated. Please use `'airflow.sdk.dag'`.","category":"DeprecatedImportWarning","filename":"/opt/airflow/dags/kamis_etl_dag.py","lineno":1,"logger":"py.warnings"}
{"timestamp":"2026-01-13T11:18:26.663827Z","level":"warning","event":"The `airflow.decorators.task` attribute is deprecated. Please use `'airflow.sdk.task'`.","category":"DeprecatedImportWarning","filename":"/opt/airflow/dags/kamis_etl_dag.py","lineno":1,"logger":"py.warnings"}
{"timestamp":"2026-01-13T11:18:57.195185Z","level":"info","event":"Filling up the DagBag from /opt/airflow/dags/kamis_etl_dag.py","logger":"airflow.models.dagbag.DagBag","filename":"dagbag.py","lineno":593}
{"timestamp":"2026-01-13T11:18:58.241596Z","level":"warning","event":"The `airflow.decorators.dag` attribute is deprecated. Please use `'airflow.sdk.dag'`.","category":"DeprecatedImportWarning","filename":"/opt/airflow/dags/kamis_etl_dag.py","lineno":1,"logger":"py.warnings"}
{"timestamp":"2026-01-13T11:18:58.241764Z","level":"warning","event":"The `airflow.decorators.task` attribute is deprecated. Please use `'airflow.sdk.task'`.","category":"DeprecatedImportWarning","filename":"/opt/airflow/dags/kamis_etl_dag.py","lineno":1,"logger":"py.warnings"}
{"timestamp":"2026-01-13T11:19:28.878088Z","level":"info","event":"Filling up the DagBag from /opt/airflow/dags/kamis_etl_dag.py","logger":"airflow.models.dagbag.DagBag","filename":"dagbag.py","lineno":593}
{"timestamp":"2026-01-13T11:19:29.631163Z","level":"warning","event":"The `airflow.decorators.dag` attribute is deprecated. Please use `'airflow.sdk.dag'`.","category":"DeprecatedImportWarning","filename":"/opt/airflow/dags/kamis_etl_dag.py","lineno":1,"logger":"py.warnings"}
{"timestamp":"2026-01-13T11:19:29.631310Z","level":"warning","event":"The `airflow.decorators.task` attribute is deprecated. Please use `'airflow.sdk.task'`.","category":"DeprecatedImportWarning","filename":"/opt/airflow/dags/kamis_etl_dag.py","lineno":1,"logger":"py.warnings"}
{"timestamp":"2026-01-13T11:20:00.074942Z","level":"info","event":"Filling up the DagBag from /opt/airflow/dags/kamis_etl_dag.py","logger":"airflow.models.dagbag.DagBag","filename":"dagbag.py","lineno":593}
{"timestamp":"2026-01-13T11:20:00.667212Z","level":"warning","event":"The `airflow.decorators.dag` attribute is deprecated. Please use `'airflow.sdk.dag'`.","category":"DeprecatedImportWarning","filename":"/opt/airflow/dags/kamis_etl_dag.py","lineno":1,"logger":"py.warnings"}
{"timestamp":"2026-01-13T11:20:00.667343Z","level":"warning","event":"The `airflow.decorators.task` attribute is deprecated. Please use `'airflow.sdk.task'`.","category":"DeprecatedImportWarning","filename":"/opt/airflow/dags/kamis_etl_dag.py","lineno":1,"logger":"py.warnings"}
{"timestamp":"2026-01-13T11:20:31.256723Z","level":"info","event":"Filling up the DagBag from /opt/airflow/dags/kamis_etl_dag.py","logger":"airflow.models.dagbag.DagBag","filename":"dagbag.py","lineno":593}
{"timestamp":"2026-01-13T11:20:31.812654Z","level":"warning","event":"The `airflow.decorators.dag` attribute is deprecated. Please use `'airflow.sdk.dag'`.","category":"DeprecatedImportWarning","filename":"/opt/airflow/dags/kamis_etl_dag.py","lineno":1,"logger":"py.warnings"}
{"timestamp":"2026-01-13T11:20:31.812781Z","level":"warning","event":"The `airflow.decorators.task` attribute is deprecated. Please use `'airflow.sdk.task'`.","category":"DeprecatedImportWarning","filename":"/opt/airflow/dags/kamis_etl_dag.py","lineno":1,"logger":"py.warnings"}
{"timestamp":"2026-01-13T11:21:02.348069Z","level":"info","event":"Filling up the DagBag from /opt/airflow/dags/kamis_etl_dag.py","logger":"airflow.models.dagbag.DagBag","filename":"dagbag.py","lineno":593}
{"timestamp":"2026-01-13T11:21:02.917794Z","level":"warning","event":"The `airflow.decorators.dag` attribute is deprecated. Please use `'airflow.sdk.dag'`.","category":"DeprecatedImportWarning","filename":"/opt/airflow/dags/kamis_etl_dag.py","lineno":1,"logger":"py.warnings"}
{"timestamp":"2026-01-13T11:21:02.917946Z","level":"warning","event":"The `airflow.decorators.task` attribute is deprecated. Please use `'airflow.sdk.task'`.","category":"DeprecatedImportWarning","filename":"/opt/airflow/dags/kamis_etl_dag.py","lineno":1,"logger":"py.warnings"}
{"timestamp":"2026-01-13T11:21:33.498448Z","level":"info","event":"Filling up the DagBag from /opt/airflow/dags/kamis_etl_dag.py","logger":"airflow.models.dagbag.DagBag","filename":"dagbag.py","lineno":593}
{"timestamp":"2026-01-13T11:21:34.119132Z","level":"warning","event":"The `airflow.decorators.dag` attribute is deprecated. Please use `'airflow.sdk.dag'`.","category":"DeprecatedImportWarning","filename":"/opt/airflow/dags/kamis_etl_dag.py","lineno":1,"logger":"py.warnings"}
{"timestamp":"2026-01-13T11:21:34.119280Z","level":"warning","event":"The `airflow.decorators.task` attribute is deprecated. Please use `'airflow.sdk.task'`.","category":"DeprecatedImportWarning","filename":"/opt/airflow/dags/kamis_etl_dag.py","lineno":1,"logger":"py.warnings"}
{"timestamp":"2026-01-13T11:22:04.675051Z","level":"info","event":"Filling up the DagBag from /opt/airflow/dags/kamis_etl_dag.py","logger":"airflow.models.dagbag.DagBag","filename":"dagbag.py","lineno":593}
{"timestamp":"2026-01-13T11:22:05.639630Z","level":"warning","event":"The `airflow.decorators.dag` attribute is deprecated. Please use `'airflow.sdk.dag'`.","category":"DeprecatedImportWarning","filename":"/opt/airflow/dags/kamis_etl_dag.py","lineno":1,"logger":"py.warnings"}
{"timestamp":"2026-01-13T11:22:05.639818Z","level":"warning","event":"The `airflow.decorators.task` attribute is deprecated. Please use `'airflow.sdk.task'`.","category":"DeprecatedImportWarning","filename":"/opt/airflow/dags/kamis_etl_dag.py","lineno":1,"logger":"py.warnings"}
{"timestamp":"2026-01-13T11:22:36.202262Z","level":"info","event":"Filling up the DagBag from /opt/airflow/dags/kamis_etl_dag.py","logger":"airflow.models.dagbag.DagBag","filename":"dagbag.py","lineno":593}
{"timestamp":"2026-01-13T11:22:36.872954Z","level":"warning","event":"The `airflow.decorators.dag` attribute is deprecated. Please use `'airflow.sdk.dag'`.","category":"DeprecatedImportWarning","filename":"/opt/airflow/dags/kamis_etl_dag.py","lineno":1,"logger":"py.warnings"}
{"timestamp":"2026-01-13T11:22:36.873098Z","level":"warning","event":"The `airflow.decorators.task` attribute is deprecated. Please use `'airflow.sdk.task'`.","category":"DeprecatedImportWarning","filename":"/opt/airflow/dags/kamis_etl_dag.py","lineno":1,"logger":"py.warnings"}
{"timestamp":"2026-01-13T11:23:07.413532Z","level":"info","event":"Filling up the DagBag from /opt/airflow/dags/kamis_etl_dag.py","logger":"airflow.models.dagbag.DagBag","filename":"dagbag.py","lineno":593}
{"timestamp":"2026-01-13T11:23:08.035577Z","level":"warning","event":"The `airflow.decorators.dag` attribute is deprecated. Please use `'airflow.sdk.dag'`.","category":"DeprecatedImportWarning","filename":"/opt/airflow/dags/kamis_etl_dag.py","lineno":1,"logger":"py.warnings"}
{"timestamp":"2026-01-13T11:23:08.035712Z","level":"warning","event":"The `airflow.decorators.task` attribute is deprecated. Please use `'airflow.sdk.task'`.","category":"DeprecatedImportWarning","filename":"/opt/airflow/dags/kamis_etl_dag.py","lineno":1,"logger":"py.warnings"}
{"timestamp":"2026-01-13T11:23:38.588727Z","level":"info","event":"Filling up the DagBag from /opt/airflow/dags/kamis_etl_dag.py","logger":"airflow.models.dagbag.DagBag","filename":"dagbag.py","lineno":593}
{"timestamp":"2026-01-13T11:23:39.244738Z","level":"warning","event":"The `airflow.decorators.dag` attribute is deprecated. Please use `'airflow.sdk.dag'`.","category":"DeprecatedImportWarning","filename":"/opt/airflow/dags/kamis_etl_dag.py","lineno":1,"logger":"py.warnings"}
{"timestamp":"2026-01-13T11:23:39.244875Z","level":"warning","event":"The `airflow.decorators.task` attribute is deprecated. Please use `'airflow.sdk.task'`.","category":"DeprecatedImportWarning","filename":"/opt/airflow/dags/kamis_etl_dag.py","lineno":1,"logger":"py.warnings"}
{"timestamp":"2026-01-13T11:24:09.478232Z","level":"info","event":"Filling up the DagBag from /opt/airflow/dags/kamis_etl_dag.py","logger":"airflow.models.dagbag.DagBag","filename":"dagbag.py","lineno":593}
{"timestamp":"2026-01-13T11:24:10.109748Z","level":"warning","event":"The `airflow.decorators.dag` attribute is deprecated. Please use `'airflow.sdk.dag'`.","category":"DeprecatedImportWarning","filename":"/opt/airflow/dags/kamis_etl_dag.py","lineno":1,"logger":"py.warnings"}
{"timestamp":"2026-01-13T11:24:10.109885Z","level":"warning","event":"The `airflow.decorators.task` attribute is deprecated. Please use `'airflow.sdk.task'`.","category":"DeprecatedImportWarning","filename":"/opt/airflow/dags/kamis_etl_dag.py","lineno":1,"logger":"py.warnings"}
{"timestamp":"2026-01-13T11:24:40.354804Z","level":"info","event":"Filling up the DagBag from /opt/airflow/dags/kamis_etl_dag.py","logger":"airflow.models.dagbag.DagBag","filename":"dagbag.py","lineno":593}
{"timestamp":"2026-01-13T11:24:41.231558Z","level":"warning","event":"The `airflow.decorators.dag` attribute is deprecated. Please use `'airflow.sdk.dag'`.","category":"DeprecatedImportWarning","filename":"/opt/airflow/dags/kamis_etl_dag.py","lineno":1,"logger":"py.warnings"}
{"timestamp":"2026-01-13T11:24:41.231747Z","level":"warning","event":"The `airflow.decorators.task` attribute is deprecated. Please use `'airflow.sdk.task'`.","category":"DeprecatedImportWarning","filename":"/opt/airflow/dags/kamis_etl_dag.py","lineno":1,"logger":"py.warnings"}
{"timestamp":"2026-01-13T11:25:11.685454Z","level":"info","event":"Filling up the DagBag from /opt/airflow/dags/kamis_etl_dag.py","logger":"airflow.models.dagbag.DagBag","filename":"dagbag.py","lineno":593}
{"timestamp":"2026-01-13T11:25:12.519832Z","level":"warning","event":"The `airflow.decorators.dag` attribute is deprecated. Please use `'airflow.sdk.dag'`.","category":"DeprecatedImportWarning","filename":"/opt/airflow/dags/kamis_etl_dag.py","lineno":1,"logger":"py.warnings"}
{"timestamp":"2026-01-13T11:25:12.519984Z","level":"warning","event":"The `airflow.decorators.task` attribute is deprecated. Please use `'airflow.sdk.task'`.","category":"DeprecatedImportWarning","filename":"/opt/airflow/dags/kamis_etl_dag.py","lineno":1,"logger":"py.warnings"}
{"timestamp":"2026-01-13T11:25:42.904068Z","level":"info","event":"Filling up the DagBag from /opt/airflow/dags/kamis_etl_dag.py","logger":"airflow.models.dagbag.DagBag","filename":"dagbag.py","lineno":593}
{"timestamp":"2026-01-13T11:25:43.820097Z","level":"warning","event":"The `airflow.decorators.dag` attribute is deprecated. Please use `'airflow.sdk.dag'`.","category":"DeprecatedImportWarning","filename":"/opt/airflow/dags/kamis_etl_dag.py","lineno":1,"logger":"py.warnings"}
{"timestamp":"2026-01-13T11:25:43.820271Z","level":"warning","event":"The `airflow.decorators.task` attribute is deprecated. Please use `'airflow.sdk.task'`.","category":"DeprecatedImportWarning","filename":"/opt/airflow/dags/kamis_etl_dag.py","lineno":1,"logger":"py.warnings"}
{"timestamp":"2026-01-13T11:26:14.384640Z","level":"info","event":"Filling up the DagBag from /opt/airflow/dags/kamis_etl_dag.py","logger":"airflow.models.dagbag.DagBag","filename":"dagbag.py","lineno":593}
{"timestamp":"2026-01-13T11:26:14.962045Z","level":"warning","event":"The `airflow.decorators.dag` attribute is deprecated. Please use `'airflow.sdk.dag'`.","category":"DeprecatedImportWarning","filename":"/opt/airflow/dags/kamis_etl_dag.py","lineno":1,"logger":"py.warnings"}
{"timestamp":"2026-01-13T11:26:14.962179Z","level":"warning","event":"The `airflow.decorators.task` attribute is deprecated. Please use `'airflow.sdk.task'`.","category":"DeprecatedImportWarning","filename":"/opt/airflow/dags/kamis_etl_dag.py","lineno":1,"logger":"py.warnings"}
{"timestamp":"2026-01-13T11:26:45.457870Z","level":"info","event":"Filling up the DagBag from /opt/airflow/dags/kamis_etl_dag.py","logger":"airflow.models.dagbag.DagBag","filename":"dagbag.py","lineno":593}
{"timestamp":"2026-01-13T11:26:46.017887Z","level":"warning","event":"The `airflow.decorators.dag` attribute is deprecated. Please use `'airflow.sdk.dag'`.","category":"DeprecatedImportWarning","filename":"/opt/airflow/dags/kamis_etl_dag.py","lineno":1,"logger":"py.warnings"}
{"timestamp":"2026-01-13T11:26:46.018021Z","level":"warning","event":"The `airflow.decorators.task` attribute is deprecated. Please use `'airflow.sdk.task'`.","category":"DeprecatedImportWarning","filename":"/opt/airflow/dags/kamis_etl_dag.py","lineno":1,"logger":"py.warnings"}
{"timestamp":"2026-01-13T11:27:16.620578Z","level":"info","event":"Filling up the DagBag from /opt/airflow/dags/kamis_etl_dag.py","logger":"airflow.models.dagbag.DagBag","filename":"dagbag.py","lineno":593}
{"timestamp":"2026-01-13T11:27:17.277971Z","level":"warning","event":"The `airflow.decorators.dag` attribute is deprecated. Please use `'airflow.sdk.dag'`.","category":"DeprecatedImportWarning","filename":"/opt/airflow/dags/kamis_etl_dag.py","lineno":1,"logger":"py.warnings"}
{"timestamp":"2026-01-13T11:27:17.278107Z","level":"warning","event":"The `airflow.decorators.task` attribute is deprecated. Please use `'airflow.sdk.task'`.","category":"DeprecatedImportWarning","filename":"/opt/airflow/dags/kamis_etl_dag.py","lineno":1,"logger":"py.warnings"}
{"timestamp":"2026-01-13T11:27:47.785797Z","level":"info","event":"Filling up the DagBag from /opt/airflow/dags/kamis_etl_dag.py","logger":"airflow.models.dagbag.DagBag","filename":"dagbag.py","lineno":593}
{"timestamp":"2026-01-13T11:27:48.470768Z","level":"warning","event":"The `airflow.decorators.dag` attribute is deprecated. Please use `'airflow.sdk.dag'`.","category":"DeprecatedImportWarning","filename":"/opt/airflow/dags/kamis_etl_dag.py","lineno":1,"logger":"py.warnings"}
{"timestamp":"2026-01-13T11:27:48.470907Z","level":"warning","event":"The `airflow.decorators.task` attribute is deprecated. Please use `'airflow.sdk.task'`.","category":"DeprecatedImportWarning","filename":"/opt/airflow/dags/kamis_etl_dag.py","lineno":1,"logger":"py.warnings"}
{"timestamp":"2026-01-13T11:28:18.899866Z","level":"info","event":"Filling up the DagBag from /opt/airflow/dags/kamis_etl_dag.py","logger":"airflow.models.dagbag.DagBag","filename":"dagbag.py","lineno":593}
{"timestamp":"2026-01-13T11:28:19.524580Z","level":"warning","event":"The `airflow.decorators.dag` attribute is deprecated. Please use `'airflow.sdk.dag'`.","category":"DeprecatedImportWarning","filename":"/opt/airflow/dags/kamis_etl_dag.py","lineno":1,"logger":"py.warnings"}
{"timestamp":"2026-01-13T11:28:19.524795Z","level":"warning","event":"The `airflow.decorators.task` attribute is deprecated. Please use `'airflow.sdk.task'`.","category":"DeprecatedImportWarning","filename":"/opt/airflow/dags/kamis_etl_dag.py","lineno":1,"logger":"py.warnings"}
{"timestamp":"2026-01-13T11:28:50.007423Z","level":"info","event":"Filling up the DagBag from /opt/airflow/dags/kamis_etl_dag.py","logger":"airflow.models.dagbag.DagBag","filename":"dagbag.py","lineno":593}
{"timestamp":"2026-01-13T11:28:50.633139Z","level":"warning","event":"The `airflow.decorators.dag` attribute is deprecated. Please use `'airflow.sdk.dag'`.","category":"DeprecatedImportWarning","filename":"/opt/airflow/dags/kamis_etl_dag.py","lineno":1,"logger":"py.warnings"}
{"timestamp":"2026-01-13T11:28:50.633286Z","level":"warning","event":"The `airflow.decorators.task` attribute is deprecated. Please use `'airflow.sdk.task'`.","category":"DeprecatedImportWarning","filename":"/opt/airflow/dags/kamis_etl_dag.py","lineno":1,"logger":"py.warnings"}
{"timestamp":"2026-01-13T11:29:21.171063Z","level":"info","event":"Filling up the DagBag from /opt/airflow/dags/kamis_etl_dag.py","logger":"airflow.models.dagbag.DagBag","filename":"dagbag.py","lineno":593}
{"timestamp":"2026-01-13T11:29:21.761286Z","level":"warning","event":"The `airflow.decorators.dag` attribute is deprecated. Please use `'airflow.sdk.dag'`.","category":"DeprecatedImportWarning","filename":"/opt/airflow/dags/kamis_etl_dag.py","lineno":1,"logger":"py.warnings"}
{"timestamp":"2026-01-13T11:29:21.761421Z","level":"warning","event":"The `airflow.decorators.task` attribute is deprecated. Please use `'airflow.sdk.task'`.","category":"DeprecatedImportWarning","filename":"/opt/airflow/dags/kamis_etl_dag.py","lineno":1,"logger":"py.warnings"}
{"timestamp":"2026-01-13T11:29:52.288813Z","level":"info","event":"Filling up the DagBag from /opt/airflow/dags/kamis_etl_dag.py","logger":"airflow.models.dagbag.DagBag","filename":"dagbag.py","lineno":593}
{"timestamp":"2026-01-13T11:29:52.912253Z","level":"warning","event":"The `airflow.decorators.dag` attribute is deprecated. Please use `'airflow.sdk.dag'`.","category":"DeprecatedImportWarning","filename":"/opt/airflow/dags/kamis_etl_dag.py","lineno":1,"logger":"py.warnings"}
{"timestamp":"2026-01-13T11:29:52.912385Z","level":"warning","event":"The `airflow.decorators.task` attribute is deprecated. Please use `'airflow.sdk.task'`.","category":"DeprecatedImportWarning","filename":"/opt/airflow/dags/kamis_etl_dag.py","lineno":1,"logger":"py.warnings"}
{"timestamp":"2026-01-13T11:30:23.387314Z","level":"info","event":"Filling up the DagBag from /opt/airflow/dags/kamis_etl_dag.py","logger":"airflow.models.dagbag.DagBag","filename":"dagbag.py","lineno":593}
{"timestamp":"2026-01-13T11:30:24.016884Z","level":"warning","event":"The `airflow.decorators.dag` attribute is deprecated. Please use `'airflow.sdk.dag'`.","category":"DeprecatedImportWarning","filename":"/opt/airflow/dags/kamis_etl_dag.py","lineno":1,"logger":"py.warnings"}
{"timestamp":"2026-01-13T11:30:24.017058Z","level":"warning","event":"The `airflow.decorators.task` attribute is deprecated. Please use `'airflow.sdk.task'`.","category":"DeprecatedImportWarning","filename":"/opt/airflow/dags/kamis_etl_dag.py","lineno":1,"logger":"py.warnings"}
{"timestamp":"2026-01-13T11:30:54.504496Z","level":"info","event":"Filling up the DagBag from /opt/airflow/dags/kamis_etl_dag.py","logger":"airflow.models.dagbag.DagBag","filename":"dagbag.py","lineno":593}
{"timestamp":"2026-01-13T11:30:55.219709Z","level":"warning","event":"The `airflow.decorators.dag` attribute is deprecated. Please use `'airflow.sdk.dag'`.","category":"DeprecatedImportWarning","filename":"/opt/airflow/dags/kamis_etl_dag.py","lineno":1,"logger":"py.warnings"}
{"timestamp":"2026-01-13T11:30:55.219934Z","level":"warning","event":"The `airflow.decorators.task` attribute is deprecated. Please use `'airflow.sdk.task'`.","category":"DeprecatedImportWarning","filename":"/opt/airflow/dags/kamis_etl_dag.py","lineno":1,"logger":"py.warnings"}
{"timestamp":"2026-01-13T11:31:25.643801Z","level":"info","event":"Filling up the DagBag from /opt/airflow/dags/kamis_etl_dag.py","logger":"airflow.models.dagbag.DagBag","filename":"dagbag.py","lineno":593}
{"timestamp":"2026-01-13T11:31:26.323632Z","level":"warning","event":"The `airflow.decorators.dag` attribute is deprecated. Please use `'airflow.sdk.dag'`.","category":"DeprecatedImportWarning","filename":"/opt/airflow/dags/kamis_etl_dag.py","lineno":1,"logger":"py.warnings"}
{"timestamp":"2026-01-13T11:31:26.323782Z","level":"warning","event":"The `airflow.decorators.task` attribute is deprecated. Please use `'airflow.sdk.task'`.","category":"DeprecatedImportWarning","filename":"/opt/airflow/dags/kamis_etl_dag.py","lineno":1,"logger":"py.warnings"}
{"timestamp":"2026-01-13T11:31:56.739766Z","level":"info","event":"Filling up the DagBag from /opt/airflow/dags/kamis_etl_dag.py","logger":"airflow.models.dagbag.DagBag","filename":"dagbag.py","lineno":593}
{"timestamp":"2026-01-13T11:31:57.376124Z","level":"warning","event":"The `airflow.decorators.dag` attribute is deprecated. Please use `'airflow.sdk.dag'`.","category":"DeprecatedImportWarning","filename":"/opt/airflow/dags/kamis_etl_dag.py","lineno":1,"logger":"py.warnings"}
{"timestamp":"2026-01-13T11:31:57.376337Z","level":"warning","event":"The `airflow.decorators.task` attribute is deprecated. Please use `'airflow.sdk.task'`.","category":"DeprecatedImportWarning","filename":"/opt/airflow/dags/kamis_etl_dag.py","lineno":1,"logger":"py.warnings"}
{"timestamp":"2026-01-13T11:32:28.002909Z","level":"info","event":"Filling up the DagBag from /opt/airflow/dags/kamis_etl_dag.py","logger":"airflow.models.dagbag.DagBag","filename":"dagbag.py","lineno":593}
{"timestamp":"2026-01-13T11:32:28.673755Z","level":"warning","event":"The `airflow.decorators.dag` attribute is deprecated. Please use `'airflow.sdk.dag'`.","category":"DeprecatedImportWarning","filename":"/opt/airflow/dags/kamis_etl_dag.py","lineno":1,"logger":"py.warnings"}
{"timestamp":"2026-01-13T11:32:28.673903Z","level":"warning","event":"The `airflow.decorators.task` attribute is deprecated. Please use `'airflow.sdk.task'`.","category":"DeprecatedImportWarning","filename":"/opt/airflow/dags/kamis_etl_dag.py","lineno":1,"logger":"py.warnings"}
{"timestamp":"2026-01-13T11:32:59.162748Z","level":"info","event":"Filling up the DagBag from /opt/airflow/dags/kamis_etl_dag.py","logger":"airflow.models.dagbag.DagBag","filename":"dagbag.py","lineno":593}
{"timestamp":"2026-01-13T11:32:59.969080Z","level":"warning","event":"The `airflow.decorators.dag` attribute is deprecated. Please use `'airflow.sdk.dag'`.","category":"DeprecatedImportWarning","filename":"/opt/airflow/dags/kamis_etl_dag.py","lineno":1,"logger":"py.warnings"}
{"timestamp":"2026-01-13T11:32:59.969250Z","level":"warning","event":"The `airflow.decorators.task` attribute is deprecated. Please use `'airflow.sdk.task'`.","category":"DeprecatedImportWarning","filename":"/opt/airflow/dags/kamis_etl_dag.py","lineno":1,"logger":"py.warnings"}
{"timestamp":"2026-01-13T11:33:30.441252Z","level":"info","event":"Filling up the DagBag from /opt/airflow/dags/kamis_etl_dag.py","logger":"airflow.models.dagbag.DagBag","filename":"dagbag.py","lineno":593}
{"timestamp":"2026-01-13T11:33:31.370884Z","level":"warning","event":"The `airflow.decorators.dag` attribute is deprecated. Please use `'airflow.sdk.dag'`.","category":"DeprecatedImportWarning","filename":"/opt/airflow/dags/kamis_etl_dag.py","lineno":1,"logger":"py.warnings"}
{"timestamp":"2026-01-13T11:33:31.371030Z","level":"warning","event":"The `airflow.decorators.task` attribute is deprecated. Please use `'airflow.sdk.task'`.","category":"DeprecatedImportWarning","filename":"/opt/airflow/dags/kamis_etl_dag.py","lineno":1,"logger":"py.warnings"}
{"timestamp":"2026-01-13T11:34:01.852595Z","level":"info","event":"Filling up the DagBag from /opt/airflow/dags/kamis_etl_dag.py","logger":"airflow.models.dagbag.DagBag","filename":"dagbag.py","lineno":593}
{"timestamp":"2026-01-13T11:34:02.420085Z","level":"warning","event":"The `airflow.decorators.dag` attribute is deprecated. Please use `'airflow.sdk.dag'`.","category":"DeprecatedImportWarning","filename":"/opt/airflow/dags/kamis_etl_dag.py","lineno":1,"logger":"py.warnings"}
{"timestamp":"2026-01-13T11:34:02.420229Z","level":"warning","event":"The `airflow.decorators.task` attribute is deprecated. Please use `'airflow.sdk.task'`.","category":"DeprecatedImportWarning","filename":"/opt/airflow/dags/kamis_etl_dag.py","lineno":1,"logger":"py.warnings"}
{"timestamp":"2026-01-13T11:34:33.071791Z","level":"info","event":"Filling up the DagBag from /opt/airflow/dags/kamis_etl_dag.py","logger":"airflow.models.dagbag.DagBag","filename":"dagbag.py","lineno":593}
{"timestamp":"2026-01-13T11:34:33.658330Z","level":"warning","event":"The `airflow.decorators.dag` attribute is deprecated. Please use `'airflow.sdk.dag'`.","category":"DeprecatedImportWarning","filename":"/opt/airflow/dags/kamis_etl_dag.py","lineno":1,"logger":"py.warnings"}
{"timestamp":"2026-01-13T11:34:33.658456Z","level":"warning","event":"The `airflow.decorators.task` attribute is deprecated. Please use `'airflow.sdk.task'`.","category":"DeprecatedImportWarning","filename":"/opt/airflow/dags/kamis_etl_dag.py","lineno":1,"logger":"py.warnings"}
{"timestamp":"2026-01-13T11:35:03.890821Z","level":"info","event":"Filling up the DagBag from /opt/airflow/dags/kamis_etl_dag.py","logger":"airflow.models.dagbag.DagBag","filename":"dagbag.py","lineno":593}
{"timestamp":"2026-01-13T11:35:04.736081Z","level":"warning","event":"The `airflow.decorators.dag` attribute is deprecated. Please use `'airflow.sdk.dag'`.","category":"DeprecatedImportWarning","filename":"/opt/airflow/dags/kamis_etl_dag.py","lineno":1,"logger":"py.warnings"}
{"timestamp":"2026-01-13T11:35:04.736291Z","level":"warning","event":"The `airflow.decorators.task` attribute is deprecated. Please use `'airflow.sdk.task'`.","category":"DeprecatedImportWarning","filename":"/opt/airflow/dags/kamis_etl_dag.py","lineno":1,"logger":"py.warnings"}
{"timestamp":"2026-01-13T11:35:34.862334Z","level":"info","event":"Filling up the DagBag from /opt/airflow/dags/kamis_etl_dag.py","logger":"airflow.models.dagbag.DagBag","filename":"dagbag.py","lineno":593}
{"timestamp":"2026-01-13T11:35:35.446634Z","level":"warning","event":"The `airflow.decorators.dag` attribute is deprecated. Please use `'airflow.sdk.dag'`.","category":"DeprecatedImportWarning","filename":"/opt/airflow/dags/kamis_etl_dag.py","lineno":1,"logger":"py.warnings"}
{"timestamp":"2026-01-13T11:35:35.446797Z","level":"warning","event":"The `airflow.decorators.task` attribute is deprecated. Please use `'airflow.sdk.task'`.","category":"DeprecatedImportWarning","filename":"/opt/airflow/dags/kamis_etl_dag.py","lineno":1,"logger":"py.warnings"}
{"timestamp":"2026-01-13T11:36:05.521501Z","level":"info","event":"Filling up the DagBag from /opt/airflow/dags/kamis_etl_dag.py","logger":"airflow.models.dagbag.DagBag","filename":"dagbag.py","lineno":593}
{"timestamp":"2026-01-13T11:36:06.109063Z","level":"warning","event":"The `airflow.decorators.dag` attribute is deprecated. Please use `'airflow.sdk.dag'`.","category":"DeprecatedImportWarning","filename":"/opt/airflow/dags/kamis_etl_dag.py","lineno":1,"logger":"py.warnings"}
{"timestamp":"2026-01-13T11:36:06.109248Z","level":"warning","event":"The `airflow.decorators.task` attribute is deprecated. Please use `'airflow.sdk.task'`.","category":"DeprecatedImportWarning","filename":"/opt/airflow/dags/kamis_etl_dag.py","lineno":1,"logger":"py.warnings"}
{"timestamp":"2026-01-13T11:36:36.252564Z","level":"info","event":"Filling up the DagBag from /opt/airflow/dags/kamis_etl_dag.py","logger":"airflow.models.dagbag.DagBag","filename":"dagbag.py","lineno":593}
{"timestamp":"2026-01-13T11:36:36.821602Z","level":"warning","event":"The `airflow.decorators.dag` attribute is deprecated. Please use `'airflow.sdk.dag'`.","category":"DeprecatedImportWarning","filename":"/opt/airflow/dags/kamis_etl_dag.py","lineno":1,"logger":"py.warnings"}
{"timestamp":"2026-01-13T11:36:36.821771Z","level":"warning","event":"The `airflow.decorators.task` attribute is deprecated. Please use `'airflow.sdk.task'`.","category":"DeprecatedImportWarning","filename":"/opt/airflow/dags/kamis_etl_dag.py","lineno":1,"logger":"py.warnings"}
{"timestamp":"2026-01-13T11:37:07.145839Z","level":"info","event":"Filling up the DagBag from /opt/airflow/dags/kamis_etl_dag.py","logger":"airflow.models.dagbag.DagBag","filename":"dagbag.py","lineno":593}
{"timestamp":"2026-01-13T11:37:07.875041Z","level":"warning","event":"The `airflow.decorators.dag` attribute is deprecated. Please use `'airflow.sdk.dag'`.","category":"DeprecatedImportWarning","filename":"/opt/airflow/dags/kamis_etl_dag.py","lineno":1,"logger":"py.warnings"}
{"timestamp":"2026-01-13T11:37:07.875245Z","level":"warning","event":"The `airflow.decorators.task` attribute is deprecated. Please use `'airflow.sdk.task'`.","category":"DeprecatedImportWarning","filename":"/opt/airflow/dags/kamis_etl_dag.py","lineno":1,"logger":"py.warnings"}
{"timestamp":"2026-01-13T11:37:38.120505Z","level":"info","event":"Filling up the DagBag from /opt/airflow/dags/kamis_etl_dag.py","logger":"airflow.models.dagbag.DagBag","filename":"dagbag.py","lineno":593}
{"timestamp":"2026-01-13T11:37:38.819645Z","level":"warning","event":"The `airflow.decorators.dag` attribute is deprecated. Please use `'airflow.sdk.dag'`.","category":"DeprecatedImportWarning","filename":"/opt/airflow/dags/kamis_etl_dag.py","lineno":1,"logger":"py.warnings"}
{"timestamp":"2026-01-13T11:37:38.819792Z","level":"warning","event":"The `airflow.decorators.task` attribute is deprecated. Please use `'airflow.sdk.task'`.","category":"DeprecatedImportWarning","filename":"/opt/airflow/dags/kamis_etl_dag.py","lineno":1,"logger":"py.warnings"}
{"timestamp":"2026-01-13T11:38:08.898755Z","level":"info","event":"Filling up the DagBag from /opt/airflow/dags/kamis_etl_dag.py","logger":"airflow.models.dagbag.DagBag","filename":"dagbag.py","lineno":593}
{"timestamp":"2026-01-13T11:38:09.730255Z","level":"warning","event":"The `airflow.decorators.dag` attribute is deprecated. Please use `'airflow.sdk.dag'`.","category":"DeprecatedImportWarning","filename":"/opt/airflow/dags/kamis_etl_dag.py","lineno":1,"logger":"py.warnings"}
{"timestamp":"2026-01-13T11:38:09.730385Z","level":"warning","event":"The `airflow.decorators.task` attribute is deprecated. Please use `'airflow.sdk.task'`.","category":"DeprecatedImportWarning","filename":"/opt/airflow/dags/kamis_etl_dag.py","lineno":1,"logger":"py.warnings"}
{"timestamp":"2026-01-13T11:38:39.875509Z","level":"info","event":"Filling up the DagBag from /opt/airflow/dags/kamis_etl_dag.py","logger":"airflow.models.dagbag.DagBag","filename":"dagbag.py","lineno":593}
{"timestamp":"2026-01-13T11:38:40.800589Z","level":"warning","event":"The `airflow.decorators.dag` attribute is deprecated. Please use `'airflow.sdk.dag'`.","category":"DeprecatedImportWarning","filename":"/opt/airflow/dags/kamis_etl_dag.py","lineno":1,"logger":"py.warnings"}
{"timestamp":"2026-01-13T11:38:40.800753Z","level":"warning","event":"The `airflow.decorators.task` attribute is deprecated. Please use `'airflow.sdk.task'`.","category":"DeprecatedImportWarning","filename":"/opt/airflow/dags/kamis_etl_dag.py","lineno":1,"logger":"py.warnings"}
{"timestamp":"2026-01-13T11:39:11.490204Z","level":"info","event":"Filling up the DagBag from /opt/airflow/dags/kamis_etl_dag.py","logger":"airflow.models.dagbag.DagBag","filename":"dagbag.py","lineno":593}
{"timestamp":"2026-01-13T11:39:12.075398Z","level":"warning","event":"The `airflow.decorators.dag` attribute is deprecated. Please use `'airflow.sdk.dag'`.","category":"DeprecatedImportWarning","filename":"/opt/airflow/dags/kamis_etl_dag.py","lineno":1,"logger":"py.warnings"}
{"timestamp":"2026-01-13T11:39:12.075530Z","level":"warning","event":"The `airflow.decorators.task` attribute is deprecated. Please use `'airflow.sdk.task'`.","category":"DeprecatedImportWarning","filename":"/opt/airflow/dags/kamis_etl_dag.py","lineno":1,"logger":"py.warnings"}
{"timestamp":"2026-01-13T11:39:42.155436Z","level":"info","event":"Filling up the DagBag from /opt/airflow/dags/kamis_etl_dag.py","logger":"airflow.models.dagbag.DagBag","filename":"dagbag.py","lineno":593}
{"timestamp":"2026-01-13T11:39:42.711139Z","level":"warning","event":"The `airflow.decorators.dag` attribute is deprecated. Please use `'airflow.sdk.dag'`.","category":"DeprecatedImportWarning","filename":"/opt/airflow/dags/kamis_etl_dag.py","lineno":1,"logger":"py.warnings"}
{"timestamp":"2026-01-13T11:39:42.711281Z","level":"warning","event":"The `airflow.decorators.task` attribute is deprecated. Please use `'airflow.sdk.task'`.","category":"DeprecatedImportWarning","filename":"/opt/airflow/dags/kamis_etl_dag.py","lineno":1,"logger":"py.warnings"}
{"timestamp":"2026-01-13T11:40:12.912269Z","level":"info","event":"Filling up the DagBag from /opt/airflow/dags/kamis_etl_dag.py","logger":"airflow.models.dagbag.DagBag","filename":"dagbag.py","lineno":593}
{"timestamp":"2026-01-13T11:40:13.477892Z","level":"warning","event":"The `airflow.decorators.dag` attribute is deprecated. Please use `'airflow.sdk.dag'`.","category":"DeprecatedImportWarning","filename":"/opt/airflow/dags/kamis_etl_dag.py","lineno":1,"logger":"py.warnings"}
{"timestamp":"2026-01-13T11:40:13.478026Z","level":"warning","event":"The `airflow.decorators.task` attribute is deprecated. Please use `'airflow.sdk.task'`.","category":"DeprecatedImportWarning","filename":"/opt/airflow/dags/kamis_etl_dag.py","lineno":1,"logger":"py.warnings"}
{"timestamp":"2026-01-13T11:40:43.553874Z","level":"info","event":"Filling up the DagBag from /opt/airflow/dags/kamis_etl_dag.py","logger":"airflow.models.dagbag.DagBag","filename":"dagbag.py","lineno":593}
{"timestamp":"2026-01-13T11:40:44.187828Z","level":"warning","event":"The `airflow.decorators.dag` attribute is deprecated. Please use `'airflow.sdk.dag'`.","category":"DeprecatedImportWarning","filename":"/opt/airflow/dags/kamis_etl_dag.py","lineno":1,"logger":"py.warnings"}
{"timestamp":"2026-01-13T11:40:44.187970Z","level":"warning","event":"The `airflow.decorators.task` attribute is deprecated. Please use `'airflow.sdk.task'`.","category":"DeprecatedImportWarning","filename":"/opt/airflow/dags/kamis_etl_dag.py","lineno":1,"logger":"py.warnings"}
{"timestamp":"2026-01-13T11:41:14.350161Z","level":"info","event":"Filling up the DagBag from /opt/airflow/dags/kamis_etl_dag.py","logger":"airflow.models.dagbag.DagBag","filename":"dagbag.py","lineno":593}
{"timestamp":"2026-01-13T11:41:15.044374Z","level":"warning","event":"The `airflow.decorators.dag` attribute is deprecated. Please use `'airflow.sdk.dag'`.","category":"DeprecatedImportWarning","filename":"/opt/airflow/dags/kamis_etl_dag.py","lineno":1,"logger":"py.warnings"}
{"timestamp":"2026-01-13T11:41:15.044621Z","level":"warning","event":"The `airflow.decorators.task` attribute is deprecated. Please use `'airflow.sdk.task'`.","category":"DeprecatedImportWarning","filename":"/opt/airflow/dags/kamis_etl_dag.py","lineno":1,"logger":"py.warnings"}
{"timestamp":"2026-01-13T11:41:45.162061Z","level":"info","event":"Filling up the DagBag from /opt/airflow/dags/kamis_etl_dag.py","logger":"airflow.models.dagbag.DagBag","filename":"dagbag.py","lineno":593}
{"timestamp":"2026-01-13T11:41:45.744903Z","level":"warning","event":"The `airflow.decorators.dag` attribute is deprecated. Please use `'airflow.sdk.dag'`.","category":"DeprecatedImportWarning","filename":"/opt/airflow/dags/kamis_etl_dag.py","lineno":1,"logger":"py.warnings"}
{"timestamp":"2026-01-13T11:41:45.745029Z","level":"warning","event":"The `airflow.decorators.task` attribute is deprecated. Please use `'airflow.sdk.task'`.","category":"DeprecatedImportWarning","filename":"/opt/airflow/dags/kamis_etl_dag.py","lineno":1,"logger":"py.warnings"}
{"timestamp":"2026-01-13T11:42:15.862391Z","level":"info","event":"Filling up the DagBag from /opt/airflow/dags/kamis_etl_dag.py","logger":"airflow.models.dagbag.DagBag","filename":"dagbag.py","lineno":593}
{"timestamp":"2026-01-13T11:42:16.505808Z","level":"warning","event":"The `airflow.decorators.dag` attribute is deprecated. Please use `'airflow.sdk.dag'`.","category":"DeprecatedImportWarning","filename":"/opt/airflow/dags/kamis_etl_dag.py","lineno":1,"logger":"py.warnings"}
{"timestamp":"2026-01-13T11:42:16.505947Z","level":"warning","event":"The `airflow.decorators.task` attribute is deprecated. Please use `'airflow.sdk.task'`.","category":"DeprecatedImportWarning","filename":"/opt/airflow/dags/kamis_etl_dag.py","lineno":1,"logger":"py.warnings"}
{"timestamp":"2026-01-13T11:42:47.075488Z","level":"info","event":"Filling up the DagBag from /opt/airflow/dags/kamis_etl_dag.py","logger":"airflow.models.dagbag.DagBag","filename":"dagbag.py","lineno":593}
{"timestamp":"2026-01-13T11:42:47.826241Z","level":"warning","event":"The `airflow.decorators.dag` attribute is deprecated. Please use `'airflow.sdk.dag'`.","category":"DeprecatedImportWarning","filename":"/opt/airflow/dags/kamis_etl_dag.py","lineno":1,"logger":"py.warnings"}
{"timestamp":"2026-01-13T11:42:47.826480Z","level":"warning","event":"The `airflow.decorators.task` attribute is deprecated. Please use `'airflow.sdk.task'`.","category":"DeprecatedImportWarning","filename":"/opt/airflow/dags/kamis_etl_dag.py","lineno":1,"logger":"py.warnings"}
{"timestamp":"2026-01-13T11:43:18.065507Z","level":"info","event":"Filling up the DagBag from /opt/airflow/dags/kamis_etl_dag.py","logger":"airflow.models.dagbag.DagBag","filename":"dagbag.py","lineno":593}
{"timestamp":"2026-01-13T11:43:18.700968Z","level":"warning","event":"The `airflow.decorators.dag` attribute is deprecated. Please use `'airflow.sdk.dag'`.","category":"DeprecatedImportWarning","filename":"/opt/airflow/dags/kamis_etl_dag.py","lineno":1,"logger":"py.warnings"}
{"timestamp":"2026-01-13T11:43:18.701107Z","level":"warning","event":"The `airflow.decorators.task` attribute is deprecated. Please use `'airflow.sdk.task'`.","category":"DeprecatedImportWarning","filename":"/opt/airflow/dags/kamis_etl_dag.py","lineno":1,"logger":"py.warnings"}
{"timestamp":"2026-01-13T11:43:49.378694Z","level":"info","event":"Filling up the DagBag from /opt/airflow/dags/kamis_etl_dag.py","logger":"airflow.models.dagbag.DagBag","filename":"dagbag.py","lineno":593}
{"timestamp":"2026-01-13T11:43:49.976021Z","level":"warning","event":"The `airflow.decorators.dag` attribute is deprecated. Please use `'airflow.sdk.dag'`.","category":"DeprecatedImportWarning","filename":"/opt/airflow/dags/kamis_etl_dag.py","lineno":1,"logger":"py.warnings"}
{"timestamp":"2026-01-13T11:43:49.976143Z","level":"warning","event":"The `airflow.decorators.task` attribute is deprecated. Please use `'airflow.sdk.task'`.","category":"DeprecatedImportWarning","filename":"/opt/airflow/dags/kamis_etl_dag.py","lineno":1,"logger":"py.warnings"}
{"timestamp":"2026-01-13T11:44:20.068006Z","level":"info","event":"Filling up the DagBag from /opt/airflow/dags/kamis_etl_dag.py","logger":"airflow.models.dagbag.DagBag","filename":"dagbag.py","lineno":593}
{"timestamp":"2026-01-13T11:44:20.619940Z","level":"warning","event":"The `airflow.decorators.dag` attribute is deprecated. Please use `'airflow.sdk.dag'`.","category":"DeprecatedImportWarning","filename":"/opt/airflow/dags/kamis_etl_dag.py","lineno":1,"logger":"py.warnings"}
{"timestamp":"2026-01-13T11:44:20.620064Z","level":"warning","event":"The `airflow.decorators.task` attribute is deprecated. Please use `'airflow.sdk.task'`.","category":"DeprecatedImportWarning","filename":"/opt/airflow/dags/kamis_etl_dag.py","lineno":1,"logger":"py.warnings"}
{"timestamp":"2026-01-13T11:44:50.815503Z","level":"info","event":"Filling up the DagBag from /opt/airflow/dags/kamis_etl_dag.py","logger":"airflow.models.dagbag.DagBag","filename":"dagbag.py","lineno":593}
{"timestamp":"2026-01-13T11:44:51.424098Z","level":"warning","event":"The `airflow.decorators.dag` attribute is deprecated. Please use `'airflow.sdk.dag'`.","category":"DeprecatedImportWarning","filename":"/opt/airflow/dags/kamis_etl_dag.py","lineno":1,"logger":"py.warnings"}
{"timestamp":"2026-01-13T11:44:51.424241Z","level":"warning","event":"The `airflow.decorators.task` attribute is deprecated. Please use `'airflow.sdk.task'`.","category":"DeprecatedImportWarning","filename":"/opt/airflow/dags/kamis_etl_dag.py","lineno":1,"logger":"py.warnings"}
{"timestamp":"2026-01-13T11:45:21.622605Z","level":"info","event":"Filling up the DagBag from /opt/airflow/dags/kamis_etl_dag.py","logger":"airflow.models.dagbag.DagBag","filename":"dagbag.py","lineno":593}
{"timestamp":"2026-01-13T11:45:22.268036Z","level":"warning","event":"The `airflow.decorators.dag` attribute is deprecated. Please use `'airflow.sdk.dag'`.","category":"DeprecatedImportWarning","filename":"/opt/airflow/dags/kamis_etl_dag.py","lineno":1,"logger":"py.warnings"}
{"timestamp":"2026-01-13T11:45:22.268166Z","level":"warning","event":"The `airflow.decorators.task` attribute is deprecated. Please use `'airflow.sdk.task'`.","category":"DeprecatedImportWarning","filename":"/opt/airflow/dags/kamis_etl_dag.py","lineno":1,"logger":"py.warnings"}
{"timestamp":"2026-01-13T11:45:52.342878Z","level":"info","event":"Filling up the DagBag from /opt/airflow/dags/kamis_etl_dag.py","logger":"airflow.models.dagbag.DagBag","filename":"dagbag.py","lineno":593}
{"timestamp":"2026-01-13T11:45:53.058347Z","level":"warning","event":"The `airflow.decorators.dag` attribute is deprecated. Please use `'airflow.sdk.dag'`.","category":"DeprecatedImportWarning","filename":"/opt/airflow/dags/kamis_etl_dag.py","lineno":1,"logger":"py.warnings"}
{"timestamp":"2026-01-13T11:45:53.058478Z","level":"warning","event":"The `airflow.decorators.task` attribute is deprecated. Please use `'airflow.sdk.task'`.","category":"DeprecatedImportWarning","filename":"/opt/airflow/dags/kamis_etl_dag.py","lineno":1,"logger":"py.warnings"}
{"timestamp":"2026-01-13T11:46:23.146753Z","level":"info","event":"Filling up the DagBag from /opt/airflow/dags/kamis_etl_dag.py","logger":"airflow.models.dagbag.DagBag","filename":"dagbag.py","lineno":593}
{"timestamp":"2026-01-13T11:46:23.789338Z","level":"warning","event":"The `airflow.decorators.dag` attribute is deprecated. Please use `'airflow.sdk.dag'`.","category":"DeprecatedImportWarning","filename":"/opt/airflow/dags/kamis_etl_dag.py","lineno":1,"logger":"py.warnings"}
{"timestamp":"2026-01-13T11:46:23.789634Z","level":"warning","event":"The `airflow.decorators.task` attribute is deprecated. Please use `'airflow.sdk.task'`.","category":"DeprecatedImportWarning","filename":"/opt/airflow/dags/kamis_etl_dag.py","lineno":1,"logger":"py.warnings"}
{"timestamp":"2026-01-13T11:46:53.869057Z","level":"info","event":"Filling up the DagBag from /opt/airflow/dags/kamis_etl_dag.py","logger":"airflow.models.dagbag.DagBag","filename":"dagbag.py","lineno":593}
{"timestamp":"2026-01-13T11:46:54.497865Z","level":"warning","event":"The `airflow.decorators.dag` attribute is deprecated. Please use `'airflow.sdk.dag'`.","category":"DeprecatedImportWarning","filename":"/opt/airflow/dags/kamis_etl_dag.py","lineno":1,"logger":"py.warnings"}
{"timestamp":"2026-01-13T11:46:54.497994Z","level":"warning","event":"The `airflow.decorators.task` attribute is deprecated. Please use `'airflow.sdk.task'`.","category":"DeprecatedImportWarning","filename":"/opt/airflow/dags/kamis_etl_dag.py","lineno":1,"logger":"py.warnings"}
{"timestamp":"2026-01-13T11:47:24.634524Z","level":"info","event":"Filling up the DagBag from /opt/airflow/dags/kamis_etl_dag.py","logger":"airflow.models.dagbag.DagBag","filename":"dagbag.py","lineno":593}
{"timestamp":"2026-01-13T11:47:25.264816Z","level":"warning","event":"The `airflow.decorators.dag` attribute is deprecated. Please use `'airflow.sdk.dag'`.","category":"DeprecatedImportWarning","filename":"/opt/airflow/dags/kamis_etl_dag.py","lineno":1,"logger":"py.warnings"}
{"timestamp":"2026-01-13T11:47:25.264977Z","level":"warning","event":"The `airflow.decorators.task` attribute is deprecated. Please use `'airflow.sdk.task'`.","category":"DeprecatedImportWarning","filename":"/opt/airflow/dags/kamis_etl_dag.py","lineno":1,"logger":"py.warnings"}
{"timestamp":"2026-01-13T11:47:55.392454Z","level":"info","event":"Filling up the DagBag from /opt/airflow/dags/kamis_etl_dag.py","logger":"airflow.models.dagbag.DagBag","filename":"dagbag.py","lineno":593}
{"timestamp":"2026-01-13T11:47:56.039582Z","level":"warning","event":"The `airflow.decorators.dag` attribute is deprecated. Please use `'airflow.sdk.dag'`.","category":"DeprecatedImportWarning","filename":"/opt/airflow/dags/kamis_etl_dag.py","lineno":1,"logger":"py.warnings"}
{"timestamp":"2026-01-13T11:47:56.039725Z","level":"warning","event":"The `airflow.decorators.task` attribute is deprecated. Please use `'airflow.sdk.task'`.","category":"DeprecatedImportWarning","filename":"/opt/airflow/dags/kamis_etl_dag.py","lineno":1,"logger":"py.warnings"}
{"timestamp":"2026-01-13T11:48:26.109464Z","level":"info","event":"Filling up the DagBag from /opt/airflow/dags/kamis_etl_dag.py","logger":"airflow.models.dagbag.DagBag","filename":"dagbag.py","lineno":593}
{"timestamp":"2026-01-13T11:48:26.694104Z","level":"warning","event":"The `airflow.decorators.dag` attribute is deprecated. Please use `'airflow.sdk.dag'`.","category":"DeprecatedImportWarning","filename":"/opt/airflow/dags/kamis_etl_dag.py","lineno":1,"logger":"py.warnings"}
{"timestamp":"2026-01-13T11:48:26.694257Z","level":"warning","event":"The `airflow.decorators.task` attribute is deprecated. Please use `'airflow.sdk.task'`.","category":"DeprecatedImportWarning","filename":"/opt/airflow/dags/kamis_etl_dag.py","lineno":1,"logger":"py.warnings"}
{"timestamp":"2026-01-13T11:48:56.953800Z","level":"info","event":"Filling up the DagBag from /opt/airflow/dags/kamis_etl_dag.py","logger":"airflow.models.dagbag.DagBag","filename":"dagbag.py","lineno":593}
{"timestamp":"2026-01-13T11:48:57.564997Z","level":"warning","event":"The `airflow.decorators.dag` attribute is deprecated. Please use `'airflow.sdk.dag'`.","category":"DeprecatedImportWarning","filename":"/opt/airflow/dags/kamis_etl_dag.py","lineno":1,"logger":"py.warnings"}
{"timestamp":"2026-01-13T11:48:57.565167Z","level":"warning","event":"The `airflow.decorators.task` attribute is deprecated. Please use `'airflow.sdk.task'`.","category":"DeprecatedImportWarning","filename":"/opt/airflow/dags/kamis_etl_dag.py","lineno":1,"logger":"py.warnings"}
{"timestamp":"2026-01-13T11:49:27.635483Z","level":"info","event":"Filling up the DagBag from /opt/airflow/dags/kamis_etl_dag.py","logger":"airflow.models.dagbag.DagBag","filename":"dagbag.py","lineno":593}
{"timestamp":"2026-01-13T11:49:28.270636Z","level":"warning","event":"The `airflow.decorators.dag` attribute is deprecated. Please use `'airflow.sdk.dag'`.","category":"DeprecatedImportWarning","filename":"/opt/airflow/dags/kamis_etl_dag.py","lineno":1,"logger":"py.warnings"}
{"timestamp":"2026-01-13T11:49:28.270772Z","level":"warning","event":"The `airflow.decorators.task` attribute is deprecated. Please use `'airflow.sdk.task'`.","category":"DeprecatedImportWarning","filename":"/opt/airflow/dags/kamis_etl_dag.py","lineno":1,"logger":"py.warnings"}
{"timestamp":"2026-01-13T11:49:58.411216Z","level":"info","event":"Filling up the DagBag from /opt/airflow/dags/kamis_etl_dag.py","logger":"airflow.models.dagbag.DagBag","filename":"dagbag.py","lineno":593}
{"timestamp":"2026-01-13T11:49:58.993832Z","level":"warning","event":"The `airflow.decorators.dag` attribute is deprecated. Please use `'airflow.sdk.dag'`.","category":"DeprecatedImportWarning","filename":"/opt/airflow/dags/kamis_etl_dag.py","lineno":1,"logger":"py.warnings"}
{"timestamp":"2026-01-13T11:49:58.993957Z","level":"warning","event":"The `airflow.decorators.task` attribute is deprecated. Please use `'airflow.sdk.task'`.","category":"DeprecatedImportWarning","filename":"/opt/airflow/dags/kamis_etl_dag.py","lineno":1,"logger":"py.warnings"}
{"timestamp":"2026-01-13T11:50:29.156530Z","level":"info","event":"Filling up the DagBag from /opt/airflow/dags/kamis_etl_dag.py","logger":"airflow.models.dagbag.DagBag","filename":"dagbag.py","lineno":593}
{"timestamp":"2026-01-13T11:50:29.721204Z","level":"warning","event":"The `airflow.decorators.dag` attribute is deprecated. Please use `'airflow.sdk.dag'`.","category":"DeprecatedImportWarning","filename":"/opt/airflow/dags/kamis_etl_dag.py","lineno":1,"logger":"py.warnings"}
{"timestamp":"2026-01-13T11:50:29.721333Z","level":"warning","event":"The `airflow.decorators.task` attribute is deprecated. Please use `'airflow.sdk.task'`.","category":"DeprecatedImportWarning","filename":"/opt/airflow/dags/kamis_etl_dag.py","lineno":1,"logger":"py.warnings"}
{"timestamp":"2026-01-13T11:50:59.854779Z","level":"info","event":"Filling up the DagBag from /opt/airflow/dags/kamis_etl_dag.py","logger":"airflow.models.dagbag.DagBag","filename":"dagbag.py","lineno":593}
{"timestamp":"2026-01-13T11:51:00.397384Z","level":"warning","event":"The `airflow.decorators.dag` attribute is deprecated. Please use `'airflow.sdk.dag'`.","category":"DeprecatedImportWarning","filename":"/opt/airflow/dags/kamis_etl_dag.py","lineno":1,"logger":"py.warnings"}
{"timestamp":"2026-01-13T11:51:00.397504Z","level":"warning","event":"The `airflow.decorators.task` attribute is deprecated. Please use `'airflow.sdk.task'`.","category":"DeprecatedImportWarning","filename":"/opt/airflow/dags/kamis_etl_dag.py","lineno":1,"logger":"py.warnings"}
{"timestamp":"2026-01-13T11:51:30.596571Z","level":"info","event":"Filling up the DagBag from /opt/airflow/dags/kamis_etl_dag.py","logger":"airflow.models.dagbag.DagBag","filename":"dagbag.py","lineno":593}
{"timestamp":"2026-01-13T11:51:31.155734Z","level":"warning","event":"The `airflow.decorators.dag` attribute is deprecated. Please use `'airflow.sdk.dag'`.","category":"DeprecatedImportWarning","filename":"/opt/airflow/dags/kamis_etl_dag.py","lineno":1,"logger":"py.warnings"}
{"timestamp":"2026-01-13T11:51:31.155857Z","level":"warning","event":"The `airflow.decorators.task` attribute is deprecated. Please use `'airflow.sdk.task'`.","category":"DeprecatedImportWarning","filename":"/opt/airflow/dags/kamis_etl_dag.py","lineno":1,"logger":"py.warnings"}
{"timestamp":"2026-01-13T11:52:01.325150Z","level":"info","event":"Filling up the DagBag from /opt/airflow/dags/kamis_etl_dag.py","logger":"airflow.models.dagbag.DagBag","filename":"dagbag.py","lineno":593}
{"timestamp":"2026-01-13T11:52:01.879132Z","level":"warning","event":"The `airflow.decorators.dag` attribute is deprecated. Please use `'airflow.sdk.dag'`.","category":"DeprecatedImportWarning","filename":"/opt/airflow/dags/kamis_etl_dag.py","lineno":1,"logger":"py.warnings"}
{"timestamp":"2026-01-13T11:52:01.879265Z","level":"warning","event":"The `airflow.decorators.task` attribute is deprecated. Please use `'airflow.sdk.task'`.","category":"DeprecatedImportWarning","filename":"/opt/airflow/dags/kamis_etl_dag.py","lineno":1,"logger":"py.warnings"}
{"timestamp":"2026-01-13T11:52:32.045158Z","level":"info","event":"Filling up the DagBag from /opt/airflow/dags/kamis_etl_dag.py","logger":"airflow.models.dagbag.DagBag","filename":"dagbag.py","lineno":593}
{"timestamp":"2026-01-13T11:52:32.604117Z","level":"warning","event":"The `airflow.decorators.dag` attribute is deprecated. Please use `'airflow.sdk.dag'`.","category":"DeprecatedImportWarning","filename":"/opt/airflow/dags/kamis_etl_dag.py","lineno":1,"logger":"py.warnings"}
{"timestamp":"2026-01-13T11:52:32.604285Z","level":"warning","event":"The `airflow.decorators.task` attribute is deprecated. Please use `'airflow.sdk.task'`.","category":"DeprecatedImportWarning","filename":"/opt/airflow/dags/kamis_etl_dag.py","lineno":1,"logger":"py.warnings"}
{"timestamp":"2026-01-13T11:54:11.572178Z","level":"info","event":"Filling up the DagBag from /opt/airflow/dags/kamis_etl_dag.py","logger":"airflow.models.dagbag.DagBag","filename":"dagbag.py","lineno":593}
{"timestamp":"2026-01-13T11:54:15.206044Z","level":"warning","event":"The `airflow.decorators.dag` attribute is deprecated. Please use `'airflow.sdk.dag'`.","category":"DeprecatedImportWarning","filename":"/opt/airflow/dags/kamis_etl_dag.py","lineno":1,"logger":"py.warnings"}
{"timestamp":"2026-01-13T11:54:15.206476Z","level":"warning","event":"The `airflow.decorators.task` attribute is deprecated. Please use `'airflow.sdk.task'`.","category":"DeprecatedImportWarning","filename":"/opt/airflow/dags/kamis_etl_dag.py","lineno":1,"logger":"py.warnings"}
{"timestamp":"2026-01-13T11:54:46.781703Z","level":"info","event":"Filling up the DagBag from /opt/airflow/dags/kamis_etl_dag.py","logger":"airflow.models.dagbag.DagBag","filename":"dagbag.py","lineno":593}
{"timestamp":"2026-01-13T11:54:47.863197Z","level":"warning","event":"The `airflow.decorators.dag` attribute is deprecated. Please use `'airflow.sdk.dag'`.","category":"DeprecatedImportWarning","filename":"/opt/airflow/dags/kamis_etl_dag.py","lineno":1,"logger":"py.warnings"}
{"timestamp":"2026-01-13T11:54:47.863540Z","level":"warning","event":"The `airflow.decorators.task` attribute is deprecated. Please use `'airflow.sdk.task'`.","category":"DeprecatedImportWarning","filename":"/opt/airflow/dags/kamis_etl_dag.py","lineno":1,"logger":"py.warnings"}
{"timestamp":"2026-01-13T11:55:18.258219Z","level":"info","event":"Filling up the DagBag from /opt/airflow/dags/kamis_etl_dag.py","logger":"airflow.models.dagbag.DagBag","filename":"dagbag.py","lineno":593}
{"timestamp":"2026-01-13T11:55:18.903789Z","level":"warning","event":"The `airflow.decorators.dag` attribute is deprecated. Please use `'airflow.sdk.dag'`.","category":"DeprecatedImportWarning","filename":"/opt/airflow/dags/kamis_etl_dag.py","lineno":1,"logger":"py.warnings"}
{"timestamp":"2026-01-13T11:55:18.903956Z","level":"warning","event":"The `airflow.decorators.task` attribute is deprecated. Please use `'airflow.sdk.task'`.","category":"DeprecatedImportWarning","filename":"/opt/airflow/dags/kamis_etl_dag.py","lineno":1,"logger":"py.warnings"}
{"timestamp":"2026-01-13T11:55:48.982696Z","level":"info","event":"Filling up the DagBag from /opt/airflow/dags/kamis_etl_dag.py","logger":"airflow.models.dagbag.DagBag","filename":"dagbag.py","lineno":593}
{"timestamp":"2026-01-13T11:55:49.578167Z","level":"warning","event":"The `airflow.decorators.dag` attribute is deprecated. Please use `'airflow.sdk.dag'`.","category":"DeprecatedImportWarning","filename":"/opt/airflow/dags/kamis_etl_dag.py","lineno":1,"logger":"py.warnings"}
{"timestamp":"2026-01-13T11:55:49.578286Z","level":"warning","event":"The `airflow.decorators.task` attribute is deprecated. Please use `'airflow.sdk.task'`.","category":"DeprecatedImportWarning","filename":"/opt/airflow/dags/kamis_etl_dag.py","lineno":1,"logger":"py.warnings"}
{"timestamp":"2026-01-13T11:56:19.687721Z","level":"info","event":"Filling up the DagBag from /opt/airflow/dags/kamis_etl_dag.py","logger":"airflow.models.dagbag.DagBag","filename":"dagbag.py","lineno":593}
{"timestamp":"2026-01-13T11:56:20.303514Z","level":"warning","event":"The `airflow.decorators.dag` attribute is deprecated. Please use `'airflow.sdk.dag'`.","category":"DeprecatedImportWarning","filename":"/opt/airflow/dags/kamis_etl_dag.py","lineno":1,"logger":"py.warnings"}
{"timestamp":"2026-01-13T11:56:20.303640Z","level":"warning","event":"The `airflow.decorators.task` attribute is deprecated. Please use `'airflow.sdk.task'`.","category":"DeprecatedImportWarning","filename":"/opt/airflow/dags/kamis_etl_dag.py","lineno":1,"logger":"py.warnings"}
{"timestamp":"2026-01-13T11:56:50.374324Z","level":"info","event":"Filling up the DagBag from /opt/airflow/dags/kamis_etl_dag.py","logger":"airflow.models.dagbag.DagBag","filename":"dagbag.py","lineno":593}
{"timestamp":"2026-01-13T11:56:50.939437Z","level":"warning","event":"The `airflow.decorators.dag` attribute is deprecated. Please use `'airflow.sdk.dag'`.","category":"DeprecatedImportWarning","filename":"/opt/airflow/dags/kamis_etl_dag.py","lineno":1,"logger":"py.warnings"}
{"timestamp":"2026-01-13T11:56:50.939560Z","level":"warning","event":"The `airflow.decorators.task` attribute is deprecated. Please use `'airflow.sdk.task'`.","category":"DeprecatedImportWarning","filename":"/opt/airflow/dags/kamis_etl_dag.py","lineno":1,"logger":"py.warnings"}
{"timestamp":"2026-01-13T11:57:21.020375Z","level":"info","event":"Filling up the DagBag from /opt/airflow/dags/kamis_etl_dag.py","logger":"airflow.models.dagbag.DagBag","filename":"dagbag.py","lineno":593}
{"timestamp":"2026-01-13T11:57:21.453402Z","level":"warning","event":"The `airflow.decorators.dag` attribute is deprecated. Please use `'airflow.sdk.dag'`.","category":"DeprecatedImportWarning","filename":"/opt/airflow/dags/kamis_etl_dag.py","lineno":1,"logger":"py.warnings"}
{"timestamp":"2026-01-13T11:57:21.453533Z","level":"warning","event":"The `airflow.decorators.task` attribute is deprecated. Please use `'airflow.sdk.task'`.","category":"DeprecatedImportWarning","filename":"/opt/airflow/dags/kamis_etl_dag.py","lineno":1,"logger":"py.warnings"}
{"timestamp":"2026-01-13T11:57:51.764699Z","level":"info","event":"Filling up the DagBag from /opt/airflow/dags/kamis_etl_dag.py","logger":"airflow.models.dagbag.DagBag","filename":"dagbag.py","lineno":593}
{"timestamp":"2026-01-13T11:57:52.479353Z","level":"warning","event":"The `airflow.decorators.dag` attribute is deprecated. Please use `'airflow.sdk.dag'`.","category":"DeprecatedImportWarning","filename":"/opt/airflow/dags/kamis_etl_dag.py","lineno":1,"logger":"py.warnings"}
{"timestamp":"2026-01-13T11:57:52.479506Z","level":"warning","event":"The `airflow.decorators.task` attribute is deprecated. Please use `'airflow.sdk.task'`.","category":"DeprecatedImportWarning","filename":"/opt/airflow/dags/kamis_etl_dag.py","lineno":1,"logger":"py.warnings"}
{"timestamp":"2026-01-13T11:58:22.962672Z","level":"info","event":"Filling up the DagBag from /opt/airflow/dags/kamis_etl_dag.py","logger":"airflow.models.dagbag.DagBag","filename":"dagbag.py","lineno":593}
{"timestamp":"2026-01-13T11:58:23.735389Z","level":"warning","event":"The `airflow.decorators.dag` attribute is deprecated. Please use `'airflow.sdk.dag'`.","category":"DeprecatedImportWarning","filename":"/opt/airflow/dags/kamis_etl_dag.py","lineno":1,"logger":"py.warnings"}
{"timestamp":"2026-01-13T11:58:23.735616Z","level":"warning","event":"The `airflow.decorators.task` attribute is deprecated. Please use `'airflow.sdk.task'`.","category":"DeprecatedImportWarning","filename":"/opt/airflow/dags/kamis_etl_dag.py","lineno":1,"logger":"py.warnings"}
{"timestamp":"2026-01-13T11:58:54.318511Z","level":"info","event":"Filling up the DagBag from /opt/airflow/dags/kamis_etl_dag.py","logger":"airflow.models.dagbag.DagBag","filename":"dagbag.py","lineno":593}
{"timestamp":"2026-01-13T11:58:55.196198Z","level":"warning","event":"The `airflow.decorators.dag` attribute is deprecated. Please use `'airflow.sdk.dag'`.","category":"DeprecatedImportWarning","filename":"/opt/airflow/dags/kamis_etl_dag.py","lineno":1,"logger":"py.warnings"}
{"timestamp":"2026-01-13T11:58:55.196423Z","level":"warning","event":"The `airflow.decorators.task` attribute is deprecated. Please use `'airflow.sdk.task'`.","category":"DeprecatedImportWarning","filename":"/opt/airflow/dags/kamis_etl_dag.py","lineno":1,"logger":"py.warnings"}
{"timestamp":"2026-01-13T11:59:25.618429Z","level":"info","event":"Filling up the DagBag from /opt/airflow/dags/kamis_etl_dag.py","logger":"airflow.models.dagbag.DagBag","filename":"dagbag.py","lineno":593}
{"timestamp":"2026-01-13T11:59:26.413600Z","level":"warning","event":"The `airflow.decorators.dag` attribute is deprecated. Please use `'airflow.sdk.dag'`.","category":"DeprecatedImportWarning","filename":"/opt/airflow/dags/kamis_etl_dag.py","lineno":1,"logger":"py.warnings"}
{"timestamp":"2026-01-13T11:59:26.413823Z","level":"warning","event":"The `airflow.decorators.task` attribute is deprecated. Please use `'airflow.sdk.task'`.","category":"DeprecatedImportWarning","filename":"/opt/airflow/dags/kamis_etl_dag.py","lineno":1,"logger":"py.warnings"}
{"timestamp":"2026-01-13T11:59:56.602631Z","level":"info","event":"Filling up the DagBag from /opt/airflow/dags/kamis_etl_dag.py","logger":"airflow.models.dagbag.DagBag","filename":"dagbag.py","lineno":593}
{"timestamp":"2026-01-13T11:59:57.188243Z","level":"warning","event":"The `airflow.decorators.dag` attribute is deprecated. Please use `'airflow.sdk.dag'`.","category":"DeprecatedImportWarning","filename":"/opt/airflow/dags/kamis_etl_dag.py","lineno":1,"logger":"py.warnings"}
{"timestamp":"2026-01-13T11:59:57.188377Z","level":"warning","event":"The `airflow.decorators.task` attribute is deprecated. Please use `'airflow.sdk.task'`.","category":"DeprecatedImportWarning","filename":"/opt/airflow/dags/kamis_etl_dag.py","lineno":1,"logger":"py.warnings"}
{"timestamp":"2026-01-13T12:00:27.759068Z","level":"info","event":"Filling up the DagBag from /opt/airflow/dags/kamis_etl_dag.py","logger":"airflow.models.dagbag.DagBag","filename":"dagbag.py","lineno":593}
{"timestamp":"2026-01-13T12:00:28.491267Z","level":"warning","event":"The `airflow.decorators.dag` attribute is deprecated. Please use `'airflow.sdk.dag'`.","category":"DeprecatedImportWarning","filename":"/opt/airflow/dags/kamis_etl_dag.py","lineno":1,"logger":"py.warnings"}
{"timestamp":"2026-01-13T12:00:28.491394Z","level":"warning","event":"The `airflow.decorators.task` attribute is deprecated. Please use `'airflow.sdk.task'`.","category":"DeprecatedImportWarning","filename":"/opt/airflow/dags/kamis_etl_dag.py","lineno":1,"logger":"py.warnings"}
{"timestamp":"2026-01-13T12:00:58.736269Z","level":"info","event":"Filling up the DagBag from /opt/airflow/dags/kamis_etl_dag.py","logger":"airflow.models.dagbag.DagBag","filename":"dagbag.py","lineno":593}
{"timestamp":"2026-01-13T12:00:59.364477Z","level":"warning","event":"The `airflow.decorators.dag` attribute is deprecated. Please use `'airflow.sdk.dag'`.","category":"DeprecatedImportWarning","filename":"/opt/airflow/dags/kamis_etl_dag.py","lineno":1,"logger":"py.warnings"}
{"timestamp":"2026-01-13T12:00:59.364612Z","level":"warning","event":"The `airflow.decorators.task` attribute is deprecated. Please use `'airflow.sdk.task'`.","category":"DeprecatedImportWarning","filename":"/opt/airflow/dags/kamis_etl_dag.py","lineno":1,"logger":"py.warnings"}
{"timestamp":"2026-01-13T12:01:29.520797Z","level":"info","event":"Filling up the DagBag from /opt/airflow/dags/kamis_etl_dag.py","logger":"airflow.models.dagbag.DagBag","filename":"dagbag.py","lineno":593}
{"timestamp":"2026-01-13T12:01:30.206498Z","level":"warning","event":"The `airflow.decorators.dag` attribute is deprecated. Please use `'airflow.sdk.dag'`.","category":"DeprecatedImportWarning","filename":"/opt/airflow/dags/kamis_etl_dag.py","lineno":1,"logger":"py.warnings"}
{"timestamp":"2026-01-13T12:01:30.206706Z","level":"warning","event":"The `airflow.decorators.task` attribute is deprecated. Please use `'airflow.sdk.task'`.","category":"DeprecatedImportWarning","filename":"/opt/airflow/dags/kamis_etl_dag.py","lineno":1,"logger":"py.warnings"}
{"timestamp":"2026-01-13T12:02:00.322203Z","level":"info","event":"Filling up the DagBag from /opt/airflow/dags/kamis_etl_dag.py","logger":"airflow.models.dagbag.DagBag","filename":"dagbag.py","lineno":593}
{"timestamp":"2026-01-13T12:02:00.973496Z","level":"warning","event":"The `airflow.decorators.dag` attribute is deprecated. Please use `'airflow.sdk.dag'`.","category":"DeprecatedImportWarning","filename":"/opt/airflow/dags/kamis_etl_dag.py","lineno":1,"logger":"py.warnings"}
{"timestamp":"2026-01-13T12:02:00.973646Z","level":"warning","event":"The `airflow.decorators.task` attribute is deprecated. Please use `'airflow.sdk.task'`.","category":"DeprecatedImportWarning","filename":"/opt/airflow/dags/kamis_etl_dag.py","lineno":1,"logger":"py.warnings"}
{"timestamp":"2026-01-13T12:02:31.048459Z","level":"info","event":"Filling up the DagBag from /opt/airflow/dags/kamis_etl_dag.py","logger":"airflow.models.dagbag.DagBag","filename":"dagbag.py","lineno":593}
{"timestamp":"2026-01-13T12:02:31.648022Z","level":"warning","event":"The `airflow.decorators.dag` attribute is deprecated. Please use `'airflow.sdk.dag'`.","category":"DeprecatedImportWarning","filename":"/opt/airflow/dags/kamis_etl_dag.py","lineno":1,"logger":"py.warnings"}
{"timestamp":"2026-01-13T12:02:31.648162Z","level":"warning","event":"The `airflow.decorators.task` attribute is deprecated. Please use `'airflow.sdk.task'`.","category":"DeprecatedImportWarning","filename":"/opt/airflow/dags/kamis_etl_dag.py","lineno":1,"logger":"py.warnings"}
{"timestamp":"2026-01-13T12:03:01.744163Z","level":"info","event":"Filling up the DagBag from /opt/airflow/dags/kamis_etl_dag.py","logger":"airflow.models.dagbag.DagBag","filename":"dagbag.py","lineno":593}
{"timestamp":"2026-01-13T12:03:02.343488Z","level":"warning","event":"The `airflow.decorators.dag` attribute is deprecated. Please use `'airflow.sdk.dag'`.","category":"DeprecatedImportWarning","filename":"/opt/airflow/dags/kamis_etl_dag.py","lineno":1,"logger":"py.warnings"}
{"timestamp":"2026-01-13T12:03:02.343618Z","level":"warning","event":"The `airflow.decorators.task` attribute is deprecated. Please use `'airflow.sdk.task'`.","category":"DeprecatedImportWarning","filename":"/opt/airflow/dags/kamis_etl_dag.py","lineno":1,"logger":"py.warnings"}
{"timestamp":"2026-01-13T12:03:32.537552Z","level":"info","event":"Filling up the DagBag from /opt/airflow/dags/kamis_etl_dag.py","logger":"airflow.models.dagbag.DagBag","filename":"dagbag.py","lineno":593}
{"timestamp":"2026-01-13T12:03:33.124773Z","level":"warning","event":"The `airflow.decorators.dag` attribute is deprecated. Please use `'airflow.sdk.dag'`.","category":"DeprecatedImportWarning","filename":"/opt/airflow/dags/kamis_etl_dag.py","lineno":1,"logger":"py.warnings"}
{"timestamp":"2026-01-13T12:03:33.124916Z","level":"warning","event":"The `airflow.decorators.task` attribute is deprecated. Please use `'airflow.sdk.task'`.","category":"DeprecatedImportWarning","filename":"/opt/airflow/dags/kamis_etl_dag.py","lineno":1,"logger":"py.warnings"}
{"timestamp":"2026-01-13T12:04:03.293056Z","level":"info","event":"Filling up the DagBag from /opt/airflow/dags/kamis_etl_dag.py","logger":"airflow.models.dagbag.DagBag","filename":"dagbag.py","lineno":593}
{"timestamp":"2026-01-13T12:04:04.425720Z","level":"warning","event":"The `airflow.decorators.dag` attribute is deprecated. Please use `'airflow.sdk.dag'`.","category":"DeprecatedImportWarning","filename":"/opt/airflow/dags/kamis_etl_dag.py","lineno":1,"logger":"py.warnings"}
{"timestamp":"2026-01-13T12:04:04.425891Z","level":"warning","event":"The `airflow.decorators.task` attribute is deprecated. Please use `'airflow.sdk.task'`.","category":"DeprecatedImportWarning","filename":"/opt/airflow/dags/kamis_etl_dag.py","lineno":1,"logger":"py.warnings"}
{"timestamp":"2026-01-13T12:04:34.632279Z","level":"info","event":"Filling up the DagBag from /opt/airflow/dags/kamis_etl_dag.py","logger":"airflow.models.dagbag.DagBag","filename":"dagbag.py","lineno":593}
{"timestamp":"2026-01-13T12:04:35.194798Z","level":"warning","event":"The `airflow.decorators.dag` attribute is deprecated. Please use `'airflow.sdk.dag'`.","category":"DeprecatedImportWarning","filename":"/opt/airflow/dags/kamis_etl_dag.py","lineno":1,"logger":"py.warnings"}
{"timestamp":"2026-01-13T12:04:35.194925Z","level":"warning","event":"The `airflow.decorators.task` attribute is deprecated. Please use `'airflow.sdk.task'`.","category":"DeprecatedImportWarning","filename":"/opt/airflow/dags/kamis_etl_dag.py","lineno":1,"logger":"py.warnings"}
{"timestamp":"2026-01-13T12:05:05.293182Z","level":"info","event":"Filling up the DagBag from /opt/airflow/dags/kamis_etl_dag.py","logger":"airflow.models.dagbag.DagBag","filename":"dagbag.py","lineno":593}
{"timestamp":"2026-01-13T12:05:05.982439Z","level":"warning","event":"The `airflow.decorators.dag` attribute is deprecated. Please use `'airflow.sdk.dag'`.","category":"DeprecatedImportWarning","filename":"/opt/airflow/dags/kamis_etl_dag.py","lineno":1,"logger":"py.warnings"}
{"timestamp":"2026-01-13T12:05:05.982561Z","level":"warning","event":"The `airflow.decorators.task` attribute is deprecated. Please use `'airflow.sdk.task'`.","category":"DeprecatedImportWarning","filename":"/opt/airflow/dags/kamis_etl_dag.py","lineno":1,"logger":"py.warnings"}
{"timestamp":"2026-01-13T12:05:36.177527Z","level":"info","event":"Filling up the DagBag from /opt/airflow/dags/kamis_etl_dag.py","logger":"airflow.models.dagbag.DagBag","filename":"dagbag.py","lineno":593}
{"timestamp":"2026-01-13T12:05:36.929374Z","level":"warning","event":"The `airflow.decorators.dag` attribute is deprecated. Please use `'airflow.sdk.dag'`.","category":"DeprecatedImportWarning","filename":"/opt/airflow/dags/kamis_etl_dag.py","lineno":1,"logger":"py.warnings"}
{"timestamp":"2026-01-13T12:05:36.929646Z","level":"warning","event":"The `airflow.decorators.task` attribute is deprecated. Please use `'airflow.sdk.task'`.","category":"DeprecatedImportWarning","filename":"/opt/airflow/dags/kamis_etl_dag.py","lineno":1,"logger":"py.warnings"}
{"timestamp":"2026-01-13T12:06:07.407452Z","level":"info","event":"Filling up the DagBag from /opt/airflow/dags/kamis_etl_dag.py","logger":"airflow.models.dagbag.DagBag","filename":"dagbag.py","lineno":593}
{"timestamp":"2026-01-13T12:06:08.051927Z","level":"warning","event":"The `airflow.decorators.dag` attribute is deprecated. Please use `'airflow.sdk.dag'`.","category":"DeprecatedImportWarning","filename":"/opt/airflow/dags/kamis_etl_dag.py","lineno":1,"logger":"py.warnings"}
{"timestamp":"2026-01-13T12:06:08.052057Z","level":"warning","event":"The `airflow.decorators.task` attribute is deprecated. Please use `'airflow.sdk.task'`.","category":"DeprecatedImportWarning","filename":"/opt/airflow/dags/kamis_etl_dag.py","lineno":1,"logger":"py.warnings"}
{"timestamp":"2026-01-13T12:06:38.129714Z","level":"info","event":"Filling up the DagBag from /opt/airflow/dags/kamis_etl_dag.py","logger":"airflow.models.dagbag.DagBag","filename":"dagbag.py","lineno":593}
{"timestamp":"2026-01-13T12:06:38.881847Z","level":"warning","event":"The `airflow.decorators.dag` attribute is deprecated. Please use `'airflow.sdk.dag'`.","category":"DeprecatedImportWarning","filename":"/opt/airflow/dags/kamis_etl_dag.py","lineno":1,"logger":"py.warnings"}
{"timestamp":"2026-01-13T12:06:38.882142Z","level":"warning","event":"The `airflow.decorators.task` attribute is deprecated. Please use `'airflow.sdk.task'`.","category":"DeprecatedImportWarning","filename":"/opt/airflow/dags/kamis_etl_dag.py","lineno":1,"logger":"py.warnings"}
{"timestamp":"2026-01-13T12:07:09.107452Z","level":"info","event":"Filling up the DagBag from /opt/airflow/dags/kamis_etl_dag.py","logger":"airflow.models.dagbag.DagBag","filename":"dagbag.py","lineno":593}
{"timestamp":"2026-01-13T12:07:09.731210Z","level":"warning","event":"The `airflow.decorators.dag` attribute is deprecated. Please use `'airflow.sdk.dag'`.","category":"DeprecatedImportWarning","filename":"/opt/airflow/dags/kamis_etl_dag.py","lineno":1,"logger":"py.warnings"}
{"timestamp":"2026-01-13T12:07:09.731361Z","level":"warning","event":"The `airflow.decorators.task` attribute is deprecated. Please use `'airflow.sdk.task'`.","category":"DeprecatedImportWarning","filename":"/opt/airflow/dags/kamis_etl_dag.py","lineno":1,"logger":"py.warnings"}
{"timestamp":"2026-01-13T12:07:39.889070Z","level":"info","event":"Filling up the DagBag from /opt/airflow/dags/kamis_etl_dag.py","logger":"airflow.models.dagbag.DagBag","filename":"dagbag.py","lineno":593}
{"timestamp":"2026-01-13T12:07:40.480877Z","level":"warning","event":"The `airflow.decorators.dag` attribute is deprecated. Please use `'airflow.sdk.dag'`.","category":"DeprecatedImportWarning","filename":"/opt/airflow/dags/kamis_etl_dag.py","lineno":1,"logger":"py.warnings"}
{"timestamp":"2026-01-13T12:07:40.481014Z","level":"warning","event":"The `airflow.decorators.task` attribute is deprecated. Please use `'airflow.sdk.task'`.","category":"DeprecatedImportWarning","filename":"/opt/airflow/dags/kamis_etl_dag.py","lineno":1,"logger":"py.warnings"}
{"timestamp":"2026-01-13T12:08:10.685089Z","level":"info","event":"Filling up the DagBag from /opt/airflow/dags/kamis_etl_dag.py","logger":"airflow.models.dagbag.DagBag","filename":"dagbag.py","lineno":593}
{"timestamp":"2026-01-13T12:08:11.260873Z","level":"warning","event":"The `airflow.decorators.dag` attribute is deprecated. Please use `'airflow.sdk.dag'`.","category":"DeprecatedImportWarning","filename":"/opt/airflow/dags/kamis_etl_dag.py","lineno":1,"logger":"py.warnings"}
{"timestamp":"2026-01-13T12:08:11.261002Z","level":"warning","event":"The `airflow.decorators.task` attribute is deprecated. Please use `'airflow.sdk.task'`.","category":"DeprecatedImportWarning","filename":"/opt/airflow/dags/kamis_etl_dag.py","lineno":1,"logger":"py.warnings"}
{"timestamp":"2026-01-13T12:08:41.541380Z","level":"info","event":"Filling up the DagBag from /opt/airflow/dags/kamis_etl_dag.py","logger":"airflow.models.dagbag.DagBag","filename":"dagbag.py","lineno":593}
{"timestamp":"2026-01-13T12:08:42.175071Z","level":"warning","event":"The `airflow.decorators.dag` attribute is deprecated. Please use `'airflow.sdk.dag'`.","category":"DeprecatedImportWarning","filename":"/opt/airflow/dags/kamis_etl_dag.py","lineno":1,"logger":"py.warnings"}
{"timestamp":"2026-01-13T12:08:42.175220Z","level":"warning","event":"The `airflow.decorators.task` attribute is deprecated. Please use `'airflow.sdk.task'`.","category":"DeprecatedImportWarning","filename":"/opt/airflow/dags/kamis_etl_dag.py","lineno":1,"logger":"py.warnings"}
{"timestamp":"2026-01-13T12:09:12.621122Z","level":"info","event":"Filling up the DagBag from /opt/airflow/dags/kamis_etl_dag.py","logger":"airflow.models.dagbag.DagBag","filename":"dagbag.py","lineno":593}
{"timestamp":"2026-01-13T12:09:13.198125Z","level":"warning","event":"The `airflow.decorators.dag` attribute is deprecated. Please use `'airflow.sdk.dag'`.","category":"DeprecatedImportWarning","filename":"/opt/airflow/dags/kamis_etl_dag.py","lineno":1,"logger":"py.warnings"}
{"timestamp":"2026-01-13T12:09:13.198262Z","level":"warning","event":"The `airflow.decorators.task` attribute is deprecated. Please use `'airflow.sdk.task'`.","category":"DeprecatedImportWarning","filename":"/opt/airflow/dags/kamis_etl_dag.py","lineno":1,"logger":"py.warnings"}
{"timestamp":"2026-01-13T12:09:43.334788Z","level":"info","event":"Filling up the DagBag from /opt/airflow/dags/kamis_etl_dag.py","logger":"airflow.models.dagbag.DagBag","filename":"dagbag.py","lineno":593}
{"timestamp":"2026-01-13T12:09:44.011702Z","level":"warning","event":"The `airflow.decorators.dag` attribute is deprecated. Please use `'airflow.sdk.dag'`.","category":"DeprecatedImportWarning","filename":"/opt/airflow/dags/kamis_etl_dag.py","lineno":1,"logger":"py.warnings"}
{"timestamp":"2026-01-13T12:09:44.011841Z","level":"warning","event":"The `airflow.decorators.task` attribute is deprecated. Please use `'airflow.sdk.task'`.","category":"DeprecatedImportWarning","filename":"/opt/airflow/dags/kamis_etl_dag.py","lineno":1,"logger":"py.warnings"}
{"timestamp":"2026-01-13T12:10:14.532030Z","level":"info","event":"Filling up the DagBag from /opt/airflow/dags/kamis_etl_dag.py","logger":"airflow.models.dagbag.DagBag","filename":"dagbag.py","lineno":593}
{"timestamp":"2026-01-13T12:10:15.335879Z","level":"warning","event":"The `airflow.decorators.dag` attribute is deprecated. Please use `'airflow.sdk.dag'`.","category":"DeprecatedImportWarning","filename":"/opt/airflow/dags/kamis_etl_dag.py","lineno":1,"logger":"py.warnings"}
{"timestamp":"2026-01-13T12:10:15.336222Z","level":"warning","event":"The `airflow.decorators.task` attribute is deprecated. Please use `'airflow.sdk.task'`.","category":"DeprecatedImportWarning","filename":"/opt/airflow/dags/kamis_etl_dag.py","lineno":1,"logger":"py.warnings"}
{"timestamp":"2026-01-13T12:10:45.694966Z","level":"info","event":"Filling up the DagBag from /opt/airflow/dags/kamis_etl_dag.py","logger":"airflow.models.dagbag.DagBag","filename":"dagbag.py","lineno":593}
{"timestamp":"2026-01-13T12:10:46.319439Z","level":"warning","event":"The `airflow.decorators.dag` attribute is deprecated. Please use `'airflow.sdk.dag'`.","category":"DeprecatedImportWarning","filename":"/opt/airflow/dags/kamis_etl_dag.py","lineno":1,"logger":"py.warnings"}
{"timestamp":"2026-01-13T12:10:46.319574Z","level":"warning","event":"The `airflow.decorators.task` attribute is deprecated. Please use `'airflow.sdk.task'`.","category":"DeprecatedImportWarning","filename":"/opt/airflow/dags/kamis_etl_dag.py","lineno":1,"logger":"py.warnings"}
{"timestamp":"2026-01-13T12:11:16.875279Z","level":"info","event":"Filling up the DagBag from /opt/airflow/dags/kamis_etl_dag.py","logger":"airflow.models.dagbag.DagBag","filename":"dagbag.py","lineno":593}
{"timestamp":"2026-01-13T12:11:17.608649Z","level":"warning","event":"The `airflow.decorators.dag` attribute is deprecated. Please use `'airflow.sdk.dag'`.","category":"DeprecatedImportWarning","filename":"/opt/airflow/dags/kamis_etl_dag.py","lineno":1,"logger":"py.warnings"}
{"timestamp":"2026-01-13T12:11:17.608812Z","level":"warning","event":"The `airflow.decorators.task` attribute is deprecated. Please use `'airflow.sdk.task'`.","category":"DeprecatedImportWarning","filename":"/opt/airflow/dags/kamis_etl_dag.py","lineno":1,"logger":"py.warnings"}
{"timestamp":"2026-01-13T12:11:47.687101Z","level":"info","event":"Filling up the DagBag from /opt/airflow/dags/kamis_etl_dag.py","logger":"airflow.models.dagbag.DagBag","filename":"dagbag.py","lineno":593}
{"timestamp":"2026-01-13T12:11:48.250861Z","level":"warning","event":"The `airflow.decorators.dag` attribute is deprecated. Please use `'airflow.sdk.dag'`.","category":"DeprecatedImportWarning","filename":"/opt/airflow/dags/kamis_etl_dag.py","lineno":1,"logger":"py.warnings"}
{"timestamp":"2026-01-13T12:11:48.250986Z","level":"warning","event":"The `airflow.decorators.task` attribute is deprecated. Please use `'airflow.sdk.task'`.","category":"DeprecatedImportWarning","filename":"/opt/airflow/dags/kamis_etl_dag.py","lineno":1,"logger":"py.warnings"}
{"timestamp":"2026-01-13T12:12:18.400353Z","level":"info","event":"Filling up the DagBag from /opt/airflow/dags/kamis_etl_dag.py","logger":"airflow.models.dagbag.DagBag","filename":"dagbag.py","lineno":593}
{"timestamp":"2026-01-13T12:12:18.966695Z","level":"warning","event":"The `airflow.decorators.dag` attribute is deprecated. Please use `'airflow.sdk.dag'`.","category":"DeprecatedImportWarning","filename":"/opt/airflow/dags/kamis_etl_dag.py","lineno":1,"logger":"py.warnings"}
{"timestamp":"2026-01-13T12:12:18.966826Z","level":"warning","event":"The `airflow.decorators.task` attribute is deprecated. Please use `'airflow.sdk.task'`.","category":"DeprecatedImportWarning","filename":"/opt/airflow/dags/kamis_etl_dag.py","lineno":1,"logger":"py.warnings"}
{"timestamp":"2026-01-13T12:12:49.068044Z","level":"info","event":"Filling up the DagBag from /opt/airflow/dags/kamis_etl_dag.py","logger":"airflow.models.dagbag.DagBag","filename":"dagbag.py","lineno":593}
{"timestamp":"2026-01-13T12:12:49.702060Z","level":"warning","event":"The `airflow.decorators.dag` attribute is deprecated. Please use `'airflow.sdk.dag'`.","category":"DeprecatedImportWarning","filename":"/opt/airflow/dags/kamis_etl_dag.py","lineno":1,"logger":"py.warnings"}
{"timestamp":"2026-01-13T12:12:49.702195Z","level":"warning","event":"The `airflow.decorators.task` attribute is deprecated. Please use `'airflow.sdk.task'`.","category":"DeprecatedImportWarning","filename":"/opt/airflow/dags/kamis_etl_dag.py","lineno":1,"logger":"py.warnings"}
{"timestamp":"2026-01-13T12:13:19.803671Z","level":"info","event":"Filling up the DagBag from /opt/airflow/dags/kamis_etl_dag.py","logger":"airflow.models.dagbag.DagBag","filename":"dagbag.py","lineno":593}
{"timestamp":"2026-01-13T12:13:20.499254Z","level":"warning","event":"The `airflow.decorators.dag` attribute is deprecated. Please use `'airflow.sdk.dag'`.","category":"DeprecatedImportWarning","filename":"/opt/airflow/dags/kamis_etl_dag.py","lineno":1,"logger":"py.warnings"}
{"timestamp":"2026-01-13T12:13:20.499380Z","level":"warning","event":"The `airflow.decorators.task` attribute is deprecated. Please use `'airflow.sdk.task'`.","category":"DeprecatedImportWarning","filename":"/opt/airflow/dags/kamis_etl_dag.py","lineno":1,"logger":"py.warnings"}
{"timestamp":"2026-01-13T12:13:50.616389Z","level":"info","event":"Filling up the DagBag from /opt/airflow/dags/kamis_etl_dag.py","logger":"airflow.models.dagbag.DagBag","filename":"dagbag.py","lineno":593}
{"timestamp":"2026-01-13T12:13:51.201398Z","level":"warning","event":"The `airflow.decorators.dag` attribute is deprecated. Please use `'airflow.sdk.dag'`.","category":"DeprecatedImportWarning","filename":"/opt/airflow/dags/kamis_etl_dag.py","lineno":1,"logger":"py.warnings"}
{"timestamp":"2026-01-13T12:13:51.201528Z","level":"warning","event":"The `airflow.decorators.task` attribute is deprecated. Please use `'airflow.sdk.task'`.","category":"DeprecatedImportWarning","filename":"/opt/airflow/dags/kamis_etl_dag.py","lineno":1,"logger":"py.warnings"}
{"timestamp":"2026-01-13T12:14:21.411180Z","level":"info","event":"Filling up the DagBag from /opt/airflow/dags/kamis_etl_dag.py","logger":"airflow.models.dagbag.DagBag","filename":"dagbag.py","lineno":593}
{"timestamp":"2026-01-13T12:14:22.006887Z","level":"warning","event":"The `airflow.decorators.dag` attribute is deprecated. Please use `'airflow.sdk.dag'`.","category":"DeprecatedImportWarning","filename":"/opt/airflow/dags/kamis_etl_dag.py","lineno":1,"logger":"py.warnings"}
{"timestamp":"2026-01-13T12:14:22.007045Z","level":"warning","event":"The `airflow.decorators.task` attribute is deprecated. Please use `'airflow.sdk.task'`.","category":"DeprecatedImportWarning","filename":"/opt/airflow/dags/kamis_etl_dag.py","lineno":1,"logger":"py.warnings"}
{"timestamp":"2026-01-13T12:14:52.305724Z","level":"info","event":"Filling up the DagBag from /opt/airflow/dags/kamis_etl_dag.py","logger":"airflow.models.dagbag.DagBag","filename":"dagbag.py","lineno":593}
{"timestamp":"2026-01-13T12:14:52.925202Z","level":"warning","event":"The `airflow.decorators.dag` attribute is deprecated. Please use `'airflow.sdk.dag'`.","category":"DeprecatedImportWarning","filename":"/opt/airflow/dags/kamis_etl_dag.py","lineno":1,"logger":"py.warnings"}
{"timestamp":"2026-01-13T12:14:52.925347Z","level":"warning","event":"The `airflow.decorators.task` attribute is deprecated. Please use `'airflow.sdk.task'`.","category":"DeprecatedImportWarning","filename":"/opt/airflow/dags/kamis_etl_dag.py","lineno":1,"logger":"py.warnings"}
{"timestamp":"2026-01-13T12:15:23.037097Z","level":"info","event":"Filling up the DagBag from /opt/airflow/dags/kamis_etl_dag.py","logger":"airflow.models.dagbag.DagBag","filename":"dagbag.py","lineno":593}
{"timestamp":"2026-01-13T12:15:23.799223Z","level":"warning","event":"The `airflow.decorators.dag` attribute is deprecated. Please use `'airflow.sdk.dag'`.","category":"DeprecatedImportWarning","filename":"/opt/airflow/dags/kamis_etl_dag.py","lineno":1,"logger":"py.warnings"}
{"timestamp":"2026-01-13T12:15:23.799448Z","level":"warning","event":"The `airflow.decorators.task` attribute is deprecated. Please use `'airflow.sdk.task'`.","category":"DeprecatedImportWarning","filename":"/opt/airflow/dags/kamis_etl_dag.py","lineno":1,"logger":"py.warnings"}
{"timestamp":"2026-01-13T12:15:54.820246Z","level":"info","event":"Filling up the DagBag from /opt/airflow/dags/kamis_etl_dag.py","logger":"airflow.models.dagbag.DagBag","filename":"dagbag.py","lineno":593}
{"timestamp":"2026-01-13T12:15:55.588667Z","level":"warning","event":"The `airflow.decorators.dag` attribute is deprecated. Please use `'airflow.sdk.dag'`.","category":"DeprecatedImportWarning","filename":"/opt/airflow/dags/kamis_etl_dag.py","lineno":1,"logger":"py.warnings"}
{"timestamp":"2026-01-13T12:15:55.588821Z","level":"warning","event":"The `airflow.decorators.task` attribute is deprecated. Please use `'airflow.sdk.task'`.","category":"DeprecatedImportWarning","filename":"/opt/airflow/dags/kamis_etl_dag.py","lineno":1,"logger":"py.warnings"}
{"timestamp":"2026-01-13T12:16:25.790076Z","level":"info","event":"Filling up the DagBag from /opt/airflow/dags/kamis_etl_dag.py","logger":"airflow.models.dagbag.DagBag","filename":"dagbag.py","lineno":593}
{"timestamp":"2026-01-13T12:16:26.457329Z","level":"warning","event":"The `airflow.decorators.dag` attribute is deprecated. Please use `'airflow.sdk.dag'`.","category":"DeprecatedImportWarning","filename":"/opt/airflow/dags/kamis_etl_dag.py","lineno":1,"logger":"py.warnings"}
{"timestamp":"2026-01-13T12:16:26.457509Z","level":"warning","event":"The `airflow.decorators.task` attribute is deprecated. Please use `'airflow.sdk.task'`.","category":"DeprecatedImportWarning","filename":"/opt/airflow/dags/kamis_etl_dag.py","lineno":1,"logger":"py.warnings"}
{"timestamp":"2026-01-13T12:16:56.979998Z","level":"info","event":"Filling up the DagBag from /opt/airflow/dags/kamis_etl_dag.py","logger":"airflow.models.dagbag.DagBag","filename":"dagbag.py","lineno":593}
{"timestamp":"2026-01-13T12:16:57.580412Z","level":"warning","event":"The `airflow.decorators.dag` attribute is deprecated. Please use `'airflow.sdk.dag'`.","category":"DeprecatedImportWarning","filename":"/opt/airflow/dags/kamis_etl_dag.py","lineno":1,"logger":"py.warnings"}
{"timestamp":"2026-01-13T12:16:57.580553Z","level":"warning","event":"The `airflow.decorators.task` attribute is deprecated. Please use `'airflow.sdk.task'`.","category":"DeprecatedImportWarning","filename":"/opt/airflow/dags/kamis_etl_dag.py","lineno":1,"logger":"py.warnings"}
{"timestamp":"2026-01-13T12:17:27.835503Z","level":"info","event":"Filling up the DagBag from /opt/airflow/dags/kamis_etl_dag.py","logger":"airflow.models.dagbag.DagBag","filename":"dagbag.py","lineno":593}
{"timestamp":"2026-01-13T12:17:28.475043Z","level":"warning","event":"The `airflow.decorators.dag` attribute is deprecated. Please use `'airflow.sdk.dag'`.","category":"DeprecatedImportWarning","filename":"/opt/airflow/dags/kamis_etl_dag.py","lineno":1,"logger":"py.warnings"}
{"timestamp":"2026-01-13T12:17:28.475188Z","level":"warning","event":"The `airflow.decorators.task` attribute is deprecated. Please use `'airflow.sdk.task'`.","category":"DeprecatedImportWarning","filename":"/opt/airflow/dags/kamis_etl_dag.py","lineno":1,"logger":"py.warnings"}
{"timestamp":"2026-01-13T12:17:58.675158Z","level":"info","event":"Filling up the DagBag from /opt/airflow/dags/kamis_etl_dag.py","logger":"airflow.models.dagbag.DagBag","filename":"dagbag.py","lineno":593}
{"timestamp":"2026-01-13T12:17:59.340893Z","level":"warning","event":"The `airflow.decorators.dag` attribute is deprecated. Please use `'airflow.sdk.dag'`.","category":"DeprecatedImportWarning","filename":"/opt/airflow/dags/kamis_etl_dag.py","lineno":1,"logger":"py.warnings"}
{"timestamp":"2026-01-13T12:17:59.341065Z","level":"warning","event":"The `airflow.decorators.task` attribute is deprecated. Please use `'airflow.sdk.task'`.","category":"DeprecatedImportWarning","filename":"/opt/airflow/dags/kamis_etl_dag.py","lineno":1,"logger":"py.warnings"}
{"timestamp":"2026-01-13T12:18:30.286004Z","level":"info","event":"Filling up the DagBag from /opt/airflow/dags/kamis_etl_dag.py","logger":"airflow.models.dagbag.DagBag","filename":"dagbag.py","lineno":593}
{"timestamp":"2026-01-13T12:18:30.883514Z","level":"warning","event":"The `airflow.decorators.dag` attribute is deprecated. Please use `'airflow.sdk.dag'`.","category":"DeprecatedImportWarning","filename":"/opt/airflow/dags/kamis_etl_dag.py","lineno":1,"logger":"py.warnings"}
{"timestamp":"2026-01-13T12:18:30.883654Z","level":"warning","event":"The `airflow.decorators.task` attribute is deprecated. Please use `'airflow.sdk.task'`.","category":"DeprecatedImportWarning","filename":"/opt/airflow/dags/kamis_etl_dag.py","lineno":1,"logger":"py.warnings"}
{"timestamp":"2026-01-13T12:19:01.041916Z","level":"info","event":"Filling up the DagBag from /opt/airflow/dags/kamis_etl_dag.py","logger":"airflow.models.dagbag.DagBag","filename":"dagbag.py","lineno":593}
{"timestamp":"2026-01-13T12:19:01.685755Z","level":"warning","event":"The `airflow.decorators.dag` attribute is deprecated. Please use `'airflow.sdk.dag'`.","category":"DeprecatedImportWarning","filename":"/opt/airflow/dags/kamis_etl_dag.py","lineno":1,"logger":"py.warnings"}
{"timestamp":"2026-01-13T12:19:01.686039Z","level":"warning","event":"The `airflow.decorators.task` attribute is deprecated. Please use `'airflow.sdk.task'`.","category":"DeprecatedImportWarning","filename":"/opt/airflow/dags/kamis_etl_dag.py","lineno":1,"logger":"py.warnings"}
{"timestamp":"2026-01-13T12:19:31.801111Z","level":"info","event":"Filling up the DagBag from /opt/airflow/dags/kamis_etl_dag.py","logger":"airflow.models.dagbag.DagBag","filename":"dagbag.py","lineno":593}
{"timestamp":"2026-01-13T12:19:32.401966Z","level":"warning","event":"The `airflow.decorators.dag` attribute is deprecated. Please use `'airflow.sdk.dag'`.","category":"DeprecatedImportWarning","filename":"/opt/airflow/dags/kamis_etl_dag.py","lineno":1,"logger":"py.warnings"}
{"timestamp":"2026-01-13T12:19:32.402105Z","level":"warning","event":"The `airflow.decorators.task` attribute is deprecated. Please use `'airflow.sdk.task'`.","category":"DeprecatedImportWarning","filename":"/opt/airflow/dags/kamis_etl_dag.py","lineno":1,"logger":"py.warnings"}
{"timestamp":"2026-01-13T17:30:58.875202Z","level":"info","event":"Filling up the DagBag from /opt/airflow/dags/kamis_etl_dag.py","logger":"airflow.models.dagbag.DagBag","filename":"dagbag.py","lineno":593}
{"timestamp":"2026-01-13T17:31:01.430701Z","level":"warning","event":"The `airflow.decorators.dag` attribute is deprecated. Please use `'airflow.sdk.dag'`.","category":"DeprecatedImportWarning","filename":"/opt/airflow/dags/kamis_etl_dag.py","lineno":1,"logger":"py.warnings"}
{"timestamp":"2026-01-13T17:31:01.434271Z","level":"warning","event":"The `airflow.decorators.task` attribute is deprecated. Please use `'airflow.sdk.task'`.","category":"DeprecatedImportWarning","filename":"/opt/airflow/dags/kamis_etl_dag.py","lineno":1,"logger":"py.warnings"}
{"timestamp":"2026-01-13T17:31:31.849003Z","level":"info","event":"Filling up the DagBag from /opt/airflow/dags/kamis_etl_dag.py","logger":"airflow.models.dagbag.DagBag","filename":"dagbag.py","lineno":593}
{"timestamp":"2026-01-13T17:31:33.288559Z","level":"warning","event":"The `airflow.decorators.dag` attribute is deprecated. Please use `'airflow.sdk.dag'`.","category":"DeprecatedImportWarning","filename":"/opt/airflow/dags/kamis_etl_dag.py","lineno":1,"logger":"py.warnings"}
{"timestamp":"2026-01-13T17:31:33.288786Z","level":"warning","event":"The `airflow.decorators.task` attribute is deprecated. Please use `'airflow.sdk.task'`.","category":"DeprecatedImportWarning","filename":"/opt/airflow/dags/kamis_etl_dag.py","lineno":1,"logger":"py.warnings"}
{"timestamp":"2026-01-13T17:32:04.293796Z","level":"info","event":"Filling up the DagBag from /opt/airflow/dags/kamis_etl_dag.py","logger":"airflow.models.dagbag.DagBag","filename":"dagbag.py","lineno":593}
{"timestamp":"2026-01-13T17:32:05.637916Z","level":"warning","event":"The `airflow.decorators.dag` attribute is deprecated. Please use `'airflow.sdk.dag'`.","category":"DeprecatedImportWarning","filename":"/opt/airflow/dags/kamis_etl_dag.py","lineno":1,"logger":"py.warnings"}
{"timestamp":"2026-01-13T17:32:05.638121Z","level":"warning","event":"The `airflow.decorators.task` attribute is deprecated. Please use `'airflow.sdk.task'`.","category":"DeprecatedImportWarning","filename":"/opt/airflow/dags/kamis_etl_dag.py","lineno":1,"logger":"py.warnings"}
{"timestamp":"2026-01-13T17:32:35.966349Z","level":"info","event":"Filling up the DagBag from /opt/airflow/dags/kamis_etl_dag.py","logger":"airflow.models.dagbag.DagBag","filename":"dagbag.py","lineno":593}
{"timestamp":"2026-01-13T17:32:36.921224Z","level":"warning","event":"The `airflow.decorators.dag` attribute is deprecated. Please use `'airflow.sdk.dag'`.","category":"DeprecatedImportWarning","filename":"/opt/airflow/dags/kamis_etl_dag.py","lineno":1,"logger":"py.warnings"}
{"timestamp":"2026-01-13T17:32:36.921499Z","level":"warning","event":"The `airflow.decorators.task` attribute is deprecated. Please use `'airflow.sdk.task'`.","category":"DeprecatedImportWarning","filename":"/opt/airflow/dags/kamis_etl_dag.py","lineno":1,"logger":"py.warnings"}
{"timestamp":"2026-01-13T17:33:07.068274Z","level":"info","event":"Filling up the DagBag from /opt/airflow/dags/kamis_etl_dag.py","logger":"airflow.models.dagbag.DagBag","filename":"dagbag.py","lineno":593}
{"timestamp":"2026-01-13T17:33:08.108117Z","level":"warning","event":"The `airflow.decorators.dag` attribute is deprecated. Please use `'airflow.sdk.dag'`.","category":"DeprecatedImportWarning","filename":"/opt/airflow/dags/kamis_etl_dag.py","lineno":1,"logger":"py.warnings"}
{"timestamp":"2026-01-13T17:33:08.108585Z","level":"warning","event":"The `airflow.decorators.task` attribute is deprecated. Please use `'airflow.sdk.task'`.","category":"DeprecatedImportWarning","filename":"/opt/airflow/dags/kamis_etl_dag.py","lineno":1,"logger":"py.warnings"}
{"timestamp":"2026-01-13T17:33:38.307082Z","level":"info","event":"Filling up the DagBag from /opt/airflow/dags/kamis_etl_dag.py","logger":"airflow.models.dagbag.DagBag","filename":"dagbag.py","lineno":593}
{"timestamp":"2026-01-13T17:33:39.870705Z","level":"warning","event":"The `airflow.decorators.dag` attribute is deprecated. Please use `'airflow.sdk.dag'`.","category":"DeprecatedImportWarning","filename":"/opt/airflow/dags/kamis_etl_dag.py","lineno":1,"logger":"py.warnings"}
{"timestamp":"2026-01-13T17:33:39.871115Z","level":"warning","event":"The `airflow.decorators.task` attribute is deprecated. Please use `'airflow.sdk.task'`.","category":"DeprecatedImportWarning","filename":"/opt/airflow/dags/kamis_etl_dag.py","lineno":1,"logger":"py.warnings"}
{"timestamp":"2026-01-13T17:34:10.757438Z","level":"info","event":"Filling up the DagBag from /opt/airflow/dags/kamis_etl_dag.py","logger":"airflow.models.dagbag.DagBag","filename":"dagbag.py","lineno":593}
{"timestamp":"2026-01-13T17:34:12.579015Z","level":"warning","event":"The `airflow.decorators.dag` attribute is deprecated. Please use `'airflow.sdk.dag'`.","category":"DeprecatedImportWarning","filename":"/opt/airflow/dags/kamis_etl_dag.py","lineno":1,"logger":"py.warnings"}
{"timestamp":"2026-01-13T17:34:12.579313Z","level":"warning","event":"The `airflow.decorators.task` attribute is deprecated. Please use `'airflow.sdk.task'`.","category":"DeprecatedImportWarning","filename":"/opt/airflow/dags/kamis_etl_dag.py","lineno":1,"logger":"py.warnings"}
{"timestamp":"2026-01-13T17:34:43.505085Z","level":"info","event":"Filling up the DagBag from /opt/airflow/dags/kamis_etl_dag.py","logger":"airflow.models.dagbag.DagBag","filename":"dagbag.py","lineno":593}
{"timestamp":"2026-01-13T17:34:44.750741Z","level":"warning","event":"The `airflow.decorators.dag` attribute is deprecated. Please use `'airflow.sdk.dag'`.","category":"DeprecatedImportWarning","filename":"/opt/airflow/dags/kamis_etl_dag.py","lineno":1,"logger":"py.warnings"}
{"timestamp":"2026-01-13T17:34:44.750992Z","level":"warning","event":"The `airflow.decorators.task` attribute is deprecated. Please use `'airflow.sdk.task'`.","category":"DeprecatedImportWarning","filename":"/opt/airflow/dags/kamis_etl_dag.py","lineno":1,"logger":"py.warnings"}
{"timestamp":"2026-01-13T17:35:15.682536Z","level":"info","event":"Filling up the DagBag from /opt/airflow/dags/kamis_etl_dag.py","logger":"airflow.models.dagbag.DagBag","filename":"dagbag.py","lineno":593}
{"timestamp":"2026-01-13T17:35:16.863972Z","level":"warning","event":"The `airflow.decorators.dag` attribute is deprecated. Please use `'airflow.sdk.dag'`.","category":"DeprecatedImportWarning","filename":"/opt/airflow/dags/kamis_etl_dag.py","lineno":1,"logger":"py.warnings"}
{"timestamp":"2026-01-13T17:35:16.864403Z","level":"warning","event":"The `airflow.decorators.task` attribute is deprecated. Please use `'airflow.sdk.task'`.","category":"DeprecatedImportWarning","filename":"/opt/airflow/dags/kamis_etl_dag.py","lineno":1,"logger":"py.warnings"}
{"timestamp":"2026-01-13T17:35:46.980126Z","level":"info","event":"Filling up the DagBag from /opt/airflow/dags/kamis_etl_dag.py","logger":"airflow.models.dagbag.DagBag","filename":"dagbag.py","lineno":593}
{"timestamp":"2026-01-13T17:35:47.903764Z","level":"warning","event":"The `airflow.decorators.dag` attribute is deprecated. Please use `'airflow.sdk.dag'`.","category":"DeprecatedImportWarning","filename":"/opt/airflow/dags/kamis_etl_dag.py","lineno":1,"logger":"py.warnings"}
{"timestamp":"2026-01-13T17:35:47.903958Z","level":"warning","event":"The `airflow.decorators.task` attribute is deprecated. Please use `'airflow.sdk.task'`.","category":"DeprecatedImportWarning","filename":"/opt/airflow/dags/kamis_etl_dag.py","lineno":1,"logger":"py.warnings"}
{"timestamp":"2026-01-13T17:36:18.618684Z","level":"info","event":"Filling up the DagBag from /opt/airflow/dags/kamis_etl_dag.py","logger":"airflow.models.dagbag.DagBag","filename":"dagbag.py","lineno":593}
{"timestamp":"2026-01-13T17:36:19.484468Z","level":"warning","event":"The `airflow.decorators.dag` attribute is deprecated. Please use `'airflow.sdk.dag'`.","category":"DeprecatedImportWarning","filename":"/opt/airflow/dags/kamis_etl_dag.py","lineno":1,"logger":"py.warnings"}
{"timestamp":"2026-01-13T17:36:19.484712Z","level":"warning","event":"The `airflow.decorators.task` attribute is deprecated. Please use `'airflow.sdk.task'`.","category":"DeprecatedImportWarning","filename":"/opt/airflow/dags/kamis_etl_dag.py","lineno":1,"logger":"py.warnings"}
{"timestamp":"2026-01-13T17:36:49.661352Z","level":"info","event":"Filling up the DagBag from /opt/airflow/dags/kamis_etl_dag.py","logger":"airflow.models.dagbag.DagBag","filename":"dagbag.py","lineno":593}
{"timestamp":"2026-01-13T17:36:50.578391Z","level":"warning","event":"The `airflow.decorators.dag` attribute is deprecated. Please use `'airflow.sdk.dag'`.","category":"DeprecatedImportWarning","filename":"/opt/airflow/dags/kamis_etl_dag.py","lineno":1,"logger":"py.warnings"}
{"timestamp":"2026-01-13T17:36:50.578706Z","level":"warning","event":"The `airflow.decorators.task` attribute is deprecated. Please use `'airflow.sdk.task'`.","category":"DeprecatedImportWarning","filename":"/opt/airflow/dags/kamis_etl_dag.py","lineno":1,"logger":"py.warnings"}
{"timestamp":"2026-01-13T17:37:21.322161Z","level":"info","event":"Filling up the DagBag from /opt/airflow/dags/kamis_etl_dag.py","logger":"airflow.models.dagbag.DagBag","filename":"dagbag.py","lineno":593}
{"timestamp":"2026-01-13T17:37:22.215710Z","level":"warning","event":"The `airflow.decorators.dag` attribute is deprecated. Please use `'airflow.sdk.dag'`.","category":"DeprecatedImportWarning","filename":"/opt/airflow/dags/kamis_etl_dag.py","lineno":1,"logger":"py.warnings"}
{"timestamp":"2026-01-13T17:37:22.216006Z","level":"warning","event":"The `airflow.decorators.task` attribute is deprecated. Please use `'airflow.sdk.task'`.","category":"DeprecatedImportWarning","filename":"/opt/airflow/dags/kamis_etl_dag.py","lineno":1,"logger":"py.warnings"}
{"timestamp":"2026-01-13T17:37:52.977427Z","level":"info","event":"Filling up the DagBag from /opt/airflow/dags/kamis_etl_dag.py","logger":"airflow.models.dagbag.DagBag","filename":"dagbag.py","lineno":593}
{"timestamp":"2026-01-13T17:37:54.459222Z","level":"warning","event":"The `airflow.decorators.dag` attribute is deprecated. Please use `'airflow.sdk.dag'`.","category":"DeprecatedImportWarning","filename":"/opt/airflow/dags/kamis_etl_dag.py","lineno":1,"logger":"py.warnings"}
{"timestamp":"2026-01-13T17:37:54.459637Z","level":"warning","event":"The `airflow.decorators.task` attribute is deprecated. Please use `'airflow.sdk.task'`.","category":"DeprecatedImportWarning","filename":"/opt/airflow/dags/kamis_etl_dag.py","lineno":1,"logger":"py.warnings"}
{"timestamp":"2026-01-13T17:38:25.111892Z","level":"info","event":"Filling up the DagBag from /opt/airflow/dags/kamis_etl_dag.py","logger":"airflow.models.dagbag.DagBag","filename":"dagbag.py","lineno":593}
{"timestamp":"2026-01-13T17:38:26.336259Z","level":"warning","event":"The `airflow.decorators.dag` attribute is deprecated. Please use `'airflow.sdk.dag'`.","category":"DeprecatedImportWarning","filename":"/opt/airflow/dags/kamis_etl_dag.py","lineno":1,"logger":"py.warnings"}
{"timestamp":"2026-01-13T17:38:26.336711Z","level":"warning","event":"The `airflow.decorators.task` attribute is deprecated. Please use `'airflow.sdk.task'`.","category":"DeprecatedImportWarning","filename":"/opt/airflow/dags/kamis_etl_dag.py","lineno":1,"logger":"py.warnings"}
{"timestamp":"2026-01-13T17:38:57.267928Z","level":"info","event":"Filling up the DagBag from /opt/airflow/dags/kamis_etl_dag.py","logger":"airflow.models.dagbag.DagBag","filename":"dagbag.py","lineno":593}
{"timestamp":"2026-01-13T17:38:58.119680Z","level":"warning","event":"The `airflow.decorators.dag` attribute is deprecated. Please use `'airflow.sdk.dag'`.","category":"DeprecatedImportWarning","filename":"/opt/airflow/dags/kamis_etl_dag.py","lineno":1,"logger":"py.warnings"}
{"timestamp":"2026-01-13T17:38:58.119871Z","level":"warning","event":"The `airflow.decorators.task` attribute is deprecated. Please use `'airflow.sdk.task'`.","category":"DeprecatedImportWarning","filename":"/opt/airflow/dags/kamis_etl_dag.py","lineno":1,"logger":"py.warnings"}
{"timestamp":"2026-01-13T17:39:29.002188Z","level":"info","event":"Filling up the DagBag from /opt/airflow/dags/kamis_etl_dag.py","logger":"airflow.models.dagbag.DagBag","filename":"dagbag.py","lineno":593}
{"timestamp":"2026-01-13T17:39:29.874628Z","level":"warning","event":"The `airflow.decorators.dag` attribute is deprecated. Please use `'airflow.sdk.dag'`.","category":"DeprecatedImportWarning","filename":"/opt/airflow/dags/kamis_etl_dag.py","lineno":1,"logger":"py.warnings"}
{"timestamp":"2026-01-13T17:39:29.874999Z","level":"warning","event":"The `airflow.decorators.task` attribute is deprecated. Please use `'airflow.sdk.task'`.","category":"DeprecatedImportWarning","filename":"/opt/airflow/dags/kamis_etl_dag.py","lineno":1,"logger":"py.warnings"}
{"timestamp":"2026-01-13T17:40:00.561201Z","level":"info","event":"Filling up the DagBag from /opt/airflow/dags/kamis_etl_dag.py","logger":"airflow.models.dagbag.DagBag","filename":"dagbag.py","lineno":593}
{"timestamp":"2026-01-13T17:40:01.513903Z","level":"warning","event":"The `airflow.decorators.dag` attribute is deprecated. Please use `'airflow.sdk.dag'`.","category":"DeprecatedImportWarning","filename":"/opt/airflow/dags/kamis_etl_dag.py","lineno":1,"logger":"py.warnings"}
{"timestamp":"2026-01-13T17:40:01.514264Z","level":"warning","event":"The `airflow.decorators.task` attribute is deprecated. Please use `'airflow.sdk.task'`.","category":"DeprecatedImportWarning","filename":"/opt/airflow/dags/kamis_etl_dag.py","lineno":1,"logger":"py.warnings"}
{"timestamp":"2026-01-13T17:40:32.352302Z","level":"info","event":"Filling up the DagBag from /opt/airflow/dags/kamis_etl_dag.py","logger":"airflow.models.dagbag.DagBag","filename":"dagbag.py","lineno":593}
{"timestamp":"2026-01-13T17:40:33.211629Z","level":"warning","event":"The `airflow.decorators.dag` attribute is deprecated. Please use `'airflow.sdk.dag'`.","category":"DeprecatedImportWarning","filename":"/opt/airflow/dags/kamis_etl_dag.py","lineno":1,"logger":"py.warnings"}
{"timestamp":"2026-01-13T17:40:33.211818Z","level":"warning","event":"The `airflow.decorators.task` attribute is deprecated. Please use `'airflow.sdk.task'`.","category":"DeprecatedImportWarning","filename":"/opt/airflow/dags/kamis_etl_dag.py","lineno":1,"logger":"py.warnings"}
{"timestamp":"2026-01-13T17:41:03.981443Z","level":"info","event":"Filling up the DagBag from /opt/airflow/dags/kamis_etl_dag.py","logger":"airflow.models.dagbag.DagBag","filename":"dagbag.py","lineno":593}
{"timestamp":"2026-01-13T17:41:04.993304Z","level":"warning","event":"The `airflow.decorators.dag` attribute is deprecated. Please use `'airflow.sdk.dag'`.","category":"DeprecatedImportWarning","filename":"/opt/airflow/dags/kamis_etl_dag.py","lineno":1,"logger":"py.warnings"}
{"timestamp":"2026-01-13T17:41:04.993612Z","level":"warning","event":"The `airflow.decorators.task` attribute is deprecated. Please use `'airflow.sdk.task'`.","category":"DeprecatedImportWarning","filename":"/opt/airflow/dags/kamis_etl_dag.py","lineno":1,"logger":"py.warnings"}
{"timestamp":"2026-01-13T17:41:35.703973Z","level":"info","event":"Filling up the DagBag from /opt/airflow/dags/kamis_etl_dag.py","logger":"airflow.models.dagbag.DagBag","filename":"dagbag.py","lineno":593}
{"timestamp":"2026-01-13T17:41:36.903151Z","level":"warning","event":"The `airflow.decorators.dag` attribute is deprecated. Please use `'airflow.sdk.dag'`.","category":"DeprecatedImportWarning","filename":"/opt/airflow/dags/kamis_etl_dag.py","lineno":1,"logger":"py.warnings"}
{"timestamp":"2026-01-13T17:41:36.903459Z","level":"warning","event":"The `airflow.decorators.task` attribute is deprecated. Please use `'airflow.sdk.task'`.","category":"DeprecatedImportWarning","filename":"/opt/airflow/dags/kamis_etl_dag.py","lineno":1,"logger":"py.warnings"}
{"timestamp":"2026-01-13T17:42:07.036180Z","level":"info","event":"Filling up the DagBag from /opt/airflow/dags/kamis_etl_dag.py","logger":"airflow.models.dagbag.DagBag","filename":"dagbag.py","lineno":593}
{"timestamp":"2026-01-13T17:42:07.902646Z","level":"warning","event":"The `airflow.decorators.dag` attribute is deprecated. Please use `'airflow.sdk.dag'`.","category":"DeprecatedImportWarning","filename":"/opt/airflow/dags/kamis_etl_dag.py","lineno":1,"logger":"py.warnings"}
{"timestamp":"2026-01-13T17:42:07.902915Z","level":"warning","event":"The `airflow.decorators.task` attribute is deprecated. Please use `'airflow.sdk.task'`.","category":"DeprecatedImportWarning","filename":"/opt/airflow/dags/kamis_etl_dag.py","lineno":1,"logger":"py.warnings"}
{"timestamp":"2026-01-13T17:42:38.019192Z","level":"info","event":"Filling up the DagBag from /opt/airflow/dags/kamis_etl_dag.py","logger":"airflow.models.dagbag.DagBag","filename":"dagbag.py","lineno":593}
{"timestamp":"2026-01-13T17:42:38.959293Z","level":"warning","event":"The `airflow.decorators.dag` attribute is deprecated. Please use `'airflow.sdk.dag'`.","category":"DeprecatedImportWarning","filename":"/opt/airflow/dags/kamis_etl_dag.py","lineno":1,"logger":"py.warnings"}
{"timestamp":"2026-01-13T17:42:38.959617Z","level":"warning","event":"The `airflow.decorators.task` attribute is deprecated. Please use `'airflow.sdk.task'`.","category":"DeprecatedImportWarning","filename":"/opt/airflow/dags/kamis_etl_dag.py","lineno":1,"logger":"py.warnings"}
{"timestamp":"2026-01-13T17:43:09.796423Z","level":"info","event":"Filling up the DagBag from /opt/airflow/dags/kamis_etl_dag.py","logger":"airflow.models.dagbag.DagBag","filename":"dagbag.py","lineno":593}
{"timestamp":"2026-01-13T17:43:10.813932Z","level":"warning","event":"The `airflow.decorators.dag` attribute is deprecated. Please use `'airflow.sdk.dag'`.","category":"DeprecatedImportWarning","filename":"/opt/airflow/dags/kamis_etl_dag.py","lineno":1,"logger":"py.warnings"}
{"timestamp":"2026-01-13T17:43:10.814241Z","level":"warning","event":"The `airflow.decorators.task` attribute is deprecated. Please use `'airflow.sdk.task'`.","category":"DeprecatedImportWarning","filename":"/opt/airflow/dags/kamis_etl_dag.py","lineno":1,"logger":"py.warnings"}
{"timestamp":"2026-01-13T17:43:41.727288Z","level":"info","event":"Filling up the DagBag from /opt/airflow/dags/kamis_etl_dag.py","logger":"airflow.models.dagbag.DagBag","filename":"dagbag.py","lineno":593}
{"timestamp":"2026-01-13T17:43:42.591291Z","level":"warning","event":"The `airflow.decorators.dag` attribute is deprecated. Please use `'airflow.sdk.dag'`.","category":"DeprecatedImportWarning","filename":"/opt/airflow/dags/kamis_etl_dag.py","lineno":1,"logger":"py.warnings"}
{"timestamp":"2026-01-13T17:43:42.591585Z","level":"warning","event":"The `airflow.decorators.task` attribute is deprecated. Please use `'airflow.sdk.task'`.","category":"DeprecatedImportWarning","filename":"/opt/airflow/dags/kamis_etl_dag.py","lineno":1,"logger":"py.warnings"}
{"timestamp":"2026-01-13T17:44:12.770664Z","level":"info","event":"Filling up the DagBag from /opt/airflow/dags/kamis_etl_dag.py","logger":"airflow.models.dagbag.DagBag","filename":"dagbag.py","lineno":593}
{"timestamp":"2026-01-13T17:44:13.711105Z","level":"warning","event":"The `airflow.decorators.dag` attribute is deprecated. Please use `'airflow.sdk.dag'`.","category":"DeprecatedImportWarning","filename":"/opt/airflow/dags/kamis_etl_dag.py","lineno":1,"logger":"py.warnings"}
{"timestamp":"2026-01-13T17:44:13.711299Z","level":"warning","event":"The `airflow.decorators.task` attribute is deprecated. Please use `'airflow.sdk.task'`.","category":"DeprecatedImportWarning","filename":"/opt/airflow/dags/kamis_etl_dag.py","lineno":1,"logger":"py.warnings"}
{"timestamp":"2026-01-13T17:44:43.800281Z","level":"info","event":"Filling up the DagBag from /opt/airflow/dags/kamis_etl_dag.py","logger":"airflow.models.dagbag.DagBag","filename":"dagbag.py","lineno":593}
{"timestamp":"2026-01-13T17:44:44.664595Z","level":"warning","event":"The `airflow.decorators.dag` attribute is deprecated. Please use `'airflow.sdk.dag'`.","category":"DeprecatedImportWarning","filename":"/opt/airflow/dags/kamis_etl_dag.py","lineno":1,"logger":"py.warnings"}
{"timestamp":"2026-01-13T17:44:44.664852Z","level":"warning","event":"The `airflow.decorators.task` attribute is deprecated. Please use `'airflow.sdk.task'`.","category":"DeprecatedImportWarning","filename":"/opt/airflow/dags/kamis_etl_dag.py","lineno":1,"logger":"py.warnings"}
{"timestamp":"2026-01-13T17:45:15.402092Z","level":"info","event":"Filling up the DagBag from /opt/airflow/dags/kamis_etl_dag.py","logger":"airflow.models.dagbag.DagBag","filename":"dagbag.py","lineno":593}
{"timestamp":"2026-01-13T17:45:16.637953Z","level":"warning","event":"The `airflow.decorators.dag` attribute is deprecated. Please use `'airflow.sdk.dag'`.","category":"DeprecatedImportWarning","filename":"/opt/airflow/dags/kamis_etl_dag.py","lineno":1,"logger":"py.warnings"}
{"timestamp":"2026-01-13T17:45:16.638205Z","level":"warning","event":"The `airflow.decorators.task` attribute is deprecated. Please use `'airflow.sdk.task'`.","category":"DeprecatedImportWarning","filename":"/opt/airflow/dags/kamis_etl_dag.py","lineno":1,"logger":"py.warnings"}
{"timestamp":"2026-01-13T17:45:47.462158Z","level":"info","event":"Filling up the DagBag from /opt/airflow/dags/kamis_etl_dag.py","logger":"airflow.models.dagbag.DagBag","filename":"dagbag.py","lineno":593}
{"timestamp":"2026-01-13T17:45:48.443975Z","level":"warning","event":"The `airflow.decorators.dag` attribute is deprecated. Please use `'airflow.sdk.dag'`.","category":"DeprecatedImportWarning","filename":"/opt/airflow/dags/kamis_etl_dag.py","lineno":1,"logger":"py.warnings"}
{"timestamp":"2026-01-13T17:45:48.444278Z","level":"warning","event":"The `airflow.decorators.task` attribute is deprecated. Please use `'airflow.sdk.task'`.","category":"DeprecatedImportWarning","filename":"/opt/airflow/dags/kamis_etl_dag.py","lineno":1,"logger":"py.warnings"}
{"timestamp":"2026-01-13T17:46:19.187185Z","level":"info","event":"Filling up the DagBag from /opt/airflow/dags/kamis_etl_dag.py","logger":"airflow.models.dagbag.DagBag","filename":"dagbag.py","lineno":593}
{"timestamp":"2026-01-13T17:46:20.082696Z","level":"warning","event":"The `airflow.decorators.dag` attribute is deprecated. Please use `'airflow.sdk.dag'`.","category":"DeprecatedImportWarning","filename":"/opt/airflow/dags/kamis_etl_dag.py","lineno":1,"logger":"py.warnings"}
{"timestamp":"2026-01-13T17:46:20.082887Z","level":"warning","event":"The `airflow.decorators.task` attribute is deprecated. Please use `'airflow.sdk.task'`.","category":"DeprecatedImportWarning","filename":"/opt/airflow/dags/kamis_etl_dag.py","lineno":1,"logger":"py.warnings"}
{"timestamp":"2026-01-13T17:46:50.921130Z","level":"info","event":"Filling up the DagBag from /opt/airflow/dags/kamis_etl_dag.py","logger":"airflow.models.dagbag.DagBag","filename":"dagbag.py","lineno":593}
{"timestamp":"2026-01-13T17:46:51.802331Z","level":"warning","event":"The `airflow.decorators.dag` attribute is deprecated. Please use `'airflow.sdk.dag'`.","category":"DeprecatedImportWarning","filename":"/opt/airflow/dags/kamis_etl_dag.py","lineno":1,"logger":"py.warnings"}
{"timestamp":"2026-01-13T17:46:51.802656Z","level":"warning","event":"The `airflow.decorators.task` attribute is deprecated. Please use `'airflow.sdk.task'`.","category":"DeprecatedImportWarning","filename":"/opt/airflow/dags/kamis_etl_dag.py","lineno":1,"logger":"py.warnings"}
{"timestamp":"2026-01-13T17:47:22.609137Z","level":"info","event":"Filling up the DagBag from /opt/airflow/dags/kamis_etl_dag.py","logger":"airflow.models.dagbag.DagBag","filename":"dagbag.py","lineno":593}
{"timestamp":"2026-01-13T17:47:23.489656Z","level":"warning","event":"The `airflow.decorators.dag` attribute is deprecated. Please use `'airflow.sdk.dag'`.","category":"DeprecatedImportWarning","filename":"/opt/airflow/dags/kamis_etl_dag.py","lineno":1,"logger":"py.warnings"}
{"timestamp":"2026-01-13T17:47:23.489854Z","level":"warning","event":"The `airflow.decorators.task` attribute is deprecated. Please use `'airflow.sdk.task'`.","category":"DeprecatedImportWarning","filename":"/opt/airflow/dags/kamis_etl_dag.py","lineno":1,"logger":"py.warnings"}
{"timestamp":"2026-01-13T17:47:54.324457Z","level":"info","event":"Filling up the DagBag from /opt/airflow/dags/kamis_etl_dag.py","logger":"airflow.models.dagbag.DagBag","filename":"dagbag.py","lineno":593}
{"timestamp":"2026-01-13T17:47:55.394598Z","level":"warning","event":"The `airflow.decorators.dag` attribute is deprecated. Please use `'airflow.sdk.dag'`.","category":"DeprecatedImportWarning","filename":"/opt/airflow/dags/kamis_etl_dag.py","lineno":1,"logger":"py.warnings"}
{"timestamp":"2026-01-13T17:47:55.394835Z","level":"warning","event":"The `airflow.decorators.task` attribute is deprecated. Please use `'airflow.sdk.task'`.","category":"DeprecatedImportWarning","filename":"/opt/airflow/dags/kamis_etl_dag.py","lineno":1,"logger":"py.warnings"}
{"timestamp":"2026-01-13T17:48:26.380727Z","level":"info","event":"Filling up the DagBag from /opt/airflow/dags/kamis_etl_dag.py","logger":"airflow.models.dagbag.DagBag","filename":"dagbag.py","lineno":593}
{"timestamp":"2026-01-13T17:48:27.442202Z","level":"warning","event":"The `airflow.decorators.dag` attribute is deprecated. Please use `'airflow.sdk.dag'`.","category":"DeprecatedImportWarning","filename":"/opt/airflow/dags/kamis_etl_dag.py","lineno":1,"logger":"py.warnings"}
{"timestamp":"2026-01-13T17:48:27.442541Z","level":"warning","event":"The `airflow.decorators.task` attribute is deprecated. Please use `'airflow.sdk.task'`.","category":"DeprecatedImportWarning","filename":"/opt/airflow/dags/kamis_etl_dag.py","lineno":1,"logger":"py.warnings"}
{"timestamp":"2026-01-13T17:48:57.624082Z","level":"info","event":"Filling up the DagBag from /opt/airflow/dags/kamis_etl_dag.py","logger":"airflow.models.dagbag.DagBag","filename":"dagbag.py","lineno":593}
{"timestamp":"2026-01-13T17:48:58.868066Z","level":"warning","event":"The `airflow.decorators.dag` attribute is deprecated. Please use `'airflow.sdk.dag'`.","category":"DeprecatedImportWarning","filename":"/opt/airflow/dags/kamis_etl_dag.py","lineno":1,"logger":"py.warnings"}
{"timestamp":"2026-01-13T17:48:58.868563Z","level":"warning","event":"The `airflow.decorators.task` attribute is deprecated. Please use `'airflow.sdk.task'`.","category":"DeprecatedImportWarning","filename":"/opt/airflow/dags/kamis_etl_dag.py","lineno":1,"logger":"py.warnings"}
{"timestamp":"2026-01-13T17:49:28.990337Z","level":"info","event":"Filling up the DagBag from /opt/airflow/dags/kamis_etl_dag.py","logger":"airflow.models.dagbag.DagBag","filename":"dagbag.py","lineno":593}
{"timestamp":"2026-01-13T17:49:30.004511Z","level":"warning","event":"The `airflow.decorators.dag` attribute is deprecated. Please use `'airflow.sdk.dag'`.","category":"DeprecatedImportWarning","filename":"/opt/airflow/dags/kamis_etl_dag.py","lineno":1,"logger":"py.warnings"}
{"timestamp":"2026-01-13T17:49:30.004763Z","level":"warning","event":"The `airflow.decorators.task` attribute is deprecated. Please use `'airflow.sdk.task'`.","category":"DeprecatedImportWarning","filename":"/opt/airflow/dags/kamis_etl_dag.py","lineno":1,"logger":"py.warnings"}
{"timestamp":"2026-01-13T17:50:00.701120Z","level":"info","event":"Filling up the DagBag from /opt/airflow/dags/kamis_etl_dag.py","logger":"airflow.models.dagbag.DagBag","filename":"dagbag.py","lineno":593}
{"timestamp":"2026-01-13T17:50:01.481541Z","level":"warning","event":"The `airflow.decorators.dag` attribute is deprecated. Please use `'airflow.sdk.dag'`.","category":"DeprecatedImportWarning","filename":"/opt/airflow/dags/kamis_etl_dag.py","lineno":1,"logger":"py.warnings"}
{"timestamp":"2026-01-13T17:50:01.481883Z","level":"warning","event":"The `airflow.decorators.task` attribute is deprecated. Please use `'airflow.sdk.task'`.","category":"DeprecatedImportWarning","filename":"/opt/airflow/dags/kamis_etl_dag.py","lineno":1,"logger":"py.warnings"}
{"timestamp":"2026-01-13T17:50:32.158888Z","level":"info","event":"Filling up the DagBag from /opt/airflow/dags/kamis_etl_dag.py","logger":"airflow.models.dagbag.DagBag","filename":"dagbag.py","lineno":593}
{"timestamp":"2026-01-13T17:50:32.869129Z","level":"warning","event":"The `airflow.decorators.dag` attribute is deprecated. Please use `'airflow.sdk.dag'`.","category":"DeprecatedImportWarning","filename":"/opt/airflow/dags/kamis_etl_dag.py","lineno":1,"logger":"py.warnings"}
{"timestamp":"2026-01-13T17:50:32.869325Z","level":"warning","event":"The `airflow.decorators.task` attribute is deprecated. Please use `'airflow.sdk.task'`.","category":"DeprecatedImportWarning","filename":"/opt/airflow/dags/kamis_etl_dag.py","lineno":1,"logger":"py.warnings"}
{"timestamp":"2026-01-13T17:51:03.399959Z","level":"info","event":"Filling up the DagBag from /opt/airflow/dags/kamis_etl_dag.py","logger":"airflow.models.dagbag.DagBag","filename":"dagbag.py","lineno":593}
{"timestamp":"2026-01-13T17:51:04.206602Z","level":"warning","event":"The `airflow.decorators.dag` attribute is deprecated. Please use `'airflow.sdk.dag'`.","category":"DeprecatedImportWarning","filename":"/opt/airflow/dags/kamis_etl_dag.py","lineno":1,"logger":"py.warnings"}
{"timestamp":"2026-01-13T17:51:04.206852Z","level":"warning","event":"The `airflow.decorators.task` attribute is deprecated. Please use `'airflow.sdk.task'`.","category":"DeprecatedImportWarning","filename":"/opt/airflow/dags/kamis_etl_dag.py","lineno":1,"logger":"py.warnings"}
{"timestamp":"2026-01-13T17:51:34.963890Z","level":"info","event":"Filling up the DagBag from /opt/airflow/dags/kamis_etl_dag.py","logger":"airflow.models.dagbag.DagBag","filename":"dagbag.py","lineno":593}
{"timestamp":"2026-01-13T17:51:35.980455Z","level":"warning","event":"The `airflow.decorators.dag` attribute is deprecated. Please use `'airflow.sdk.dag'`.","category":"DeprecatedImportWarning","filename":"/opt/airflow/dags/kamis_etl_dag.py","lineno":1,"logger":"py.warnings"}
{"timestamp":"2026-01-13T17:51:35.980885Z","level":"warning","event":"The `airflow.decorators.task` attribute is deprecated. Please use `'airflow.sdk.task'`.","category":"DeprecatedImportWarning","filename":"/opt/airflow/dags/kamis_etl_dag.py","lineno":1,"logger":"py.warnings"}
{"timestamp":"2026-01-13T17:52:06.768948Z","level":"info","event":"Filling up the DagBag from /opt/airflow/dags/kamis_etl_dag.py","logger":"airflow.models.dagbag.DagBag","filename":"dagbag.py","lineno":593}
{"timestamp":"2026-01-13T17:52:07.472662Z","level":"warning","event":"The `airflow.decorators.dag` attribute is deprecated. Please use `'airflow.sdk.dag'`.","category":"DeprecatedImportWarning","filename":"/opt/airflow/dags/kamis_etl_dag.py","lineno":1,"logger":"py.warnings"}
{"timestamp":"2026-01-13T17:52:07.472864Z","level":"warning","event":"The `airflow.decorators.task` attribute is deprecated. Please use `'airflow.sdk.task'`.","category":"DeprecatedImportWarning","filename":"/opt/airflow/dags/kamis_etl_dag.py","lineno":1,"logger":"py.warnings"}
{"timestamp":"2026-01-13T17:52:38.126095Z","level":"info","event":"Filling up the DagBag from /opt/airflow/dags/kamis_etl_dag.py","logger":"airflow.models.dagbag.DagBag","filename":"dagbag.py","lineno":593}
{"timestamp":"2026-01-13T17:52:39.137080Z","level":"warning","event":"The `airflow.decorators.dag` attribute is deprecated. Please use `'airflow.sdk.dag'`.","category":"DeprecatedImportWarning","filename":"/opt/airflow/dags/kamis_etl_dag.py","lineno":1,"logger":"py.warnings"}
{"timestamp":"2026-01-13T17:52:39.137486Z","level":"warning","event":"The `airflow.decorators.task` attribute is deprecated. Please use `'airflow.sdk.task'`.","category":"DeprecatedImportWarning","filename":"/opt/airflow/dags/kamis_etl_dag.py","lineno":1,"logger":"py.warnings"}
{"timestamp":"2026-01-13T17:53:09.261518Z","level":"info","event":"Filling up the DagBag from /opt/airflow/dags/kamis_etl_dag.py","logger":"airflow.models.dagbag.DagBag","filename":"dagbag.py","lineno":593}
{"timestamp":"2026-01-13T17:53:10.067751Z","level":"warning","event":"The `airflow.decorators.dag` attribute is deprecated. Please use `'airflow.sdk.dag'`.","category":"DeprecatedImportWarning","filename":"/opt/airflow/dags/kamis_etl_dag.py","lineno":1,"logger":"py.warnings"}
{"timestamp":"2026-01-13T17:53:10.067998Z","level":"warning","event":"The `airflow.decorators.task` attribute is deprecated. Please use `'airflow.sdk.task'`.","category":"DeprecatedImportWarning","filename":"/opt/airflow/dags/kamis_etl_dag.py","lineno":1,"logger":"py.warnings"}
{"timestamp":"2026-01-13T17:53:40.962515Z","level":"info","event":"Filling up the DagBag from /opt/airflow/dags/kamis_etl_dag.py","logger":"airflow.models.dagbag.DagBag","filename":"dagbag.py","lineno":593}
{"timestamp":"2026-01-13T17:53:41.635980Z","level":"warning","event":"The `airflow.decorators.dag` attribute is deprecated. Please use `'airflow.sdk.dag'`.","category":"DeprecatedImportWarning","filename":"/opt/airflow/dags/kamis_etl_dag.py","lineno":1,"logger":"py.warnings"}
{"timestamp":"2026-01-13T17:53:41.636237Z","level":"warning","event":"The `airflow.decorators.task` attribute is deprecated. Please use `'airflow.sdk.task'`.","category":"DeprecatedImportWarning","filename":"/opt/airflow/dags/kamis_etl_dag.py","lineno":1,"logger":"py.warnings"}
{"timestamp":"2026-01-13T17:54:12.316746Z","level":"info","event":"Filling up the DagBag from /opt/airflow/dags/kamis_etl_dag.py","logger":"airflow.models.dagbag.DagBag","filename":"dagbag.py","lineno":593}
{"timestamp":"2026-01-13T17:54:13.065020Z","level":"warning","event":"The `airflow.decorators.dag` attribute is deprecated. Please use `'airflow.sdk.dag'`.","category":"DeprecatedImportWarning","filename":"/opt/airflow/dags/kamis_etl_dag.py","lineno":1,"logger":"py.warnings"}
{"timestamp":"2026-01-13T17:54:13.065220Z","level":"warning","event":"The `airflow.decorators.task` attribute is deprecated. Please use `'airflow.sdk.task'`.","category":"DeprecatedImportWarning","filename":"/opt/airflow/dags/kamis_etl_dag.py","lineno":1,"logger":"py.warnings"}
{"timestamp":"2026-01-13T17:54:43.851639Z","level":"info","event":"Filling up the DagBag from /opt/airflow/dags/kamis_etl_dag.py","logger":"airflow.models.dagbag.DagBag","filename":"dagbag.py","lineno":593}
{"timestamp":"2026-01-13T17:54:44.557085Z","level":"warning","event":"The `airflow.decorators.dag` attribute is deprecated. Please use `'airflow.sdk.dag'`.","category":"DeprecatedImportWarning","filename":"/opt/airflow/dags/kamis_etl_dag.py","lineno":1,"logger":"py.warnings"}
{"timestamp":"2026-01-13T17:54:44.557410Z","level":"warning","event":"The `airflow.decorators.task` attribute is deprecated. Please use `'airflow.sdk.task'`.","category":"DeprecatedImportWarning","filename":"/opt/airflow/dags/kamis_etl_dag.py","lineno":1,"logger":"py.warnings"}
{"timestamp":"2026-01-13T17:55:15.167190Z","level":"info","event":"Filling up the DagBag from /opt/airflow/dags/kamis_etl_dag.py","logger":"airflow.models.dagbag.DagBag","filename":"dagbag.py","lineno":593}
{"timestamp":"2026-01-13T17:55:15.909844Z","level":"warning","event":"The `airflow.decorators.dag` attribute is deprecated. Please use `'airflow.sdk.dag'`.","category":"DeprecatedImportWarning","filename":"/opt/airflow/dags/kamis_etl_dag.py","lineno":1,"logger":"py.warnings"}
{"timestamp":"2026-01-13T17:55:15.910045Z","level":"warning","event":"The `airflow.decorators.task` attribute is deprecated. Please use `'airflow.sdk.task'`.","category":"DeprecatedImportWarning","filename":"/opt/airflow/dags/kamis_etl_dag.py","lineno":1,"logger":"py.warnings"}
{"timestamp":"2026-01-13T17:55:46.500101Z","level":"info","event":"Filling up the DagBag from /opt/airflow/dags/kamis_etl_dag.py","logger":"airflow.models.dagbag.DagBag","filename":"dagbag.py","lineno":593}
{"timestamp":"2026-01-13T17:55:47.342807Z","level":"warning","event":"The `airflow.decorators.dag` attribute is deprecated. Please use `'airflow.sdk.dag'`.","category":"DeprecatedImportWarning","filename":"/opt/airflow/dags/kamis_etl_dag.py","lineno":1,"logger":"py.warnings"}
{"timestamp":"2026-01-13T17:55:47.343067Z","level":"warning","event":"The `airflow.decorators.task` attribute is deprecated. Please use `'airflow.sdk.task'`.","category":"DeprecatedImportWarning","filename":"/opt/airflow/dags/kamis_etl_dag.py","lineno":1,"logger":"py.warnings"}
{"timestamp":"2026-01-13T17:56:17.923960Z","level":"info","event":"Filling up the DagBag from /opt/airflow/dags/kamis_etl_dag.py","logger":"airflow.models.dagbag.DagBag","filename":"dagbag.py","lineno":593}
{"timestamp":"2026-01-13T17:56:18.966523Z","level":"warning","event":"The `airflow.decorators.dag` attribute is deprecated. Please use `'airflow.sdk.dag'`.","category":"DeprecatedImportWarning","filename":"/opt/airflow/dags/kamis_etl_dag.py","lineno":1,"logger":"py.warnings"}
{"timestamp":"2026-01-13T17:56:18.966862Z","level":"warning","event":"The `airflow.decorators.task` attribute is deprecated. Please use `'airflow.sdk.task'`.","category":"DeprecatedImportWarning","filename":"/opt/airflow/dags/kamis_etl_dag.py","lineno":1,"logger":"py.warnings"}
{"timestamp":"2026-01-13T17:56:49.832980Z","level":"info","event":"Filling up the DagBag from /opt/airflow/dags/kamis_etl_dag.py","logger":"airflow.models.dagbag.DagBag","filename":"dagbag.py","lineno":593}
{"timestamp":"2026-01-13T17:56:50.639198Z","level":"warning","event":"The `airflow.decorators.dag` attribute is deprecated. Please use `'airflow.sdk.dag'`.","category":"DeprecatedImportWarning","filename":"/opt/airflow/dags/kamis_etl_dag.py","lineno":1,"logger":"py.warnings"}
{"timestamp":"2026-01-13T17:56:50.639495Z","level":"warning","event":"The `airflow.decorators.task` attribute is deprecated. Please use `'airflow.sdk.task'`.","category":"DeprecatedImportWarning","filename":"/opt/airflow/dags/kamis_etl_dag.py","lineno":1,"logger":"py.warnings"}
{"timestamp":"2026-01-13T17:57:21.393299Z","level":"info","event":"Filling up the DagBag from /opt/airflow/dags/kamis_etl_dag.py","logger":"airflow.models.dagbag.DagBag","filename":"dagbag.py","lineno":593}
{"timestamp":"2026-01-13T17:57:22.138455Z","level":"warning","event":"The `airflow.decorators.dag` attribute is deprecated. Please use `'airflow.sdk.dag'`.","category":"DeprecatedImportWarning","filename":"/opt/airflow/dags/kamis_etl_dag.py","lineno":1,"logger":"py.warnings"}
{"timestamp":"2026-01-13T17:57:22.138710Z","level":"warning","event":"The `airflow.decorators.task` attribute is deprecated. Please use `'airflow.sdk.task'`.","category":"DeprecatedImportWarning","filename":"/opt/airflow/dags/kamis_etl_dag.py","lineno":1,"logger":"py.warnings"}
{"timestamp":"2026-01-13T17:57:52.947033Z","level":"info","event":"Filling up the DagBag from /opt/airflow/dags/kamis_etl_dag.py","logger":"airflow.models.dagbag.DagBag","filename":"dagbag.py","lineno":593}
{"timestamp":"2026-01-13T17:57:53.636797Z","level":"warning","event":"The `airflow.decorators.dag` attribute is deprecated. Please use `'airflow.sdk.dag'`.","category":"DeprecatedImportWarning","filename":"/opt/airflow/dags/kamis_etl_dag.py","lineno":1,"logger":"py.warnings"}
{"timestamp":"2026-01-13T17:57:53.637187Z","level":"warning","event":"The `airflow.decorators.task` attribute is deprecated. Please use `'airflow.sdk.task'`.","category":"DeprecatedImportWarning","filename":"/opt/airflow/dags/kamis_etl_dag.py","lineno":1,"logger":"py.warnings"}
{"timestamp":"2026-01-13T17:58:24.327500Z","level":"info","event":"Filling up the DagBag from /opt/airflow/dags/kamis_etl_dag.py","logger":"airflow.models.dagbag.DagBag","filename":"dagbag.py","lineno":593}
{"timestamp":"2026-01-13T17:58:25.051669Z","level":"warning","event":"The `airflow.decorators.dag` attribute is deprecated. Please use `'airflow.sdk.dag'`.","category":"DeprecatedImportWarning","filename":"/opt/airflow/dags/kamis_etl_dag.py","lineno":1,"logger":"py.warnings"}
{"timestamp":"2026-01-13T17:58:25.051877Z","level":"warning","event":"The `airflow.decorators.task` attribute is deprecated. Please use `'airflow.sdk.task'`.","category":"DeprecatedImportWarning","filename":"/opt/airflow/dags/kamis_etl_dag.py","lineno":1,"logger":"py.warnings"}
{"timestamp":"2026-01-13T17:58:55.696302Z","level":"info","event":"Filling up the DagBag from /opt/airflow/dags/kamis_etl_dag.py","logger":"airflow.models.dagbag.DagBag","filename":"dagbag.py","lineno":593}
{"timestamp":"2026-01-13T17:58:56.360915Z","level":"warning","event":"The `airflow.decorators.dag` attribute is deprecated. Please use `'airflow.sdk.dag'`.","category":"DeprecatedImportWarning","filename":"/opt/airflow/dags/kamis_etl_dag.py","lineno":1,"logger":"py.warnings"}
{"timestamp":"2026-01-13T17:58:56.361111Z","level":"warning","event":"The `airflow.decorators.task` attribute is deprecated. Please use `'airflow.sdk.task'`.","category":"DeprecatedImportWarning","filename":"/opt/airflow/dags/kamis_etl_dag.py","lineno":1,"logger":"py.warnings"}
{"timestamp":"2026-01-13T17:59:26.946050Z","level":"info","event":"Filling up the DagBag from /opt/airflow/dags/kamis_etl_dag.py","logger":"airflow.models.dagbag.DagBag","filename":"dagbag.py","lineno":593}
{"timestamp":"2026-01-13T17:59:27.764491Z","level":"warning","event":"The `airflow.decorators.dag` attribute is deprecated. Please use `'airflow.sdk.dag'`.","category":"DeprecatedImportWarning","filename":"/opt/airflow/dags/kamis_etl_dag.py","lineno":1,"logger":"py.warnings"}
{"timestamp":"2026-01-13T17:59:27.764753Z","level":"warning","event":"The `airflow.decorators.task` attribute is deprecated. Please use `'airflow.sdk.task'`.","category":"DeprecatedImportWarning","filename":"/opt/airflow/dags/kamis_etl_dag.py","lineno":1,"logger":"py.warnings"}
{"timestamp":"2026-01-13T17:59:58.365711Z","level":"info","event":"Filling up the DagBag from /opt/airflow/dags/kamis_etl_dag.py","logger":"airflow.models.dagbag.DagBag","filename":"dagbag.py","lineno":593}
{"timestamp":"2026-01-13T17:59:59.294109Z","level":"warning","event":"The `airflow.decorators.dag` attribute is deprecated. Please use `'airflow.sdk.dag'`.","category":"DeprecatedImportWarning","filename":"/opt/airflow/dags/kamis_etl_dag.py","lineno":1,"logger":"py.warnings"}
{"timestamp":"2026-01-13T17:59:59.294484Z","level":"warning","event":"The `airflow.decorators.task` attribute is deprecated. Please use `'airflow.sdk.task'`.","category":"DeprecatedImportWarning","filename":"/opt/airflow/dags/kamis_etl_dag.py","lineno":1,"logger":"py.warnings"}
{"timestamp":"2026-01-13T18:00:29.493249Z","level":"info","event":"Filling up the DagBag from /opt/airflow/dags/kamis_etl_dag.py","logger":"airflow.models.dagbag.DagBag","filename":"dagbag.py","lineno":593}
{"timestamp":"2026-01-13T18:00:30.177051Z","level":"warning","event":"The `airflow.decorators.dag` attribute is deprecated. Please use `'airflow.sdk.dag'`.","category":"DeprecatedImportWarning","filename":"/opt/airflow/dags/kamis_etl_dag.py","lineno":1,"logger":"py.warnings"}
{"timestamp":"2026-01-13T18:00:30.177249Z","level":"warning","event":"The `airflow.decorators.task` attribute is deprecated. Please use `'airflow.sdk.task'`.","category":"DeprecatedImportWarning","filename":"/opt/airflow/dags/kamis_etl_dag.py","lineno":1,"logger":"py.warnings"}
{"timestamp":"2026-01-13T18:01:01.037179Z","level":"info","event":"Filling up the DagBag from /opt/airflow/dags/kamis_etl_dag.py","logger":"airflow.models.dagbag.DagBag","filename":"dagbag.py","lineno":593}
{"timestamp":"2026-01-13T18:01:01.775913Z","level":"warning","event":"The `airflow.decorators.dag` attribute is deprecated. Please use `'airflow.sdk.dag'`.","category":"DeprecatedImportWarning","filename":"/opt/airflow/dags/kamis_etl_dag.py","lineno":1,"logger":"py.warnings"}
{"timestamp":"2026-01-13T18:01:01.776118Z","level":"warning","event":"The `airflow.decorators.task` attribute is deprecated. Please use `'airflow.sdk.task'`.","category":"DeprecatedImportWarning","filename":"/opt/airflow/dags/kamis_etl_dag.py","lineno":1,"logger":"py.warnings"}
{"timestamp":"2026-01-13T18:01:32.297955Z","level":"info","event":"Filling up the DagBag from /opt/airflow/dags/kamis_etl_dag.py","logger":"airflow.models.dagbag.DagBag","filename":"dagbag.py","lineno":593}
{"timestamp":"2026-01-13T18:01:33.189028Z","level":"warning","event":"The `airflow.decorators.dag` attribute is deprecated. Please use `'airflow.sdk.dag'`.","category":"DeprecatedImportWarning","filename":"/opt/airflow/dags/kamis_etl_dag.py","lineno":1,"logger":"py.warnings"}
{"timestamp":"2026-01-13T18:01:33.189365Z","level":"warning","event":"The `airflow.decorators.task` attribute is deprecated. Please use `'airflow.sdk.task'`.","category":"DeprecatedImportWarning","filename":"/opt/airflow/dags/kamis_etl_dag.py","lineno":1,"logger":"py.warnings"}
{"timestamp":"2026-01-13T18:02:03.821267Z","level":"info","event":"Filling up the DagBag from /opt/airflow/dags/kamis_etl_dag.py","logger":"airflow.models.dagbag.DagBag","filename":"dagbag.py","lineno":593}
{"timestamp":"2026-01-13T18:02:04.603785Z","level":"warning","event":"The `airflow.decorators.dag` attribute is deprecated. Please use `'airflow.sdk.dag'`.","category":"DeprecatedImportWarning","filename":"/opt/airflow/dags/kamis_etl_dag.py","lineno":1,"logger":"py.warnings"}
{"timestamp":"2026-01-13T18:02:04.604035Z","level":"warning","event":"The `airflow.decorators.task` attribute is deprecated. Please use `'airflow.sdk.task'`.","category":"DeprecatedImportWarning","filename":"/opt/airflow/dags/kamis_etl_dag.py","lineno":1,"logger":"py.warnings"}
{"timestamp":"2026-01-13T18:02:34.989096Z","level":"info","event":"Filling up the DagBag from /opt/airflow/dags/kamis_etl_dag.py","logger":"airflow.models.dagbag.DagBag","filename":"dagbag.py","lineno":593}
{"timestamp":"2026-01-13T18:02:35.654818Z","level":"warning","event":"The `airflow.decorators.dag` attribute is deprecated. Please use `'airflow.sdk.dag'`.","category":"DeprecatedImportWarning","filename":"/opt/airflow/dags/kamis_etl_dag.py","lineno":1,"logger":"py.warnings"}
{"timestamp":"2026-01-13T18:02:35.655026Z","level":"warning","event":"The `airflow.decorators.task` attribute is deprecated. Please use `'airflow.sdk.task'`.","category":"DeprecatedImportWarning","filename":"/opt/airflow/dags/kamis_etl_dag.py","lineno":1,"logger":"py.warnings"}
{"timestamp":"2026-01-13T18:03:06.368525Z","level":"info","event":"Filling up the DagBag from /opt/airflow/dags/kamis_etl_dag.py","logger":"airflow.models.dagbag.DagBag","filename":"dagbag.py","lineno":593}
{"timestamp":"2026-01-13T18:03:07.263107Z","level":"warning","event":"The `airflow.decorators.dag` attribute is deprecated. Please use `'airflow.sdk.dag'`.","category":"DeprecatedImportWarning","filename":"/opt/airflow/dags/kamis_etl_dag.py","lineno":1,"logger":"py.warnings"}
{"timestamp":"2026-01-13T18:03:07.263379Z","level":"warning","event":"The `airflow.decorators.task` attribute is deprecated. Please use `'airflow.sdk.task'`.","category":"DeprecatedImportWarning","filename":"/opt/airflow/dags/kamis_etl_dag.py","lineno":1,"logger":"py.warnings"}
{"timestamp":"2026-01-13T18:03:37.952375Z","level":"info","event":"Filling up the DagBag from /opt/airflow/dags/kamis_etl_dag.py","logger":"airflow.models.dagbag.DagBag","filename":"dagbag.py","lineno":593}
{"timestamp":"2026-01-13T18:03:38.903166Z","level":"warning","event":"The `airflow.decorators.dag` attribute is deprecated. Please use `'airflow.sdk.dag'`.","category":"DeprecatedImportWarning","filename":"/opt/airflow/dags/kamis_etl_dag.py","lineno":1,"logger":"py.warnings"}
{"timestamp":"2026-01-13T18:03:38.903477Z","level":"warning","event":"The `airflow.decorators.task` attribute is deprecated. Please use `'airflow.sdk.task'`.","category":"DeprecatedImportWarning","filename":"/opt/airflow/dags/kamis_etl_dag.py","lineno":1,"logger":"py.warnings"}
{"timestamp":"2026-01-13T18:04:09.155997Z","level":"info","event":"Filling up the DagBag from /opt/airflow/dags/kamis_etl_dag.py","logger":"airflow.models.dagbag.DagBag","filename":"dagbag.py","lineno":593}
{"timestamp":"2026-01-13T18:04:09.857193Z","level":"warning","event":"The `airflow.decorators.dag` attribute is deprecated. Please use `'airflow.sdk.dag'`.","category":"DeprecatedImportWarning","filename":"/opt/airflow/dags/kamis_etl_dag.py","lineno":1,"logger":"py.warnings"}
{"timestamp":"2026-01-13T18:04:09.857442Z","level":"warning","event":"The `airflow.decorators.task` attribute is deprecated. Please use `'airflow.sdk.task'`.","category":"DeprecatedImportWarning","filename":"/opt/airflow/dags/kamis_etl_dag.py","lineno":1,"logger":"py.warnings"}
{"timestamp":"2026-01-13T18:04:40.570987Z","level":"info","event":"Filling up the DagBag from /opt/airflow/dags/kamis_etl_dag.py","logger":"airflow.models.dagbag.DagBag","filename":"dagbag.py","lineno":593}
{"timestamp":"2026-01-13T18:04:41.277492Z","level":"warning","event":"The `airflow.decorators.dag` attribute is deprecated. Please use `'airflow.sdk.dag'`.","category":"DeprecatedImportWarning","filename":"/opt/airflow/dags/kamis_etl_dag.py","lineno":1,"logger":"py.warnings"}
{"timestamp":"2026-01-13T18:04:41.277797Z","level":"warning","event":"The `airflow.decorators.task` attribute is deprecated. Please use `'airflow.sdk.task'`.","category":"DeprecatedImportWarning","filename":"/opt/airflow/dags/kamis_etl_dag.py","lineno":1,"logger":"py.warnings"}
{"timestamp":"2026-01-13T18:05:12.073177Z","level":"info","event":"Filling up the DagBag from /opt/airflow/dags/kamis_etl_dag.py","logger":"airflow.models.dagbag.DagBag","filename":"dagbag.py","lineno":593}
{"timestamp":"2026-01-13T18:05:13.006207Z","level":"warning","event":"The `airflow.decorators.dag` attribute is deprecated. Please use `'airflow.sdk.dag'`.","category":"DeprecatedImportWarning","filename":"/opt/airflow/dags/kamis_etl_dag.py","lineno":1,"logger":"py.warnings"}
{"timestamp":"2026-01-13T18:05:13.006486Z","level":"warning","event":"The `airflow.decorators.task` attribute is deprecated. Please use `'airflow.sdk.task'`.","category":"DeprecatedImportWarning","filename":"/opt/airflow/dags/kamis_etl_dag.py","lineno":1,"logger":"py.warnings"}
{"timestamp":"2026-01-13T18:05:43.413125Z","level":"info","event":"Filling up the DagBag from /opt/airflow/dags/kamis_etl_dag.py","logger":"airflow.models.dagbag.DagBag","filename":"dagbag.py","lineno":593}
{"timestamp":"2026-01-13T18:05:44.352622Z","level":"warning","event":"The `airflow.decorators.dag` attribute is deprecated. Please use `'airflow.sdk.dag'`.","category":"DeprecatedImportWarning","filename":"/opt/airflow/dags/kamis_etl_dag.py","lineno":1,"logger":"py.warnings"}
{"timestamp":"2026-01-13T18:05:44.352953Z","level":"warning","event":"The `airflow.decorators.task` attribute is deprecated. Please use `'airflow.sdk.task'`.","category":"DeprecatedImportWarning","filename":"/opt/airflow/dags/kamis_etl_dag.py","lineno":1,"logger":"py.warnings"}
{"timestamp":"2026-01-13T18:06:14.706323Z","level":"info","event":"Filling up the DagBag from /opt/airflow/dags/kamis_etl_dag.py","logger":"airflow.models.dagbag.DagBag","filename":"dagbag.py","lineno":593}
{"timestamp":"2026-01-13T18:06:15.482005Z","level":"warning","event":"The `airflow.decorators.dag` attribute is deprecated. Please use `'airflow.sdk.dag'`.","category":"DeprecatedImportWarning","filename":"/opt/airflow/dags/kamis_etl_dag.py","lineno":1,"logger":"py.warnings"}
{"timestamp":"2026-01-13T18:06:15.482197Z","level":"warning","event":"The `airflow.decorators.task` attribute is deprecated. Please use `'airflow.sdk.task'`.","category":"DeprecatedImportWarning","filename":"/opt/airflow/dags/kamis_etl_dag.py","lineno":1,"logger":"py.warnings"}
{"timestamp":"2026-01-13T18:06:46.293299Z","level":"info","event":"Filling up the DagBag from /opt/airflow/dags/kamis_etl_dag.py","logger":"airflow.models.dagbag.DagBag","filename":"dagbag.py","lineno":593}
{"timestamp":"2026-01-13T18:06:47.237811Z","level":"warning","event":"The `airflow.decorators.dag` attribute is deprecated. Please use `'airflow.sdk.dag'`.","category":"DeprecatedImportWarning","filename":"/opt/airflow/dags/kamis_etl_dag.py","lineno":1,"logger":"py.warnings"}
{"timestamp":"2026-01-13T18:06:47.238023Z","level":"warning","event":"The `airflow.decorators.task` attribute is deprecated. Please use `'airflow.sdk.task'`.","category":"DeprecatedImportWarning","filename":"/opt/airflow/dags/kamis_etl_dag.py","lineno":1,"logger":"py.warnings"}
{"timestamp":"2026-01-13T18:07:18.037043Z","level":"info","event":"Filling up the DagBag from /opt/airflow/dags/kamis_etl_dag.py","logger":"airflow.models.dagbag.DagBag","filename":"dagbag.py","lineno":593}
{"timestamp":"2026-01-13T18:07:18.962424Z","level":"warning","event":"The `airflow.decorators.dag` attribute is deprecated. Please use `'airflow.sdk.dag'`.","category":"DeprecatedImportWarning","filename":"/opt/airflow/dags/kamis_etl_dag.py","lineno":1,"logger":"py.warnings"}
{"timestamp":"2026-01-13T18:07:18.962677Z","level":"warning","event":"The `airflow.decorators.task` attribute is deprecated. Please use `'airflow.sdk.task'`.","category":"DeprecatedImportWarning","filename":"/opt/airflow/dags/kamis_etl_dag.py","lineno":1,"logger":"py.warnings"}
{"timestamp":"2026-01-13T18:07:49.813410Z","level":"info","event":"Filling up the DagBag from /opt/airflow/dags/kamis_etl_dag.py","logger":"airflow.models.dagbag.DagBag","filename":"dagbag.py","lineno":593}
{"timestamp":"2026-01-13T18:07:50.666826Z","level":"warning","event":"The `airflow.decorators.dag` attribute is deprecated. Please use `'airflow.sdk.dag'`.","category":"DeprecatedImportWarning","filename":"/opt/airflow/dags/kamis_etl_dag.py","lineno":1,"logger":"py.warnings"}
{"timestamp":"2026-01-13T18:07:50.667172Z","level":"warning","event":"The `airflow.decorators.task` attribute is deprecated. Please use `'airflow.sdk.task'`.","category":"DeprecatedImportWarning","filename":"/opt/airflow/dags/kamis_etl_dag.py","lineno":1,"logger":"py.warnings"}
{"timestamp":"2026-01-13T18:08:21.472623Z","level":"info","event":"Filling up the DagBag from /opt/airflow/dags/kamis_etl_dag.py","logger":"airflow.models.dagbag.DagBag","filename":"dagbag.py","lineno":593}
{"timestamp":"2026-01-13T18:08:22.198143Z","level":"warning","event":"The `airflow.decorators.dag` attribute is deprecated. Please use `'airflow.sdk.dag'`.","category":"DeprecatedImportWarning","filename":"/opt/airflow/dags/kamis_etl_dag.py","lineno":1,"logger":"py.warnings"}
{"timestamp":"2026-01-13T18:08:22.198530Z","level":"warning","event":"The `airflow.decorators.task` attribute is deprecated. Please use `'airflow.sdk.task'`.","category":"DeprecatedImportWarning","filename":"/opt/airflow/dags/kamis_etl_dag.py","lineno":1,"logger":"py.warnings"}
{"timestamp":"2026-01-13T18:08:52.724850Z","level":"info","event":"Filling up the DagBag from /opt/airflow/dags/kamis_etl_dag.py","logger":"airflow.models.dagbag.DagBag","filename":"dagbag.py","lineno":593}
{"timestamp":"2026-01-13T18:08:53.425157Z","level":"warning","event":"The `airflow.decorators.dag` attribute is deprecated. Please use `'airflow.sdk.dag'`.","category":"DeprecatedImportWarning","filename":"/opt/airflow/dags/kamis_etl_dag.py","lineno":1,"logger":"py.warnings"}
{"timestamp":"2026-01-13T18:08:53.425392Z","level":"warning","event":"The `airflow.decorators.task` attribute is deprecated. Please use `'airflow.sdk.task'`.","category":"DeprecatedImportWarning","filename":"/opt/airflow/dags/kamis_etl_dag.py","lineno":1,"logger":"py.warnings"}
{"timestamp":"2026-01-13T18:09:24.013750Z","level":"info","event":"Filling up the DagBag from /opt/airflow/dags/kamis_etl_dag.py","logger":"airflow.models.dagbag.DagBag","filename":"dagbag.py","lineno":593}
{"timestamp":"2026-01-13T18:09:24.729741Z","level":"warning","event":"The `airflow.decorators.dag` attribute is deprecated. Please use `'airflow.sdk.dag'`.","category":"DeprecatedImportWarning","filename":"/opt/airflow/dags/kamis_etl_dag.py","lineno":1,"logger":"py.warnings"}
{"timestamp":"2026-01-13T18:09:24.729934Z","level":"warning","event":"The `airflow.decorators.task` attribute is deprecated. Please use `'airflow.sdk.task'`.","category":"DeprecatedImportWarning","filename":"/opt/airflow/dags/kamis_etl_dag.py","lineno":1,"logger":"py.warnings"}
{"timestamp":"2026-01-13T18:09:55.309690Z","level":"info","event":"Filling up the DagBag from /opt/airflow/dags/kamis_etl_dag.py","logger":"airflow.models.dagbag.DagBag","filename":"dagbag.py","lineno":593}
{"timestamp":"2026-01-13T18:09:56.078279Z","level":"warning","event":"The `airflow.decorators.dag` attribute is deprecated. Please use `'airflow.sdk.dag'`.","category":"DeprecatedImportWarning","filename":"/opt/airflow/dags/kamis_etl_dag.py","lineno":1,"logger":"py.warnings"}
{"timestamp":"2026-01-13T18:09:56.078546Z","level":"warning","event":"The `airflow.decorators.task` attribute is deprecated. Please use `'airflow.sdk.task'`.","category":"DeprecatedImportWarning","filename":"/opt/airflow/dags/kamis_etl_dag.py","lineno":1,"logger":"py.warnings"}
{"timestamp":"2026-01-13T18:10:26.644660Z","level":"info","event":"Filling up the DagBag from /opt/airflow/dags/kamis_etl_dag.py","logger":"airflow.models.dagbag.DagBag","filename":"dagbag.py","lineno":593}
{"timestamp":"2026-01-13T18:10:27.574859Z","level":"warning","event":"The `airflow.decorators.dag` attribute is deprecated. Please use `'airflow.sdk.dag'`.","category":"DeprecatedImportWarning","filename":"/opt/airflow/dags/kamis_etl_dag.py","lineno":1,"logger":"py.warnings"}
{"timestamp":"2026-01-13T18:10:27.575095Z","level":"warning","event":"The `airflow.decorators.task` attribute is deprecated. Please use `'airflow.sdk.task'`.","category":"DeprecatedImportWarning","filename":"/opt/airflow/dags/kamis_etl_dag.py","lineno":1,"logger":"py.warnings"}
{"timestamp":"2026-01-13T18:10:58.133780Z","level":"info","event":"Filling up the DagBag from /opt/airflow/dags/kamis_etl_dag.py","logger":"airflow.models.dagbag.DagBag","filename":"dagbag.py","lineno":593}
{"timestamp":"2026-01-13T18:10:59.141876Z","level":"warning","event":"The `airflow.decorators.dag` attribute is deprecated. Please use `'airflow.sdk.dag'`.","category":"DeprecatedImportWarning","filename":"/opt/airflow/dags/kamis_etl_dag.py","lineno":1,"logger":"py.warnings"}
{"timestamp":"2026-01-13T18:10:59.142283Z","level":"warning","event":"The `airflow.decorators.task` attribute is deprecated. Please use `'airflow.sdk.task'`.","category":"DeprecatedImportWarning","filename":"/opt/airflow/dags/kamis_etl_dag.py","lineno":1,"logger":"py.warnings"}
{"timestamp":"2026-01-13T18:11:29.890136Z","level":"info","event":"Filling up the DagBag from /opt/airflow/dags/kamis_etl_dag.py","logger":"airflow.models.dagbag.DagBag","filename":"dagbag.py","lineno":593}
{"timestamp":"2026-01-13T18:11:30.713688Z","level":"warning","event":"The `airflow.decorators.dag` attribute is deprecated. Please use `'airflow.sdk.dag'`.","category":"DeprecatedImportWarning","filename":"/opt/airflow/dags/kamis_etl_dag.py","lineno":1,"logger":"py.warnings"}
{"timestamp":"2026-01-13T18:11:30.713986Z","level":"warning","event":"The `airflow.decorators.task` attribute is deprecated. Please use `'airflow.sdk.task'`.","category":"DeprecatedImportWarning","filename":"/opt/airflow/dags/kamis_etl_dag.py","lineno":1,"logger":"py.warnings"}
{"timestamp":"2026-01-13T18:12:01.401269Z","level":"info","event":"Filling up the DagBag from /opt/airflow/dags/kamis_etl_dag.py","logger":"airflow.models.dagbag.DagBag","filename":"dagbag.py","lineno":593}
{"timestamp":"2026-01-13T18:12:02.236256Z","level":"warning","event":"The `airflow.decorators.dag` attribute is deprecated. Please use `'airflow.sdk.dag'`.","category":"DeprecatedImportWarning","filename":"/opt/airflow/dags/kamis_etl_dag.py","lineno":1,"logger":"py.warnings"}
{"timestamp":"2026-01-13T18:12:02.237048Z","level":"warning","event":"The `airflow.decorators.task` attribute is deprecated. Please use `'airflow.sdk.task'`.","category":"DeprecatedImportWarning","filename":"/opt/airflow/dags/kamis_etl_dag.py","lineno":1,"logger":"py.warnings"}
{"timestamp":"2026-01-13T18:12:33.032343Z","level":"info","event":"Filling up the DagBag from /opt/airflow/dags/kamis_etl_dag.py","logger":"airflow.models.dagbag.DagBag","filename":"dagbag.py","lineno":593}
{"timestamp":"2026-01-13T18:12:33.724980Z","level":"warning","event":"The `airflow.decorators.dag` attribute is deprecated. Please use `'airflow.sdk.dag'`.","category":"DeprecatedImportWarning","filename":"/opt/airflow/dags/kamis_etl_dag.py","lineno":1,"logger":"py.warnings"}
{"timestamp":"2026-01-13T18:12:33.725177Z","level":"warning","event":"The `airflow.decorators.task` attribute is deprecated. Please use `'airflow.sdk.task'`.","category":"DeprecatedImportWarning","filename":"/opt/airflow/dags/kamis_etl_dag.py","lineno":1,"logger":"py.warnings"}
{"timestamp":"2026-01-13T18:13:04.360810Z","level":"info","event":"Filling up the DagBag from /opt/airflow/dags/kamis_etl_dag.py","logger":"airflow.models.dagbag.DagBag","filename":"dagbag.py","lineno":593}
{"timestamp":"2026-01-13T18:13:05.044455Z","level":"warning","event":"The `airflow.decorators.dag` attribute is deprecated. Please use `'airflow.sdk.dag'`.","category":"DeprecatedImportWarning","filename":"/opt/airflow/dags/kamis_etl_dag.py","lineno":1,"logger":"py.warnings"}
{"timestamp":"2026-01-13T18:13:05.044738Z","level":"warning","event":"The `airflow.decorators.task` attribute is deprecated. Please use `'airflow.sdk.task'`.","category":"DeprecatedImportWarning","filename":"/opt/airflow/dags/kamis_etl_dag.py","lineno":1,"logger":"py.warnings"}
{"timestamp":"2026-01-13T18:13:35.630871Z","level":"info","event":"Filling up the DagBag from /opt/airflow/dags/kamis_etl_dag.py","logger":"airflow.models.dagbag.DagBag","filename":"dagbag.py","lineno":593}
{"timestamp":"2026-01-13T18:13:36.349803Z","level":"warning","event":"The `airflow.decorators.dag` attribute is deprecated. Please use `'airflow.sdk.dag'`.","category":"DeprecatedImportWarning","filename":"/opt/airflow/dags/kamis_etl_dag.py","lineno":1,"logger":"py.warnings"}
{"timestamp":"2026-01-13T18:13:36.350007Z","level":"warning","event":"The `airflow.decorators.task` attribute is deprecated. Please use `'airflow.sdk.task'`.","category":"DeprecatedImportWarning","filename":"/opt/airflow/dags/kamis_etl_dag.py","lineno":1,"logger":"py.warnings"}
{"timestamp":"2026-01-13T18:14:06.955388Z","level":"info","event":"Filling up the DagBag from /opt/airflow/dags/kamis_etl_dag.py","logger":"airflow.models.dagbag.DagBag","filename":"dagbag.py","lineno":593}
{"timestamp":"2026-01-13T18:14:07.638073Z","level":"warning","event":"The `airflow.decorators.dag` attribute is deprecated. Please use `'airflow.sdk.dag'`.","category":"DeprecatedImportWarning","filename":"/opt/airflow/dags/kamis_etl_dag.py","lineno":1,"logger":"py.warnings"}
{"timestamp":"2026-01-13T18:14:07.638430Z","level":"warning","event":"The `airflow.decorators.task` attribute is deprecated. Please use `'airflow.sdk.task'`.","category":"DeprecatedImportWarning","filename":"/opt/airflow/dags/kamis_etl_dag.py","lineno":1,"logger":"py.warnings"}
{"timestamp":"2026-01-13T18:14:38.169767Z","level":"info","event":"Filling up the DagBag from /opt/airflow/dags/kamis_etl_dag.py","logger":"airflow.models.dagbag.DagBag","filename":"dagbag.py","lineno":593}
{"timestamp":"2026-01-13T18:14:39.024879Z","level":"warning","event":"The `airflow.decorators.dag` attribute is deprecated. Please use `'airflow.sdk.dag'`.","category":"DeprecatedImportWarning","filename":"/opt/airflow/dags/kamis_etl_dag.py","lineno":1,"logger":"py.warnings"}
{"timestamp":"2026-01-13T18:14:39.025198Z","level":"warning","event":"The `airflow.decorators.task` attribute is deprecated. Please use `'airflow.sdk.task'`.","category":"DeprecatedImportWarning","filename":"/opt/airflow/dags/kamis_etl_dag.py","lineno":1,"logger":"py.warnings"}
{"timestamp":"2026-01-13T18:15:09.556442Z","level":"info","event":"Filling up the DagBag from /opt/airflow/dags/kamis_etl_dag.py","logger":"airflow.models.dagbag.DagBag","filename":"dagbag.py","lineno":593}
{"timestamp":"2026-01-13T18:15:10.396329Z","level":"warning","event":"The `airflow.decorators.dag` attribute is deprecated. Please use `'airflow.sdk.dag'`.","category":"DeprecatedImportWarning","filename":"/opt/airflow/dags/kamis_etl_dag.py","lineno":1,"logger":"py.warnings"}
{"timestamp":"2026-01-13T18:15:10.396646Z","level":"warning","event":"The `airflow.decorators.task` attribute is deprecated. Please use `'airflow.sdk.task'`.","category":"DeprecatedImportWarning","filename":"/opt/airflow/dags/kamis_etl_dag.py","lineno":1,"logger":"py.warnings"}
{"timestamp":"2026-01-13T18:15:41.058344Z","level":"info","event":"Filling up the DagBag from /opt/airflow/dags/kamis_etl_dag.py","logger":"airflow.models.dagbag.DagBag","filename":"dagbag.py","lineno":593}
{"timestamp":"2026-01-13T18:15:42.092700Z","level":"warning","event":"The `airflow.decorators.dag` attribute is deprecated. Please use `'airflow.sdk.dag'`.","category":"DeprecatedImportWarning","filename":"/opt/airflow/dags/kamis_etl_dag.py","lineno":1,"logger":"py.warnings"}
{"timestamp":"2026-01-13T18:15:42.093041Z","level":"warning","event":"The `airflow.decorators.task` attribute is deprecated. Please use `'airflow.sdk.task'`.","category":"DeprecatedImportWarning","filename":"/opt/airflow/dags/kamis_etl_dag.py","lineno":1,"logger":"py.warnings"}
{"timestamp":"2026-01-13T18:16:12.783655Z","level":"info","event":"Filling up the DagBag from /opt/airflow/dags/kamis_etl_dag.py","logger":"airflow.models.dagbag.DagBag","filename":"dagbag.py","lineno":593}
{"timestamp":"2026-01-13T18:16:13.562260Z","level":"warning","event":"The `airflow.decorators.dag` attribute is deprecated. Please use `'airflow.sdk.dag'`.","category":"DeprecatedImportWarning","filename":"/opt/airflow/dags/kamis_etl_dag.py","lineno":1,"logger":"py.warnings"}
{"timestamp":"2026-01-13T18:16:13.562559Z","level":"warning","event":"The `airflow.decorators.task` attribute is deprecated. Please use `'airflow.sdk.task'`.","category":"DeprecatedImportWarning","filename":"/opt/airflow/dags/kamis_etl_dag.py","lineno":1,"logger":"py.warnings"}
{"timestamp":"2026-01-13T18:16:44.455978Z","level":"info","event":"Filling up the DagBag from /opt/airflow/dags/kamis_etl_dag.py","logger":"airflow.models.dagbag.DagBag","filename":"dagbag.py","lineno":593}
{"timestamp":"2026-01-13T18:16:45.154828Z","level":"warning","event":"The `airflow.decorators.dag` attribute is deprecated. Please use `'airflow.sdk.dag'`.","category":"DeprecatedImportWarning","filename":"/opt/airflow/dags/kamis_etl_dag.py","lineno":1,"logger":"py.warnings"}
{"timestamp":"2026-01-13T18:16:45.155073Z","level":"warning","event":"The `airflow.decorators.task` attribute is deprecated. Please use `'airflow.sdk.task'`.","category":"DeprecatedImportWarning","filename":"/opt/airflow/dags/kamis_etl_dag.py","lineno":1,"logger":"py.warnings"}
{"timestamp":"2026-01-13T18:17:15.816109Z","level":"info","event":"Filling up the DagBag from /opt/airflow/dags/kamis_etl_dag.py","logger":"airflow.models.dagbag.DagBag","filename":"dagbag.py","lineno":593}
{"timestamp":"2026-01-13T18:17:16.530603Z","level":"warning","event":"The `airflow.decorators.dag` attribute is deprecated. Please use `'airflow.sdk.dag'`.","category":"DeprecatedImportWarning","filename":"/opt/airflow/dags/kamis_etl_dag.py","lineno":1,"logger":"py.warnings"}
{"timestamp":"2026-01-13T18:17:16.530805Z","level":"warning","event":"The `airflow.decorators.task` attribute is deprecated. Please use `'airflow.sdk.task'`.","category":"DeprecatedImportWarning","filename":"/opt/airflow/dags/kamis_etl_dag.py","lineno":1,"logger":"py.warnings"}
{"timestamp":"2026-01-13T18:17:47.043954Z","level":"info","event":"Filling up the DagBag from /opt/airflow/dags/kamis_etl_dag.py","logger":"airflow.models.dagbag.DagBag","filename":"dagbag.py","lineno":593}
{"timestamp":"2026-01-13T18:17:47.770050Z","level":"warning","event":"The `airflow.decorators.dag` attribute is deprecated. Please use `'airflow.sdk.dag'`.","category":"DeprecatedImportWarning","filename":"/opt/airflow/dags/kamis_etl_dag.py","lineno":1,"logger":"py.warnings"}
{"timestamp":"2026-01-13T18:17:47.770244Z","level":"warning","event":"The `airflow.decorators.task` attribute is deprecated. Please use `'airflow.sdk.task'`.","category":"DeprecatedImportWarning","filename":"/opt/airflow/dags/kamis_etl_dag.py","lineno":1,"logger":"py.warnings"}
{"timestamp":"2026-01-13T18:18:18.468143Z","level":"info","event":"Filling up the DagBag from /opt/airflow/dags/kamis_etl_dag.py","logger":"airflow.models.dagbag.DagBag","filename":"dagbag.py","lineno":593}
{"timestamp":"2026-01-13T18:18:19.162704Z","level":"warning","event":"The `airflow.decorators.dag` attribute is deprecated. Please use `'airflow.sdk.dag'`.","category":"DeprecatedImportWarning","filename":"/opt/airflow/dags/kamis_etl_dag.py","lineno":1,"logger":"py.warnings"}
{"timestamp":"2026-01-13T18:18:19.162970Z","level":"warning","event":"The `airflow.decorators.task` attribute is deprecated. Please use `'airflow.sdk.task'`.","category":"DeprecatedImportWarning","filename":"/opt/airflow/dags/kamis_etl_dag.py","lineno":1,"logger":"py.warnings"}
{"timestamp":"2026-01-13T18:18:49.725293Z","level":"info","event":"Filling up the DagBag from /opt/airflow/dags/kamis_etl_dag.py","logger":"airflow.models.dagbag.DagBag","filename":"dagbag.py","lineno":593}
{"timestamp":"2026-01-13T18:18:50.562846Z","level":"warning","event":"The `airflow.decorators.dag` attribute is deprecated. Please use `'airflow.sdk.dag'`.","category":"DeprecatedImportWarning","filename":"/opt/airflow/dags/kamis_etl_dag.py","lineno":1,"logger":"py.warnings"}
{"timestamp":"2026-01-13T18:18:50.563311Z","level":"warning","event":"The `airflow.decorators.task` attribute is deprecated. Please use `'airflow.sdk.task'`.","category":"DeprecatedImportWarning","filename":"/opt/airflow/dags/kamis_etl_dag.py","lineno":1,"logger":"py.warnings"}
{"timestamp":"2026-01-13T18:19:21.120144Z","level":"info","event":"Filling up the DagBag from /opt/airflow/dags/kamis_etl_dag.py","logger":"airflow.models.dagbag.DagBag","filename":"dagbag.py","lineno":593}
{"timestamp":"2026-01-13T18:19:22.050578Z","level":"warning","event":"The `airflow.decorators.dag` attribute is deprecated. Please use `'airflow.sdk.dag'`.","category":"DeprecatedImportWarning","filename":"/opt/airflow/dags/kamis_etl_dag.py","lineno":1,"logger":"py.warnings"}
{"timestamp":"2026-01-13T18:19:22.050904Z","level":"warning","event":"The `airflow.decorators.task` attribute is deprecated. Please use `'airflow.sdk.task'`.","category":"DeprecatedImportWarning","filename":"/opt/airflow/dags/kamis_etl_dag.py","lineno":1,"logger":"py.warnings"}
{"timestamp":"2026-01-13T18:19:52.889085Z","level":"info","event":"Filling up the DagBag from /opt/airflow/dags/kamis_etl_dag.py","logger":"airflow.models.dagbag.DagBag","filename":"dagbag.py","lineno":593}
{"timestamp":"2026-01-13T18:19:53.703513Z","level":"warning","event":"The `airflow.decorators.dag` attribute is deprecated. Please use `'airflow.sdk.dag'`.","category":"DeprecatedImportWarning","filename":"/opt/airflow/dags/kamis_etl_dag.py","lineno":1,"logger":"py.warnings"}
{"timestamp":"2026-01-13T18:19:53.703716Z","level":"warning","event":"The `airflow.decorators.task` attribute is deprecated. Please use `'airflow.sdk.task'`.","category":"DeprecatedImportWarning","filename":"/opt/airflow/dags/kamis_etl_dag.py","lineno":1,"logger":"py.warnings"}
{"timestamp":"2026-01-13T18:20:24.443699Z","level":"info","event":"Filling up the DagBag from /opt/airflow/dags/kamis_etl_dag.py","logger":"airflow.models.dagbag.DagBag","filename":"dagbag.py","lineno":593}
{"timestamp":"2026-01-13T18:20:25.133832Z","level":"warning","event":"The `airflow.decorators.dag` attribute is deprecated. Please use `'airflow.sdk.dag'`.","category":"DeprecatedImportWarning","filename":"/opt/airflow/dags/kamis_etl_dag.py","lineno":1,"logger":"py.warnings"}
{"timestamp":"2026-01-13T18:20:25.134151Z","level":"warning","event":"The `airflow.decorators.task` attribute is deprecated. Please use `'airflow.sdk.task'`.","category":"DeprecatedImportWarning","filename":"/opt/airflow/dags/kamis_etl_dag.py","lineno":1,"logger":"py.warnings"}
{"timestamp":"2026-01-13T18:20:55.691794Z","level":"info","event":"Filling up the DagBag from /opt/airflow/dags/kamis_etl_dag.py","logger":"airflow.models.dagbag.DagBag","filename":"dagbag.py","lineno":593}
{"timestamp":"2026-01-13T18:20:56.515747Z","level":"warning","event":"The `airflow.decorators.dag` attribute is deprecated. Please use `'airflow.sdk.dag'`.","category":"DeprecatedImportWarning","filename":"/opt/airflow/dags/kamis_etl_dag.py","lineno":1,"logger":"py.warnings"}
{"timestamp":"2026-01-13T18:20:56.516045Z","level":"warning","event":"The `airflow.decorators.task` attribute is deprecated. Please use `'airflow.sdk.task'`.","category":"DeprecatedImportWarning","filename":"/opt/airflow/dags/kamis_etl_dag.py","lineno":1,"logger":"py.warnings"}
{"timestamp":"2026-01-13T18:21:27.168988Z","level":"info","event":"Filling up the DagBag from /opt/airflow/dags/kamis_etl_dag.py","logger":"airflow.models.dagbag.DagBag","filename":"dagbag.py","lineno":593}
{"timestamp":"2026-01-13T18:21:28.081806Z","level":"warning","event":"The `airflow.decorators.dag` attribute is deprecated. Please use `'airflow.sdk.dag'`.","category":"DeprecatedImportWarning","filename":"/opt/airflow/dags/kamis_etl_dag.py","lineno":1,"logger":"py.warnings"}
{"timestamp":"2026-01-13T18:21:28.082019Z","level":"warning","event":"The `airflow.decorators.task` attribute is deprecated. Please use `'airflow.sdk.task'`.","category":"DeprecatedImportWarning","filename":"/opt/airflow/dags/kamis_etl_dag.py","lineno":1,"logger":"py.warnings"}
{"timestamp":"2026-01-13T18:21:58.851943Z","level":"info","event":"Filling up the DagBag from /opt/airflow/dags/kamis_etl_dag.py","logger":"airflow.models.dagbag.DagBag","filename":"dagbag.py","lineno":593}
{"timestamp":"2026-01-13T18:21:59.582539Z","level":"warning","event":"The `airflow.decorators.dag` attribute is deprecated. Please use `'airflow.sdk.dag'`.","category":"DeprecatedImportWarning","filename":"/opt/airflow/dags/kamis_etl_dag.py","lineno":1,"logger":"py.warnings"}
{"timestamp":"2026-01-13T18:21:59.582752Z","level":"warning","event":"The `airflow.decorators.task` attribute is deprecated. Please use `'airflow.sdk.task'`.","category":"DeprecatedImportWarning","filename":"/opt/airflow/dags/kamis_etl_dag.py","lineno":1,"logger":"py.warnings"}
{"timestamp":"2026-01-13T18:22:30.444547Z","level":"info","event":"Filling up the DagBag from /opt/airflow/dags/kamis_etl_dag.py","logger":"airflow.models.dagbag.DagBag","filename":"dagbag.py","lineno":593}
{"timestamp":"2026-01-13T18:22:31.216026Z","level":"warning","event":"The `airflow.decorators.dag` attribute is deprecated. Please use `'airflow.sdk.dag'`.","category":"DeprecatedImportWarning","filename":"/opt/airflow/dags/kamis_etl_dag.py","lineno":1,"logger":"py.warnings"}
{"timestamp":"2026-01-13T18:22:31.216222Z","level":"warning","event":"The `airflow.decorators.task` attribute is deprecated. Please use `'airflow.sdk.task'`.","category":"DeprecatedImportWarning","filename":"/opt/airflow/dags/kamis_etl_dag.py","lineno":1,"logger":"py.warnings"}
{"timestamp":"2026-01-13T18:23:02.110929Z","level":"info","event":"Filling up the DagBag from /opt/airflow/dags/kamis_etl_dag.py","logger":"airflow.models.dagbag.DagBag","filename":"dagbag.py","lineno":593}
{"timestamp":"2026-01-13T18:23:03.310549Z","level":"warning","event":"The `airflow.decorators.dag` attribute is deprecated. Please use `'airflow.sdk.dag'`.","category":"DeprecatedImportWarning","filename":"/opt/airflow/dags/kamis_etl_dag.py","lineno":1,"logger":"py.warnings"}
{"timestamp":"2026-01-13T18:23:03.310931Z","level":"warning","event":"The `airflow.decorators.task` attribute is deprecated. Please use `'airflow.sdk.task'`.","category":"DeprecatedImportWarning","filename":"/opt/airflow/dags/kamis_etl_dag.py","lineno":1,"logger":"py.warnings"}
{"timestamp":"2026-01-13T18:23:34.243118Z","level":"info","event":"Filling up the DagBag from /opt/airflow/dags/kamis_etl_dag.py","logger":"airflow.models.dagbag.DagBag","filename":"dagbag.py","lineno":593}
{"timestamp":"2026-01-13T18:23:35.317670Z","level":"warning","event":"The `airflow.decorators.dag` attribute is deprecated. Please use `'airflow.sdk.dag'`.","category":"DeprecatedImportWarning","filename":"/opt/airflow/dags/kamis_etl_dag.py","lineno":1,"logger":"py.warnings"}
{"timestamp":"2026-01-13T18:23:35.317964Z","level":"warning","event":"The `airflow.decorators.task` attribute is deprecated. Please use `'airflow.sdk.task'`.","category":"DeprecatedImportWarning","filename":"/opt/airflow/dags/kamis_etl_dag.py","lineno":1,"logger":"py.warnings"}
{"timestamp":"2026-01-13T18:24:05.646887Z","level":"info","event":"Filling up the DagBag from /opt/airflow/dags/kamis_etl_dag.py","logger":"airflow.models.dagbag.DagBag","filename":"dagbag.py","lineno":593}
{"timestamp":"2026-01-13T18:24:06.594996Z","level":"warning","event":"The `airflow.decorators.dag` attribute is deprecated. Please use `'airflow.sdk.dag'`.","category":"DeprecatedImportWarning","filename":"/opt/airflow/dags/kamis_etl_dag.py","lineno":1,"logger":"py.warnings"}
{"timestamp":"2026-01-13T18:24:06.595187Z","level":"warning","event":"The `airflow.decorators.task` attribute is deprecated. Please use `'airflow.sdk.task'`.","category":"DeprecatedImportWarning","filename":"/opt/airflow/dags/kamis_etl_dag.py","lineno":1,"logger":"py.warnings"}
{"timestamp":"2026-01-13T18:24:37.410073Z","level":"info","event":"Filling up the DagBag from /opt/airflow/dags/kamis_etl_dag.py","logger":"airflow.models.dagbag.DagBag","filename":"dagbag.py","lineno":593}
{"timestamp":"2026-01-13T18:24:38.304784Z","level":"warning","event":"The `airflow.decorators.dag` attribute is deprecated. Please use `'airflow.sdk.dag'`.","category":"DeprecatedImportWarning","filename":"/opt/airflow/dags/kamis_etl_dag.py","lineno":1,"logger":"py.warnings"}
{"timestamp":"2026-01-13T18:24:38.305121Z","level":"warning","event":"The `airflow.decorators.task` attribute is deprecated. Please use `'airflow.sdk.task'`.","category":"DeprecatedImportWarning","filename":"/opt/airflow/dags/kamis_etl_dag.py","lineno":1,"logger":"py.warnings"}
{"timestamp":"2026-01-13T18:25:09.038769Z","level":"info","event":"Filling up the DagBag from /opt/airflow/dags/kamis_etl_dag.py","logger":"airflow.models.dagbag.DagBag","filename":"dagbag.py","lineno":593}
{"timestamp":"2026-01-13T18:25:10.187610Z","level":"warning","event":"The `airflow.decorators.dag` attribute is deprecated. Please use `'airflow.sdk.dag'`.","category":"DeprecatedImportWarning","filename":"/opt/airflow/dags/kamis_etl_dag.py","lineno":1,"logger":"py.warnings"}
{"timestamp":"2026-01-13T18:25:10.187929Z","level":"warning","event":"The `airflow.decorators.task` attribute is deprecated. Please use `'airflow.sdk.task'`.","category":"DeprecatedImportWarning","filename":"/opt/airflow/dags/kamis_etl_dag.py","lineno":1,"logger":"py.warnings"}
{"timestamp":"2026-01-13T18:25:40.977669Z","level":"info","event":"Filling up the DagBag from /opt/airflow/dags/kamis_etl_dag.py","logger":"airflow.models.dagbag.DagBag","filename":"dagbag.py","lineno":593}
{"timestamp":"2026-01-13T18:25:42.031151Z","level":"warning","event":"The `airflow.decorators.dag` attribute is deprecated. Please use `'airflow.sdk.dag'`.","category":"DeprecatedImportWarning","filename":"/opt/airflow/dags/kamis_etl_dag.py","lineno":1,"logger":"py.warnings"}
{"timestamp":"2026-01-13T18:25:42.031449Z","level":"warning","event":"The `airflow.decorators.task` attribute is deprecated. Please use `'airflow.sdk.task'`.","category":"DeprecatedImportWarning","filename":"/opt/airflow/dags/kamis_etl_dag.py","lineno":1,"logger":"py.warnings"}
{"timestamp":"2026-01-13T18:26:12.207650Z","level":"info","event":"Filling up the DagBag from /opt/airflow/dags/kamis_etl_dag.py","logger":"airflow.models.dagbag.DagBag","filename":"dagbag.py","lineno":593}
{"timestamp":"2026-01-13T18:26:13.084066Z","level":"warning","event":"The `airflow.decorators.dag` attribute is deprecated. Please use `'airflow.sdk.dag'`.","category":"DeprecatedImportWarning","filename":"/opt/airflow/dags/kamis_etl_dag.py","lineno":1,"logger":"py.warnings"}
{"timestamp":"2026-01-13T18:26:13.084259Z","level":"warning","event":"The `airflow.decorators.task` attribute is deprecated. Please use `'airflow.sdk.task'`.","category":"DeprecatedImportWarning","filename":"/opt/airflow/dags/kamis_etl_dag.py","lineno":1,"logger":"py.warnings"}
{"timestamp":"2026-01-13T18:26:43.891027Z","level":"info","event":"Filling up the DagBag from /opt/airflow/dags/kamis_etl_dag.py","logger":"airflow.models.dagbag.DagBag","filename":"dagbag.py","lineno":593}
{"timestamp":"2026-01-13T18:26:45.002006Z","level":"warning","event":"The `airflow.decorators.dag` attribute is deprecated. Please use `'airflow.sdk.dag'`.","category":"DeprecatedImportWarning","filename":"/opt/airflow/dags/kamis_etl_dag.py","lineno":1,"logger":"py.warnings"}
{"timestamp":"2026-01-13T18:26:45.002232Z","level":"warning","event":"The `airflow.decorators.task` attribute is deprecated. Please use `'airflow.sdk.task'`.","category":"DeprecatedImportWarning","filename":"/opt/airflow/dags/kamis_etl_dag.py","lineno":1,"logger":"py.warnings"}
{"timestamp":"2026-01-13T18:27:15.836876Z","level":"info","event":"Filling up the DagBag from /opt/airflow/dags/kamis_etl_dag.py","logger":"airflow.models.dagbag.DagBag","filename":"dagbag.py","lineno":593}
{"timestamp":"2026-01-13T18:27:17.072770Z","level":"warning","event":"The `airflow.decorators.dag` attribute is deprecated. Please use `'airflow.sdk.dag'`.","category":"DeprecatedImportWarning","filename":"/opt/airflow/dags/kamis_etl_dag.py","lineno":1,"logger":"py.warnings"}
{"timestamp":"2026-01-13T18:27:17.073057Z","level":"warning","event":"The `airflow.decorators.task` attribute is deprecated. Please use `'airflow.sdk.task'`.","category":"DeprecatedImportWarning","filename":"/opt/airflow/dags/kamis_etl_dag.py","lineno":1,"logger":"py.warnings"}
{"timestamp":"2026-01-13T18:27:47.314637Z","level":"info","event":"Filling up the DagBag from /opt/airflow/dags/kamis_etl_dag.py","logger":"airflow.models.dagbag.DagBag","filename":"dagbag.py","lineno":593}
{"timestamp":"2026-01-13T18:27:48.279636Z","level":"warning","event":"The `airflow.decorators.dag` attribute is deprecated. Please use `'airflow.sdk.dag'`.","category":"DeprecatedImportWarning","filename":"/opt/airflow/dags/kamis_etl_dag.py","lineno":1,"logger":"py.warnings"}
{"timestamp":"2026-01-13T18:27:48.279862Z","level":"warning","event":"The `airflow.decorators.task` attribute is deprecated. Please use `'airflow.sdk.task'`.","category":"DeprecatedImportWarning","filename":"/opt/airflow/dags/kamis_etl_dag.py","lineno":1,"logger":"py.warnings"}
{"timestamp":"2026-01-13T18:28:18.482079Z","level":"info","event":"Filling up the DagBag from /opt/airflow/dags/kamis_etl_dag.py","logger":"airflow.models.dagbag.DagBag","filename":"dagbag.py","lineno":593}
{"timestamp":"2026-01-13T18:28:19.363297Z","level":"warning","event":"The `airflow.decorators.dag` attribute is deprecated. Please use `'airflow.sdk.dag'`.","category":"DeprecatedImportWarning","filename":"/opt/airflow/dags/kamis_etl_dag.py","lineno":1,"logger":"py.warnings"}
{"timestamp":"2026-01-13T18:28:19.363769Z","level":"warning","event":"The `airflow.decorators.task` attribute is deprecated. Please use `'airflow.sdk.task'`.","category":"DeprecatedImportWarning","filename":"/opt/airflow/dags/kamis_etl_dag.py","lineno":1,"logger":"py.warnings"}
{"timestamp":"2026-01-13T18:28:50.105415Z","level":"info","event":"Filling up the DagBag from /opt/airflow/dags/kamis_etl_dag.py","logger":"airflow.models.dagbag.DagBag","filename":"dagbag.py","lineno":593}
{"timestamp":"2026-01-13T18:28:51.007580Z","level":"warning","event":"The `airflow.decorators.dag` attribute is deprecated. Please use `'airflow.sdk.dag'`.","category":"DeprecatedImportWarning","filename":"/opt/airflow/dags/kamis_etl_dag.py","lineno":1,"logger":"py.warnings"}
{"timestamp":"2026-01-13T18:28:51.007772Z","level":"warning","event":"The `airflow.decorators.task` attribute is deprecated. Please use `'airflow.sdk.task'`.","category":"DeprecatedImportWarning","filename":"/opt/airflow/dags/kamis_etl_dag.py","lineno":1,"logger":"py.warnings"}
{"timestamp":"2026-01-13T18:29:21.827058Z","level":"info","event":"Filling up the DagBag from /opt/airflow/dags/kamis_etl_dag.py","logger":"airflow.models.dagbag.DagBag","filename":"dagbag.py","lineno":593}
{"timestamp":"2026-01-13T18:29:22.744930Z","level":"warning","event":"The `airflow.decorators.dag` attribute is deprecated. Please use `'airflow.sdk.dag'`.","category":"DeprecatedImportWarning","filename":"/opt/airflow/dags/kamis_etl_dag.py","lineno":1,"logger":"py.warnings"}
{"timestamp":"2026-01-13T18:29:22.745122Z","level":"warning","event":"The `airflow.decorators.task` attribute is deprecated. Please use `'airflow.sdk.task'`.","category":"DeprecatedImportWarning","filename":"/opt/airflow/dags/kamis_etl_dag.py","lineno":1,"logger":"py.warnings"}
{"timestamp":"2026-01-13T18:29:53.569529Z","level":"info","event":"Filling up the DagBag from /opt/airflow/dags/kamis_etl_dag.py","logger":"airflow.models.dagbag.DagBag","filename":"dagbag.py","lineno":593}
{"timestamp":"2026-01-13T18:29:54.533509Z","level":"warning","event":"The `airflow.decorators.dag` attribute is deprecated. Please use `'airflow.sdk.dag'`.","category":"DeprecatedImportWarning","filename":"/opt/airflow/dags/kamis_etl_dag.py","lineno":1,"logger":"py.warnings"}
{"timestamp":"2026-01-13T18:29:54.533698Z","level":"warning","event":"The `airflow.decorators.task` attribute is deprecated. Please use `'airflow.sdk.task'`.","category":"DeprecatedImportWarning","filename":"/opt/airflow/dags/kamis_etl_dag.py","lineno":1,"logger":"py.warnings"}
{"timestamp":"2026-01-13T18:30:25.430263Z","level":"info","event":"Filling up the DagBag from /opt/airflow/dags/kamis_etl_dag.py","logger":"airflow.models.dagbag.DagBag","filename":"dagbag.py","lineno":593}
{"timestamp":"2026-01-13T18:30:26.587204Z","level":"warning","event":"The `airflow.decorators.dag` attribute is deprecated. Please use `'airflow.sdk.dag'`.","category":"DeprecatedImportWarning","filename":"/opt/airflow/dags/kamis_etl_dag.py","lineno":1,"logger":"py.warnings"}
{"timestamp":"2026-01-13T18:30:26.587449Z","level":"warning","event":"The `airflow.decorators.task` attribute is deprecated. Please use `'airflow.sdk.task'`.","category":"DeprecatedImportWarning","filename":"/opt/airflow/dags/kamis_etl_dag.py","lineno":1,"logger":"py.warnings"}
{"timestamp":"2026-01-13T18:30:57.366686Z","level":"info","event":"Filling up the DagBag from /opt/airflow/dags/kamis_etl_dag.py","logger":"airflow.models.dagbag.DagBag","filename":"dagbag.py","lineno":593}
{"timestamp":"2026-01-13T18:30:58.646001Z","level":"warning","event":"The `airflow.decorators.dag` attribute is deprecated. Please use `'airflow.sdk.dag'`.","category":"DeprecatedImportWarning","filename":"/opt/airflow/dags/kamis_etl_dag.py","lineno":1,"logger":"py.warnings"}
{"timestamp":"2026-01-13T18:30:58.646319Z","level":"warning","event":"The `airflow.decorators.task` attribute is deprecated. Please use `'airflow.sdk.task'`.","category":"DeprecatedImportWarning","filename":"/opt/airflow/dags/kamis_etl_dag.py","lineno":1,"logger":"py.warnings"}
{"timestamp":"2026-01-13T18:31:28.912888Z","level":"info","event":"Filling up the DagBag from /opt/airflow/dags/kamis_etl_dag.py","logger":"airflow.models.dagbag.DagBag","filename":"dagbag.py","lineno":593}
{"timestamp":"2026-01-13T18:31:30.005701Z","level":"warning","event":"The `airflow.decorators.dag` attribute is deprecated. Please use `'airflow.sdk.dag'`.","category":"DeprecatedImportWarning","filename":"/opt/airflow/dags/kamis_etl_dag.py","lineno":1,"logger":"py.warnings"}
{"timestamp":"2026-01-13T18:31:30.006063Z","level":"warning","event":"The `airflow.decorators.task` attribute is deprecated. Please use `'airflow.sdk.task'`.","category":"DeprecatedImportWarning","filename":"/opt/airflow/dags/kamis_etl_dag.py","lineno":1,"logger":"py.warnings"}
{"timestamp":"2026-01-13T18:32:00.211671Z","level":"info","event":"Filling up the DagBag from /opt/airflow/dags/kamis_etl_dag.py","logger":"airflow.models.dagbag.DagBag","filename":"dagbag.py","lineno":593}
{"timestamp":"2026-01-13T18:32:01.064522Z","level":"warning","event":"The `airflow.decorators.dag` attribute is deprecated. Please use `'airflow.sdk.dag'`.","category":"DeprecatedImportWarning","filename":"/opt/airflow/dags/kamis_etl_dag.py","lineno":1,"logger":"py.warnings"}
{"timestamp":"2026-01-13T18:32:01.064765Z","level":"warning","event":"The `airflow.decorators.task` attribute is deprecated. Please use `'airflow.sdk.task'`.","category":"DeprecatedImportWarning","filename":"/opt/airflow/dags/kamis_etl_dag.py","lineno":1,"logger":"py.warnings"}
{"timestamp":"2026-01-13T18:32:31.851778Z","level":"info","event":"Filling up the DagBag from /opt/airflow/dags/kamis_etl_dag.py","logger":"airflow.models.dagbag.DagBag","filename":"dagbag.py","lineno":593}
{"timestamp":"2026-01-13T18:32:32.788642Z","level":"warning","event":"The `airflow.decorators.dag` attribute is deprecated. Please use `'airflow.sdk.dag'`.","category":"DeprecatedImportWarning","filename":"/opt/airflow/dags/kamis_etl_dag.py","lineno":1,"logger":"py.warnings"}
{"timestamp":"2026-01-13T18:32:32.788833Z","level":"warning","event":"The `airflow.decorators.task` attribute is deprecated. Please use `'airflow.sdk.task'`.","category":"DeprecatedImportWarning","filename":"/opt/airflow/dags/kamis_etl_dag.py","lineno":1,"logger":"py.warnings"}
{"timestamp":"2026-01-13T18:33:03.532693Z","level":"info","event":"Filling up the DagBag from /opt/airflow/dags/kamis_etl_dag.py","logger":"airflow.models.dagbag.DagBag","filename":"dagbag.py","lineno":593}
{"timestamp":"2026-01-13T18:33:04.401868Z","level":"warning","event":"The `airflow.decorators.dag` attribute is deprecated. Please use `'airflow.sdk.dag'`.","category":"DeprecatedImportWarning","filename":"/opt/airflow/dags/kamis_etl_dag.py","lineno":1,"logger":"py.warnings"}
{"timestamp":"2026-01-13T18:33:04.402055Z","level":"warning","event":"The `airflow.decorators.task` attribute is deprecated. Please use `'airflow.sdk.task'`.","category":"DeprecatedImportWarning","filename":"/opt/airflow/dags/kamis_etl_dag.py","lineno":1,"logger":"py.warnings"}
{"timestamp":"2026-01-13T18:33:35.144938Z","level":"info","event":"Filling up the DagBag from /opt/airflow/dags/kamis_etl_dag.py","logger":"airflow.models.dagbag.DagBag","filename":"dagbag.py","lineno":593}
{"timestamp":"2026-01-13T18:33:36.036009Z","level":"warning","event":"The `airflow.decorators.dag` attribute is deprecated. Please use `'airflow.sdk.dag'`.","category":"DeprecatedImportWarning","filename":"/opt/airflow/dags/kamis_etl_dag.py","lineno":1,"logger":"py.warnings"}
{"timestamp":"2026-01-13T18:33:36.036203Z","level":"warning","event":"The `airflow.decorators.task` attribute is deprecated. Please use `'airflow.sdk.task'`.","category":"DeprecatedImportWarning","filename":"/opt/airflow/dags/kamis_etl_dag.py","lineno":1,"logger":"py.warnings"}
{"timestamp":"2026-01-13T18:34:06.744872Z","level":"info","event":"Filling up the DagBag from /opt/airflow/dags/kamis_etl_dag.py","logger":"airflow.models.dagbag.DagBag","filename":"dagbag.py","lineno":593}
{"timestamp":"2026-01-13T18:34:07.616296Z","level":"warning","event":"The `airflow.decorators.dag` attribute is deprecated. Please use `'airflow.sdk.dag'`.","category":"DeprecatedImportWarning","filename":"/opt/airflow/dags/kamis_etl_dag.py","lineno":1,"logger":"py.warnings"}
{"timestamp":"2026-01-13T18:34:07.616577Z","level":"warning","event":"The `airflow.decorators.task` attribute is deprecated. Please use `'airflow.sdk.task'`.","category":"DeprecatedImportWarning","filename":"/opt/airflow/dags/kamis_etl_dag.py","lineno":1,"logger":"py.warnings"}
{"timestamp":"2026-01-13T18:34:38.413154Z","level":"info","event":"Filling up the DagBag from /opt/airflow/dags/kamis_etl_dag.py","logger":"airflow.models.dagbag.DagBag","filename":"dagbag.py","lineno":593}
{"timestamp":"2026-01-13T18:34:39.515917Z","level":"warning","event":"The `airflow.decorators.dag` attribute is deprecated. Please use `'airflow.sdk.dag'`.","category":"DeprecatedImportWarning","filename":"/opt/airflow/dags/kamis_etl_dag.py","lineno":1,"logger":"py.warnings"}
{"timestamp":"2026-01-13T18:34:39.516121Z","level":"warning","event":"The `airflow.decorators.task` attribute is deprecated. Please use `'airflow.sdk.task'`.","category":"DeprecatedImportWarning","filename":"/opt/airflow/dags/kamis_etl_dag.py","lineno":1,"logger":"py.warnings"}
{"timestamp":"2026-01-13T18:35:10.217874Z","level":"info","event":"Filling up the DagBag from /opt/airflow/dags/kamis_etl_dag.py","logger":"airflow.models.dagbag.DagBag","filename":"dagbag.py","lineno":593}
{"timestamp":"2026-01-13T18:35:11.277013Z","level":"warning","event":"The `airflow.decorators.dag` attribute is deprecated. Please use `'airflow.sdk.dag'`.","category":"DeprecatedImportWarning","filename":"/opt/airflow/dags/kamis_etl_dag.py","lineno":1,"logger":"py.warnings"}
{"timestamp":"2026-01-13T18:35:11.277281Z","level":"warning","event":"The `airflow.decorators.task` attribute is deprecated. Please use `'airflow.sdk.task'`.","category":"DeprecatedImportWarning","filename":"/opt/airflow/dags/kamis_etl_dag.py","lineno":1,"logger":"py.warnings"}
{"timestamp":"2026-01-13T18:35:41.410995Z","level":"info","event":"Filling up the DagBag from /opt/airflow/dags/kamis_etl_dag.py","logger":"airflow.models.dagbag.DagBag","filename":"dagbag.py","lineno":593}
{"timestamp":"2026-01-13T18:35:42.562133Z","level":"warning","event":"The `airflow.decorators.dag` attribute is deprecated. Please use `'airflow.sdk.dag'`.","category":"DeprecatedImportWarning","filename":"/opt/airflow/dags/kamis_etl_dag.py","lineno":1,"logger":"py.warnings"}
{"timestamp":"2026-01-13T18:35:42.562439Z","level":"warning","event":"The `airflow.decorators.task` attribute is deprecated. Please use `'airflow.sdk.task'`.","category":"DeprecatedImportWarning","filename":"/opt/airflow/dags/kamis_etl_dag.py","lineno":1,"logger":"py.warnings"}
{"timestamp":"2026-01-13T18:36:12.757152Z","level":"info","event":"Filling up the DagBag from /opt/airflow/dags/kamis_etl_dag.py","logger":"airflow.models.dagbag.DagBag","filename":"dagbag.py","lineno":593}
{"timestamp":"2026-01-13T18:36:13.724015Z","level":"warning","event":"The `airflow.decorators.dag` attribute is deprecated. Please use `'airflow.sdk.dag'`.","category":"DeprecatedImportWarning","filename":"/opt/airflow/dags/kamis_etl_dag.py","lineno":1,"logger":"py.warnings"}
{"timestamp":"2026-01-13T18:36:13.724200Z","level":"warning","event":"The `airflow.decorators.task` attribute is deprecated. Please use `'airflow.sdk.task'`.","category":"DeprecatedImportWarning","filename":"/opt/airflow/dags/kamis_etl_dag.py","lineno":1,"logger":"py.warnings"}
{"timestamp":"2026-01-13T18:36:43.906940Z","level":"info","event":"Filling up the DagBag from /opt/airflow/dags/kamis_etl_dag.py","logger":"airflow.models.dagbag.DagBag","filename":"dagbag.py","lineno":593}
{"timestamp":"2026-01-13T18:36:44.928904Z","level":"warning","event":"The `airflow.decorators.dag` attribute is deprecated. Please use `'airflow.sdk.dag'`.","category":"DeprecatedImportWarning","filename":"/opt/airflow/dags/kamis_etl_dag.py","lineno":1,"logger":"py.warnings"}
{"timestamp":"2026-01-13T18:36:44.929085Z","level":"warning","event":"The `airflow.decorators.task` attribute is deprecated. Please use `'airflow.sdk.task'`.","category":"DeprecatedImportWarning","filename":"/opt/airflow/dags/kamis_etl_dag.py","lineno":1,"logger":"py.warnings"}
{"timestamp":"2026-01-13T18:37:15.631863Z","level":"info","event":"Filling up the DagBag from /opt/airflow/dags/kamis_etl_dag.py","logger":"airflow.models.dagbag.DagBag","filename":"dagbag.py","lineno":593}
{"timestamp":"2026-01-13T18:37:16.500422Z","level":"warning","event":"The `airflow.decorators.dag` attribute is deprecated. Please use `'airflow.sdk.dag'`.","category":"DeprecatedImportWarning","filename":"/opt/airflow/dags/kamis_etl_dag.py","lineno":1,"logger":"py.warnings"}
{"timestamp":"2026-01-13T18:37:16.500916Z","level":"warning","event":"The `airflow.decorators.task` attribute is deprecated. Please use `'airflow.sdk.task'`.","category":"DeprecatedImportWarning","filename":"/opt/airflow/dags/kamis_etl_dag.py","lineno":1,"logger":"py.warnings"}
{"timestamp":"2026-01-13T18:37:47.242407Z","level":"info","event":"Filling up the DagBag from /opt/airflow/dags/kamis_etl_dag.py","logger":"airflow.models.dagbag.DagBag","filename":"dagbag.py","lineno":593}
{"timestamp":"2026-01-13T18:37:48.197936Z","level":"warning","event":"The `airflow.decorators.dag` attribute is deprecated. Please use `'airflow.sdk.dag'`.","category":"DeprecatedImportWarning","filename":"/opt/airflow/dags/kamis_etl_dag.py","lineno":1,"logger":"py.warnings"}
{"timestamp":"2026-01-13T18:37:48.198343Z","level":"warning","event":"The `airflow.decorators.task` attribute is deprecated. Please use `'airflow.sdk.task'`.","category":"DeprecatedImportWarning","filename":"/opt/airflow/dags/kamis_etl_dag.py","lineno":1,"logger":"py.warnings"}
{"timestamp":"2026-01-13T18:38:19.203980Z","level":"info","event":"Filling up the DagBag from /opt/airflow/dags/kamis_etl_dag.py","logger":"airflow.models.dagbag.DagBag","filename":"dagbag.py","lineno":593}
{"timestamp":"2026-01-13T18:38:20.140777Z","level":"warning","event":"The `airflow.decorators.dag` attribute is deprecated. Please use `'airflow.sdk.dag'`.","category":"DeprecatedImportWarning","filename":"/opt/airflow/dags/kamis_etl_dag.py","lineno":1,"logger":"py.warnings"}
{"timestamp":"2026-01-13T18:38:20.141022Z","level":"warning","event":"The `airflow.decorators.task` attribute is deprecated. Please use `'airflow.sdk.task'`.","category":"DeprecatedImportWarning","filename":"/opt/airflow/dags/kamis_etl_dag.py","lineno":1,"logger":"py.warnings"}
{"timestamp":"2026-01-13T18:38:51.035757Z","level":"info","event":"Filling up the DagBag from /opt/airflow/dags/kamis_etl_dag.py","logger":"airflow.models.dagbag.DagBag","filename":"dagbag.py","lineno":593}
{"timestamp":"2026-01-13T18:38:52.161621Z","level":"warning","event":"The `airflow.decorators.dag` attribute is deprecated. Please use `'airflow.sdk.dag'`.","category":"DeprecatedImportWarning","filename":"/opt/airflow/dags/kamis_etl_dag.py","lineno":1,"logger":"py.warnings"}
{"timestamp":"2026-01-13T18:38:52.161873Z","level":"warning","event":"The `airflow.decorators.task` attribute is deprecated. Please use `'airflow.sdk.task'`.","category":"DeprecatedImportWarning","filename":"/opt/airflow/dags/kamis_etl_dag.py","lineno":1,"logger":"py.warnings"}
{"timestamp":"2026-01-13T18:39:22.992992Z","level":"info","event":"Filling up the DagBag from /opt/airflow/dags/kamis_etl_dag.py","logger":"airflow.models.dagbag.DagBag","filename":"dagbag.py","lineno":593}
{"timestamp":"2026-01-13T18:39:24.142288Z","level":"warning","event":"The `airflow.decorators.dag` attribute is deprecated. Please use `'airflow.sdk.dag'`.","category":"DeprecatedImportWarning","filename":"/opt/airflow/dags/kamis_etl_dag.py","lineno":1,"logger":"py.warnings"}
{"timestamp":"2026-01-13T18:39:24.142621Z","level":"warning","event":"The `airflow.decorators.task` attribute is deprecated. Please use `'airflow.sdk.task'`.","category":"DeprecatedImportWarning","filename":"/opt/airflow/dags/kamis_etl_dag.py","lineno":1,"logger":"py.warnings"}
{"timestamp":"2026-01-13T18:39:54.335671Z","level":"info","event":"Filling up the DagBag from /opt/airflow/dags/kamis_etl_dag.py","logger":"airflow.models.dagbag.DagBag","filename":"dagbag.py","lineno":593}
{"timestamp":"2026-01-13T18:39:55.585753Z","level":"warning","event":"The `airflow.decorators.dag` attribute is deprecated. Please use `'airflow.sdk.dag'`.","category":"DeprecatedImportWarning","filename":"/opt/airflow/dags/kamis_etl_dag.py","lineno":1,"logger":"py.warnings"}
{"timestamp":"2026-01-13T18:39:55.586029Z","level":"warning","event":"The `airflow.decorators.task` attribute is deprecated. Please use `'airflow.sdk.task'`.","category":"DeprecatedImportWarning","filename":"/opt/airflow/dags/kamis_etl_dag.py","lineno":1,"logger":"py.warnings"}
{"timestamp":"2026-01-13T18:40:26.514213Z","level":"info","event":"Filling up the DagBag from /opt/airflow/dags/kamis_etl_dag.py","logger":"airflow.models.dagbag.DagBag","filename":"dagbag.py","lineno":593}
{"timestamp":"2026-01-13T18:40:27.414170Z","level":"warning","event":"The `airflow.decorators.dag` attribute is deprecated. Please use `'airflow.sdk.dag'`.","category":"DeprecatedImportWarning","filename":"/opt/airflow/dags/kamis_etl_dag.py","lineno":1,"logger":"py.warnings"}
{"timestamp":"2026-01-13T18:40:27.414431Z","level":"warning","event":"The `airflow.decorators.task` attribute is deprecated. Please use `'airflow.sdk.task'`.","category":"DeprecatedImportWarning","filename":"/opt/airflow/dags/kamis_etl_dag.py","lineno":1,"logger":"py.warnings"}
{"timestamp":"2026-01-13T18:40:58.439632Z","level":"info","event":"Filling up the DagBag from /opt/airflow/dags/kamis_etl_dag.py","logger":"airflow.models.dagbag.DagBag","filename":"dagbag.py","lineno":593}
{"timestamp":"2026-01-13T18:40:59.419704Z","level":"warning","event":"The `airflow.decorators.dag` attribute is deprecated. Please use `'airflow.sdk.dag'`.","category":"DeprecatedImportWarning","filename":"/opt/airflow/dags/kamis_etl_dag.py","lineno":1,"logger":"py.warnings"}
{"timestamp":"2026-01-13T18:40:59.419951Z","level":"warning","event":"The `airflow.decorators.task` attribute is deprecated. Please use `'airflow.sdk.task'`.","category":"DeprecatedImportWarning","filename":"/opt/airflow/dags/kamis_etl_dag.py","lineno":1,"logger":"py.warnings"}
{"timestamp":"2026-01-13T18:41:30.090658Z","level":"info","event":"Filling up the DagBag from /opt/airflow/dags/kamis_etl_dag.py","logger":"airflow.models.dagbag.DagBag","filename":"dagbag.py","lineno":593}
{"timestamp":"2026-01-13T18:41:30.998638Z","level":"warning","event":"The `airflow.decorators.dag` attribute is deprecated. Please use `'airflow.sdk.dag'`.","category":"DeprecatedImportWarning","filename":"/opt/airflow/dags/kamis_etl_dag.py","lineno":1,"logger":"py.warnings"}
{"timestamp":"2026-01-13T18:41:30.998836Z","level":"warning","event":"The `airflow.decorators.task` attribute is deprecated. Please use `'airflow.sdk.task'`.","category":"DeprecatedImportWarning","filename":"/opt/airflow/dags/kamis_etl_dag.py","lineno":1,"logger":"py.warnings"}
{"timestamp":"2026-01-13T18:42:01.726558Z","level":"info","event":"Filling up the DagBag from /opt/airflow/dags/kamis_etl_dag.py","logger":"airflow.models.dagbag.DagBag","filename":"dagbag.py","lineno":593}
{"timestamp":"2026-01-13T18:42:02.629933Z","level":"warning","event":"The `airflow.decorators.dag` attribute is deprecated. Please use `'airflow.sdk.dag'`.","category":"DeprecatedImportWarning","filename":"/opt/airflow/dags/kamis_etl_dag.py","lineno":1,"logger":"py.warnings"}
{"timestamp":"2026-01-13T18:42:02.630126Z","level":"warning","event":"The `airflow.decorators.task` attribute is deprecated. Please use `'airflow.sdk.task'`.","category":"DeprecatedImportWarning","filename":"/opt/airflow/dags/kamis_etl_dag.py","lineno":1,"logger":"py.warnings"}
{"timestamp":"2026-01-13T18:42:33.468948Z","level":"info","event":"Filling up the DagBag from /opt/airflow/dags/kamis_etl_dag.py","logger":"airflow.models.dagbag.DagBag","filename":"dagbag.py","lineno":593}
{"timestamp":"2026-01-13T18:42:34.355773Z","level":"warning","event":"The `airflow.decorators.dag` attribute is deprecated. Please use `'airflow.sdk.dag'`.","category":"DeprecatedImportWarning","filename":"/opt/airflow/dags/kamis_etl_dag.py","lineno":1,"logger":"py.warnings"}
{"timestamp":"2026-01-13T18:42:34.356037Z","level":"warning","event":"The `airflow.decorators.task` attribute is deprecated. Please use `'airflow.sdk.task'`.","category":"DeprecatedImportWarning","filename":"/opt/airflow/dags/kamis_etl_dag.py","lineno":1,"logger":"py.warnings"}
{"timestamp":"2026-01-13T18:43:05.240297Z","level":"info","event":"Filling up the DagBag from /opt/airflow/dags/kamis_etl_dag.py","logger":"airflow.models.dagbag.DagBag","filename":"dagbag.py","lineno":593}
{"timestamp":"2026-01-13T18:43:06.345170Z","level":"warning","event":"The `airflow.decorators.dag` attribute is deprecated. Please use `'airflow.sdk.dag'`.","category":"DeprecatedImportWarning","filename":"/opt/airflow/dags/kamis_etl_dag.py","lineno":1,"logger":"py.warnings"}
{"timestamp":"2026-01-13T18:43:06.345412Z","level":"warning","event":"The `airflow.decorators.task` attribute is deprecated. Please use `'airflow.sdk.task'`.","category":"DeprecatedImportWarning","filename":"/opt/airflow/dags/kamis_etl_dag.py","lineno":1,"logger":"py.warnings"}
{"timestamp":"2026-01-13T18:43:37.019977Z","level":"info","event":"Filling up the DagBag from /opt/airflow/dags/kamis_etl_dag.py","logger":"airflow.models.dagbag.DagBag","filename":"dagbag.py","lineno":593}
{"timestamp":"2026-01-13T18:43:38.229811Z","level":"warning","event":"The `airflow.decorators.dag` attribute is deprecated. Please use `'airflow.sdk.dag'`.","category":"DeprecatedImportWarning","filename":"/opt/airflow/dags/kamis_etl_dag.py","lineno":1,"logger":"py.warnings"}
{"timestamp":"2026-01-13T18:43:38.230106Z","level":"warning","event":"The `airflow.decorators.task` attribute is deprecated. Please use `'airflow.sdk.task'`.","category":"DeprecatedImportWarning","filename":"/opt/airflow/dags/kamis_etl_dag.py","lineno":1,"logger":"py.warnings"}
{"timestamp":"2026-01-13T18:44:08.419990Z","level":"info","event":"Filling up the DagBag from /opt/airflow/dags/kamis_etl_dag.py","logger":"airflow.models.dagbag.DagBag","filename":"dagbag.py","lineno":593}
{"timestamp":"2026-01-13T18:44:09.520329Z","level":"warning","event":"The `airflow.decorators.dag` attribute is deprecated. Please use `'airflow.sdk.dag'`.","category":"DeprecatedImportWarning","filename":"/opt/airflow/dags/kamis_etl_dag.py","lineno":1,"logger":"py.warnings"}
{"timestamp":"2026-01-13T18:44:09.520780Z","level":"warning","event":"The `airflow.decorators.task` attribute is deprecated. Please use `'airflow.sdk.task'`.","category":"DeprecatedImportWarning","filename":"/opt/airflow/dags/kamis_etl_dag.py","lineno":1,"logger":"py.warnings"}
{"timestamp":"2026-01-13T18:44:39.628222Z","level":"info","event":"Filling up the DagBag from /opt/airflow/dags/kamis_etl_dag.py","logger":"airflow.models.dagbag.DagBag","filename":"dagbag.py","lineno":593}
{"timestamp":"2026-01-13T18:44:40.513846Z","level":"warning","event":"The `airflow.decorators.dag` attribute is deprecated. Please use `'airflow.sdk.dag'`.","category":"DeprecatedImportWarning","filename":"/opt/airflow/dags/kamis_etl_dag.py","lineno":1,"logger":"py.warnings"}
{"timestamp":"2026-01-13T18:44:40.514037Z","level":"warning","event":"The `airflow.decorators.task` attribute is deprecated. Please use `'airflow.sdk.task'`.","category":"DeprecatedImportWarning","filename":"/opt/airflow/dags/kamis_etl_dag.py","lineno":1,"logger":"py.warnings"}
{"timestamp":"2026-01-13T18:45:11.470005Z","level":"info","event":"Filling up the DagBag from /opt/airflow/dags/kamis_etl_dag.py","logger":"airflow.models.dagbag.DagBag","filename":"dagbag.py","lineno":593}
{"timestamp":"2026-01-13T18:45:12.373476Z","level":"warning","event":"The `airflow.decorators.dag` attribute is deprecated. Please use `'airflow.sdk.dag'`.","category":"DeprecatedImportWarning","filename":"/opt/airflow/dags/kamis_etl_dag.py","lineno":1,"logger":"py.warnings"}
{"timestamp":"2026-01-13T18:45:12.373797Z","level":"warning","event":"The `airflow.decorators.task` attribute is deprecated. Please use `'airflow.sdk.task'`.","category":"DeprecatedImportWarning","filename":"/opt/airflow/dags/kamis_etl_dag.py","lineno":1,"logger":"py.warnings"}
{"timestamp":"2026-01-13T18:45:43.231150Z","level":"info","event":"Filling up the DagBag from /opt/airflow/dags/kamis_etl_dag.py","logger":"airflow.models.dagbag.DagBag","filename":"dagbag.py","lineno":593}
{"timestamp":"2026-01-13T18:45:44.112324Z","level":"warning","event":"The `airflow.decorators.dag` attribute is deprecated. Please use `'airflow.sdk.dag'`.","category":"DeprecatedImportWarning","filename":"/opt/airflow/dags/kamis_etl_dag.py","lineno":1,"logger":"py.warnings"}
{"timestamp":"2026-01-13T18:45:44.112739Z","level":"warning","event":"The `airflow.decorators.task` attribute is deprecated. Please use `'airflow.sdk.task'`.","category":"DeprecatedImportWarning","filename":"/opt/airflow/dags/kamis_etl_dag.py","lineno":1,"logger":"py.warnings"}
{"timestamp":"2026-01-13T18:46:14.840126Z","level":"info","event":"Filling up the DagBag from /opt/airflow/dags/kamis_etl_dag.py","logger":"airflow.models.dagbag.DagBag","filename":"dagbag.py","lineno":593}
{"timestamp":"2026-01-13T18:46:15.834146Z","level":"warning","event":"The `airflow.decorators.dag` attribute is deprecated. Please use `'airflow.sdk.dag'`.","category":"DeprecatedImportWarning","filename":"/opt/airflow/dags/kamis_etl_dag.py","lineno":1,"logger":"py.warnings"}
{"timestamp":"2026-01-13T18:46:15.834557Z","level":"warning","event":"The `airflow.decorators.task` attribute is deprecated. Please use `'airflow.sdk.task'`.","category":"DeprecatedImportWarning","filename":"/opt/airflow/dags/kamis_etl_dag.py","lineno":1,"logger":"py.warnings"}
{"timestamp":"2026-01-13T18:46:46.553854Z","level":"info","event":"Filling up the DagBag from /opt/airflow/dags/kamis_etl_dag.py","logger":"airflow.models.dagbag.DagBag","filename":"dagbag.py","lineno":593}
{"timestamp":"2026-01-13T18:46:47.413897Z","level":"warning","event":"The `airflow.decorators.dag` attribute is deprecated. Please use `'airflow.sdk.dag'`.","category":"DeprecatedImportWarning","filename":"/opt/airflow/dags/kamis_etl_dag.py","lineno":1,"logger":"py.warnings"}
{"timestamp":"2026-01-13T18:46:47.414094Z","level":"warning","event":"The `airflow.decorators.task` attribute is deprecated. Please use `'airflow.sdk.task'`.","category":"DeprecatedImportWarning","filename":"/opt/airflow/dags/kamis_etl_dag.py","lineno":1,"logger":"py.warnings"}
{"timestamp":"2026-01-13T18:47:18.198700Z","level":"info","event":"Filling up the DagBag from /opt/airflow/dags/kamis_etl_dag.py","logger":"airflow.models.dagbag.DagBag","filename":"dagbag.py","lineno":593}
{"timestamp":"2026-01-13T18:47:19.347062Z","level":"warning","event":"The `airflow.decorators.dag` attribute is deprecated. Please use `'airflow.sdk.dag'`.","category":"DeprecatedImportWarning","filename":"/opt/airflow/dags/kamis_etl_dag.py","lineno":1,"logger":"py.warnings"}
{"timestamp":"2026-01-13T18:47:19.347266Z","level":"warning","event":"The `airflow.decorators.task` attribute is deprecated. Please use `'airflow.sdk.task'`.","category":"DeprecatedImportWarning","filename":"/opt/airflow/dags/kamis_etl_dag.py","lineno":1,"logger":"py.warnings"}
{"timestamp":"2026-01-13T18:47:49.531879Z","level":"info","event":"Filling up the DagBag from /opt/airflow/dags/kamis_etl_dag.py","logger":"airflow.models.dagbag.DagBag","filename":"dagbag.py","lineno":593}
{"timestamp":"2026-01-13T18:47:50.751671Z","level":"warning","event":"The `airflow.decorators.dag` attribute is deprecated. Please use `'airflow.sdk.dag'`.","category":"DeprecatedImportWarning","filename":"/opt/airflow/dags/kamis_etl_dag.py","lineno":1,"logger":"py.warnings"}
{"timestamp":"2026-01-13T18:47:50.752022Z","level":"warning","event":"The `airflow.decorators.task` attribute is deprecated. Please use `'airflow.sdk.task'`.","category":"DeprecatedImportWarning","filename":"/opt/airflow/dags/kamis_etl_dag.py","lineno":1,"logger":"py.warnings"}
{"timestamp":"2026-01-13T18:48:20.973522Z","level":"info","event":"Filling up the DagBag from /opt/airflow/dags/kamis_etl_dag.py","logger":"airflow.models.dagbag.DagBag","filename":"dagbag.py","lineno":593}
{"timestamp":"2026-01-13T18:48:21.833089Z","level":"warning","event":"The `airflow.decorators.dag` attribute is deprecated. Please use `'airflow.sdk.dag'`.","category":"DeprecatedImportWarning","filename":"/opt/airflow/dags/kamis_etl_dag.py","lineno":1,"logger":"py.warnings"}
{"timestamp":"2026-01-13T18:48:21.833282Z","level":"warning","event":"The `airflow.decorators.task` attribute is deprecated. Please use `'airflow.sdk.task'`.","category":"DeprecatedImportWarning","filename":"/opt/airflow/dags/kamis_etl_dag.py","lineno":1,"logger":"py.warnings"}
{"timestamp":"2026-01-13T18:48:52.747447Z","level":"info","event":"Filling up the DagBag from /opt/airflow/dags/kamis_etl_dag.py","logger":"airflow.models.dagbag.DagBag","filename":"dagbag.py","lineno":593}
{"timestamp":"2026-01-13T18:48:53.673402Z","level":"warning","event":"The `airflow.decorators.dag` attribute is deprecated. Please use `'airflow.sdk.dag'`.","category":"DeprecatedImportWarning","filename":"/opt/airflow/dags/kamis_etl_dag.py","lineno":1,"logger":"py.warnings"}
{"timestamp":"2026-01-13T18:48:53.673668Z","level":"warning","event":"The `airflow.decorators.task` attribute is deprecated. Please use `'airflow.sdk.task'`.","category":"DeprecatedImportWarning","filename":"/opt/airflow/dags/kamis_etl_dag.py","lineno":1,"logger":"py.warnings"}
{"timestamp":"2026-01-13T18:49:24.442217Z","level":"info","event":"Filling up the DagBag from /opt/airflow/dags/kamis_etl_dag.py","logger":"airflow.models.dagbag.DagBag","filename":"dagbag.py","lineno":593}
{"timestamp":"2026-01-13T18:49:25.539330Z","level":"warning","event":"The `airflow.decorators.dag` attribute is deprecated. Please use `'airflow.sdk.dag'`.","category":"DeprecatedImportWarning","filename":"/opt/airflow/dags/kamis_etl_dag.py","lineno":1,"logger":"py.warnings"}
{"timestamp":"2026-01-13T18:49:25.539647Z","level":"warning","event":"The `airflow.decorators.task` attribute is deprecated. Please use `'airflow.sdk.task'`.","category":"DeprecatedImportWarning","filename":"/opt/airflow/dags/kamis_etl_dag.py","lineno":1,"logger":"py.warnings"}
{"timestamp":"2026-01-13T18:49:56.372007Z","level":"info","event":"Filling up the DagBag from /opt/airflow/dags/kamis_etl_dag.py","logger":"airflow.models.dagbag.DagBag","filename":"dagbag.py","lineno":593}
{"timestamp":"2026-01-13T18:49:57.523998Z","level":"warning","event":"The `airflow.decorators.dag` attribute is deprecated. Please use `'airflow.sdk.dag'`.","category":"DeprecatedImportWarning","filename":"/opt/airflow/dags/kamis_etl_dag.py","lineno":1,"logger":"py.warnings"}
{"timestamp":"2026-01-13T18:49:57.524309Z","level":"warning","event":"The `airflow.decorators.task` attribute is deprecated. Please use `'airflow.sdk.task'`.","category":"DeprecatedImportWarning","filename":"/opt/airflow/dags/kamis_etl_dag.py","lineno":1,"logger":"py.warnings"}
{"timestamp":"2026-01-13T18:50:27.769672Z","level":"info","event":"Filling up the DagBag from /opt/airflow/dags/kamis_etl_dag.py","logger":"airflow.models.dagbag.DagBag","filename":"dagbag.py","lineno":593}
{"timestamp":"2026-01-13T18:50:28.648679Z","level":"warning","event":"The `airflow.decorators.dag` attribute is deprecated. Please use `'airflow.sdk.dag'`.","category":"DeprecatedImportWarning","filename":"/opt/airflow/dags/kamis_etl_dag.py","lineno":1,"logger":"py.warnings"}
{"timestamp":"2026-01-13T18:50:28.648868Z","level":"warning","event":"The `airflow.decorators.task` attribute is deprecated. Please use `'airflow.sdk.task'`.","category":"DeprecatedImportWarning","filename":"/opt/airflow/dags/kamis_etl_dag.py","lineno":1,"logger":"py.warnings"}
{"timestamp":"2026-01-13T18:50:59.357687Z","level":"info","event":"Filling up the DagBag from /opt/airflow/dags/kamis_etl_dag.py","logger":"airflow.models.dagbag.DagBag","filename":"dagbag.py","lineno":593}
{"timestamp":"2026-01-13T18:51:00.286857Z","level":"warning","event":"The `airflow.decorators.dag` attribute is deprecated. Please use `'airflow.sdk.dag'`.","category":"DeprecatedImportWarning","filename":"/opt/airflow/dags/kamis_etl_dag.py","lineno":1,"logger":"py.warnings"}
{"timestamp":"2026-01-13T18:51:00.287192Z","level":"warning","event":"The `airflow.decorators.task` attribute is deprecated. Please use `'airflow.sdk.task'`.","category":"DeprecatedImportWarning","filename":"/opt/airflow/dags/kamis_etl_dag.py","lineno":1,"logger":"py.warnings"}
{"timestamp":"2026-01-13T18:51:31.151647Z","level":"info","event":"Filling up the DagBag from /opt/airflow/dags/kamis_etl_dag.py","logger":"airflow.models.dagbag.DagBag","filename":"dagbag.py","lineno":593}
{"timestamp":"2026-01-13T18:51:32.416776Z","level":"warning","event":"The `airflow.decorators.dag` attribute is deprecated. Please use `'airflow.sdk.dag'`.","category":"DeprecatedImportWarning","filename":"/opt/airflow/dags/kamis_etl_dag.py","lineno":1,"logger":"py.warnings"}
{"timestamp":"2026-01-13T18:51:32.417052Z","level":"warning","event":"The `airflow.decorators.task` attribute is deprecated. Please use `'airflow.sdk.task'`.","category":"DeprecatedImportWarning","filename":"/opt/airflow/dags/kamis_etl_dag.py","lineno":1,"logger":"py.warnings"}
{"timestamp":"2026-01-13T18:52:02.597298Z","level":"info","event":"Filling up the DagBag from /opt/airflow/dags/kamis_etl_dag.py","logger":"airflow.models.dagbag.DagBag","filename":"dagbag.py","lineno":593}
{"timestamp":"2026-01-13T18:52:03.468232Z","level":"warning","event":"The `airflow.decorators.dag` attribute is deprecated. Please use `'airflow.sdk.dag'`.","category":"DeprecatedImportWarning","filename":"/opt/airflow/dags/kamis_etl_dag.py","lineno":1,"logger":"py.warnings"}
{"timestamp":"2026-01-13T18:52:03.468623Z","level":"warning","event":"The `airflow.decorators.task` attribute is deprecated. Please use `'airflow.sdk.task'`.","category":"DeprecatedImportWarning","filename":"/opt/airflow/dags/kamis_etl_dag.py","lineno":1,"logger":"py.warnings"}
{"timestamp":"2026-01-13T18:52:33.791619Z","level":"info","event":"Filling up the DagBag from /opt/airflow/dags/kamis_etl_dag.py","logger":"airflow.models.dagbag.DagBag","filename":"dagbag.py","lineno":593}
{"timestamp":"2026-01-13T18:52:34.791612Z","level":"warning","event":"The `airflow.decorators.dag` attribute is deprecated. Please use `'airflow.sdk.dag'`.","category":"DeprecatedImportWarning","filename":"/opt/airflow/dags/kamis_etl_dag.py","lineno":1,"logger":"py.warnings"}
{"timestamp":"2026-01-13T18:52:34.791862Z","level":"warning","event":"The `airflow.decorators.task` attribute is deprecated. Please use `'airflow.sdk.task'`.","category":"DeprecatedImportWarning","filename":"/opt/airflow/dags/kamis_etl_dag.py","lineno":1,"logger":"py.warnings"}
{"timestamp":"2026-01-13T18:53:05.614762Z","level":"info","event":"Filling up the DagBag from /opt/airflow/dags/kamis_etl_dag.py","logger":"airflow.models.dagbag.DagBag","filename":"dagbag.py","lineno":593}
{"timestamp":"2026-01-13T18:53:06.618115Z","level":"warning","event":"The `airflow.decorators.dag` attribute is deprecated. Please use `'airflow.sdk.dag'`.","category":"DeprecatedImportWarning","filename":"/opt/airflow/dags/kamis_etl_dag.py","lineno":1,"logger":"py.warnings"}
{"timestamp":"2026-01-13T18:53:06.618306Z","level":"warning","event":"The `airflow.decorators.task` attribute is deprecated. Please use `'airflow.sdk.task'`.","category":"DeprecatedImportWarning","filename":"/opt/airflow/dags/kamis_etl_dag.py","lineno":1,"logger":"py.warnings"}
{"timestamp":"2026-01-13T18:53:37.475890Z","level":"info","event":"Filling up the DagBag from /opt/airflow/dags/kamis_etl_dag.py","logger":"airflow.models.dagbag.DagBag","filename":"dagbag.py","lineno":593}
{"timestamp":"2026-01-13T18:53:38.363032Z","level":"warning","event":"The `airflow.decorators.dag` attribute is deprecated. Please use `'airflow.sdk.dag'`.","category":"DeprecatedImportWarning","filename":"/opt/airflow/dags/kamis_etl_dag.py","lineno":1,"logger":"py.warnings"}
{"timestamp":"2026-01-13T18:53:38.363334Z","level":"warning","event":"The `airflow.decorators.task` attribute is deprecated. Please use `'airflow.sdk.task'`.","category":"DeprecatedImportWarning","filename":"/opt/airflow/dags/kamis_etl_dag.py","lineno":1,"logger":"py.warnings"}
{"timestamp":"2026-01-13T18:54:09.219750Z","level":"info","event":"Filling up the DagBag from /opt/airflow/dags/kamis_etl_dag.py","logger":"airflow.models.dagbag.DagBag","filename":"dagbag.py","lineno":593}
{"timestamp":"2026-01-13T18:54:10.087113Z","level":"warning","event":"The `airflow.decorators.dag` attribute is deprecated. Please use `'airflow.sdk.dag'`.","category":"DeprecatedImportWarning","filename":"/opt/airflow/dags/kamis_etl_dag.py","lineno":1,"logger":"py.warnings"}
{"timestamp":"2026-01-13T18:54:10.087304Z","level":"warning","event":"The `airflow.decorators.task` attribute is deprecated. Please use `'airflow.sdk.task'`.","category":"DeprecatedImportWarning","filename":"/opt/airflow/dags/kamis_etl_dag.py","lineno":1,"logger":"py.warnings"}
{"timestamp":"2026-01-13T18:54:40.963687Z","level":"info","event":"Filling up the DagBag from /opt/airflow/dags/kamis_etl_dag.py","logger":"airflow.models.dagbag.DagBag","filename":"dagbag.py","lineno":593}
{"timestamp":"2026-01-13T18:54:42.051535Z","level":"warning","event":"The `airflow.decorators.dag` attribute is deprecated. Please use `'airflow.sdk.dag'`.","category":"DeprecatedImportWarning","filename":"/opt/airflow/dags/kamis_etl_dag.py","lineno":1,"logger":"py.warnings"}
{"timestamp":"2026-01-13T18:54:42.051743Z","level":"warning","event":"The `airflow.decorators.task` attribute is deprecated. Please use `'airflow.sdk.task'`.","category":"DeprecatedImportWarning","filename":"/opt/airflow/dags/kamis_etl_dag.py","lineno":1,"logger":"py.warnings"}
{"timestamp":"2026-01-13T18:55:12.908776Z","level":"info","event":"Filling up the DagBag from /opt/airflow/dags/kamis_etl_dag.py","logger":"airflow.models.dagbag.DagBag","filename":"dagbag.py","lineno":593}
{"timestamp":"2026-01-13T18:55:14.162267Z","level":"warning","event":"The `airflow.decorators.dag` attribute is deprecated. Please use `'airflow.sdk.dag'`.","category":"DeprecatedImportWarning","filename":"/opt/airflow/dags/kamis_etl_dag.py","lineno":1,"logger":"py.warnings"}
{"timestamp":"2026-01-13T18:55:14.162574Z","level":"warning","event":"The `airflow.decorators.task` attribute is deprecated. Please use `'airflow.sdk.task'`.","category":"DeprecatedImportWarning","filename":"/opt/airflow/dags/kamis_etl_dag.py","lineno":1,"logger":"py.warnings"}
{"timestamp":"2026-01-13T18:55:45.119708Z","level":"info","event":"Filling up the DagBag from /opt/airflow/dags/kamis_etl_dag.py","logger":"airflow.models.dagbag.DagBag","filename":"dagbag.py","lineno":593}
{"timestamp":"2026-01-13T18:55:46.461562Z","level":"warning","event":"The `airflow.decorators.dag` attribute is deprecated. Please use `'airflow.sdk.dag'`.","category":"DeprecatedImportWarning","filename":"/opt/airflow/dags/kamis_etl_dag.py","lineno":1,"logger":"py.warnings"}
{"timestamp":"2026-01-13T18:55:46.461944Z","level":"warning","event":"The `airflow.decorators.task` attribute is deprecated. Please use `'airflow.sdk.task'`.","category":"DeprecatedImportWarning","filename":"/opt/airflow/dags/kamis_etl_dag.py","lineno":1,"logger":"py.warnings"}
{"timestamp":"2026-01-13T18:56:16.565066Z","level":"info","event":"Filling up the DagBag from /opt/airflow/dags/kamis_etl_dag.py","logger":"airflow.models.dagbag.DagBag","filename":"dagbag.py","lineno":593}
{"timestamp":"2026-01-13T18:56:17.565610Z","level":"warning","event":"The `airflow.decorators.dag` attribute is deprecated. Please use `'airflow.sdk.dag'`.","category":"DeprecatedImportWarning","filename":"/opt/airflow/dags/kamis_etl_dag.py","lineno":1,"logger":"py.warnings"}
{"timestamp":"2026-01-13T18:56:17.565805Z","level":"warning","event":"The `airflow.decorators.task` attribute is deprecated. Please use `'airflow.sdk.task'`.","category":"DeprecatedImportWarning","filename":"/opt/airflow/dags/kamis_etl_dag.py","lineno":1,"logger":"py.warnings"}
{"timestamp":"2026-01-13T18:56:48.418782Z","level":"info","event":"Filling up the DagBag from /opt/airflow/dags/kamis_etl_dag.py","logger":"airflow.models.dagbag.DagBag","filename":"dagbag.py","lineno":593}
{"timestamp":"2026-01-13T18:56:49.283561Z","level":"warning","event":"The `airflow.decorators.dag` attribute is deprecated. Please use `'airflow.sdk.dag'`.","category":"DeprecatedImportWarning","filename":"/opt/airflow/dags/kamis_etl_dag.py","lineno":1,"logger":"py.warnings"}
{"timestamp":"2026-01-13T18:56:49.283788Z","level":"warning","event":"The `airflow.decorators.task` attribute is deprecated. Please use `'airflow.sdk.task'`.","category":"DeprecatedImportWarning","filename":"/opt/airflow/dags/kamis_etl_dag.py","lineno":1,"logger":"py.warnings"}
{"timestamp":"2026-01-13T18:57:20.014825Z","level":"info","event":"Filling up the DagBag from /opt/airflow/dags/kamis_etl_dag.py","logger":"airflow.models.dagbag.DagBag","filename":"dagbag.py","lineno":593}
{"timestamp":"2026-01-13T18:57:20.923832Z","level":"warning","event":"The `airflow.decorators.dag` attribute is deprecated. Please use `'airflow.sdk.dag'`.","category":"DeprecatedImportWarning","filename":"/opt/airflow/dags/kamis_etl_dag.py","lineno":1,"logger":"py.warnings"}
{"timestamp":"2026-01-13T18:57:20.924026Z","level":"warning","event":"The `airflow.decorators.task` attribute is deprecated. Please use `'airflow.sdk.task'`.","category":"DeprecatedImportWarning","filename":"/opt/airflow/dags/kamis_etl_dag.py","lineno":1,"logger":"py.warnings"}
{"timestamp":"2026-01-13T18:57:51.768997Z","level":"info","event":"Filling up the DagBag from /opt/airflow/dags/kamis_etl_dag.py","logger":"airflow.models.dagbag.DagBag","filename":"dagbag.py","lineno":593}
{"timestamp":"2026-01-13T18:57:52.701984Z","level":"warning","event":"The `airflow.decorators.dag` attribute is deprecated. Please use `'airflow.sdk.dag'`.","category":"DeprecatedImportWarning","filename":"/opt/airflow/dags/kamis_etl_dag.py","lineno":1,"logger":"py.warnings"}
{"timestamp":"2026-01-13T18:57:52.702409Z","level":"warning","event":"The `airflow.decorators.task` attribute is deprecated. Please use `'airflow.sdk.task'`.","category":"DeprecatedImportWarning","filename":"/opt/airflow/dags/kamis_etl_dag.py","lineno":1,"logger":"py.warnings"}
{"timestamp":"2026-01-13T18:58:23.598668Z","level":"info","event":"Filling up the DagBag from /opt/airflow/dags/kamis_etl_dag.py","logger":"airflow.models.dagbag.DagBag","filename":"dagbag.py","lineno":593}
{"timestamp":"2026-01-13T18:58:24.481172Z","level":"warning","event":"The `airflow.decorators.dag` attribute is deprecated. Please use `'airflow.sdk.dag'`.","category":"DeprecatedImportWarning","filename":"/opt/airflow/dags/kamis_etl_dag.py","lineno":1,"logger":"py.warnings"}
{"timestamp":"2026-01-13T18:58:24.481397Z","level":"warning","event":"The `airflow.decorators.task` attribute is deprecated. Please use `'airflow.sdk.task'`.","category":"DeprecatedImportWarning","filename":"/opt/airflow/dags/kamis_etl_dag.py","lineno":1,"logger":"py.warnings"}
{"timestamp":"2026-01-13T18:58:55.335910Z","level":"info","event":"Filling up the DagBag from /opt/airflow/dags/kamis_etl_dag.py","logger":"airflow.models.dagbag.DagBag","filename":"dagbag.py","lineno":593}
{"timestamp":"2026-01-13T18:58:56.267290Z","level":"warning","event":"The `airflow.decorators.dag` attribute is deprecated. Please use `'airflow.sdk.dag'`.","category":"DeprecatedImportWarning","filename":"/opt/airflow/dags/kamis_etl_dag.py","lineno":1,"logger":"py.warnings"}
{"timestamp":"2026-01-13T18:58:56.267624Z","level":"warning","event":"The `airflow.decorators.task` attribute is deprecated. Please use `'airflow.sdk.task'`.","category":"DeprecatedImportWarning","filename":"/opt/airflow/dags/kamis_etl_dag.py","lineno":1,"logger":"py.warnings"}
{"timestamp":"2026-01-13T18:59:27.055162Z","level":"info","event":"Filling up the DagBag from /opt/airflow/dags/kamis_etl_dag.py","logger":"airflow.models.dagbag.DagBag","filename":"dagbag.py","lineno":593}
{"timestamp":"2026-01-13T18:59:28.240285Z","level":"warning","event":"The `airflow.decorators.dag` attribute is deprecated. Please use `'airflow.sdk.dag'`.","category":"DeprecatedImportWarning","filename":"/opt/airflow/dags/kamis_etl_dag.py","lineno":1,"logger":"py.warnings"}
{"timestamp":"2026-01-13T18:59:28.240629Z","level":"warning","event":"The `airflow.decorators.task` attribute is deprecated. Please use `'airflow.sdk.task'`.","category":"DeprecatedImportWarning","filename":"/opt/airflow/dags/kamis_etl_dag.py","lineno":1,"logger":"py.warnings"}
{"timestamp":"2026-01-13T18:59:58.358862Z","level":"info","event":"Filling up the DagBag from /opt/airflow/dags/kamis_etl_dag.py","logger":"airflow.models.dagbag.DagBag","filename":"dagbag.py","lineno":593}
{"timestamp":"2026-01-13T18:59:59.421932Z","level":"warning","event":"The `airflow.decorators.dag` attribute is deprecated. Please use `'airflow.sdk.dag'`.","category":"DeprecatedImportWarning","filename":"/opt/airflow/dags/kamis_etl_dag.py","lineno":1,"logger":"py.warnings"}
{"timestamp":"2026-01-13T18:59:59.422280Z","level":"warning","event":"The `airflow.decorators.task` attribute is deprecated. Please use `'airflow.sdk.task'`.","category":"DeprecatedImportWarning","filename":"/opt/airflow/dags/kamis_etl_dag.py","lineno":1,"logger":"py.warnings"}
{"timestamp":"2026-01-13T19:00:29.537116Z","level":"info","event":"Filling up the DagBag from /opt/airflow/dags/kamis_etl_dag.py","logger":"airflow.models.dagbag.DagBag","filename":"dagbag.py","lineno":593}
{"timestamp":"2026-01-13T19:00:30.682885Z","level":"warning","event":"The `airflow.decorators.dag` attribute is deprecated. Please use `'airflow.sdk.dag'`.","category":"DeprecatedImportWarning","filename":"/opt/airflow/dags/kamis_etl_dag.py","lineno":1,"logger":"py.warnings"}
{"timestamp":"2026-01-13T19:00:30.683169Z","level":"warning","event":"The `airflow.decorators.task` attribute is deprecated. Please use `'airflow.sdk.task'`.","category":"DeprecatedImportWarning","filename":"/opt/airflow/dags/kamis_etl_dag.py","lineno":1,"logger":"py.warnings"}
{"timestamp":"2026-01-13T19:01:00.998994Z","level":"info","event":"Filling up the DagBag from /opt/airflow/dags/kamis_etl_dag.py","logger":"airflow.models.dagbag.DagBag","filename":"dagbag.py","lineno":593}
{"timestamp":"2026-01-13T19:01:01.906279Z","level":"warning","event":"The `airflow.decorators.dag` attribute is deprecated. Please use `'airflow.sdk.dag'`.","category":"DeprecatedImportWarning","filename":"/opt/airflow/dags/kamis_etl_dag.py","lineno":1,"logger":"py.warnings"}
{"timestamp":"2026-01-13T19:01:01.906620Z","level":"warning","event":"The `airflow.decorators.task` attribute is deprecated. Please use `'airflow.sdk.task'`.","category":"DeprecatedImportWarning","filename":"/opt/airflow/dags/kamis_etl_dag.py","lineno":1,"logger":"py.warnings"}
{"timestamp":"2026-01-13T19:01:32.139694Z","level":"info","event":"Filling up the DagBag from /opt/airflow/dags/kamis_etl_dag.py","logger":"airflow.models.dagbag.DagBag","filename":"dagbag.py","lineno":593}
{"timestamp":"2026-01-13T19:01:33.213713Z","level":"warning","event":"The `airflow.decorators.dag` attribute is deprecated. Please use `'airflow.sdk.dag'`.","category":"DeprecatedImportWarning","filename":"/opt/airflow/dags/kamis_etl_dag.py","lineno":1,"logger":"py.warnings"}
{"timestamp":"2026-01-13T19:01:33.214074Z","level":"warning","event":"The `airflow.decorators.task` attribute is deprecated. Please use `'airflow.sdk.task'`.","category":"DeprecatedImportWarning","filename":"/opt/airflow/dags/kamis_etl_dag.py","lineno":1,"logger":"py.warnings"}
{"timestamp":"2026-01-13T19:02:04.140223Z","level":"info","event":"Filling up the DagBag from /opt/airflow/dags/kamis_etl_dag.py","logger":"airflow.models.dagbag.DagBag","filename":"dagbag.py","lineno":593}
{"timestamp":"2026-01-13T19:02:05.044008Z","level":"warning","event":"The `airflow.decorators.dag` attribute is deprecated. Please use `'airflow.sdk.dag'`.","category":"DeprecatedImportWarning","filename":"/opt/airflow/dags/kamis_etl_dag.py","lineno":1,"logger":"py.warnings"}
{"timestamp":"2026-01-13T19:02:05.044194Z","level":"warning","event":"The `airflow.decorators.task` attribute is deprecated. Please use `'airflow.sdk.task'`.","category":"DeprecatedImportWarning","filename":"/opt/airflow/dags/kamis_etl_dag.py","lineno":1,"logger":"py.warnings"}
{"timestamp":"2026-01-13T19:02:35.860232Z","level":"info","event":"Filling up the DagBag from /opt/airflow/dags/kamis_etl_dag.py","logger":"airflow.models.dagbag.DagBag","filename":"dagbag.py","lineno":593}
{"timestamp":"2026-01-13T19:02:36.743232Z","level":"warning","event":"The `airflow.decorators.dag` attribute is deprecated. Please use `'airflow.sdk.dag'`.","category":"DeprecatedImportWarning","filename":"/opt/airflow/dags/kamis_etl_dag.py","lineno":1,"logger":"py.warnings"}
{"timestamp":"2026-01-13T19:02:36.743493Z","level":"warning","event":"The `airflow.decorators.task` attribute is deprecated. Please use `'airflow.sdk.task'`.","category":"DeprecatedImportWarning","filename":"/opt/airflow/dags/kamis_etl_dag.py","lineno":1,"logger":"py.warnings"}
{"timestamp":"2026-01-13T19:03:07.535129Z","level":"info","event":"Filling up the DagBag from /opt/airflow/dags/kamis_etl_dag.py","logger":"airflow.models.dagbag.DagBag","filename":"dagbag.py","lineno":593}
{"timestamp":"2026-01-13T19:03:08.550668Z","level":"warning","event":"The `airflow.decorators.dag` attribute is deprecated. Please use `'airflow.sdk.dag'`.","category":"DeprecatedImportWarning","filename":"/opt/airflow/dags/kamis_etl_dag.py","lineno":1,"logger":"py.warnings"}
{"timestamp":"2026-01-13T19:03:08.550857Z","level":"warning","event":"The `airflow.decorators.task` attribute is deprecated. Please use `'airflow.sdk.task'`.","category":"DeprecatedImportWarning","filename":"/opt/airflow/dags/kamis_etl_dag.py","lineno":1,"logger":"py.warnings"}
{"timestamp":"2026-01-13T19:03:39.258601Z","level":"info","event":"Filling up the DagBag from /opt/airflow/dags/kamis_etl_dag.py","logger":"airflow.models.dagbag.DagBag","filename":"dagbag.py","lineno":593}
{"timestamp":"2026-01-13T19:03:40.323120Z","level":"warning","event":"The `airflow.decorators.dag` attribute is deprecated. Please use `'airflow.sdk.dag'`.","category":"DeprecatedImportWarning","filename":"/opt/airflow/dags/kamis_etl_dag.py","lineno":1,"logger":"py.warnings"}
{"timestamp":"2026-01-13T19:03:40.323446Z","level":"warning","event":"The `airflow.decorators.task` attribute is deprecated. Please use `'airflow.sdk.task'`.","category":"DeprecatedImportWarning","filename":"/opt/airflow/dags/kamis_etl_dag.py","lineno":1,"logger":"py.warnings"}
{"timestamp":"2026-01-13T19:04:11.082970Z","level":"info","event":"Filling up the DagBag from /opt/airflow/dags/kamis_etl_dag.py","logger":"airflow.models.dagbag.DagBag","filename":"dagbag.py","lineno":593}
{"timestamp":"2026-01-13T19:04:12.002972Z","level":"warning","event":"The `airflow.decorators.dag` attribute is deprecated. Please use `'airflow.sdk.dag'`.","category":"DeprecatedImportWarning","filename":"/opt/airflow/dags/kamis_etl_dag.py","lineno":1,"logger":"py.warnings"}
{"timestamp":"2026-01-13T19:04:12.003229Z","level":"warning","event":"The `airflow.decorators.task` attribute is deprecated. Please use `'airflow.sdk.task'`.","category":"DeprecatedImportWarning","filename":"/opt/airflow/dags/kamis_etl_dag.py","lineno":1,"logger":"py.warnings"}
{"timestamp":"2026-01-13T19:04:42.189970Z","level":"info","event":"Filling up the DagBag from /opt/airflow/dags/kamis_etl_dag.py","logger":"airflow.models.dagbag.DagBag","filename":"dagbag.py","lineno":593}
{"timestamp":"2026-01-13T19:04:43.376485Z","level":"warning","event":"The `airflow.decorators.dag` attribute is deprecated. Please use `'airflow.sdk.dag'`.","category":"DeprecatedImportWarning","filename":"/opt/airflow/dags/kamis_etl_dag.py","lineno":1,"logger":"py.warnings"}
{"timestamp":"2026-01-13T19:04:43.376816Z","level":"warning","event":"The `airflow.decorators.task` attribute is deprecated. Please use `'airflow.sdk.task'`.","category":"DeprecatedImportWarning","filename":"/opt/airflow/dags/kamis_etl_dag.py","lineno":1,"logger":"py.warnings"}
{"timestamp":"2026-01-13T19:05:13.580383Z","level":"info","event":"Filling up the DagBag from /opt/airflow/dags/kamis_etl_dag.py","logger":"airflow.models.dagbag.DagBag","filename":"dagbag.py","lineno":593}
{"timestamp":"2026-01-13T19:05:14.433198Z","level":"warning","event":"The `airflow.decorators.dag` attribute is deprecated. Please use `'airflow.sdk.dag'`.","category":"DeprecatedImportWarning","filename":"/opt/airflow/dags/kamis_etl_dag.py","lineno":1,"logger":"py.warnings"}
{"timestamp":"2026-01-13T19:05:14.433457Z","level":"warning","event":"The `airflow.decorators.task` attribute is deprecated. Please use `'airflow.sdk.task'`.","category":"DeprecatedImportWarning","filename":"/opt/airflow/dags/kamis_etl_dag.py","lineno":1,"logger":"py.warnings"}
{"timestamp":"2026-01-13T19:05:44.743637Z","level":"info","event":"Filling up the DagBag from /opt/airflow/dags/kamis_etl_dag.py","logger":"airflow.models.dagbag.DagBag","filename":"dagbag.py","lineno":593}
{"timestamp":"2026-01-13T19:05:45.626649Z","level":"warning","event":"The `airflow.decorators.dag` attribute is deprecated. Please use `'airflow.sdk.dag'`.","category":"DeprecatedImportWarning","filename":"/opt/airflow/dags/kamis_etl_dag.py","lineno":1,"logger":"py.warnings"}
{"timestamp":"2026-01-13T19:05:45.626900Z","level":"warning","event":"The `airflow.decorators.task` attribute is deprecated. Please use `'airflow.sdk.task'`.","category":"DeprecatedImportWarning","filename":"/opt/airflow/dags/kamis_etl_dag.py","lineno":1,"logger":"py.warnings"}
{"timestamp":"2026-01-13T19:06:15.875268Z","level":"info","event":"Filling up the DagBag from /opt/airflow/dags/kamis_etl_dag.py","logger":"airflow.models.dagbag.DagBag","filename":"dagbag.py","lineno":593}
{"timestamp":"2026-01-13T19:06:16.737073Z","level":"warning","event":"The `airflow.decorators.dag` attribute is deprecated. Please use `'airflow.sdk.dag'`.","category":"DeprecatedImportWarning","filename":"/opt/airflow/dags/kamis_etl_dag.py","lineno":1,"logger":"py.warnings"}
{"timestamp":"2026-01-13T19:06:16.737267Z","level":"warning","event":"The `airflow.decorators.task` attribute is deprecated. Please use `'airflow.sdk.task'`.","category":"DeprecatedImportWarning","filename":"/opt/airflow/dags/kamis_etl_dag.py","lineno":1,"logger":"py.warnings"}
{"timestamp":"2026-01-13T19:06:47.628953Z","level":"info","event":"Filling up the DagBag from /opt/airflow/dags/kamis_etl_dag.py","logger":"airflow.models.dagbag.DagBag","filename":"dagbag.py","lineno":593}
{"timestamp":"2026-01-13T19:06:48.619856Z","level":"warning","event":"The `airflow.decorators.dag` attribute is deprecated. Please use `'airflow.sdk.dag'`.","category":"DeprecatedImportWarning","filename":"/opt/airflow/dags/kamis_etl_dag.py","lineno":1,"logger":"py.warnings"}
{"timestamp":"2026-01-13T19:06:48.620085Z","level":"warning","event":"The `airflow.decorators.task` attribute is deprecated. Please use `'airflow.sdk.task'`.","category":"DeprecatedImportWarning","filename":"/opt/airflow/dags/kamis_etl_dag.py","lineno":1,"logger":"py.warnings"}
{"timestamp":"2026-01-13T19:07:19.215022Z","level":"info","event":"Filling up the DagBag from /opt/airflow/dags/kamis_etl_dag.py","logger":"airflow.models.dagbag.DagBag","filename":"dagbag.py","lineno":593}
{"timestamp":"2026-01-13T19:07:20.161868Z","level":"warning","event":"The `airflow.decorators.dag` attribute is deprecated. Please use `'airflow.sdk.dag'`.","category":"DeprecatedImportWarning","filename":"/opt/airflow/dags/kamis_etl_dag.py","lineno":1,"logger":"py.warnings"}
{"timestamp":"2026-01-13T19:07:20.162198Z","level":"warning","event":"The `airflow.decorators.task` attribute is deprecated. Please use `'airflow.sdk.task'`.","category":"DeprecatedImportWarning","filename":"/opt/airflow/dags/kamis_etl_dag.py","lineno":1,"logger":"py.warnings"}
{"timestamp":"2026-01-13T19:07:51.003376Z","level":"info","event":"Filling up the DagBag from /opt/airflow/dags/kamis_etl_dag.py","logger":"airflow.models.dagbag.DagBag","filename":"dagbag.py","lineno":593}
{"timestamp":"2026-01-13T19:07:52.130231Z","level":"warning","event":"The `airflow.decorators.dag` attribute is deprecated. Please use `'airflow.sdk.dag'`.","category":"DeprecatedImportWarning","filename":"/opt/airflow/dags/kamis_etl_dag.py","lineno":1,"logger":"py.warnings"}
{"timestamp":"2026-01-13T19:07:52.130789Z","level":"warning","event":"The `airflow.decorators.task` attribute is deprecated. Please use `'airflow.sdk.task'`.","category":"DeprecatedImportWarning","filename":"/opt/airflow/dags/kamis_etl_dag.py","lineno":1,"logger":"py.warnings"}
{"timestamp":"2026-01-13T19:08:22.982130Z","level":"info","event":"Filling up the DagBag from /opt/airflow/dags/kamis_etl_dag.py","logger":"airflow.models.dagbag.DagBag","filename":"dagbag.py","lineno":593}
{"timestamp":"2026-01-13T19:08:24.110273Z","level":"warning","event":"The `airflow.decorators.dag` attribute is deprecated. Please use `'airflow.sdk.dag'`.","category":"DeprecatedImportWarning","filename":"/opt/airflow/dags/kamis_etl_dag.py","lineno":1,"logger":"py.warnings"}
{"timestamp":"2026-01-13T19:08:24.110552Z","level":"warning","event":"The `airflow.decorators.task` attribute is deprecated. Please use `'airflow.sdk.task'`.","category":"DeprecatedImportWarning","filename":"/opt/airflow/dags/kamis_etl_dag.py","lineno":1,"logger":"py.warnings"}
{"timestamp":"2026-01-13T19:08:54.404005Z","level":"info","event":"Filling up the DagBag from /opt/airflow/dags/kamis_etl_dag.py","logger":"airflow.models.dagbag.DagBag","filename":"dagbag.py","lineno":593}
{"timestamp":"2026-01-13T19:08:55.498998Z","level":"warning","event":"The `airflow.decorators.dag` attribute is deprecated. Please use `'airflow.sdk.dag'`.","category":"DeprecatedImportWarning","filename":"/opt/airflow/dags/kamis_etl_dag.py","lineno":1,"logger":"py.warnings"}
{"timestamp":"2026-01-13T19:08:55.499365Z","level":"warning","event":"The `airflow.decorators.task` attribute is deprecated. Please use `'airflow.sdk.task'`.","category":"DeprecatedImportWarning","filename":"/opt/airflow/dags/kamis_etl_dag.py","lineno":1,"logger":"py.warnings"}
{"timestamp":"2026-01-13T19:09:25.729027Z","level":"info","event":"Filling up the DagBag from /opt/airflow/dags/kamis_etl_dag.py","logger":"airflow.models.dagbag.DagBag","filename":"dagbag.py","lineno":593}
{"timestamp":"2026-01-13T19:09:26.522900Z","level":"warning","event":"The `airflow.decorators.dag` attribute is deprecated. Please use `'airflow.sdk.dag'`.","category":"DeprecatedImportWarning","filename":"/opt/airflow/dags/kamis_etl_dag.py","lineno":1,"logger":"py.warnings"}
{"timestamp":"2026-01-13T19:09:26.523207Z","level":"warning","event":"The `airflow.decorators.task` attribute is deprecated. Please use `'airflow.sdk.task'`.","category":"DeprecatedImportWarning","filename":"/opt/airflow/dags/kamis_etl_dag.py","lineno":1,"logger":"py.warnings"}
{"timestamp":"2026-01-13T19:09:57.282853Z","level":"info","event":"Filling up the DagBag from /opt/airflow/dags/kamis_etl_dag.py","logger":"airflow.models.dagbag.DagBag","filename":"dagbag.py","lineno":593}
{"timestamp":"2026-01-13T19:09:57.970770Z","level":"warning","event":"The `airflow.decorators.dag` attribute is deprecated. Please use `'airflow.sdk.dag'`.","category":"DeprecatedImportWarning","filename":"/opt/airflow/dags/kamis_etl_dag.py","lineno":1,"logger":"py.warnings"}
{"timestamp":"2026-01-13T19:09:57.971069Z","level":"warning","event":"The `airflow.decorators.task` attribute is deprecated. Please use `'airflow.sdk.task'`.","category":"DeprecatedImportWarning","filename":"/opt/airflow/dags/kamis_etl_dag.py","lineno":1,"logger":"py.warnings"}
{"timestamp":"2026-01-13T19:10:28.610242Z","level":"info","event":"Filling up the DagBag from /opt/airflow/dags/kamis_etl_dag.py","logger":"airflow.models.dagbag.DagBag","filename":"dagbag.py","lineno":593}
{"timestamp":"2026-01-13T19:10:29.305692Z","level":"warning","event":"The `airflow.decorators.dag` attribute is deprecated. Please use `'airflow.sdk.dag'`.","category":"DeprecatedImportWarning","filename":"/opt/airflow/dags/kamis_etl_dag.py","lineno":1,"logger":"py.warnings"}
{"timestamp":"2026-01-13T19:10:29.305888Z","level":"warning","event":"The `airflow.decorators.task` attribute is deprecated. Please use `'airflow.sdk.task'`.","category":"DeprecatedImportWarning","filename":"/opt/airflow/dags/kamis_etl_dag.py","lineno":1,"logger":"py.warnings"}
{"timestamp":"2026-01-13T19:10:59.930890Z","level":"info","event":"Filling up the DagBag from /opt/airflow/dags/kamis_etl_dag.py","logger":"airflow.models.dagbag.DagBag","filename":"dagbag.py","lineno":593}
{"timestamp":"2026-01-13T19:11:00.673171Z","level":"warning","event":"The `airflow.decorators.dag` attribute is deprecated. Please use `'airflow.sdk.dag'`.","category":"DeprecatedImportWarning","filename":"/opt/airflow/dags/kamis_etl_dag.py","lineno":1,"logger":"py.warnings"}
{"timestamp":"2026-01-13T19:11:00.673546Z","level":"warning","event":"The `airflow.decorators.task` attribute is deprecated. Please use `'airflow.sdk.task'`.","category":"DeprecatedImportWarning","filename":"/opt/airflow/dags/kamis_etl_dag.py","lineno":1,"logger":"py.warnings"}
{"timestamp":"2026-01-13T19:11:31.349893Z","level":"info","event":"Filling up the DagBag from /opt/airflow/dags/kamis_etl_dag.py","logger":"airflow.models.dagbag.DagBag","filename":"dagbag.py","lineno":593}
{"timestamp":"2026-01-13T19:11:32.038904Z","level":"warning","event":"The `airflow.decorators.dag` attribute is deprecated. Please use `'airflow.sdk.dag'`.","category":"DeprecatedImportWarning","filename":"/opt/airflow/dags/kamis_etl_dag.py","lineno":1,"logger":"py.warnings"}
{"timestamp":"2026-01-13T19:11:32.039098Z","level":"warning","event":"The `airflow.decorators.task` attribute is deprecated. Please use `'airflow.sdk.task'`.","category":"DeprecatedImportWarning","filename":"/opt/airflow/dags/kamis_etl_dag.py","lineno":1,"logger":"py.warnings"}
{"timestamp":"2026-01-13T19:12:02.613910Z","level":"info","event":"Filling up the DagBag from /opt/airflow/dags/kamis_etl_dag.py","logger":"airflow.models.dagbag.DagBag","filename":"dagbag.py","lineno":593}
{"timestamp":"2026-01-13T19:12:03.497944Z","level":"warning","event":"The `airflow.decorators.dag` attribute is deprecated. Please use `'airflow.sdk.dag'`.","category":"DeprecatedImportWarning","filename":"/opt/airflow/dags/kamis_etl_dag.py","lineno":1,"logger":"py.warnings"}
{"timestamp":"2026-01-13T19:12:03.498250Z","level":"warning","event":"The `airflow.decorators.task` attribute is deprecated. Please use `'airflow.sdk.task'`.","category":"DeprecatedImportWarning","filename":"/opt/airflow/dags/kamis_etl_dag.py","lineno":1,"logger":"py.warnings"}
{"timestamp":"2026-01-13T19:12:34.044553Z","level":"info","event":"Filling up the DagBag from /opt/airflow/dags/kamis_etl_dag.py","logger":"airflow.models.dagbag.DagBag","filename":"dagbag.py","lineno":593}
{"timestamp":"2026-01-13T19:12:34.938863Z","level":"warning","event":"The `airflow.decorators.dag` attribute is deprecated. Please use `'airflow.sdk.dag'`.","category":"DeprecatedImportWarning","filename":"/opt/airflow/dags/kamis_etl_dag.py","lineno":1,"logger":"py.warnings"}
{"timestamp":"2026-01-13T19:12:34.939111Z","level":"warning","event":"The `airflow.decorators.task` attribute is deprecated. Please use `'airflow.sdk.task'`.","category":"DeprecatedImportWarning","filename":"/opt/airflow/dags/kamis_etl_dag.py","lineno":1,"logger":"py.warnings"}
{"timestamp":"2026-01-13T19:13:05.681853Z","level":"info","event":"Filling up the DagBag from /opt/airflow/dags/kamis_etl_dag.py","logger":"airflow.models.dagbag.DagBag","filename":"dagbag.py","lineno":593}
{"timestamp":"2026-01-13T19:13:06.474190Z","level":"warning","event":"The `airflow.decorators.dag` attribute is deprecated. Please use `'airflow.sdk.dag'`.","category":"DeprecatedImportWarning","filename":"/opt/airflow/dags/kamis_etl_dag.py","lineno":1,"logger":"py.warnings"}
{"timestamp":"2026-01-13T19:13:06.474547Z","level":"warning","event":"The `airflow.decorators.task` attribute is deprecated. Please use `'airflow.sdk.task'`.","category":"DeprecatedImportWarning","filename":"/opt/airflow/dags/kamis_etl_dag.py","lineno":1,"logger":"py.warnings"}
{"timestamp":"2026-01-13T19:13:37.201890Z","level":"info","event":"Filling up the DagBag from /opt/airflow/dags/kamis_etl_dag.py","logger":"airflow.models.dagbag.DagBag","filename":"dagbag.py","lineno":593}
{"timestamp":"2026-01-13T19:13:37.900131Z","level":"warning","event":"The `airflow.decorators.dag` attribute is deprecated. Please use `'airflow.sdk.dag'`.","category":"DeprecatedImportWarning","filename":"/opt/airflow/dags/kamis_etl_dag.py","lineno":1,"logger":"py.warnings"}
{"timestamp":"2026-01-13T19:13:37.900331Z","level":"warning","event":"The `airflow.decorators.task` attribute is deprecated. Please use `'airflow.sdk.task'`.","category":"DeprecatedImportWarning","filename":"/opt/airflow/dags/kamis_etl_dag.py","lineno":1,"logger":"py.warnings"}
{"timestamp":"2026-01-13T19:14:08.488918Z","level":"info","event":"Filling up the DagBag from /opt/airflow/dags/kamis_etl_dag.py","logger":"airflow.models.dagbag.DagBag","filename":"dagbag.py","lineno":593}
{"timestamp":"2026-01-13T19:14:09.287783Z","level":"warning","event":"The `airflow.decorators.dag` attribute is deprecated. Please use `'airflow.sdk.dag'`.","category":"DeprecatedImportWarning","filename":"/opt/airflow/dags/kamis_etl_dag.py","lineno":1,"logger":"py.warnings"}
{"timestamp":"2026-01-13T19:14:09.288111Z","level":"warning","event":"The `airflow.decorators.task` attribute is deprecated. Please use `'airflow.sdk.task'`.","category":"DeprecatedImportWarning","filename":"/opt/airflow/dags/kamis_etl_dag.py","lineno":1,"logger":"py.warnings"}
{"timestamp":"2026-01-13T19:14:39.877940Z","level":"info","event":"Filling up the DagBag from /opt/airflow/dags/kamis_etl_dag.py","logger":"airflow.models.dagbag.DagBag","filename":"dagbag.py","lineno":593}
{"timestamp":"2026-01-13T19:14:40.550094Z","level":"warning","event":"The `airflow.decorators.dag` attribute is deprecated. Please use `'airflow.sdk.dag'`.","category":"DeprecatedImportWarning","filename":"/opt/airflow/dags/kamis_etl_dag.py","lineno":1,"logger":"py.warnings"}
{"timestamp":"2026-01-13T19:14:40.550300Z","level":"warning","event":"The `airflow.decorators.task` attribute is deprecated. Please use `'airflow.sdk.task'`.","category":"DeprecatedImportWarning","filename":"/opt/airflow/dags/kamis_etl_dag.py","lineno":1,"logger":"py.warnings"}
{"timestamp":"2026-01-13T19:15:11.393636Z","level":"info","event":"Filling up the DagBag from /opt/airflow/dags/kamis_etl_dag.py","logger":"airflow.models.dagbag.DagBag","filename":"dagbag.py","lineno":593}
{"timestamp":"2026-01-13T19:15:12.066839Z","level":"warning","event":"The `airflow.decorators.dag` attribute is deprecated. Please use `'airflow.sdk.dag'`.","category":"DeprecatedImportWarning","filename":"/opt/airflow/dags/kamis_etl_dag.py","lineno":1,"logger":"py.warnings"}
{"timestamp":"2026-01-13T19:15:12.067167Z","level":"warning","event":"The `airflow.decorators.task` attribute is deprecated. Please use `'airflow.sdk.task'`.","category":"DeprecatedImportWarning","filename":"/opt/airflow/dags/kamis_etl_dag.py","lineno":1,"logger":"py.warnings"}
{"timestamp":"2026-01-13T19:15:42.621403Z","level":"info","event":"Filling up the DagBag from /opt/airflow/dags/kamis_etl_dag.py","logger":"airflow.models.dagbag.DagBag","filename":"dagbag.py","lineno":593}
{"timestamp":"2026-01-13T19:15:43.318821Z","level":"warning","event":"The `airflow.decorators.dag` attribute is deprecated. Please use `'airflow.sdk.dag'`.","category":"DeprecatedImportWarning","filename":"/opt/airflow/dags/kamis_etl_dag.py","lineno":1,"logger":"py.warnings"}
{"timestamp":"2026-01-13T19:15:43.319014Z","level":"warning","event":"The `airflow.decorators.task` attribute is deprecated. Please use `'airflow.sdk.task'`.","category":"DeprecatedImportWarning","filename":"/opt/airflow/dags/kamis_etl_dag.py","lineno":1,"logger":"py.warnings"}
{"timestamp":"2026-01-13T19:16:13.853941Z","level":"info","event":"Filling up the DagBag from /opt/airflow/dags/kamis_etl_dag.py","logger":"airflow.models.dagbag.DagBag","filename":"dagbag.py","lineno":593}
{"timestamp":"2026-01-13T19:16:14.700396Z","level":"warning","event":"The `airflow.decorators.dag` attribute is deprecated. Please use `'airflow.sdk.dag'`.","category":"DeprecatedImportWarning","filename":"/opt/airflow/dags/kamis_etl_dag.py","lineno":1,"logger":"py.warnings"}
{"timestamp":"2026-01-13T19:16:14.700685Z","level":"warning","event":"The `airflow.decorators.task` attribute is deprecated. Please use `'airflow.sdk.task'`.","category":"DeprecatedImportWarning","filename":"/opt/airflow/dags/kamis_etl_dag.py","lineno":1,"logger":"py.warnings"}
{"timestamp":"2026-01-13T19:16:45.286781Z","level":"info","event":"Filling up the DagBag from /opt/airflow/dags/kamis_etl_dag.py","logger":"airflow.models.dagbag.DagBag","filename":"dagbag.py","lineno":593}
{"timestamp":"2026-01-13T19:16:46.223261Z","level":"warning","event":"The `airflow.decorators.dag` attribute is deprecated. Please use `'airflow.sdk.dag'`.","category":"DeprecatedImportWarning","filename":"/opt/airflow/dags/kamis_etl_dag.py","lineno":1,"logger":"py.warnings"}
{"timestamp":"2026-01-13T19:16:46.223657Z","level":"warning","event":"The `airflow.decorators.task` attribute is deprecated. Please use `'airflow.sdk.task'`.","category":"DeprecatedImportWarning","filename":"/opt/airflow/dags/kamis_etl_dag.py","lineno":1,"logger":"py.warnings"}
{"timestamp":"2026-01-13T19:17:17.048888Z","level":"info","event":"Filling up the DagBag from /opt/airflow/dags/kamis_etl_dag.py","logger":"airflow.models.dagbag.DagBag","filename":"dagbag.py","lineno":593}
{"timestamp":"2026-01-13T19:17:17.936175Z","level":"warning","event":"The `airflow.decorators.dag` attribute is deprecated. Please use `'airflow.sdk.dag'`.","category":"DeprecatedImportWarning","filename":"/opt/airflow/dags/kamis_etl_dag.py","lineno":1,"logger":"py.warnings"}
{"timestamp":"2026-01-13T19:17:17.936412Z","level":"warning","event":"The `airflow.decorators.task` attribute is deprecated. Please use `'airflow.sdk.task'`.","category":"DeprecatedImportWarning","filename":"/opt/airflow/dags/kamis_etl_dag.py","lineno":1,"logger":"py.warnings"}
{"timestamp":"2026-01-13T19:17:48.714427Z","level":"info","event":"Filling up the DagBag from /opt/airflow/dags/kamis_etl_dag.py","logger":"airflow.models.dagbag.DagBag","filename":"dagbag.py","lineno":593}
{"timestamp":"2026-01-13T19:17:49.423595Z","level":"warning","event":"The `airflow.decorators.dag` attribute is deprecated. Please use `'airflow.sdk.dag'`.","category":"DeprecatedImportWarning","filename":"/opt/airflow/dags/kamis_etl_dag.py","lineno":1,"logger":"py.warnings"}
{"timestamp":"2026-01-13T19:17:49.423841Z","level":"warning","event":"The `airflow.decorators.task` attribute is deprecated. Please use `'airflow.sdk.task'`.","category":"DeprecatedImportWarning","filename":"/opt/airflow/dags/kamis_etl_dag.py","lineno":1,"logger":"py.warnings"}
{"timestamp":"2026-01-13T19:18:19.977985Z","level":"info","event":"Filling up the DagBag from /opt/airflow/dags/kamis_etl_dag.py","logger":"airflow.models.dagbag.DagBag","filename":"dagbag.py","lineno":593}
{"timestamp":"2026-01-13T19:18:20.682038Z","level":"warning","event":"The `airflow.decorators.dag` attribute is deprecated. Please use `'airflow.sdk.dag'`.","category":"DeprecatedImportWarning","filename":"/opt/airflow/dags/kamis_etl_dag.py","lineno":1,"logger":"py.warnings"}
{"timestamp":"2026-01-13T19:18:20.682443Z","level":"warning","event":"The `airflow.decorators.task` attribute is deprecated. Please use `'airflow.sdk.task'`.","category":"DeprecatedImportWarning","filename":"/opt/airflow/dags/kamis_etl_dag.py","lineno":1,"logger":"py.warnings"}
{"timestamp":"2026-01-13T19:18:51.307579Z","level":"info","event":"Filling up the DagBag from /opt/airflow/dags/kamis_etl_dag.py","logger":"airflow.models.dagbag.DagBag","filename":"dagbag.py","lineno":593}
{"timestamp":"2026-01-13T19:18:52.122164Z","level":"warning","event":"The `airflow.decorators.dag` attribute is deprecated. Please use `'airflow.sdk.dag'`.","category":"DeprecatedImportWarning","filename":"/opt/airflow/dags/kamis_etl_dag.py","lineno":1,"logger":"py.warnings"}
{"timestamp":"2026-01-13T19:18:52.122555Z","level":"warning","event":"The `airflow.decorators.task` attribute is deprecated. Please use `'airflow.sdk.task'`.","category":"DeprecatedImportWarning","filename":"/opt/airflow/dags/kamis_etl_dag.py","lineno":1,"logger":"py.warnings"}
{"timestamp":"2026-01-13T19:19:22.784742Z","level":"info","event":"Filling up the DagBag from /opt/airflow/dags/kamis_etl_dag.py","logger":"airflow.models.dagbag.DagBag","filename":"dagbag.py","lineno":593}
{"timestamp":"2026-01-13T19:19:23.608922Z","level":"warning","event":"The `airflow.decorators.dag` attribute is deprecated. Please use `'airflow.sdk.dag'`.","category":"DeprecatedImportWarning","filename":"/opt/airflow/dags/kamis_etl_dag.py","lineno":1,"logger":"py.warnings"}
{"timestamp":"2026-01-13T19:19:23.609196Z","level":"warning","event":"The `airflow.decorators.task` attribute is deprecated. Please use `'airflow.sdk.task'`.","category":"DeprecatedImportWarning","filename":"/opt/airflow/dags/kamis_etl_dag.py","lineno":1,"logger":"py.warnings"}
{"timestamp":"2026-01-13T19:19:54.154006Z","level":"info","event":"Filling up the DagBag from /opt/airflow/dags/kamis_etl_dag.py","logger":"airflow.models.dagbag.DagBag","filename":"dagbag.py","lineno":593}
{"timestamp":"2026-01-13T19:19:54.883178Z","level":"warning","event":"The `airflow.decorators.dag` attribute is deprecated. Please use `'airflow.sdk.dag'`.","category":"DeprecatedImportWarning","filename":"/opt/airflow/dags/kamis_etl_dag.py","lineno":1,"logger":"py.warnings"}
{"timestamp":"2026-01-13T19:19:54.883427Z","level":"warning","event":"The `airflow.decorators.task` attribute is deprecated. Please use `'airflow.sdk.task'`.","category":"DeprecatedImportWarning","filename":"/opt/airflow/dags/kamis_etl_dag.py","lineno":1,"logger":"py.warnings"}
{"timestamp":"2026-01-13T19:20:25.638010Z","level":"info","event":"Filling up the DagBag from /opt/airflow/dags/kamis_etl_dag.py","logger":"airflow.models.dagbag.DagBag","filename":"dagbag.py","lineno":593}
{"timestamp":"2026-01-13T19:20:26.549923Z","level":"warning","event":"The `airflow.decorators.dag` attribute is deprecated. Please use `'airflow.sdk.dag'`.","category":"DeprecatedImportWarning","filename":"/opt/airflow/dags/kamis_etl_dag.py","lineno":1,"logger":"py.warnings"}
{"timestamp":"2026-01-13T19:20:26.550298Z","level":"warning","event":"The `airflow.decorators.task` attribute is deprecated. Please use `'airflow.sdk.task'`.","category":"DeprecatedImportWarning","filename":"/opt/airflow/dags/kamis_etl_dag.py","lineno":1,"logger":"py.warnings"}
{"timestamp":"2026-01-13T19:20:57.124050Z","level":"info","event":"Filling up the DagBag from /opt/airflow/dags/kamis_etl_dag.py","logger":"airflow.models.dagbag.DagBag","filename":"dagbag.py","lineno":593}
{"timestamp":"2026-01-13T19:20:58.034012Z","level":"warning","event":"The `airflow.decorators.dag` attribute is deprecated. Please use `'airflow.sdk.dag'`.","category":"DeprecatedImportWarning","filename":"/opt/airflow/dags/kamis_etl_dag.py","lineno":1,"logger":"py.warnings"}
{"timestamp":"2026-01-13T19:20:58.034222Z","level":"warning","event":"The `airflow.decorators.task` attribute is deprecated. Please use `'airflow.sdk.task'`.","category":"DeprecatedImportWarning","filename":"/opt/airflow/dags/kamis_etl_dag.py","lineno":1,"logger":"py.warnings"}
{"timestamp":"2026-01-13T19:21:28.707823Z","level":"info","event":"Filling up the DagBag from /opt/airflow/dags/kamis_etl_dag.py","logger":"airflow.models.dagbag.DagBag","filename":"dagbag.py","lineno":593}
{"timestamp":"2026-01-13T19:21:29.498178Z","level":"warning","event":"The `airflow.decorators.dag` attribute is deprecated. Please use `'airflow.sdk.dag'`.","category":"DeprecatedImportWarning","filename":"/opt/airflow/dags/kamis_etl_dag.py","lineno":1,"logger":"py.warnings"}
{"timestamp":"2026-01-13T19:21:29.498438Z","level":"warning","event":"The `airflow.decorators.task` attribute is deprecated. Please use `'airflow.sdk.task'`.","category":"DeprecatedImportWarning","filename":"/opt/airflow/dags/kamis_etl_dag.py","lineno":1,"logger":"py.warnings"}
{"timestamp":"2026-01-13T19:22:00.372357Z","level":"info","event":"Filling up the DagBag from /opt/airflow/dags/kamis_etl_dag.py","logger":"airflow.models.dagbag.DagBag","filename":"dagbag.py","lineno":593}
{"timestamp":"2026-01-13T19:22:01.057961Z","level":"warning","event":"The `airflow.decorators.dag` attribute is deprecated. Please use `'airflow.sdk.dag'`.","category":"DeprecatedImportWarning","filename":"/opt/airflow/dags/kamis_etl_dag.py","lineno":1,"logger":"py.warnings"}
{"timestamp":"2026-01-13T19:22:01.058185Z","level":"warning","event":"The `airflow.decorators.task` attribute is deprecated. Please use `'airflow.sdk.task'`.","category":"DeprecatedImportWarning","filename":"/opt/airflow/dags/kamis_etl_dag.py","lineno":1,"logger":"py.warnings"}
{"timestamp":"2026-01-13T19:22:31.752319Z","level":"info","event":"Filling up the DagBag from /opt/airflow/dags/kamis_etl_dag.py","logger":"airflow.models.dagbag.DagBag","filename":"dagbag.py","lineno":593}
{"timestamp":"2026-01-13T19:22:32.531876Z","level":"warning","event":"The `airflow.decorators.dag` attribute is deprecated. Please use `'airflow.sdk.dag'`.","category":"DeprecatedImportWarning","filename":"/opt/airflow/dags/kamis_etl_dag.py","lineno":1,"logger":"py.warnings"}
{"timestamp":"2026-01-13T19:22:32.532069Z","level":"warning","event":"The `airflow.decorators.task` attribute is deprecated. Please use `'airflow.sdk.task'`.","category":"DeprecatedImportWarning","filename":"/opt/airflow/dags/kamis_etl_dag.py","lineno":1,"logger":"py.warnings"}
{"timestamp":"2026-01-13T19:23:02.911093Z","level":"info","event":"Filling up the DagBag from /opt/airflow/dags/kamis_etl_dag.py","logger":"airflow.models.dagbag.DagBag","filename":"dagbag.py","lineno":593}
{"timestamp":"2026-01-13T19:23:03.601087Z","level":"warning","event":"The `airflow.decorators.dag` attribute is deprecated. Please use `'airflow.sdk.dag'`.","category":"DeprecatedImportWarning","filename":"/opt/airflow/dags/kamis_etl_dag.py","lineno":1,"logger":"py.warnings"}
{"timestamp":"2026-01-13T19:23:03.601284Z","level":"warning","event":"The `airflow.decorators.task` attribute is deprecated. Please use `'airflow.sdk.task'`.","category":"DeprecatedImportWarning","filename":"/opt/airflow/dags/kamis_etl_dag.py","lineno":1,"logger":"py.warnings"}
{"timestamp":"2026-01-13T19:23:34.174226Z","level":"info","event":"Filling up the DagBag from /opt/airflow/dags/kamis_etl_dag.py","logger":"airflow.models.dagbag.DagBag","filename":"dagbag.py","lineno":593}
{"timestamp":"2026-01-13T19:23:34.853879Z","level":"warning","event":"The `airflow.decorators.dag` attribute is deprecated. Please use `'airflow.sdk.dag'`.","category":"DeprecatedImportWarning","filename":"/opt/airflow/dags/kamis_etl_dag.py","lineno":1,"logger":"py.warnings"}
{"timestamp":"2026-01-13T19:23:34.854073Z","level":"warning","event":"The `airflow.decorators.task` attribute is deprecated. Please use `'airflow.sdk.task'`.","category":"DeprecatedImportWarning","filename":"/opt/airflow/dags/kamis_etl_dag.py","lineno":1,"logger":"py.warnings"}
{"timestamp":"2026-01-13T19:24:05.496647Z","level":"info","event":"Filling up the DagBag from /opt/airflow/dags/kamis_etl_dag.py","logger":"airflow.models.dagbag.DagBag","filename":"dagbag.py","lineno":593}
{"timestamp":"2026-01-13T19:24:06.448321Z","level":"warning","event":"The `airflow.decorators.dag` attribute is deprecated. Please use `'airflow.sdk.dag'`.","category":"DeprecatedImportWarning","filename":"/opt/airflow/dags/kamis_etl_dag.py","lineno":1,"logger":"py.warnings"}
{"timestamp":"2026-01-13T19:24:06.448653Z","level":"warning","event":"The `airflow.decorators.task` attribute is deprecated. Please use `'airflow.sdk.task'`.","category":"DeprecatedImportWarning","filename":"/opt/airflow/dags/kamis_etl_dag.py","lineno":1,"logger":"py.warnings"}
{"timestamp":"2026-01-13T19:24:36.980516Z","level":"info","event":"Filling up the DagBag from /opt/airflow/dags/kamis_etl_dag.py","logger":"airflow.models.dagbag.DagBag","filename":"dagbag.py","lineno":593}
{"timestamp":"2026-01-13T19:24:37.949083Z","level":"warning","event":"The `airflow.decorators.dag` attribute is deprecated. Please use `'airflow.sdk.dag'`.","category":"DeprecatedImportWarning","filename":"/opt/airflow/dags/kamis_etl_dag.py","lineno":1,"logger":"py.warnings"}
{"timestamp":"2026-01-13T19:24:37.949394Z","level":"warning","event":"The `airflow.decorators.task` attribute is deprecated. Please use `'airflow.sdk.task'`.","category":"DeprecatedImportWarning","filename":"/opt/airflow/dags/kamis_etl_dag.py","lineno":1,"logger":"py.warnings"}
{"timestamp":"2026-01-13T19:25:08.671457Z","level":"info","event":"Filling up the DagBag from /opt/airflow/dags/kamis_etl_dag.py","logger":"airflow.models.dagbag.DagBag","filename":"dagbag.py","lineno":593}
{"timestamp":"2026-01-13T19:25:09.677949Z","level":"warning","event":"The `airflow.decorators.dag` attribute is deprecated. Please use `'airflow.sdk.dag'`.","category":"DeprecatedImportWarning","filename":"/opt/airflow/dags/kamis_etl_dag.py","lineno":1,"logger":"py.warnings"}
{"timestamp":"2026-01-13T19:25:09.678343Z","level":"warning","event":"The `airflow.decorators.task` attribute is deprecated. Please use `'airflow.sdk.task'`.","category":"DeprecatedImportWarning","filename":"/opt/airflow/dags/kamis_etl_dag.py","lineno":1,"logger":"py.warnings"}
{"timestamp":"2026-01-13T19:25:40.581785Z","level":"info","event":"Filling up the DagBag from /opt/airflow/dags/kamis_etl_dag.py","logger":"airflow.models.dagbag.DagBag","filename":"dagbag.py","lineno":593}
{"timestamp":"2026-01-13T19:25:41.461948Z","level":"warning","event":"The `airflow.decorators.dag` attribute is deprecated. Please use `'airflow.sdk.dag'`.","category":"DeprecatedImportWarning","filename":"/opt/airflow/dags/kamis_etl_dag.py","lineno":1,"logger":"py.warnings"}
{"timestamp":"2026-01-13T19:25:41.462218Z","level":"warning","event":"The `airflow.decorators.task` attribute is deprecated. Please use `'airflow.sdk.task'`.","category":"DeprecatedImportWarning","filename":"/opt/airflow/dags/kamis_etl_dag.py","lineno":1,"logger":"py.warnings"}
{"timestamp":"2026-01-13T19:26:12.190044Z","level":"info","event":"Filling up the DagBag from /opt/airflow/dags/kamis_etl_dag.py","logger":"airflow.models.dagbag.DagBag","filename":"dagbag.py","lineno":593}
{"timestamp":"2026-01-13T19:26:12.944225Z","level":"warning","event":"The `airflow.decorators.dag` attribute is deprecated. Please use `'airflow.sdk.dag'`.","category":"DeprecatedImportWarning","filename":"/opt/airflow/dags/kamis_etl_dag.py","lineno":1,"logger":"py.warnings"}
{"timestamp":"2026-01-13T19:26:12.944456Z","level":"warning","event":"The `airflow.decorators.task` attribute is deprecated. Please use `'airflow.sdk.task'`.","category":"DeprecatedImportWarning","filename":"/opt/airflow/dags/kamis_etl_dag.py","lineno":1,"logger":"py.warnings"}
{"timestamp":"2026-01-13T19:26:43.685694Z","level":"info","event":"Filling up the DagBag from /opt/airflow/dags/kamis_etl_dag.py","logger":"airflow.models.dagbag.DagBag","filename":"dagbag.py","lineno":593}
{"timestamp":"2026-01-13T19:26:44.472237Z","level":"warning","event":"The `airflow.decorators.dag` attribute is deprecated. Please use `'airflow.sdk.dag'`.","category":"DeprecatedImportWarning","filename":"/opt/airflow/dags/kamis_etl_dag.py","lineno":1,"logger":"py.warnings"}
{"timestamp":"2026-01-13T19:26:44.472557Z","level":"warning","event":"The `airflow.decorators.task` attribute is deprecated. Please use `'airflow.sdk.task'`.","category":"DeprecatedImportWarning","filename":"/opt/airflow/dags/kamis_etl_dag.py","lineno":1,"logger":"py.warnings"}
{"timestamp":"2026-01-13T19:27:15.048267Z","level":"info","event":"Filling up the DagBag from /opt/airflow/dags/kamis_etl_dag.py","logger":"airflow.models.dagbag.DagBag","filename":"dagbag.py","lineno":593}
{"timestamp":"2026-01-13T19:27:15.746599Z","level":"warning","event":"The `airflow.decorators.dag` attribute is deprecated. Please use `'airflow.sdk.dag'`.","category":"DeprecatedImportWarning","filename":"/opt/airflow/dags/kamis_etl_dag.py","lineno":1,"logger":"py.warnings"}
{"timestamp":"2026-01-13T19:27:15.746816Z","level":"warning","event":"The `airflow.decorators.task` attribute is deprecated. Please use `'airflow.sdk.task'`.","category":"DeprecatedImportWarning","filename":"/opt/airflow/dags/kamis_etl_dag.py","lineno":1,"logger":"py.warnings"}
{"timestamp":"2026-01-13T19:27:46.287694Z","level":"info","event":"Filling up the DagBag from /opt/airflow/dags/kamis_etl_dag.py","logger":"airflow.models.dagbag.DagBag","filename":"dagbag.py","lineno":593}
{"timestamp":"2026-01-13T19:27:47.022592Z","level":"warning","event":"The `airflow.decorators.dag` attribute is deprecated. Please use `'airflow.sdk.dag'`.","category":"DeprecatedImportWarning","filename":"/opt/airflow/dags/kamis_etl_dag.py","lineno":1,"logger":"py.warnings"}
{"timestamp":"2026-01-13T19:27:47.022841Z","level":"warning","event":"The `airflow.decorators.task` attribute is deprecated. Please use `'airflow.sdk.task'`.","category":"DeprecatedImportWarning","filename":"/opt/airflow/dags/kamis_etl_dag.py","lineno":1,"logger":"py.warnings"}
{"timestamp":"2026-01-13T19:28:17.579903Z","level":"info","event":"Filling up the DagBag from /opt/airflow/dags/kamis_etl_dag.py","logger":"airflow.models.dagbag.DagBag","filename":"dagbag.py","lineno":593}
{"timestamp":"2026-01-13T19:28:18.424917Z","level":"warning","event":"The `airflow.decorators.dag` attribute is deprecated. Please use `'airflow.sdk.dag'`.","category":"DeprecatedImportWarning","filename":"/opt/airflow/dags/kamis_etl_dag.py","lineno":1,"logger":"py.warnings"}
{"timestamp":"2026-01-13T19:28:18.425158Z","level":"warning","event":"The `airflow.decorators.task` attribute is deprecated. Please use `'airflow.sdk.task'`.","category":"DeprecatedImportWarning","filename":"/opt/airflow/dags/kamis_etl_dag.py","lineno":1,"logger":"py.warnings"}
{"timestamp":"2026-01-13T19:28:49.081532Z","level":"info","event":"Filling up the DagBag from /opt/airflow/dags/kamis_etl_dag.py","logger":"airflow.models.dagbag.DagBag","filename":"dagbag.py","lineno":593}
{"timestamp":"2026-01-13T19:28:49.930449Z","level":"warning","event":"The `airflow.decorators.dag` attribute is deprecated. Please use `'airflow.sdk.dag'`.","category":"DeprecatedImportWarning","filename":"/opt/airflow/dags/kamis_etl_dag.py","lineno":1,"logger":"py.warnings"}
{"timestamp":"2026-01-13T19:28:49.930871Z","level":"warning","event":"The `airflow.decorators.task` attribute is deprecated. Please use `'airflow.sdk.task'`.","category":"DeprecatedImportWarning","filename":"/opt/airflow/dags/kamis_etl_dag.py","lineno":1,"logger":"py.warnings"}
{"timestamp":"2026-01-13T19:29:20.667156Z","level":"info","event":"Filling up the DagBag from /opt/airflow/dags/kamis_etl_dag.py","logger":"airflow.models.dagbag.DagBag","filename":"dagbag.py","lineno":593}
{"timestamp":"2026-01-13T19:29:21.372705Z","level":"warning","event":"The `airflow.decorators.dag` attribute is deprecated. Please use `'airflow.sdk.dag'`.","category":"DeprecatedImportWarning","filename":"/opt/airflow/dags/kamis_etl_dag.py","lineno":1,"logger":"py.warnings"}
{"timestamp":"2026-01-13T19:29:21.372912Z","level":"warning","event":"The `airflow.decorators.task` attribute is deprecated. Please use `'airflow.sdk.task'`.","category":"DeprecatedImportWarning","filename":"/opt/airflow/dags/kamis_etl_dag.py","lineno":1,"logger":"py.warnings"}
{"timestamp":"2026-01-13T19:29:52.153395Z","level":"info","event":"Filling up the DagBag from /opt/airflow/dags/kamis_etl_dag.py","logger":"airflow.models.dagbag.DagBag","filename":"dagbag.py","lineno":593}
{"timestamp":"2026-01-13T19:29:52.940095Z","level":"warning","event":"The `airflow.decorators.dag` attribute is deprecated. Please use `'airflow.sdk.dag'`.","category":"DeprecatedImportWarning","filename":"/opt/airflow/dags/kamis_etl_dag.py","lineno":1,"logger":"py.warnings"}
{"timestamp":"2026-01-13T19:29:52.940468Z","level":"warning","event":"The `airflow.decorators.task` attribute is deprecated. Please use `'airflow.sdk.task'`.","category":"DeprecatedImportWarning","filename":"/opt/airflow/dags/kamis_etl_dag.py","lineno":1,"logger":"py.warnings"}
{"timestamp":"2026-01-13T19:30:23.498144Z","level":"info","event":"Filling up the DagBag from /opt/airflow/dags/kamis_etl_dag.py","logger":"airflow.models.dagbag.DagBag","filename":"dagbag.py","lineno":593}
{"timestamp":"2026-01-13T19:30:24.245886Z","level":"warning","event":"The `airflow.decorators.dag` attribute is deprecated. Please use `'airflow.sdk.dag'`.","category":"DeprecatedImportWarning","filename":"/opt/airflow/dags/kamis_etl_dag.py","lineno":1,"logger":"py.warnings"}
{"timestamp":"2026-01-13T19:30:24.246128Z","level":"warning","event":"The `airflow.decorators.task` attribute is deprecated. Please use `'airflow.sdk.task'`.","category":"DeprecatedImportWarning","filename":"/opt/airflow/dags/kamis_etl_dag.py","lineno":1,"logger":"py.warnings"}
{"timestamp":"2026-01-13T19:30:54.980918Z","level":"info","event":"Filling up the DagBag from /opt/airflow/dags/kamis_etl_dag.py","logger":"airflow.models.dagbag.DagBag","filename":"dagbag.py","lineno":593}
{"timestamp":"2026-01-13T19:30:55.714947Z","level":"warning","event":"The `airflow.decorators.dag` attribute is deprecated. Please use `'airflow.sdk.dag'`.","category":"DeprecatedImportWarning","filename":"/opt/airflow/dags/kamis_etl_dag.py","lineno":1,"logger":"py.warnings"}
{"timestamp":"2026-01-13T19:30:55.715147Z","level":"warning","event":"The `airflow.decorators.task` attribute is deprecated. Please use `'airflow.sdk.task'`.","category":"DeprecatedImportWarning","filename":"/opt/airflow/dags/kamis_etl_dag.py","lineno":1,"logger":"py.warnings"}
{"timestamp":"2026-01-13T19:31:26.271384Z","level":"info","event":"Filling up the DagBag from /opt/airflow/dags/kamis_etl_dag.py","logger":"airflow.models.dagbag.DagBag","filename":"dagbag.py","lineno":593}
{"timestamp":"2026-01-13T19:31:26.963890Z","level":"warning","event":"The `airflow.decorators.dag` attribute is deprecated. Please use `'airflow.sdk.dag'`.","category":"DeprecatedImportWarning","filename":"/opt/airflow/dags/kamis_etl_dag.py","lineno":1,"logger":"py.warnings"}
{"timestamp":"2026-01-13T19:31:26.964088Z","level":"warning","event":"The `airflow.decorators.task` attribute is deprecated. Please use `'airflow.sdk.task'`.","category":"DeprecatedImportWarning","filename":"/opt/airflow/dags/kamis_etl_dag.py","lineno":1,"logger":"py.warnings"}
{"timestamp":"2026-01-13T19:31:57.571896Z","level":"info","event":"Filling up the DagBag from /opt/airflow/dags/kamis_etl_dag.py","logger":"airflow.models.dagbag.DagBag","filename":"dagbag.py","lineno":593}
{"timestamp":"2026-01-13T19:31:58.252919Z","level":"warning","event":"The `airflow.decorators.dag` attribute is deprecated. Please use `'airflow.sdk.dag'`.","category":"DeprecatedImportWarning","filename":"/opt/airflow/dags/kamis_etl_dag.py","lineno":1,"logger":"py.warnings"}
{"timestamp":"2026-01-13T19:31:58.253110Z","level":"warning","event":"The `airflow.decorators.task` attribute is deprecated. Please use `'airflow.sdk.task'`.","category":"DeprecatedImportWarning","filename":"/opt/airflow/dags/kamis_etl_dag.py","lineno":1,"logger":"py.warnings"}
{"timestamp":"2026-01-13T19:32:28.861469Z","level":"info","event":"Filling up the DagBag from /opt/airflow/dags/kamis_etl_dag.py","logger":"airflow.models.dagbag.DagBag","filename":"dagbag.py","lineno":593}
{"timestamp":"2026-01-13T19:32:29.707682Z","level":"warning","event":"The `airflow.decorators.dag` attribute is deprecated. Please use `'airflow.sdk.dag'`.","category":"DeprecatedImportWarning","filename":"/opt/airflow/dags/kamis_etl_dag.py","lineno":1,"logger":"py.warnings"}
{"timestamp":"2026-01-13T19:32:29.707918Z","level":"warning","event":"The `airflow.decorators.task` attribute is deprecated. Please use `'airflow.sdk.task'`.","category":"DeprecatedImportWarning","filename":"/opt/airflow/dags/kamis_etl_dag.py","lineno":1,"logger":"py.warnings"}
{"timestamp":"2026-01-13T19:33:00.260123Z","level":"info","event":"Filling up the DagBag from /opt/airflow/dags/kamis_etl_dag.py","logger":"airflow.models.dagbag.DagBag","filename":"dagbag.py","lineno":593}
{"timestamp":"2026-01-13T19:33:01.013534Z","level":"warning","event":"The `airflow.decorators.dag` attribute is deprecated. Please use `'airflow.sdk.dag'`.","category":"DeprecatedImportWarning","filename":"/opt/airflow/dags/kamis_etl_dag.py","lineno":1,"logger":"py.warnings"}
{"timestamp":"2026-01-13T19:33:01.013826Z","level":"warning","event":"The `airflow.decorators.task` attribute is deprecated. Please use `'airflow.sdk.task'`.","category":"DeprecatedImportWarning","filename":"/opt/airflow/dags/kamis_etl_dag.py","lineno":1,"logger":"py.warnings"}
{"timestamp":"2026-01-13T19:33:31.859247Z","level":"info","event":"Filling up the DagBag from /opt/airflow/dags/kamis_etl_dag.py","logger":"airflow.models.dagbag.DagBag","filename":"dagbag.py","lineno":593}
{"timestamp":"2026-01-13T19:33:32.716356Z","level":"warning","event":"The `airflow.decorators.dag` attribute is deprecated. Please use `'airflow.sdk.dag'`.","category":"DeprecatedImportWarning","filename":"/opt/airflow/dags/kamis_etl_dag.py","lineno":1,"logger":"py.warnings"}
{"timestamp":"2026-01-13T19:33:32.716759Z","level":"warning","event":"The `airflow.decorators.task` attribute is deprecated. Please use `'airflow.sdk.task'`.","category":"DeprecatedImportWarning","filename":"/opt/airflow/dags/kamis_etl_dag.py","lineno":1,"logger":"py.warnings"}
{"timestamp":"2026-01-13T19:34:03.365718Z","level":"info","event":"Filling up the DagBag from /opt/airflow/dags/kamis_etl_dag.py","logger":"airflow.models.dagbag.DagBag","filename":"dagbag.py","lineno":593}
{"timestamp":"2026-01-13T19:34:04.297548Z","level":"warning","event":"The `airflow.decorators.dag` attribute is deprecated. Please use `'airflow.sdk.dag'`.","category":"DeprecatedImportWarning","filename":"/opt/airflow/dags/kamis_etl_dag.py","lineno":1,"logger":"py.warnings"}
{"timestamp":"2026-01-13T19:34:04.297904Z","level":"warning","event":"The `airflow.decorators.task` attribute is deprecated. Please use `'airflow.sdk.task'`.","category":"DeprecatedImportWarning","filename":"/opt/airflow/dags/kamis_etl_dag.py","lineno":1,"logger":"py.warnings"}
{"timestamp":"2026-01-13T19:34:34.999745Z","level":"info","event":"Filling up the DagBag from /opt/airflow/dags/kamis_etl_dag.py","logger":"airflow.models.dagbag.DagBag","filename":"dagbag.py","lineno":593}
{"timestamp":"2026-01-13T19:34:35.795575Z","level":"warning","event":"The `airflow.decorators.dag` attribute is deprecated. Please use `'airflow.sdk.dag'`.","category":"DeprecatedImportWarning","filename":"/opt/airflow/dags/kamis_etl_dag.py","lineno":1,"logger":"py.warnings"}
{"timestamp":"2026-01-13T19:34:35.795817Z","level":"warning","event":"The `airflow.decorators.task` attribute is deprecated. Please use `'airflow.sdk.task'`.","category":"DeprecatedImportWarning","filename":"/opt/airflow/dags/kamis_etl_dag.py","lineno":1,"logger":"py.warnings"}
{"timestamp":"2026-01-13T19:35:06.606328Z","level":"info","event":"Filling up the DagBag from /opt/airflow/dags/kamis_etl_dag.py","logger":"airflow.models.dagbag.DagBag","filename":"dagbag.py","lineno":593}
{"timestamp":"2026-01-13T19:35:07.291858Z","level":"warning","event":"The `airflow.decorators.dag` attribute is deprecated. Please use `'airflow.sdk.dag'`.","category":"DeprecatedImportWarning","filename":"/opt/airflow/dags/kamis_etl_dag.py","lineno":1,"logger":"py.warnings"}
{"timestamp":"2026-01-13T19:35:07.292193Z","level":"warning","event":"The `airflow.decorators.task` attribute is deprecated. Please use `'airflow.sdk.task'`.","category":"DeprecatedImportWarning","filename":"/opt/airflow/dags/kamis_etl_dag.py","lineno":1,"logger":"py.warnings"}
{"timestamp":"2026-01-13T19:35:38.131661Z","level":"info","event":"Filling up the DagBag from /opt/airflow/dags/kamis_etl_dag.py","logger":"airflow.models.dagbag.DagBag","filename":"dagbag.py","lineno":593}
{"timestamp":"2026-01-13T19:35:38.943693Z","level":"warning","event":"The `airflow.decorators.dag` attribute is deprecated. Please use `'airflow.sdk.dag'`.","category":"DeprecatedImportWarning","filename":"/opt/airflow/dags/kamis_etl_dag.py","lineno":1,"logger":"py.warnings"}
{"timestamp":"2026-01-13T19:35:38.943892Z","level":"warning","event":"The `airflow.decorators.task` attribute is deprecated. Please use `'airflow.sdk.task'`.","category":"DeprecatedImportWarning","filename":"/opt/airflow/dags/kamis_etl_dag.py","lineno":1,"logger":"py.warnings"}
{"timestamp":"2026-01-13T19:36:09.528571Z","level":"info","event":"Filling up the DagBag from /opt/airflow/dags/kamis_etl_dag.py","logger":"airflow.models.dagbag.DagBag","filename":"dagbag.py","lineno":593}
{"timestamp":"2026-01-13T19:36:10.217118Z","level":"warning","event":"The `airflow.decorators.dag` attribute is deprecated. Please use `'airflow.sdk.dag'`.","category":"DeprecatedImportWarning","filename":"/opt/airflow/dags/kamis_etl_dag.py","lineno":1,"logger":"py.warnings"}
{"timestamp":"2026-01-13T19:36:10.217580Z","level":"warning","event":"The `airflow.decorators.task` attribute is deprecated. Please use `'airflow.sdk.task'`.","category":"DeprecatedImportWarning","filename":"/opt/airflow/dags/kamis_etl_dag.py","lineno":1,"logger":"py.warnings"}
{"timestamp":"2026-01-13T19:36:40.707222Z","level":"info","event":"Filling up the DagBag from /opt/airflow/dags/kamis_etl_dag.py","logger":"airflow.models.dagbag.DagBag","filename":"dagbag.py","lineno":593}
{"timestamp":"2026-01-13T19:36:41.411178Z","level":"warning","event":"The `airflow.decorators.dag` attribute is deprecated. Please use `'airflow.sdk.dag'`.","category":"DeprecatedImportWarning","filename":"/opt/airflow/dags/kamis_etl_dag.py","lineno":1,"logger":"py.warnings"}
{"timestamp":"2026-01-13T19:36:41.411442Z","level":"warning","event":"The `airflow.decorators.task` attribute is deprecated. Please use `'airflow.sdk.task'`.","category":"DeprecatedImportWarning","filename":"/opt/airflow/dags/kamis_etl_dag.py","lineno":1,"logger":"py.warnings"}
{"timestamp":"2026-01-13T19:37:11.995570Z","level":"info","event":"Filling up the DagBag from /opt/airflow/dags/kamis_etl_dag.py","logger":"airflow.models.dagbag.DagBag","filename":"dagbag.py","lineno":593}
{"timestamp":"2026-01-13T19:37:12.837588Z","level":"warning","event":"The `airflow.decorators.dag` attribute is deprecated. Please use `'airflow.sdk.dag'`.","category":"DeprecatedImportWarning","filename":"/opt/airflow/dags/kamis_etl_dag.py","lineno":1,"logger":"py.warnings"}
{"timestamp":"2026-01-13T19:37:12.837887Z","level":"warning","event":"The `airflow.decorators.task` attribute is deprecated. Please use `'airflow.sdk.task'`.","category":"DeprecatedImportWarning","filename":"/opt/airflow/dags/kamis_etl_dag.py","lineno":1,"logger":"py.warnings"}
{"timestamp":"2026-01-13T19:37:43.681326Z","level":"info","event":"Filling up the DagBag from /opt/airflow/dags/kamis_etl_dag.py","logger":"airflow.models.dagbag.DagBag","filename":"dagbag.py","lineno":593}
{"timestamp":"2026-01-13T19:37:44.373468Z","level":"warning","event":"The `airflow.decorators.dag` attribute is deprecated. Please use `'airflow.sdk.dag'`.","category":"DeprecatedImportWarning","filename":"/opt/airflow/dags/kamis_etl_dag.py","lineno":1,"logger":"py.warnings"}
{"timestamp":"2026-01-13T19:37:44.373695Z","level":"warning","event":"The `airflow.decorators.task` attribute is deprecated. Please use `'airflow.sdk.task'`.","category":"DeprecatedImportWarning","filename":"/opt/airflow/dags/kamis_etl_dag.py","lineno":1,"logger":"py.warnings"}
{"timestamp":"2026-01-13T19:38:15.033691Z","level":"info","event":"Filling up the DagBag from /opt/airflow/dags/kamis_etl_dag.py","logger":"airflow.models.dagbag.DagBag","filename":"dagbag.py","lineno":593}
{"timestamp":"2026-01-13T19:38:16.006141Z","level":"warning","event":"The `airflow.decorators.dag` attribute is deprecated. Please use `'airflow.sdk.dag'`.","category":"DeprecatedImportWarning","filename":"/opt/airflow/dags/kamis_etl_dag.py","lineno":1,"logger":"py.warnings"}
{"timestamp":"2026-01-13T19:38:16.006533Z","level":"warning","event":"The `airflow.decorators.task` attribute is deprecated. Please use `'airflow.sdk.task'`.","category":"DeprecatedImportWarning","filename":"/opt/airflow/dags/kamis_etl_dag.py","lineno":1,"logger":"py.warnings"}
{"timestamp":"2026-01-13T19:38:46.626231Z","level":"info","event":"Filling up the DagBag from /opt/airflow/dags/kamis_etl_dag.py","logger":"airflow.models.dagbag.DagBag","filename":"dagbag.py","lineno":593}
{"timestamp":"2026-01-13T19:38:47.353651Z","level":"warning","event":"The `airflow.decorators.dag` attribute is deprecated. Please use `'airflow.sdk.dag'`.","category":"DeprecatedImportWarning","filename":"/opt/airflow/dags/kamis_etl_dag.py","lineno":1,"logger":"py.warnings"}
{"timestamp":"2026-01-13T19:38:47.353845Z","level":"warning","event":"The `airflow.decorators.task` attribute is deprecated. Please use `'airflow.sdk.task'`.","category":"DeprecatedImportWarning","filename":"/opt/airflow/dags/kamis_etl_dag.py","lineno":1,"logger":"py.warnings"}
{"timestamp":"2026-01-13T19:39:18.123651Z","level":"info","event":"Filling up the DagBag from /opt/airflow/dags/kamis_etl_dag.py","logger":"airflow.models.dagbag.DagBag","filename":"dagbag.py","lineno":593}
{"timestamp":"2026-01-13T19:39:18.807195Z","level":"warning","event":"The `airflow.decorators.dag` attribute is deprecated. Please use `'airflow.sdk.dag'`.","category":"DeprecatedImportWarning","filename":"/opt/airflow/dags/kamis_etl_dag.py","lineno":1,"logger":"py.warnings"}
{"timestamp":"2026-01-13T19:39:18.807470Z","level":"warning","event":"The `airflow.decorators.task` attribute is deprecated. Please use `'airflow.sdk.task'`.","category":"DeprecatedImportWarning","filename":"/opt/airflow/dags/kamis_etl_dag.py","lineno":1,"logger":"py.warnings"}
{"timestamp":"2026-01-13T19:39:49.338150Z","level":"info","event":"Filling up the DagBag from /opt/airflow/dags/kamis_etl_dag.py","logger":"airflow.models.dagbag.DagBag","filename":"dagbag.py","lineno":593}
{"timestamp":"2026-01-13T19:39:50.005452Z","level":"warning","event":"The `airflow.decorators.dag` attribute is deprecated. Please use `'airflow.sdk.dag'`.","category":"DeprecatedImportWarning","filename":"/opt/airflow/dags/kamis_etl_dag.py","lineno":1,"logger":"py.warnings"}
{"timestamp":"2026-01-13T19:39:50.005731Z","level":"warning","event":"The `airflow.decorators.task` attribute is deprecated. Please use `'airflow.sdk.task'`.","category":"DeprecatedImportWarning","filename":"/opt/airflow/dags/kamis_etl_dag.py","lineno":1,"logger":"py.warnings"}
{"timestamp":"2026-01-13T19:40:20.515824Z","level":"info","event":"Filling up the DagBag from /opt/airflow/dags/kamis_etl_dag.py","logger":"airflow.models.dagbag.DagBag","filename":"dagbag.py","lineno":593}
{"timestamp":"2026-01-13T19:40:21.310666Z","level":"warning","event":"The `airflow.decorators.dag` attribute is deprecated. Please use `'airflow.sdk.dag'`.","category":"DeprecatedImportWarning","filename":"/opt/airflow/dags/kamis_etl_dag.py","lineno":1,"logger":"py.warnings"}
{"timestamp":"2026-01-13T19:40:21.310972Z","level":"warning","event":"The `airflow.decorators.task` attribute is deprecated. Please use `'airflow.sdk.task'`.","category":"DeprecatedImportWarning","filename":"/opt/airflow/dags/kamis_etl_dag.py","lineno":1,"logger":"py.warnings"}
{"timestamp":"2026-01-13T19:40:52.107801Z","level":"info","event":"Filling up the DagBag from /opt/airflow/dags/kamis_etl_dag.py","logger":"airflow.models.dagbag.DagBag","filename":"dagbag.py","lineno":593}
{"timestamp":"2026-01-13T19:40:52.856745Z","level":"warning","event":"The `airflow.decorators.dag` attribute is deprecated. Please use `'airflow.sdk.dag'`.","category":"DeprecatedImportWarning","filename":"/opt/airflow/dags/kamis_etl_dag.py","lineno":1,"logger":"py.warnings"}
{"timestamp":"2026-01-13T19:40:52.857151Z","level":"warning","event":"The `airflow.decorators.task` attribute is deprecated. Please use `'airflow.sdk.task'`.","category":"DeprecatedImportWarning","filename":"/opt/airflow/dags/kamis_etl_dag.py","lineno":1,"logger":"py.warnings"}
{"timestamp":"2026-01-13T19:41:23.546022Z","level":"info","event":"Filling up the DagBag from /opt/airflow/dags/kamis_etl_dag.py","logger":"airflow.models.dagbag.DagBag","filename":"dagbag.py","lineno":593}
{"timestamp":"2026-01-13T19:41:24.420992Z","level":"warning","event":"The `airflow.decorators.dag` attribute is deprecated. Please use `'airflow.sdk.dag'`.","category":"DeprecatedImportWarning","filename":"/opt/airflow/dags/kamis_etl_dag.py","lineno":1,"logger":"py.warnings"}
{"timestamp":"2026-01-13T19:41:24.421308Z","level":"warning","event":"The `airflow.decorators.task` attribute is deprecated. Please use `'airflow.sdk.task'`.","category":"DeprecatedImportWarning","filename":"/opt/airflow/dags/kamis_etl_dag.py","lineno":1,"logger":"py.warnings"}
{"timestamp":"2026-01-13T19:41:54.967755Z","level":"info","event":"Filling up the DagBag from /opt/airflow/dags/kamis_etl_dag.py","logger":"airflow.models.dagbag.DagBag","filename":"dagbag.py","lineno":593}
{"timestamp":"2026-01-13T19:41:55.775215Z","level":"warning","event":"The `airflow.decorators.dag` attribute is deprecated. Please use `'airflow.sdk.dag'`.","category":"DeprecatedImportWarning","filename":"/opt/airflow/dags/kamis_etl_dag.py","lineno":1,"logger":"py.warnings"}
{"timestamp":"2026-01-13T19:41:55.775590Z","level":"warning","event":"The `airflow.decorators.task` attribute is deprecated. Please use `'airflow.sdk.task'`.","category":"DeprecatedImportWarning","filename":"/opt/airflow/dags/kamis_etl_dag.py","lineno":1,"logger":"py.warnings"}
{"timestamp":"2026-01-13T19:42:26.632533Z","level":"info","event":"Filling up the DagBag from /opt/airflow/dags/kamis_etl_dag.py","logger":"airflow.models.dagbag.DagBag","filename":"dagbag.py","lineno":593}
{"timestamp":"2026-01-13T19:42:27.451233Z","level":"warning","event":"The `airflow.decorators.dag` attribute is deprecated. Please use `'airflow.sdk.dag'`.","category":"DeprecatedImportWarning","filename":"/opt/airflow/dags/kamis_etl_dag.py","lineno":1,"logger":"py.warnings"}
{"timestamp":"2026-01-13T19:42:27.451520Z","level":"warning","event":"The `airflow.decorators.task` attribute is deprecated. Please use `'airflow.sdk.task'`.","category":"DeprecatedImportWarning","filename":"/opt/airflow/dags/kamis_etl_dag.py","lineno":1,"logger":"py.warnings"}
{"timestamp":"2026-01-13T19:42:58.228094Z","level":"info","event":"Filling up the DagBag from /opt/airflow/dags/kamis_etl_dag.py","logger":"airflow.models.dagbag.DagBag","filename":"dagbag.py","lineno":593}
{"timestamp":"2026-01-13T19:42:59.070884Z","level":"warning","event":"The `airflow.decorators.dag` attribute is deprecated. Please use `'airflow.sdk.dag'`.","category":"DeprecatedImportWarning","filename":"/opt/airflow/dags/kamis_etl_dag.py","lineno":1,"logger":"py.warnings"}
{"timestamp":"2026-01-13T19:42:59.071128Z","level":"warning","event":"The `airflow.decorators.task` attribute is deprecated. Please use `'airflow.sdk.task'`.","category":"DeprecatedImportWarning","filename":"/opt/airflow/dags/kamis_etl_dag.py","lineno":1,"logger":"py.warnings"}
{"timestamp":"2026-01-13T19:43:29.715527Z","level":"info","event":"Filling up the DagBag from /opt/airflow/dags/kamis_etl_dag.py","logger":"airflow.models.dagbag.DagBag","filename":"dagbag.py","lineno":593}
{"timestamp":"2026-01-13T19:43:30.428648Z","level":"warning","event":"The `airflow.decorators.dag` attribute is deprecated. Please use `'airflow.sdk.dag'`.","category":"DeprecatedImportWarning","filename":"/opt/airflow/dags/kamis_etl_dag.py","lineno":1,"logger":"py.warnings"}
{"timestamp":"2026-01-13T19:43:30.428895Z","level":"warning","event":"The `airflow.decorators.task` attribute is deprecated. Please use `'airflow.sdk.task'`.","category":"DeprecatedImportWarning","filename":"/opt/airflow/dags/kamis_etl_dag.py","lineno":1,"logger":"py.warnings"}
{"timestamp":"2026-01-13T19:44:01.035807Z","level":"info","event":"Filling up the DagBag from /opt/airflow/dags/kamis_etl_dag.py","logger":"airflow.models.dagbag.DagBag","filename":"dagbag.py","lineno":593}
{"timestamp":"2026-01-13T19:44:01.710147Z","level":"warning","event":"The `airflow.decorators.dag` attribute is deprecated. Please use `'airflow.sdk.dag'`.","category":"DeprecatedImportWarning","filename":"/opt/airflow/dags/kamis_etl_dag.py","lineno":1,"logger":"py.warnings"}
{"timestamp":"2026-01-13T19:44:01.710495Z","level":"warning","event":"The `airflow.decorators.task` attribute is deprecated. Please use `'airflow.sdk.task'`.","category":"DeprecatedImportWarning","filename":"/opt/airflow/dags/kamis_etl_dag.py","lineno":1,"logger":"py.warnings"}
{"timestamp":"2026-01-13T19:44:32.453739Z","level":"info","event":"Filling up the DagBag from /opt/airflow/dags/kamis_etl_dag.py","logger":"airflow.models.dagbag.DagBag","filename":"dagbag.py","lineno":593}
{"timestamp":"2026-01-13T19:44:33.145894Z","level":"warning","event":"The `airflow.decorators.dag` attribute is deprecated. Please use `'airflow.sdk.dag'`.","category":"DeprecatedImportWarning","filename":"/opt/airflow/dags/kamis_etl_dag.py","lineno":1,"logger":"py.warnings"}
{"timestamp":"2026-01-13T19:44:33.146268Z","level":"warning","event":"The `airflow.decorators.task` attribute is deprecated. Please use `'airflow.sdk.task'`.","category":"DeprecatedImportWarning","filename":"/opt/airflow/dags/kamis_etl_dag.py","lineno":1,"logger":"py.warnings"}
{"timestamp":"2026-01-13T19:45:03.722012Z","level":"info","event":"Filling up the DagBag from /opt/airflow/dags/kamis_etl_dag.py","logger":"airflow.models.dagbag.DagBag","filename":"dagbag.py","lineno":593}
{"timestamp":"2026-01-13T19:45:04.417397Z","level":"warning","event":"The `airflow.decorators.dag` attribute is deprecated. Please use `'airflow.sdk.dag'`.","category":"DeprecatedImportWarning","filename":"/opt/airflow/dags/kamis_etl_dag.py","lineno":1,"logger":"py.warnings"}
{"timestamp":"2026-01-13T19:45:04.417633Z","level":"warning","event":"The `airflow.decorators.task` attribute is deprecated. Please use `'airflow.sdk.task'`.","category":"DeprecatedImportWarning","filename":"/opt/airflow/dags/kamis_etl_dag.py","lineno":1,"logger":"py.warnings"}
{"timestamp":"2026-01-13T19:45:34.932998Z","level":"info","event":"Filling up the DagBag from /opt/airflow/dags/kamis_etl_dag.py","logger":"airflow.models.dagbag.DagBag","filename":"dagbag.py","lineno":593}
{"timestamp":"2026-01-13T19:45:35.758231Z","level":"warning","event":"The `airflow.decorators.dag` attribute is deprecated. Please use `'airflow.sdk.dag'`.","category":"DeprecatedImportWarning","filename":"/opt/airflow/dags/kamis_etl_dag.py","lineno":1,"logger":"py.warnings"}
{"timestamp":"2026-01-13T19:45:35.758581Z","level":"warning","event":"The `airflow.decorators.task` attribute is deprecated. Please use `'airflow.sdk.task'`.","category":"DeprecatedImportWarning","filename":"/opt/airflow/dags/kamis_etl_dag.py","lineno":1,"logger":"py.warnings"}
{"timestamp":"2026-01-13T19:46:06.362707Z","level":"info","event":"Filling up the DagBag from /opt/airflow/dags/kamis_etl_dag.py","logger":"airflow.models.dagbag.DagBag","filename":"dagbag.py","lineno":593}
{"timestamp":"2026-01-13T19:46:07.253524Z","level":"warning","event":"The `airflow.decorators.dag` attribute is deprecated. Please use `'airflow.sdk.dag'`.","category":"DeprecatedImportWarning","filename":"/opt/airflow/dags/kamis_etl_dag.py","lineno":1,"logger":"py.warnings"}
{"timestamp":"2026-01-13T19:46:07.253768Z","level":"warning","event":"The `airflow.decorators.task` attribute is deprecated. Please use `'airflow.sdk.task'`.","category":"DeprecatedImportWarning","filename":"/opt/airflow/dags/kamis_etl_dag.py","lineno":1,"logger":"py.warnings"}
{"timestamp":"2026-01-13T19:46:37.998696Z","level":"info","event":"Filling up the DagBag from /opt/airflow/dags/kamis_etl_dag.py","logger":"airflow.models.dagbag.DagBag","filename":"dagbag.py","lineno":593}
{"timestamp":"2026-01-13T19:46:38.754764Z","level":"warning","event":"The `airflow.decorators.dag` attribute is deprecated. Please use `'airflow.sdk.dag'`.","category":"DeprecatedImportWarning","filename":"/opt/airflow/dags/kamis_etl_dag.py","lineno":1,"logger":"py.warnings"}
{"timestamp":"2026-01-13T19:46:38.754959Z","level":"warning","event":"The `airflow.decorators.task` attribute is deprecated. Please use `'airflow.sdk.task'`.","category":"DeprecatedImportWarning","filename":"/opt/airflow/dags/kamis_etl_dag.py","lineno":1,"logger":"py.warnings"}
{"timestamp":"2026-01-13T19:47:09.533265Z","level":"info","event":"Filling up the DagBag from /opt/airflow/dags/kamis_etl_dag.py","logger":"airflow.models.dagbag.DagBag","filename":"dagbag.py","lineno":593}
{"timestamp":"2026-01-13T19:47:10.219443Z","level":"warning","event":"The `airflow.decorators.dag` attribute is deprecated. Please use `'airflow.sdk.dag'`.","category":"DeprecatedImportWarning","filename":"/opt/airflow/dags/kamis_etl_dag.py","lineno":1,"logger":"py.warnings"}
{"timestamp":"2026-01-13T19:47:10.219707Z","level":"warning","event":"The `airflow.decorators.task` attribute is deprecated. Please use `'airflow.sdk.task'`.","category":"DeprecatedImportWarning","filename":"/opt/airflow/dags/kamis_etl_dag.py","lineno":1,"logger":"py.warnings"}
{"timestamp":"2026-01-13T19:47:40.679395Z","level":"info","event":"Filling up the DagBag from /opt/airflow/dags/kamis_etl_dag.py","logger":"airflow.models.dagbag.DagBag","filename":"dagbag.py","lineno":593}
{"timestamp":"2026-01-13T19:47:41.536345Z","level":"warning","event":"The `airflow.decorators.dag` attribute is deprecated. Please use `'airflow.sdk.dag'`.","category":"DeprecatedImportWarning","filename":"/opt/airflow/dags/kamis_etl_dag.py","lineno":1,"logger":"py.warnings"}
{"timestamp":"2026-01-13T19:47:41.536672Z","level":"warning","event":"The `airflow.decorators.task` attribute is deprecated. Please use `'airflow.sdk.task'`.","category":"DeprecatedImportWarning","filename":"/opt/airflow/dags/kamis_etl_dag.py","lineno":1,"logger":"py.warnings"}
{"timestamp":"2026-01-13T19:48:12.220773Z","level":"info","event":"Filling up the DagBag from /opt/airflow/dags/kamis_etl_dag.py","logger":"airflow.models.dagbag.DagBag","filename":"dagbag.py","lineno":593}
{"timestamp":"2026-01-13T19:48:13.051421Z","level":"warning","event":"The `airflow.decorators.dag` attribute is deprecated. Please use `'airflow.sdk.dag'`.","category":"DeprecatedImportWarning","filename":"/opt/airflow/dags/kamis_etl_dag.py","lineno":1,"logger":"py.warnings"}
{"timestamp":"2026-01-13T19:48:13.051686Z","level":"warning","event":"The `airflow.decorators.task` attribute is deprecated. Please use `'airflow.sdk.task'`.","category":"DeprecatedImportWarning","filename":"/opt/airflow/dags/kamis_etl_dag.py","lineno":1,"logger":"py.warnings"}
{"timestamp":"2026-01-13T19:48:43.783830Z","level":"info","event":"Filling up the DagBag from /opt/airflow/dags/kamis_etl_dag.py","logger":"airflow.models.dagbag.DagBag","filename":"dagbag.py","lineno":593}
{"timestamp":"2026-01-13T19:48:44.494666Z","level":"warning","event":"The `airflow.decorators.dag` attribute is deprecated. Please use `'airflow.sdk.dag'`.","category":"DeprecatedImportWarning","filename":"/opt/airflow/dags/kamis_etl_dag.py","lineno":1,"logger":"py.warnings"}
{"timestamp":"2026-01-13T19:48:44.494885Z","level":"warning","event":"The `airflow.decorators.task` attribute is deprecated. Please use `'airflow.sdk.task'`.","category":"DeprecatedImportWarning","filename":"/opt/airflow/dags/kamis_etl_dag.py","lineno":1,"logger":"py.warnings"}
{"timestamp":"2026-01-13T19:49:15.271654Z","level":"info","event":"Filling up the DagBag from /opt/airflow/dags/kamis_etl_dag.py","logger":"airflow.models.dagbag.DagBag","filename":"dagbag.py","lineno":593}
{"timestamp":"2026-01-13T19:49:16.040991Z","level":"warning","event":"The `airflow.decorators.dag` attribute is deprecated. Please use `'airflow.sdk.dag'`.","category":"DeprecatedImportWarning","filename":"/opt/airflow/dags/kamis_etl_dag.py","lineno":1,"logger":"py.warnings"}
{"timestamp":"2026-01-13T19:49:16.041190Z","level":"warning","event":"The `airflow.decorators.task` attribute is deprecated. Please use `'airflow.sdk.task'`.","category":"DeprecatedImportWarning","filename":"/opt/airflow/dags/kamis_etl_dag.py","lineno":1,"logger":"py.warnings"}
{"timestamp":"2026-01-13T19:49:46.801980Z","level":"info","event":"Filling up the DagBag from /opt/airflow/dags/kamis_etl_dag.py","logger":"airflow.models.dagbag.DagBag","filename":"dagbag.py","lineno":593}
{"timestamp":"2026-01-13T19:49:47.629017Z","level":"warning","event":"The `airflow.decorators.dag` attribute is deprecated. Please use `'airflow.sdk.dag'`.","category":"DeprecatedImportWarning","filename":"/opt/airflow/dags/kamis_etl_dag.py","lineno":1,"logger":"py.warnings"}
{"timestamp":"2026-01-13T19:49:47.629260Z","level":"warning","event":"The `airflow.decorators.task` attribute is deprecated. Please use `'airflow.sdk.task'`.","category":"DeprecatedImportWarning","filename":"/opt/airflow/dags/kamis_etl_dag.py","lineno":1,"logger":"py.warnings"}
{"timestamp":"2026-01-13T19:50:18.318792Z","level":"info","event":"Filling up the DagBag from /opt/airflow/dags/kamis_etl_dag.py","logger":"airflow.models.dagbag.DagBag","filename":"dagbag.py","lineno":593}
{"timestamp":"2026-01-13T19:50:19.240303Z","level":"warning","event":"The `airflow.decorators.dag` attribute is deprecated. Please use `'airflow.sdk.dag'`.","category":"DeprecatedImportWarning","filename":"/opt/airflow/dags/kamis_etl_dag.py","lineno":1,"logger":"py.warnings"}
{"timestamp":"2026-01-13T19:50:19.240613Z","level":"warning","event":"The `airflow.decorators.task` attribute is deprecated. Please use `'airflow.sdk.task'`.","category":"DeprecatedImportWarning","filename":"/opt/airflow/dags/kamis_etl_dag.py","lineno":1,"logger":"py.warnings"}
{"timestamp":"2026-01-13T19:50:49.937090Z","level":"info","event":"Filling up the DagBag from /opt/airflow/dags/kamis_etl_dag.py","logger":"airflow.models.dagbag.DagBag","filename":"dagbag.py","lineno":593}
{"timestamp":"2026-01-13T19:50:50.637042Z","level":"warning","event":"The `airflow.decorators.dag` attribute is deprecated. Please use `'airflow.sdk.dag'`.","category":"DeprecatedImportWarning","filename":"/opt/airflow/dags/kamis_etl_dag.py","lineno":1,"logger":"py.warnings"}
{"timestamp":"2026-01-13T19:50:50.637241Z","level":"warning","event":"The `airflow.decorators.task` attribute is deprecated. Please use `'airflow.sdk.task'`.","category":"DeprecatedImportWarning","filename":"/opt/airflow/dags/kamis_etl_dag.py","lineno":1,"logger":"py.warnings"}
{"timestamp":"2026-01-13T19:51:21.424421Z","level":"info","event":"Filling up the DagBag from /opt/airflow/dags/kamis_etl_dag.py","logger":"airflow.models.dagbag.DagBag","filename":"dagbag.py","lineno":593}
{"timestamp":"2026-01-13T19:51:22.094980Z","level":"warning","event":"The `airflow.decorators.dag` attribute is deprecated. Please use `'airflow.sdk.dag'`.","category":"DeprecatedImportWarning","filename":"/opt/airflow/dags/kamis_etl_dag.py","lineno":1,"logger":"py.warnings"}
{"timestamp":"2026-01-13T19:51:22.095358Z","level":"warning","event":"The `airflow.decorators.task` attribute is deprecated. Please use `'airflow.sdk.task'`.","category":"DeprecatedImportWarning","filename":"/opt/airflow/dags/kamis_etl_dag.py","lineno":1,"logger":"py.warnings"}
{"timestamp":"2026-01-13T19:51:52.710629Z","level":"info","event":"Filling up the DagBag from /opt/airflow/dags/kamis_etl_dag.py","logger":"airflow.models.dagbag.DagBag","filename":"dagbag.py","lineno":593}
{"timestamp":"2026-01-13T19:51:53.478678Z","level":"warning","event":"The `airflow.decorators.dag` attribute is deprecated. Please use `'airflow.sdk.dag'`.","category":"DeprecatedImportWarning","filename":"/opt/airflow/dags/kamis_etl_dag.py","lineno":1,"logger":"py.warnings"}
{"timestamp":"2026-01-13T19:51:53.478937Z","level":"warning","event":"The `airflow.decorators.task` attribute is deprecated. Please use `'airflow.sdk.task'`.","category":"DeprecatedImportWarning","filename":"/opt/airflow/dags/kamis_etl_dag.py","lineno":1,"logger":"py.warnings"}
{"timestamp":"2026-01-13T19:52:23.986532Z","level":"info","event":"Filling up the DagBag from /opt/airflow/dags/kamis_etl_dag.py","logger":"airflow.models.dagbag.DagBag","filename":"dagbag.py","lineno":593}
{"timestamp":"2026-01-13T19:52:24.894088Z","level":"warning","event":"The `airflow.decorators.dag` attribute is deprecated. Please use `'airflow.sdk.dag'`.","category":"DeprecatedImportWarning","filename":"/opt/airflow/dags/kamis_etl_dag.py","lineno":1,"logger":"py.warnings"}
{"timestamp":"2026-01-13T19:52:24.894454Z","level":"warning","event":"The `airflow.decorators.task` attribute is deprecated. Please use `'airflow.sdk.task'`.","category":"DeprecatedImportWarning","filename":"/opt/airflow/dags/kamis_etl_dag.py","lineno":1,"logger":"py.warnings"}
{"timestamp":"2026-01-13T19:52:55.383207Z","level":"info","event":"Filling up the DagBag from /opt/airflow/dags/kamis_etl_dag.py","logger":"airflow.models.dagbag.DagBag","filename":"dagbag.py","lineno":593}
{"timestamp":"2026-01-13T19:52:56.455570Z","level":"warning","event":"The `airflow.decorators.dag` attribute is deprecated. Please use `'airflow.sdk.dag'`.","category":"DeprecatedImportWarning","filename":"/opt/airflow/dags/kamis_etl_dag.py","lineno":1,"logger":"py.warnings"}
{"timestamp":"2026-01-13T19:52:56.455825Z","level":"warning","event":"The `airflow.decorators.task` attribute is deprecated. Please use `'airflow.sdk.task'`.","category":"DeprecatedImportWarning","filename":"/opt/airflow/dags/kamis_etl_dag.py","lineno":1,"logger":"py.warnings"}
{"timestamp":"2026-01-13T19:53:27.209162Z","level":"info","event":"Filling up the DagBag from /opt/airflow/dags/kamis_etl_dag.py","logger":"airflow.models.dagbag.DagBag","filename":"dagbag.py","lineno":593}
{"timestamp":"2026-01-13T19:53:28.338848Z","level":"warning","event":"The `airflow.decorators.dag` attribute is deprecated. Please use `'airflow.sdk.dag'`.","category":"DeprecatedImportWarning","filename":"/opt/airflow/dags/kamis_etl_dag.py","lineno":1,"logger":"py.warnings"}
{"timestamp":"2026-01-13T19:53:28.339099Z","level":"warning","event":"The `airflow.decorators.task` attribute is deprecated. Please use `'airflow.sdk.task'`.","category":"DeprecatedImportWarning","filename":"/opt/airflow/dags/kamis_etl_dag.py","lineno":1,"logger":"py.warnings"}
{"timestamp":"2026-01-13T19:53:58.567783Z","level":"info","event":"Filling up the DagBag from /opt/airflow/dags/kamis_etl_dag.py","logger":"airflow.models.dagbag.DagBag","filename":"dagbag.py","lineno":593}
{"timestamp":"2026-01-13T19:53:59.687433Z","level":"warning","event":"The `airflow.decorators.dag` attribute is deprecated. Please use `'airflow.sdk.dag'`.","category":"DeprecatedImportWarning","filename":"/opt/airflow/dags/kamis_etl_dag.py","lineno":1,"logger":"py.warnings"}
{"timestamp":"2026-01-13T19:53:59.687709Z","level":"warning","event":"The `airflow.decorators.task` attribute is deprecated. Please use `'airflow.sdk.task'`.","category":"DeprecatedImportWarning","filename":"/opt/airflow/dags/kamis_etl_dag.py","lineno":1,"logger":"py.warnings"}
{"timestamp":"2026-01-13T19:54:30.610080Z","level":"info","event":"Filling up the DagBag from /opt/airflow/dags/kamis_etl_dag.py","logger":"airflow.models.dagbag.DagBag","filename":"dagbag.py","lineno":593}
{"timestamp":"2026-01-13T19:54:31.790019Z","level":"warning","event":"The `airflow.decorators.dag` attribute is deprecated. Please use `'airflow.sdk.dag'`.","category":"DeprecatedImportWarning","filename":"/opt/airflow/dags/kamis_etl_dag.py","lineno":1,"logger":"py.warnings"}
{"timestamp":"2026-01-13T19:54:31.790418Z","level":"warning","event":"The `airflow.decorators.task` attribute is deprecated. Please use `'airflow.sdk.task'`.","category":"DeprecatedImportWarning","filename":"/opt/airflow/dags/kamis_etl_dag.py","lineno":1,"logger":"py.warnings"}
{"timestamp":"2026-01-13T19:55:02.031890Z","level":"info","event":"Filling up the DagBag from /opt/airflow/dags/kamis_etl_dag.py","logger":"airflow.models.dagbag.DagBag","filename":"dagbag.py","lineno":593}
{"timestamp":"2026-01-13T19:55:02.913897Z","level":"warning","event":"The `airflow.decorators.dag` attribute is deprecated. Please use `'airflow.sdk.dag'`.","category":"DeprecatedImportWarning","filename":"/opt/airflow/dags/kamis_etl_dag.py","lineno":1,"logger":"py.warnings"}
{"timestamp":"2026-01-13T19:55:02.914183Z","level":"warning","event":"The `airflow.decorators.task` attribute is deprecated. Please use `'airflow.sdk.task'`.","category":"DeprecatedImportWarning","filename":"/opt/airflow/dags/kamis_etl_dag.py","lineno":1,"logger":"py.warnings"}
{"timestamp":"2026-01-13T19:55:33.074159Z","level":"info","event":"Filling up the DagBag from /opt/airflow/dags/kamis_etl_dag.py","logger":"airflow.models.dagbag.DagBag","filename":"dagbag.py","lineno":593}
{"timestamp":"2026-01-13T19:55:33.957192Z","level":"warning","event":"The `airflow.decorators.dag` attribute is deprecated. Please use `'airflow.sdk.dag'`.","category":"DeprecatedImportWarning","filename":"/opt/airflow/dags/kamis_etl_dag.py","lineno":1,"logger":"py.warnings"}
{"timestamp":"2026-01-13T19:55:33.957428Z","level":"warning","event":"The `airflow.decorators.task` attribute is deprecated. Please use `'airflow.sdk.task'`.","category":"DeprecatedImportWarning","filename":"/opt/airflow/dags/kamis_etl_dag.py","lineno":1,"logger":"py.warnings"}
{"timestamp":"2026-01-13T19:56:04.663680Z","level":"info","event":"Filling up the DagBag from /opt/airflow/dags/kamis_etl_dag.py","logger":"airflow.models.dagbag.DagBag","filename":"dagbag.py","lineno":593}
{"timestamp":"2026-01-13T19:56:05.571131Z","level":"warning","event":"The `airflow.decorators.dag` attribute is deprecated. Please use `'airflow.sdk.dag'`.","category":"DeprecatedImportWarning","filename":"/opt/airflow/dags/kamis_etl_dag.py","lineno":1,"logger":"py.warnings"}
{"timestamp":"2026-01-13T19:56:05.571479Z","level":"warning","event":"The `airflow.decorators.task` attribute is deprecated. Please use `'airflow.sdk.task'`.","category":"DeprecatedImportWarning","filename":"/opt/airflow/dags/kamis_etl_dag.py","lineno":1,"logger":"py.warnings"}
{"timestamp":"2026-01-13T19:56:36.360743Z","level":"info","event":"Filling up the DagBag from /opt/airflow/dags/kamis_etl_dag.py","logger":"airflow.models.dagbag.DagBag","filename":"dagbag.py","lineno":593}
{"timestamp":"2026-01-13T19:56:37.363730Z","level":"warning","event":"The `airflow.decorators.dag` attribute is deprecated. Please use `'airflow.sdk.dag'`.","category":"DeprecatedImportWarning","filename":"/opt/airflow/dags/kamis_etl_dag.py","lineno":1,"logger":"py.warnings"}
{"timestamp":"2026-01-13T19:56:37.363973Z","level":"warning","event":"The `airflow.decorators.task` attribute is deprecated. Please use `'airflow.sdk.task'`.","category":"DeprecatedImportWarning","filename":"/opt/airflow/dags/kamis_etl_dag.py","lineno":1,"logger":"py.warnings"}
{"timestamp":"2026-01-13T19:57:08.205179Z","level":"info","event":"Filling up the DagBag from /opt/airflow/dags/kamis_etl_dag.py","logger":"airflow.models.dagbag.DagBag","filename":"dagbag.py","lineno":593}
{"timestamp":"2026-01-13T19:57:09.144579Z","level":"warning","event":"The `airflow.decorators.dag` attribute is deprecated. Please use `'airflow.sdk.dag'`.","category":"DeprecatedImportWarning","filename":"/opt/airflow/dags/kamis_etl_dag.py","lineno":1,"logger":"py.warnings"}
{"timestamp":"2026-01-13T19:57:09.144771Z","level":"warning","event":"The `airflow.decorators.task` attribute is deprecated. Please use `'airflow.sdk.task'`.","category":"DeprecatedImportWarning","filename":"/opt/airflow/dags/kamis_etl_dag.py","lineno":1,"logger":"py.warnings"}
{"timestamp":"2026-01-13T19:57:39.967628Z","level":"info","event":"Filling up the DagBag from /opt/airflow/dags/kamis_etl_dag.py","logger":"airflow.models.dagbag.DagBag","filename":"dagbag.py","lineno":593}
{"timestamp":"2026-01-13T19:57:40.840272Z","level":"warning","event":"The `airflow.decorators.dag` attribute is deprecated. Please use `'airflow.sdk.dag'`.","category":"DeprecatedImportWarning","filename":"/opt/airflow/dags/kamis_etl_dag.py","lineno":1,"logger":"py.warnings"}
{"timestamp":"2026-01-13T19:57:40.840588Z","level":"warning","event":"The `airflow.decorators.task` attribute is deprecated. Please use `'airflow.sdk.task'`.","category":"DeprecatedImportWarning","filename":"/opt/airflow/dags/kamis_etl_dag.py","lineno":1,"logger":"py.warnings"}
{"timestamp":"2026-01-13T19:58:11.744004Z","level":"info","event":"Filling up the DagBag from /opt/airflow/dags/kamis_etl_dag.py","logger":"airflow.models.dagbag.DagBag","filename":"dagbag.py","lineno":593}
{"timestamp":"2026-01-13T19:58:13.023081Z","level":"warning","event":"The `airflow.decorators.dag` attribute is deprecated. Please use `'airflow.sdk.dag'`.","category":"DeprecatedImportWarning","filename":"/opt/airflow/dags/kamis_etl_dag.py","lineno":1,"logger":"py.warnings"}
{"timestamp":"2026-01-13T19:58:13.023386Z","level":"warning","event":"The `airflow.decorators.task` attribute is deprecated. Please use `'airflow.sdk.task'`.","category":"DeprecatedImportWarning","filename":"/opt/airflow/dags/kamis_etl_dag.py","lineno":1,"logger":"py.warnings"}
{"timestamp":"2026-01-13T19:58:43.996660Z","level":"info","event":"Filling up the DagBag from /opt/airflow/dags/kamis_etl_dag.py","logger":"airflow.models.dagbag.DagBag","filename":"dagbag.py","lineno":593}
{"timestamp":"2026-01-13T19:58:44.892105Z","level":"warning","event":"The `airflow.decorators.dag` attribute is deprecated. Please use `'airflow.sdk.dag'`.","category":"DeprecatedImportWarning","filename":"/opt/airflow/dags/kamis_etl_dag.py","lineno":1,"logger":"py.warnings"}
{"timestamp":"2026-01-13T19:58:44.892386Z","level":"warning","event":"The `airflow.decorators.task` attribute is deprecated. Please use `'airflow.sdk.task'`.","category":"DeprecatedImportWarning","filename":"/opt/airflow/dags/kamis_etl_dag.py","lineno":1,"logger":"py.warnings"}
{"timestamp":"2026-01-13T19:59:15.183239Z","level":"info","event":"Filling up the DagBag from /opt/airflow/dags/kamis_etl_dag.py","logger":"airflow.models.dagbag.DagBag","filename":"dagbag.py","lineno":593}
{"timestamp":"2026-01-13T19:59:16.262222Z","level":"warning","event":"The `airflow.decorators.dag` attribute is deprecated. Please use `'airflow.sdk.dag'`.","category":"DeprecatedImportWarning","filename":"/opt/airflow/dags/kamis_etl_dag.py","lineno":1,"logger":"py.warnings"}
{"timestamp":"2026-01-13T19:59:16.262495Z","level":"warning","event":"The `airflow.decorators.task` attribute is deprecated. Please use `'airflow.sdk.task'`.","category":"DeprecatedImportWarning","filename":"/opt/airflow/dags/kamis_etl_dag.py","lineno":1,"logger":"py.warnings"}
{"timestamp":"2026-01-13T19:59:46.949996Z","level":"info","event":"Filling up the DagBag from /opt/airflow/dags/kamis_etl_dag.py","logger":"airflow.models.dagbag.DagBag","filename":"dagbag.py","lineno":593}
{"timestamp":"2026-01-13T19:59:47.861749Z","level":"warning","event":"The `airflow.decorators.dag` attribute is deprecated. Please use `'airflow.sdk.dag'`.","category":"DeprecatedImportWarning","filename":"/opt/airflow/dags/kamis_etl_dag.py","lineno":1,"logger":"py.warnings"}
{"timestamp":"2026-01-13T19:59:47.861932Z","level":"warning","event":"The `airflow.decorators.task` attribute is deprecated. Please use `'airflow.sdk.task'`.","category":"DeprecatedImportWarning","filename":"/opt/airflow/dags/kamis_etl_dag.py","lineno":1,"logger":"py.warnings"}
{"timestamp":"2026-01-13T20:00:18.749574Z","level":"info","event":"Filling up the DagBag from /opt/airflow/dags/kamis_etl_dag.py","logger":"airflow.models.dagbag.DagBag","filename":"dagbag.py","lineno":593}
{"timestamp":"2026-01-13T20:00:19.622932Z","level":"warning","event":"The `airflow.decorators.dag` attribute is deprecated. Please use `'airflow.sdk.dag'`.","category":"DeprecatedImportWarning","filename":"/opt/airflow/dags/kamis_etl_dag.py","lineno":1,"logger":"py.warnings"}
{"timestamp":"2026-01-13T20:00:19.623179Z","level":"warning","event":"The `airflow.decorators.task` attribute is deprecated. Please use `'airflow.sdk.task'`.","category":"DeprecatedImportWarning","filename":"/opt/airflow/dags/kamis_etl_dag.py","lineno":1,"logger":"py.warnings"}
{"timestamp":"2026-01-13T20:00:50.424780Z","level":"info","event":"Filling up the DagBag from /opt/airflow/dags/kamis_etl_dag.py","logger":"airflow.models.dagbag.DagBag","filename":"dagbag.py","lineno":593}
{"timestamp":"2026-01-13T20:00:51.291056Z","level":"warning","event":"The `airflow.decorators.dag` attribute is deprecated. Please use `'airflow.sdk.dag'`.","category":"DeprecatedImportWarning","filename":"/opt/airflow/dags/kamis_etl_dag.py","lineno":1,"logger":"py.warnings"}
{"timestamp":"2026-01-13T20:00:51.291249Z","level":"warning","event":"The `airflow.decorators.task` attribute is deprecated. Please use `'airflow.sdk.task'`.","category":"DeprecatedImportWarning","filename":"/opt/airflow/dags/kamis_etl_dag.py","lineno":1,"logger":"py.warnings"}
{"timestamp":"2026-01-13T20:01:21.434560Z","level":"info","event":"Filling up the DagBag from /opt/airflow/dags/kamis_etl_dag.py","logger":"airflow.models.dagbag.DagBag","filename":"dagbag.py","lineno":593}
{"timestamp":"2026-01-13T20:01:22.326094Z","level":"warning","event":"The `airflow.decorators.dag` attribute is deprecated. Please use `'airflow.sdk.dag'`.","category":"DeprecatedImportWarning","filename":"/opt/airflow/dags/kamis_etl_dag.py","lineno":1,"logger":"py.warnings"}
{"timestamp":"2026-01-13T20:01:22.326474Z","level":"warning","event":"The `airflow.decorators.task` attribute is deprecated. Please use `'airflow.sdk.task'`.","category":"DeprecatedImportWarning","filename":"/opt/airflow/dags/kamis_etl_dag.py","lineno":1,"logger":"py.warnings"}
{"timestamp":"2026-01-13T20:01:53.080179Z","level":"info","event":"Filling up the DagBag from /opt/airflow/dags/kamis_etl_dag.py","logger":"airflow.models.dagbag.DagBag","filename":"dagbag.py","lineno":593}
{"timestamp":"2026-01-13T20:01:54.083191Z","level":"warning","event":"The `airflow.decorators.dag` attribute is deprecated. Please use `'airflow.sdk.dag'`.","category":"DeprecatedImportWarning","filename":"/opt/airflow/dags/kamis_etl_dag.py","lineno":1,"logger":"py.warnings"}
{"timestamp":"2026-01-13T20:01:54.083593Z","level":"warning","event":"The `airflow.decorators.task` attribute is deprecated. Please use `'airflow.sdk.task'`.","category":"DeprecatedImportWarning","filename":"/opt/airflow/dags/kamis_etl_dag.py","lineno":1,"logger":"py.warnings"}
{"timestamp":"2026-01-13T20:02:24.885519Z","level":"info","event":"Filling up the DagBag from /opt/airflow/dags/kamis_etl_dag.py","logger":"airflow.models.dagbag.DagBag","filename":"dagbag.py","lineno":593}
{"timestamp":"2026-01-13T20:02:26.119645Z","level":"warning","event":"The `airflow.decorators.dag` attribute is deprecated. Please use `'airflow.sdk.dag'`.","category":"DeprecatedImportWarning","filename":"/opt/airflow/dags/kamis_etl_dag.py","lineno":1,"logger":"py.warnings"}
{"timestamp":"2026-01-13T20:02:26.119897Z","level":"warning","event":"The `airflow.decorators.task` attribute is deprecated. Please use `'airflow.sdk.task'`.","category":"DeprecatedImportWarning","filename":"/opt/airflow/dags/kamis_etl_dag.py","lineno":1,"logger":"py.warnings"}
{"timestamp":"2026-01-13T20:02:56.254407Z","level":"info","event":"Filling up the DagBag from /opt/airflow/dags/kamis_etl_dag.py","logger":"airflow.models.dagbag.DagBag","filename":"dagbag.py","lineno":593}
{"timestamp":"2026-01-13T20:02:57.342286Z","level":"warning","event":"The `airflow.decorators.dag` attribute is deprecated. Please use `'airflow.sdk.dag'`.","category":"DeprecatedImportWarning","filename":"/opt/airflow/dags/kamis_etl_dag.py","lineno":1,"logger":"py.warnings"}
{"timestamp":"2026-01-13T20:02:57.342646Z","level":"warning","event":"The `airflow.decorators.task` attribute is deprecated. Please use `'airflow.sdk.task'`.","category":"DeprecatedImportWarning","filename":"/opt/airflow/dags/kamis_etl_dag.py","lineno":1,"logger":"py.warnings"}
{"timestamp":"2026-01-13T20:03:28.307005Z","level":"info","event":"Filling up the DagBag from /opt/airflow/dags/kamis_etl_dag.py","logger":"airflow.models.dagbag.DagBag","filename":"dagbag.py","lineno":593}
{"timestamp":"2026-01-13T20:03:29.203781Z","level":"warning","event":"The `airflow.decorators.dag` attribute is deprecated. Please use `'airflow.sdk.dag'`.","category":"DeprecatedImportWarning","filename":"/opt/airflow/dags/kamis_etl_dag.py","lineno":1,"logger":"py.warnings"}
{"timestamp":"2026-01-13T20:03:29.204025Z","level":"warning","event":"The `airflow.decorators.task` attribute is deprecated. Please use `'airflow.sdk.task'`.","category":"DeprecatedImportWarning","filename":"/opt/airflow/dags/kamis_etl_dag.py","lineno":1,"logger":"py.warnings"}
{"timestamp":"2026-01-13T20:04:00.074687Z","level":"info","event":"Filling up the DagBag from /opt/airflow/dags/kamis_etl_dag.py","logger":"airflow.models.dagbag.DagBag","filename":"dagbag.py","lineno":593}
{"timestamp":"2026-01-13T20:04:01.195293Z","level":"warning","event":"The `airflow.decorators.dag` attribute is deprecated. Please use `'airflow.sdk.dag'`.","category":"DeprecatedImportWarning","filename":"/opt/airflow/dags/kamis_etl_dag.py","lineno":1,"logger":"py.warnings"}
{"timestamp":"2026-01-13T20:04:01.195618Z","level":"warning","event":"The `airflow.decorators.task` attribute is deprecated. Please use `'airflow.sdk.task'`.","category":"DeprecatedImportWarning","filename":"/opt/airflow/dags/kamis_etl_dag.py","lineno":1,"logger":"py.warnings"}
{"timestamp":"2026-01-13T20:04:31.943130Z","level":"info","event":"Filling up the DagBag from /opt/airflow/dags/kamis_etl_dag.py","logger":"airflow.models.dagbag.DagBag","filename":"dagbag.py","lineno":593}
{"timestamp":"2026-01-13T20:04:32.871741Z","level":"warning","event":"The `airflow.decorators.dag` attribute is deprecated. Please use `'airflow.sdk.dag'`.","category":"DeprecatedImportWarning","filename":"/opt/airflow/dags/kamis_etl_dag.py","lineno":1,"logger":"py.warnings"}
{"timestamp":"2026-01-13T20:04:32.872079Z","level":"warning","event":"The `airflow.decorators.task` attribute is deprecated. Please use `'airflow.sdk.task'`.","category":"DeprecatedImportWarning","filename":"/opt/airflow/dags/kamis_etl_dag.py","lineno":1,"logger":"py.warnings"}
{"timestamp":"2026-01-13T20:05:03.763668Z","level":"info","event":"Filling up the DagBag from /opt/airflow/dags/kamis_etl_dag.py","logger":"airflow.models.dagbag.DagBag","filename":"dagbag.py","lineno":593}
{"timestamp":"2026-01-13T20:05:04.633136Z","level":"warning","event":"The `airflow.decorators.dag` attribute is deprecated. Please use `'airflow.sdk.dag'`.","category":"DeprecatedImportWarning","filename":"/opt/airflow/dags/kamis_etl_dag.py","lineno":1,"logger":"py.warnings"}
{"timestamp":"2026-01-13T20:05:04.633331Z","level":"warning","event":"The `airflow.decorators.task` attribute is deprecated. Please use `'airflow.sdk.task'`.","category":"DeprecatedImportWarning","filename":"/opt/airflow/dags/kamis_etl_dag.py","lineno":1,"logger":"py.warnings"}
{"timestamp":"2026-01-13T20:05:35.380828Z","level":"info","event":"Filling up the DagBag from /opt/airflow/dags/kamis_etl_dag.py","logger":"airflow.models.dagbag.DagBag","filename":"dagbag.py","lineno":593}
{"timestamp":"2026-01-13T20:05:36.292357Z","level":"warning","event":"The `airflow.decorators.dag` attribute is deprecated. Please use `'airflow.sdk.dag'`.","category":"DeprecatedImportWarning","filename":"/opt/airflow/dags/kamis_etl_dag.py","lineno":1,"logger":"py.warnings"}
{"timestamp":"2026-01-13T20:05:36.292653Z","level":"warning","event":"The `airflow.decorators.task` attribute is deprecated. Please use `'airflow.sdk.task'`.","category":"DeprecatedImportWarning","filename":"/opt/airflow/dags/kamis_etl_dag.py","lineno":1,"logger":"py.warnings"}
